"sample_id","actual_bytes","controller_model","firmware_rev","date_tested","notes","error_count","warning_count","message_value","window_title","error_log"
"aliassize_n00001","18664","1756-L81E","35.05","2026-08-22","","0","0","0","Logix Designer - AliasSizeN1 in aliassize_n00001.ACD [1756-L81E 35.11]*",""
"aliassize_n00010","19168","1756-L81E","35.05","2026-08-22","","0","0","0","Logix Designer - AliasSizeN10 in aliassize_n00010.ACD [1756-L81E 35.11]*",""
"aliassize_n01000","81808","1756-L81E","35.05","2026-08-22","","0","0","0","Logix Designer - AliasSizeN1000 in aliassize_n01000.ACD [1756-L81E 35.11]*",""
"almd_minimal","19719","UNKNOWN","UNKNOWN","2026-09-13","STALE CAPTURE CLEARED : the file's content changed after this capture ran, so the row measured a file that no longer exists. Needs recapture. Found by scripts/capture_errors.py's staleness check (content hash ignoring export timestamps, compared against the committed version as of the capture date).","1","0","0","Logix Designer - AlmdMinimal in almd_minimal.ACD [1756-L81E 35.11]","Error: Rung 0, ALMD: Invalid number of arguments for instruction. | Complete - 1 error(s), 0 warning(s) | "
"almd_realtext","19754","UNKNOWN","UNKNOWN","2026-09-13","STALE CAPTURE CLEARED : the file's content changed after this capture ran, so the row measured a file that no longer exists. Needs recapture. Found by scripts/capture_errors.py's staleness check (content hash ignoring export timestamps, compared against the committed version as of the capture date).","1","0","0","Logix Designer - AlmdRealtext in almd_realtext.ACD [1756-L81E 35.11]","Error: Rung 0, ALMD: Invalid number of arguments for instruction. | Complete - 1 error(s), 0 warning(s) | "
"aoi_array_localtag_1_instance","20232","1756-L81E","35.05","2026-08-29","","0","0","0","Logix Designer - ArrayLocalAOI in aoi_array_localtag_1_instance.ACD [1756-L81E 35.11]*",""
"aoi_array_localtag_def_only","19736","1756-L81E","35.05","2026-08-29","","0","0","0","Logix Designer - ArrayLocalAOI in aoi_array_localtag_def_only.ACD [1756-L81E 35.11]*",""
"aoi_boolpack_clean_alternating_def_only","19664","1756-L81E","35.05","2026-08-22","","0","0","0","Logix Designer - BoolPackAlternating in aoi_boolpack_clean_alternating_def_only.ACD [1756-L81E 35.11]*",""
"aoi_boolpack_clean_grouped_def_only","19664","1756-L81E","35.05","2026-08-22","","0","0","0","Logix Designer - BoolPackGrouped in aoi_boolpack_clean_grouped_def_only.ACD [1756-L81E 35.11]*",""
"aoi_boolpack_consecutive20_1_instance","19728","1756-L81E","35.05","2026-08-22","","0","0","0","Logix Designer - BoolPackConsecutive in aoi_boolpack_consecutive20_1_instance.ACD [1756-L81E 35.11]*",""
"aoi_boolpack_consecutive20_def_only","19632","1756-L81E","35.05","2026-08-22","","0","0","0","Logix Designer - BoolPackConsecutive in aoi_boolpack_consecutive20_def_only.ACD [1756-L81E 35.11]*",""
"aoi_boolpack_interspersed20_1_instance","20288","1756-L81E","35.05","2026-08-22","","0","0","0","Logix Designer - BoolPackInterspersed in aoi_boolpack_interspersed20_1_instance.ACD [1756-L81E 35.11]*",""
"aoi_boolpack_interspersed20_def_only","20112","1756-L81E","35.05","2026-08-22","","0","0","0","Logix Designer - BoolPackInterspersed in aoi_boolpack_interspersed20_def_only.ACD [1756-L81E 35.11]*",""
"aoi_boolrun_n04_def_only","19368","1756-L81E","35.05","2026-08-22","","0","0","0","Logix Designer - BoolRunN04 in aoi_boolrun_n04_def_only.ACD [1756-L81E 35.11]*",""
"aoi_boolrun_n08_def_only","19424","1756-L81E","35.05","2026-08-22","","0","0","0","Logix Designer - BoolRunN08 in aoi_boolrun_n08_def_only.ACD [1756-L81E 35.11]*",""
"aoi_boolrun_n12_def_only","19488","1756-L81E","35.05","2026-08-22","","0","0","0","Logix Designer - BoolRunN12 in aoi_boolrun_n12_def_only.ACD [1756-L81E 35.11]*",""
"aoi_boolrun_n16_def_only","19552","1756-L81E","35.05","2026-08-22","","0","0","0","Logix Designer - BoolRunN16 in aoi_boolrun_n16_def_only.ACD [1756-L81E 35.11]*",""
"aoi_boolrun_n20_def_only","19616","1756-L81E","35.05","2026-08-22","","0","0","0","Logix Designer - BoolRunN20 in aoi_boolrun_n20_def_only.ACD [1756-L81E 35.11]*",""
"aoi_deepnest3_1_instance","21872","1756-L81E","35.05","2026-08-22","","0","0","0","Logix Designer - DeepA in aoi_deepnest3_1_instance.ACD [1756-L81E 35.11]*",""
"aoi_deepnest3_def_only","21760","1756-L81E","35.05","2026-08-22","","0","0","0","Logix Designer - DeepA in aoi_deepnest3_def_only.ACD [1756-L81E 35.11]*",""
"aoi_inout_dint_1_instance","19432","1756-L81E","35.05","2026-08-22","","0","0","0","Logix Designer - InOutDintAOI in aoi_inout_dint_1_instance.ACD [1756-L81E 35.11]*",""
"aoi_inout_dint_def_only","19336","1756-L81E","35.05","2026-08-22","","0","0","0","Logix Designer - InOutDintAOI in aoi_inout_dint_def_only.ACD [1756-L81E 35.11]*",""
"aoi_inout_string_1_instance","19432","1756-L81E","35.05","2026-08-22","","0","0","0","Logix Designer - InOutStringAOI in aoi_inout_string_1_instance.ACD [1756-L81E 35.11]*",""
"aoi_inout_string_def_only","19336","1756-L81E","35.05","2026-08-22","","0","0","0","Logix Designer - InOutStringAOI in aoi_inout_string_def_only.ACD [1756-L81E 35.11]*",""
"aoi_nested_array_localtag_1_instance","20776","1756-L81E","35.05","2026-08-29","","0","0","0","Logix Designer - ArrOuter in aoi_nested_array_localtag_1_instance.ACD [1756-L81E 35.11]*",""
"aoi_nested_array_localtag_def_only","20600","1756-L81E","35.05","2026-08-29","","0","0","0","Logix Designer - ArrOuter in aoi_nested_array_localtag_def_only.ACD [1756-L81E 35.11]*",""
"aoi_nested_inout_10_instance","43968","1756-L81E","35.05","2026-08-22","","","","2","Logix Designer - AoiNestedInoutN10 in aoi_nested_inout_10_instance.ACD [1756-L81E 35.11]",""
"aoi_nested_inout_1_instance","43856","1756-L81E","35.05","2026-08-22","","","","2","Logix Designer - AoiNestedInout1 in aoi_nested_inout_1_instance.ACD [1756-L81E 35.11]",""
"aoi_orphaned_referenced","19936","1756-L81E","35.05","2026-08-31","","0","0","0","Logix Designer - AoiOrphanReferenced in aoi_orphaned_referenced.ACD [1756-L81E 35.11]",""
"aoi_orphaned_unreferenced","19480","1756-L81E","35.05","2026-08-31","","0","0","0","Logix Designer - AoiOrphanUnreferenced in aoi_orphaned_unreferenced.ACD [1756-L81E 35.11]*",""
"aoi_realistic_50_instance_1","20040","1756-L81E","35.05","2026-08-23","","","","","Logix Designer - RealisticAOI50 in aoi_realistic_50_instance_1.ACD [1756-L81E 35.11]*",""
"aoi_realistic_50_instance_array","23192","1756-L81E","35.05","2026-08-23","","","","","Logix Designer - RealisticAOI50 in aoi_realistic_50_instance_array.ACD [1756-L81E 35.11]*",""
"aoi_realistic_composite_10_instance_array","20632","1756-L81E","35.05","2026-08-22","","0","0","0","Logix Designer - RealisticAOI in aoi_realistic_composite_10_instance_array.ACD [1756-L81E 35.11]*",""
"aoi_realistic_composite_1_instance","20040","1756-L81E","35.05","2026-08-22","","0","0","0","Logix Designer - RealisticAOI in aoi_realistic_composite_1_instance.ACD [1756-L81E 35.11]*",""
"aoi_realistic_composite_def_only","19888","1756-L81E","35.05","2026-08-22","","0","0","0","Logix Designer - RealisticAOI in aoi_realistic_composite_def_only.ACD [1756-L81E 35.11]*",""
"aoibp_dense_bc10_n02","19600","1756-L81E","35.05","2026-08-30","","0","0","0","Logix Designer - AoiBpDense10 in aoibp_dense_bc10_n02.ACD [1756-L81E 35.11]*",""
"aoibp_dense_bc10_n03","19608","1756-L81E","35.05","2026-08-30","","0","0","0","Logix Designer - AoiBpDense10 in aoibp_dense_bc10_n03.ACD [1756-L81E 35.11]*",""
"aoibp_dense_bc10_n04","19608","1756-L81E","35.05","2026-08-30","","0","0","0","Logix Designer - AoiBpDense10 in aoibp_dense_bc10_n04.ACD [1756-L81E 35.11]*",""
"aoibp_dense_bc10_n06","19616","1756-L81E","35.05","2026-08-30","","0","0","0","Logix Designer - AoiBpDense10 in aoibp_dense_bc10_n06.ACD [1756-L81E 35.11]*",""
"aoibp_dense_bc10_n08","19624","1756-L81E","35.05","2026-08-30","","0","0","0","Logix Designer - AoiBpDense10 in aoibp_dense_bc10_n08.ACD [1756-L81E 35.11]*",""
"aoibp_dense_bc10_n12","19640","1756-L81E","35.05","2026-08-30","","0","0","0","Logix Designer - AoiBpDense10 in aoibp_dense_bc10_n12.ACD [1756-L81E 35.11]*",""
"aoibp_dense_bc20_n02","19776","1756-L81E","35.05","2026-08-30","","0","0","0","Logix Designer - AoiBpDense20 in aoibp_dense_bc20_n02.ACD [1756-L81E 35.11]*",""
"aoibp_dense_bc20_n03","19784","1756-L81E","35.05","2026-08-30","","0","0","0","Logix Designer - AoiBpDense20 in aoibp_dense_bc20_n03.ACD [1756-L81E 35.11]*",""
"aoibp_dense_bc20_n04","19784","1756-L81E","35.05","2026-08-30","","0","0","0","Logix Designer - AoiBpDense20 in aoibp_dense_bc20_n04.ACD [1756-L81E 35.11]*",""
"aoibp_dense_bc20_n06","19792","1756-L81E","35.05","2026-08-30","","0","0","0","Logix Designer - AoiBpDense20 in aoibp_dense_bc20_n06.ACD [1756-L81E 35.11]*",""
"aoibp_dense_bc20_n08","19800","1756-L81E","35.05","2026-08-30","","0","0","0","Logix Designer - AoiBpDense20 in aoibp_dense_bc20_n08.ACD [1756-L81E 35.11]*",""
"aoibp_dense_bc20_n12","19816","1756-L81E","35.05","2026-08-30","","0","0","0","Logix Designer - AoiBpDense20 in aoibp_dense_bc20_n12.ACD [1756-L81E 35.11]*",""
"aoibp_dense_bc60_n02","20528","1756-L81E","35.05","2026-08-30","","0","0","0","Logix Designer - AoiBpDense60 in aoibp_dense_bc60_n02.ACD [1756-L81E 35.11]*",""
"aoibp_dense_bc60_n03","20536","1756-L81E","35.05","2026-08-30","","0","0","0","Logix Designer - AoiBpDense60 in aoibp_dense_bc60_n03.ACD [1756-L81E 35.11]*",""
"aoibp_dense_bc60_n04","20544","1756-L81E","35.05","2026-08-30","","0","0","0","Logix Designer - AoiBpDense60 in aoibp_dense_bc60_n04.ACD [1756-L81E 35.11]*",""
"aoibp_dense_bc60_n06","20560","1756-L81E","35.05","2026-08-30","","0","0","0","Logix Designer - AoiBpDense60 in aoibp_dense_bc60_n06.ACD [1756-L81E 35.11]*",""
"aoibp_dense_bc60_n08","20576","1756-L81E","35.05","2026-08-30","","0","0","0","Logix Designer - AoiBpDense60 in aoibp_dense_bc60_n08.ACD [1756-L81E 35.11]*",""
"aoibp_dense_bc60_n12","20608","1756-L81E","35.05","2026-08-30","","0","0","0","Logix Designer - AoiBpDense60 in aoibp_dense_bc60_n12.ACD [1756-L81E 35.11]*",""
"aoibp_puremix_8b2a_n02","19624","1756-L81E","35.05","2026-08-30","","0","0","0","Logix Designer - AoiBpMixed8b2a in aoibp_puremix_8b2a_n02.ACD [1756-L81E 35.11]*",""
"aoibp_puremix_8b2a_n03","19640","1756-L81E","35.05","2026-08-30","","0","0","0","Logix Designer - AoiBpMixed8b2a in aoibp_puremix_8b2a_n03.ACD [1756-L81E 35.11]*",""
"aoibp_puremix_8b2a_n04","19648","1756-L81E","35.05","2026-08-30","","0","0","0","Logix Designer - AoiBpMixed8b2a in aoibp_puremix_8b2a_n04.ACD [1756-L81E 35.11]*",""
"aoibp_puremix_8b2a_n06","19672","1756-L81E","35.05","2026-08-30","","0","0","0","Logix Designer - AoiBpMixed8b2a in aoibp_puremix_8b2a_n06.ACD [1756-L81E 35.11]*",""
"aoibp_puremix_8b2a_n08","19696","1756-L81E","35.05","2026-08-30","","0","0","0","Logix Designer - AoiBpMixed8b2a in aoibp_puremix_8b2a_n08.ACD [1756-L81E 35.11]*",""
"aoibp_puremix_8b2a_n12","19744","1756-L81E","35.05","2026-08-30","","0","0","0","Logix Designer - AoiBpMixed8b2a in aoibp_puremix_8b2a_n12.ACD [1756-L81E 35.11]*",""
"aoibp_split_allinput30_n01","19976","1756-L81E","35.05","2026-08-30","","0","0","0","Logix Designer - AoiBpSplitAllInput30 in aoibp_split_allinput30_n01.ACD [1756-L81E 35.11]*",""
"aoibp_split_allinput30_n05","19992","1756-L81E","35.05","2026-08-30","","0","0","0","Logix Designer - AoiBpSplitAllInput30 in aoibp_split_allinput30_n05.ACD [1756-L81E 35.11]*",""
"aoibp_split_allinput30_n10","20008","1756-L81E","35.05","2026-08-30","","0","0","0","Logix Designer - AoiBpSplitAllInput30 in aoibp_split_allinput30_n10.ACD [1756-L81E 35.11]*",""
"aoibp_split_allinput30_n16","20032","1756-L81E","35.05","2026-08-30","","0","0","0","Logix Designer - AoiBpSplitAllInput30 in aoibp_split_allinput30_n16.ACD [1756-L81E 35.11]*",""
"aoibp_split_allinput30_n25","20072","1756-L81E","35.05","2026-08-30","","0","0","0","Logix Designer - AoiBpSplitAllInput30 in aoibp_split_allinput30_n25.ACD [1756-L81E 35.11]*",""
"aoiconst_const","19440","1756-L81E","35.05","2026-08-23","","0","0","1","Logix Designer - AoiConstConst in aoiconst_const.ACD [1756-L81E 35.11]*",""
"aoiconst_nonconst","19440","1756-L81E","35.05","2026-08-23","","0","0","1","Logix Designer - AoiConstNonconst in aoiconst_nonconst.ACD [1756-L81E 35.11]*",""
"aoidefcost_dirinout_n04_def_only","19320","1756-L81E","35.05","2026-08-23","","0","0","1","Logix Designer - AoiDefDirInoutN04 in aoidefcost_dirinout_n04_def_only.ACD [1756-L81E 35.11]*",""
"aoidefcost_dirinout_n08_def_only","19320","1756-L81E","35.05","2026-08-23","","0","0","1","Logix Designer - AoiDefDirInoutN08 in aoidefcost_dirinout_n08_def_only.ACD [1756-L81E 35.11]*",""
"aoidefcost_diroutput_n04_def_only","19400","1756-L81E","35.05","2026-08-23","","0","0","1","Logix Designer - AoiDefDirOutputN04 in aoidefcost_diroutput_n04_def_only.ACD [1756-L81E 35.11]*",""
"aoidefcost_diroutput_n08_def_only","19472","1756-L81E","35.05","2026-08-23","","0","0","1","Logix Designer - AoiDefDirOutputN08 in aoidefcost_diroutput_n08_def_only.ACD [1756-L81E 35.11]*",""
"aoidefcost_typebool_n02_def_only","19352","1756-L81E","35.05","2026-08-23","","0","0","1","Logix Designer - AoiDefTypeBOOLN02 in aoidefcost_typebool_n02_def_only.ACD [1756-L81E 35.11]*",""
"aoidefcost_typebool_n04_def_only","19384","1756-L81E","35.05","2026-08-23","","0","0","1","Logix Designer - AoiDefTypeBOOLN04 in aoidefcost_typebool_n04_def_only.ACD [1756-L81E 35.11]*",""
"aoidefcost_typebool_n08_def_only","19440","1756-L81E","35.05","2026-08-23","","0","0","1","Logix Designer - AoiDefTypeBOOLN08 in aoidefcost_typebool_n08_def_only.ACD [1756-L81E 35.11]*",""
"aoidefcost_typeint_n02_def_only","19352","1756-L81E","35.05","2026-08-23","","0","0","1","Logix Designer - AoiDefTypeINTN02 in aoidefcost_typeint_n02_def_only.ACD [1756-L81E 35.11]*",""
"aoidefcost_typeint_n04_def_only","19392","1756-L81E","35.05","2026-08-23","","0","0","1","Logix Designer - AoiDefTypeINTN04 in aoidefcost_typeint_n04_def_only.ACD [1756-L81E 35.11]*",""
"aoidefcost_typeint_n08_def_only","19456","1756-L81E","35.05","2026-08-23","","0","0","1","Logix Designer - AoiDefTypeINTN08 in aoidefcost_typeint_n08_def_only.ACD [1756-L81E 35.11]*",""
"aoidefcost_typereal_n02_def_only","19360","1756-L81E","35.05","2026-08-23","","0","0","1","Logix Designer - AoiDefTypeREALN02 in aoidefcost_typereal_n02_def_only.ACD [1756-L81E 35.11]*",""
"aoidefcost_typereal_n04_def_only","19400","1756-L81E","35.05","2026-08-23","","0","0","1","Logix Designer - AoiDefTypeREALN04 in aoidefcost_typereal_n04_def_only.ACD [1756-L81E 35.11]*",""
"aoidefcost_typereal_n08_def_only","19472","1756-L81E","35.05","2026-08-23","","0","0","1","Logix Designer - AoiDefTypeREALN08 in aoidefcost_typereal_n08_def_only.ACD [1756-L81E 35.11]*",""
"aoiname_len08_def_only","19384","1756-L81E","35.05","2026-08-22","","0","0","0","Logix Designer - AOINAMEO in aoiname_len08_def_only.ACD [1756-L81E 35.11]*",""
"aoiname_len09_def_only","19384","1756-L81E","35.05","2026-08-27","","0","0","0","Logix Designer - AOINAMEOI in aoiname_len09_def_only.ACD [1756-L81E 35.11]*",""
"aoiname_len13_def_only","19392","1756-L81E","35.05","2026-08-22","","0","0","0","Logix Designer - AOINAMEOINAME in aoiname_len13_def_only.ACD [1756-L81E 35.11]*",""
"aoiname_len16_def_only","19400","1756-L81E","35.05","2026-08-27","","0","0","0","Logix Designer - AOINAMEOINAMEOIN in aoiname_len16_def_only.ACD [1756-L81E 35.11]*",""
"aoiname_len20_def_only","19408","1756-L81E","35.05","2026-08-22","","0","0","0","Logix Designer - AOINAMEOINAMEOINAMEO in aoiname_len20_def_only.ACD [1756-L81E 35.11]*",""
"aoiname_len25_def_only","19416","1756-L81E","35.05","2026-08-27","","0","0","0","Logix Designer - AOINAMEOINAMEOINAMEOINAME in aoiname_len25_def_only.ACD [1756-L81E 35.11]*",""
"aoiname_len30_def_only","19424","1756-L81E","35.05","2026-08-22","","0","0","0","Logix Designer - AOINAMEOINAMEOINAMEOINAMEOINAM in aoiname_len30_def_only.ACD [1756-L81E 35.11]*",""
"aoipack_atomic_array_n01","20168","1756-L81E","35.05","2026-08-23","","","","","Logix Designer - AoiPureAtomic in aoipack_atomic_array_n01.ACD [1756-L81E 35.11]*",""
"aoipack_atomic_array_n05","20664","1756-L81E","35.05","2026-08-23","","","","","Logix Designer - AoiPureAtomic in aoipack_atomic_array_n05.ACD [1756-L81E 35.11]*",""
"aoipack_atomic_array_n10","21280","1756-L81E","35.05","2026-08-23","","0","0","1","Logix Designer - AoiPureAtomic in aoipack_atomic_array_n10.ACD [1756-L81E 35.11]*",""
"aoipack_atomic_array_n25","23144","1756-L81E","35.05","2026-08-23","","0","0","1","Logix Designer - AoiPureAtomic in aoipack_atomic_array_n25.ACD [1756-L81E 35.11]*",""
"aoipack_atomic_array_n50","26240","1756-L81E","35.05","2026-08-23","","0","0","1","Logix Designer - AoiPureAtomic in aoipack_atomic_array_n50.ACD [1756-L81E 35.11]*",""
"aoipack_atomic_def_only","19936","1756-L81E","35.05","2026-08-23","","0","0","1","Logix Designer - AoiPureAtomic in aoipack_atomic_def_only.ACD [1756-L81E 35.11]*",""
"aoipack_bool_array_n01","19920","1756-L81E","35.05","2026-08-23","","0","0","1","Logix Designer - AoiPureBool in aoipack_bool_array_n01.ACD [1756-L81E 35.11]*",""
"aoipack_bool_array_n05","19936","1756-L81E","35.05","2026-08-23","","0","0","1","Logix Designer - AoiPureBool in aoipack_bool_array_n05.ACD [1756-L81E 35.11]*",""
"aoipack_bool_array_n10","19952","1756-L81E","35.05","2026-08-23","","0","0","1","Logix Designer - AoiPureBool in aoipack_bool_array_n10.ACD [1756-L81E 35.11]*",""
"aoipack_bool_array_n25","20016","1756-L81E","35.05","2026-08-23","","0","0","1","Logix Designer - AoiPureBool in aoipack_bool_array_n25.ACD [1756-L81E 35.11]*",""
"aoipack_bool_array_n50","20112","1756-L81E","35.05","2026-08-23","","0","0","1","Logix Designer - AoiPureBool in aoipack_bool_array_n50.ACD [1756-L81E 35.11]*",""
"aoipack_bool_boundary_n16","19992","1756-L81E","35.05","2026-08-23","","0","0","1","Logix Designer - AoiPureBoolBoundary in aoipack_bool_boundary_n16.ACD [1756-L81E 35.11]*",""
"aoipack_bool_boundary_n31","20056","1756-L81E","35.05","2026-08-23","","0","0","1","Logix Designer - AoiPureBoolBoundary in aoipack_bool_boundary_n31.ACD [1756-L81E 35.11]*",""
"aoipack_bool_boundary_n32","20056","1756-L81E","35.05","2026-08-23","","0","0","1","Logix Designer - AoiPureBoolBoundary in aoipack_bool_boundary_n32.ACD [1756-L81E 35.11]*",""
"aoipack_bool_boundary_n33","20064","1756-L81E","35.05","2026-08-23","","0","0","1","Logix Designer - AoiPureBoolBoundary in aoipack_bool_boundary_n33.ACD [1756-L81E 35.11]*",""
"aoipack_bool_boundary_n48","20120","1756-L81E","35.05","2026-08-23","","0","0","1","Logix Designer - AoiPureBoolBoundary in aoipack_bool_boundary_n48.ACD [1756-L81E 35.11]*",""
"aoipack_bool_boundary_n64","20184","1756-L81E","35.05","2026-08-23","","0","0","1","Logix Designer - AoiPureBoolBoundary in aoipack_bool_boundary_n64.ACD [1756-L81E 35.11]*",""
"aoipack_bool_boundary_n65","20192","1756-L81E","35.05","2026-08-23","","0","0","1","Logix Designer - AoiPureBoolBoundary in aoipack_bool_boundary_n65.ACD [1756-L81E 35.11]*",""
"aoipack_bool_boundary_n96","20312","1756-L81E","35.05","2026-08-23","","0","0","1","Logix Designer - AoiPureBoolBoundary in aoipack_bool_boundary_n96.ACD [1756-L81E 35.11]*",""
"aoipack_bool_def_only","19808","1756-L81E","35.05","2026-08-23","","0","0","1","Logix Designer - AoiPureBool in aoipack_bool_def_only.ACD [1756-L81E 35.11]*",""
"aoipack_bool_dense_array_n16","19992","1756-L81E","35.05","2026-08-27","","0","0","0","Logix Designer - AoiPureBoolDense in aoipack_bool_dense_array_n16.ACD [1756-L81E 35.11]*",""
"aoipack_bool_dense_array_n24","20024","1756-L81E","35.05","2026-08-27","","0","0","0","Logix Designer - AoiPureBoolDense in aoipack_bool_dense_array_n24.ACD [1756-L81E 35.11]*",""
"aoipack_bool_dense_array_n28","20040","1756-L81E","35.05","2026-08-27","","0","0","0","Logix Designer - AoiPureBoolDense in aoipack_bool_dense_array_n28.ACD [1756-L81E 35.11]*",""
"aoipack_bool_dense_array_n30","20048","1756-L81E","35.05","2026-08-27","","0","0","0","Logix Designer - AoiPureBoolDense in aoipack_bool_dense_array_n30.ACD [1756-L81E 35.11]*",""
"aoipack_bool_dense_array_n32","20056","1756-L81E","35.05","2026-08-27","","0","0","0","Logix Designer - AoiPureBoolDense in aoipack_bool_dense_array_n32.ACD [1756-L81E 35.11]*",""
"aoipack_bool_dense_array_n34","20064","1756-L81E","35.05","2026-08-27","","0","0","0","Logix Designer - AoiPureBoolDense in aoipack_bool_dense_array_n34.ACD [1756-L81E 35.11]*",""
"aoipack_bool_dense_array_n40","20088","1756-L81E","35.05","2026-08-27","","0","0","0","Logix Designer - AoiPureBoolDense in aoipack_bool_dense_array_n40.ACD [1756-L81E 35.11]*",""
"aoipack_layout_boolfirst_array_n01","20064","1756-L81E","35.05","2026-08-23","","0","0","1","Logix Designer - AoiLayoutBoolfirst in aoipack_layout_boolfirst_array_n01.ACD [1756-L81E 35.11]*",""
"aoipack_layout_boolfirst_array_n25","21600","1756-L81E","35.05","2026-08-23","","0","0","1","Logix Designer - AoiLayoutBoolfirst in aoipack_layout_boolfirst_array_n25.ACD [1756-L81E 35.11]*",""
"aoipack_layout_boollast_array_n01","20064","1756-L81E","35.05","2026-08-23","","0","0","1","Logix Designer - AoiLayoutBoollast in aoipack_layout_boollast_array_n01.ACD [1756-L81E 35.11]*",""
"aoipack_layout_boollast_array_n25","21600","1756-L81E","35.05","2026-08-23","","0","0","1","Logix Designer - AoiLayoutBoollast in aoipack_layout_boollast_array_n25.ACD [1756-L81E 35.11]*",""
"aoipack_layout_interspersed_array_n01","20080","1756-L81E","35.05","2026-08-23","","0","0","1","Logix Designer - AoiLayoutInterspersed in aoipack_layout_interspersed_array_n01.ACD [1756-L81E 35.11]*",""
"aoipack_layout_interspersed_array_n25","21616","1756-L81E","35.05","2026-08-23","","0","0","1","Logix Designer - AoiLayoutInterspersed in aoipack_layout_interspersed_array_n25.ACD [1756-L81E 35.11]*",""
"aoipack_mc10_b00_array_n01","19680","1756-L81E","35.05","2026-08-23","","0","0","1","Logix Designer - AoiMcGen10B0 in aoipack_mc10_b00_array_n01.ACD [1756-L81E 35.11]*",""
"aoipack_mc10_b00_array_n10","20072","1756-L81E","35.05","2026-08-23","","0","0","1","Logix Designer - AoiMcGen10B0 in aoipack_mc10_b00_array_n10.ACD [1756-L81E 35.11]*",""
"aoipack_mc10_b00_array_n25","20736","1756-L81E","35.05","2026-08-23","","0","0","1","Logix Designer - AoiMcGen10B0 in aoipack_mc10_b00_array_n25.ACD [1756-L81E 35.11]*",""
"aoipack_mc10_b01_array_n01","19664","1756-L81E","35.05","2026-08-23","","0","0","1","Logix Designer - AoiMcGen10B1 in aoipack_mc10_b01_array_n01.ACD [1756-L81E 35.11]*",""
"aoipack_mc10_b01_array_n10","20024","1756-L81E","35.05","2026-08-23","","0","0","1","Logix Designer - AoiMcGen10B1 in aoipack_mc10_b01_array_n10.ACD [1756-L81E 35.11]*",""
"aoipack_mc10_b01_array_n25","20624","1756-L81E","35.05","2026-08-23","","0","0","1","Logix Designer - AoiMcGen10B1 in aoipack_mc10_b01_array_n25.ACD [1756-L81E 35.11]*",""
"aoipack_mc10_b05_array_n01","19632","1756-L81E","35.05","2026-08-23","","0","0","1","Logix Designer - AoiMcGen10B5 in aoipack_mc10_b05_array_n01.ACD [1756-L81E 35.11]*",""
"aoipack_mc10_b05_array_n10","19848","1756-L81E","35.05","2026-08-23","","0","0","1","Logix Designer - AoiMcGen10B5 in aoipack_mc10_b05_array_n10.ACD [1756-L81E 35.11]*",""
"aoipack_mc10_b05_array_n25","20208","1756-L81E","35.05","2026-08-23","","0","0","1","Logix Designer - AoiMcGen10B5 in aoipack_mc10_b05_array_n25.ACD [1756-L81E 35.11]*",""
"aoipack_mc10_b09_array_n01","19600","1756-L81E","35.05","2026-08-23","","0","0","1","Logix Designer - AoiMcGen10B9 in aoipack_mc10_b09_array_n01.ACD [1756-L81E 35.11]*",""
"aoipack_mc10_b09_array_n10","19672","1756-L81E","35.05","2026-08-23","","0","0","1","Logix Designer - AoiMcGen10B9 in aoipack_mc10_b09_array_n10.ACD [1756-L81E 35.11]*",""
"aoipack_mc10_b09_array_n25","19792","1756-L81E","35.05","2026-08-23","","0","0","1","Logix Designer - AoiMcGen10B9 in aoipack_mc10_b09_array_n25.ACD [1756-L81E 35.11]*",""
"aoipack_mc10_b10_array_n01","19600","1756-L81E","35.05","2026-08-23","","0","0","1","Logix Designer - AoiMcGen10B10 in aoipack_mc10_b10_array_n01.ACD [1756-L81E 35.11]*",""
"aoipack_mc10_b10_array_n10","19632","1756-L81E","35.05","2026-08-23","","0","0","1","Logix Designer - AoiMcGen10B10 in aoipack_mc10_b10_array_n10.ACD [1756-L81E 35.11]*",""
"aoipack_mc10_b10_array_n25","19696","1756-L81E","35.05","2026-08-23","","0","0","1","Logix Designer - AoiMcGen10B10 in aoipack_mc10_b10_array_n25.ACD [1756-L81E 35.11]*",""
"aoipack_mc20_b00_array_n01","19936","1756-L81E","35.05","2026-08-23","","0","0","1","Logix Designer - AoiMcGen20B0 in aoipack_mc20_b00_array_n01.ACD [1756-L81E 35.11]*",""
"aoipack_mc20_b00_array_n10","20688","1756-L81E","35.05","2026-08-23","","0","0","1","Logix Designer - AoiMcGen20B0 in aoipack_mc20_b00_array_n10.ACD [1756-L81E 35.11]*",""
"aoipack_mc20_b00_array_n25","21952","1756-L81E","35.05","2026-08-23","","0","0","1","Logix Designer - AoiMcGen20B0 in aoipack_mc20_b00_array_n25.ACD [1756-L81E 35.11]*",""
"aoipack_mc20_b02_array_n01","19920","1756-L81E","35.05","2026-08-23","","0","0","1","Logix Designer - AoiMcGen20B2 in aoipack_mc20_b02_array_n01.ACD [1756-L81E 35.11]*",""
"aoipack_mc20_b02_array_n10","20600","1756-L81E","35.05","2026-08-23","","0","0","1","Logix Designer - AoiMcGen20B2 in aoipack_mc20_b02_array_n10.ACD [1756-L81E 35.11]*",""
"aoipack_mc20_b02_array_n25","21744","1756-L81E","35.05","2026-08-23","","0","0","1","Logix Designer - AoiMcGen20B2 in aoipack_mc20_b02_array_n25.ACD [1756-L81E 35.11]*",""
"aoipack_mc20_b10_array_n01","19848","1756-L81E","35.05","2026-08-23","","0","0","1","Logix Designer - AoiMcGen20B10 in aoipack_mc20_b10_array_n01.ACD [1756-L81E 35.11]*",""
"aoipack_mc20_b10_array_n10","20240","1756-L81E","35.05","2026-08-23","","0","0","1","Logix Designer - AoiMcGen20B10 in aoipack_mc20_b10_array_n10.ACD [1756-L81E 35.11]*",""
"aoipack_mc20_b10_array_n25","20904","1756-L81E","35.05","2026-08-23","","0","0","1","Logix Designer - AoiMcGen20B10 in aoipack_mc20_b10_array_n25.ACD [1756-L81E 35.11]*",""
"aoipack_mc20_b18_array_n01","19792","1756-L81E","35.05","2026-08-23","","0","0","1","Logix Designer - AoiMcGen20B18 in aoipack_mc20_b18_array_n01.ACD [1756-L81E 35.11]*",""
"aoipack_mc20_b18_array_n10","19896","1756-L81E","35.05","2026-08-23","","0","0","1","Logix Designer - AoiMcGen20B18 in aoipack_mc20_b18_array_n10.ACD [1756-L81E 35.11]*",""
"aoipack_mc20_b18_array_n25","20080","1756-L81E","35.05","2026-08-23","","0","0","1","Logix Designer - AoiMcGen20B18 in aoipack_mc20_b18_array_n25.ACD [1756-L81E 35.11]*",""
"aoipack_mc20_b20_array_n01","19784","1756-L81E","35.05","2026-08-23","","0","0","1","Logix Designer - AoiMcGen20B20 in aoipack_mc20_b20_array_n01.ACD [1756-L81E 35.11]*",""
"aoipack_mc20_b20_array_n10","19816","1756-L81E","35.05","2026-08-23","","0","0","1","Logix Designer - AoiMcGen20B20 in aoipack_mc20_b20_array_n10.ACD [1756-L81E 35.11]*",""
"aoipack_mc20_b20_array_n25","19880","1756-L81E","35.05","2026-08-23","","0","0","1","Logix Designer - AoiMcGen20B20 in aoipack_mc20_b20_array_n25.ACD [1756-L81E 35.11]*",""
"aoipack_mc60_b00_array_n01","20976","1756-L81E","35.05","2026-08-23","","0","0","1","Logix Designer - AoiMcGen60B0 in aoipack_mc60_b00_array_n01.ACD [1756-L81E 35.11]*",""
"aoipack_mc60_b00_array_n10","23168","1756-L81E","35.05","2026-08-23","","0","0","1","Logix Designer - AoiMcGen60B0 in aoipack_mc60_b00_array_n10.ACD [1756-L81E 35.11]*",""
"aoipack_mc60_b00_array_n25","26832","1756-L81E","35.05","2026-08-23","","0","0","1","Logix Designer - AoiMcGen60B0 in aoipack_mc60_b00_array_n25.ACD [1756-L81E 35.11]*",""
"aoipack_mc60_b06_array_n01","20928","1756-L81E","35.05","2026-08-23","","0","0","1","Logix Designer - AoiMcGen60B6 in aoipack_mc60_b06_array_n01.ACD [1756-L81E 35.11]*",""
"aoipack_mc60_b06_array_n10","22904","1756-L81E","35.05","2026-08-23","","0","0","1","Logix Designer - AoiMcGen60B6 in aoipack_mc60_b06_array_n10.ACD [1756-L81E 35.11]*",""
"aoipack_mc60_b06_array_n25","26208","1756-L81E","35.05","2026-08-23","","0","0","1","Logix Designer - AoiMcGen60B6 in aoipack_mc60_b06_array_n25.ACD [1756-L81E 35.11]*",""
"aoipack_mc60_b30_array_n01","20728","1756-L81E","35.05","2026-08-23","","0","0","1","Logix Designer - AoiMcGen60B30 in aoipack_mc60_b30_array_n01.ACD [1756-L81E 35.11]*",""
"aoipack_mc60_b30_array_n10","21840","1756-L81E","35.05","2026-08-23","","0","0","1","Logix Designer - AoiMcGen60B30 in aoipack_mc60_b30_array_n10.ACD [1756-L81E 35.11]*",""
"aoipack_mc60_b30_array_n25","23704","1756-L81E","35.05","2026-08-23","","0","0","1","Logix Designer - AoiMcGen60B30 in aoipack_mc60_b30_array_n25.ACD [1756-L81E 35.11]*",""
"aoipack_mc60_b54_array_n01","20568","1756-L81E","35.05","2026-08-23","","0","0","1","Logix Designer - AoiMcGen60B54 in aoipack_mc60_b54_array_n01.ACD [1756-L81E 35.11]*",""
"aoipack_mc60_b54_array_n10","20856","1756-L81E","35.05","2026-08-23","","0","0","1","Logix Designer - AoiMcGen60B54 in aoipack_mc60_b54_array_n10.ACD [1756-L81E 35.11]*",""
"aoipack_mc60_b54_array_n25","21336","1756-L81E","35.05","2026-08-23","","0","0","1","Logix Designer - AoiMcGen60B54 in aoipack_mc60_b54_array_n25.ACD [1756-L81E 35.11]*",""
"aoipack_mc60_b60_array_n01","20528","1756-L81E","35.05","2026-08-23","","0","0","1","Logix Designer - AoiMcGen60B60 in aoipack_mc60_b60_array_n01.ACD [1756-L81E 35.11]*",""
"aoipack_mc60_b60_array_n10","20600","1756-L81E","35.05","2026-08-23","","0","0","1","Logix Designer - AoiMcGen60B60 in aoipack_mc60_b60_array_n10.ACD [1756-L81E 35.11]*",""
"aoipack_mc60_b60_array_n25","20720","1756-L81E","35.05","2026-08-23","","0","0","1","Logix Designer - AoiMcGen60B60 in aoipack_mc60_b60_array_n25.ACD [1756-L81E 35.11]*",""
"aoipack_mix25_75_array_n01","19768","1756-L81E","35.05","2026-08-27","","0","0","0","Logix Designer - AoiAoipackMix2575 in aoipack_mix25_75_array_n01.ACD [1756-L81E 35.11]*",""
"aoipack_mix25_75_array_n05","19960","1756-L81E","35.05","2026-08-27","","0","0","0","Logix Designer - AoiAoipackMix2575 in aoipack_mix25_75_array_n05.ACD [1756-L81E 35.11]*",""
"aoipack_mix25_75_array_n10","20200","1756-L81E","35.05","2026-08-27","","0","0","0","Logix Designer - AoiAoipackMix2575 in aoipack_mix25_75_array_n10.ACD [1756-L81E 35.11]*",""
"aoipack_mix25_75_array_n25","20920","1756-L81E","35.05","2026-08-27","","0","0","0","Logix Designer - AoiAoipackMix2575 in aoipack_mix25_75_array_n25.ACD [1756-L81E 35.11]*",""
"aoipack_mix25_75_array_n50","22120","1756-L81E","35.05","2026-08-27","","0","0","0","Logix Designer - AoiAoipackMix2575 in aoipack_mix25_75_array_n50.ACD [1756-L81E 35.11]*",""
"aoipack_mix25_75_def_only","19616","1756-L81E","35.05","2026-08-27","","0","0","0","Logix Designer - AoiAoipackMix2575 in aoipack_mix25_75_def_only.ACD [1756-L81E 35.11]*",""
"aoipack_mix75_25_array_n01","19728","1756-L81E","35.05","2026-08-27","","0","0","0","Logix Designer - AoiAoipackMix7525 in aoipack_mix75_25_array_n01.ACD [1756-L81E 35.11]*",""
"aoipack_mix75_25_array_n05","19808","1756-L81E","35.05","2026-08-27","","0","0","0","Logix Designer - AoiAoipackMix7525 in aoipack_mix75_25_array_n05.ACD [1756-L81E 35.11]*",""
"aoipack_mix75_25_array_n10","19904","1756-L81E","35.05","2026-08-27","","0","0","0","Logix Designer - AoiAoipackMix7525 in aoipack_mix75_25_array_n10.ACD [1756-L81E 35.11]*",""
"aoipack_mix75_25_array_n25","20208","1756-L81E","35.05","2026-08-27","","0","0","0","Logix Designer - AoiAoipackMix7525 in aoipack_mix75_25_array_n25.ACD [1756-L81E 35.11]*",""
"aoipack_mix75_25_array_n50","20704","1756-L81E","35.05","2026-08-27","","0","0","0","Logix Designer - AoiAoipackMix7525 in aoipack_mix75_25_array_n50.ACD [1756-L81E 35.11]*",""
"aoipack_mix75_25_def_only","19600","1756-L81E","35.05","2026-08-27","","0","0","0","Logix Designer - AoiAoipackMix7525 in aoipack_mix75_25_def_only.ACD [1756-L81E 35.11]*",""
"aoipack_mixed_array_n01","20056","1756-L81E","35.05","2026-08-23","","0","0","1","Logix Designer - AoiMixedExpand in aoipack_mixed_array_n01.ACD [1756-L81E 35.11]*",""
"aoipack_mixed_array_n05","20312","1756-L81E","35.05","2026-08-23","","0","0","1","Logix Designer - AoiMixedExpand in aoipack_mixed_array_n05.ACD [1756-L81E 35.11]*",""
"aoipack_mixed_array_n10","20632","1756-L81E","35.05","2026-08-23","","0","0","1","Logix Designer - AoiMixedExpand in aoipack_mixed_array_n10.ACD [1756-L81E 35.11]*",""
"aoipack_mixed_array_n25","21592","1756-L81E","35.05","2026-08-23","","0","0","1","Logix Designer - AoiMixedExpand in aoipack_mixed_array_n25.ACD [1756-L81E 35.11]*",""
"aoipack_mixed_array_n50","23192","1756-L81E","35.05","2026-08-23","","0","0","1","Logix Designer - AoiMixedExpand in aoipack_mixed_array_n50.ACD [1756-L81E 35.11]*",""
"aoipack_mixed_def_only","19888","1756-L81E","35.05","2026-08-23","","0","0","1","Logix Designer - AoiMixedExpand in aoipack_mixed_def_only.ACD [1756-L81E 35.11]*",""
"aoipack_nonatomic_real_10b20a_array_n01","20128","1756-L81E","35.05","2026-08-23","","0","0","1","Logix Designer - AoiBpNonAtomicREAL10b20a in aoipack_nonatomic_real_10b20a_array_n01.ACD [1756-L81E 35.11]*",""
"aoipack_nonatomic_real_10b20a_array_n25","22144","1756-L81E","35.05","2026-08-23","","0","0","1","Logix Designer - AoiBpNonAtomicREAL10b20a in aoipack_nonatomic_real_10b20a_array_n25.ACD [1756-L81E 35.11]*",""
"aoipack_nonatomic_real_20b10a_array_n01","20048","1756-L81E","35.05","2026-08-23","","0","0","1","Logix Designer - AoiBpNonAtomicREAL20b10a in aoipack_nonatomic_real_20b10a_array_n01.ACD [1756-L81E 35.11]*",""
"aoipack_nonatomic_real_20b10a_array_n25","21104","1756-L81E","35.05","2026-08-23","","0","0","1","Logix Designer - AoiBpNonAtomicREAL20b10a in aoipack_nonatomic_real_20b10a_array_n25.ACD [1756-L81E 35.11]*",""
"aoipack_nonatomic_sint_10b20a_array_n01","20000","1756-L81E","35.05","2026-08-23","","0","0","1","Logix Designer - AoiBpNonAtomicSINT10b20a in aoipack_nonatomic_sint_10b20a_array_n01.ACD [1756-L81E 35.11]*",""
"aoipack_nonatomic_sint_10b20a_array_n25","20576","1756-L81E","35.05","2026-08-23","","0","0","1","Logix Designer - AoiBpNonAtomicSINT10b20a in aoipack_nonatomic_sint_10b20a_array_n25.ACD [1756-L81E 35.11]*",""
"aoipack_nonatomic_sint_20b10a_array_n01","19984","1756-L81E","35.05","2026-08-23","","0","0","1","Logix Designer - AoiBpNonAtomicSINT20b10a in aoipack_nonatomic_sint_20b10a_array_n01.ACD [1756-L81E 35.11]*",""
"aoipack_nonatomic_sint_20b10a_array_n25","20368","1756-L81E","35.05","2026-08-23","","0","0","1","Logix Designer - AoiBpNonAtomicSINT20b10a in aoipack_nonatomic_sint_20b10a_array_n25.ACD [1756-L81E 35.11]*",""
"aoipack_ratio_01b29a_array_n01","20184","1756-L81E","35.05","2026-08-23","","0","0","1","Logix Designer - AoiRatio01b29a in aoipack_ratio_01b29a_array_n01.ACD [1756-L81E 35.11]*",""
"aoipack_ratio_01b29a_array_n10","21264","1756-L81E","35.05","2026-08-23","","0","0","1","Logix Designer - AoiRatio01b29a in aoipack_ratio_01b29a_array_n10.ACD [1756-L81E 35.11]*",""
"aoipack_ratio_01b29a_array_n25","23064","1756-L81E","35.05","2026-08-23","","0","0","1","Logix Designer - AoiRatio01b29a in aoipack_ratio_01b29a_array_n25.ACD [1756-L81E 35.11]*",""
"aoipack_ratio_01b29a_array_n50","26064","1756-L81E","35.05","2026-08-23","","0","0","1","Logix Designer - AoiRatio01b29a in aoipack_ratio_01b29a_array_n50.ACD [1756-L81E 35.11]*",""
"aoipack_ratio_05b25a_array_n01","20152","1756-L81E","35.05","2026-08-23","","0","0","1","Logix Designer - AoiRatio05b25a in aoipack_ratio_05b25a_array_n01.ACD [1756-L81E 35.11]*",""
"aoipack_ratio_05b25a_array_n10","21088","1756-L81E","35.05","2026-08-23","","0","0","1","Logix Designer - AoiRatio05b25a in aoipack_ratio_05b25a_array_n10.ACD [1756-L81E 35.11]*",""
"aoipack_ratio_05b25a_array_n25","22648","1756-L81E","35.05","2026-08-23","","0","0","1","Logix Designer - AoiRatio05b25a in aoipack_ratio_05b25a_array_n25.ACD [1756-L81E 35.11]*",""
"aoipack_ratio_05b25a_array_n50","25248","1756-L81E","35.05","2026-08-23","","0","0","1","Logix Designer - AoiRatio05b25a in aoipack_ratio_05b25a_array_n50.ACD [1756-L81E 35.11]*",""
"aoipack_ratio_10b20a_array_n01","20112","1756-L81E","35.05","2026-08-23","","0","0","1","Logix Designer - AoiRatio10b20a in aoipack_ratio_10b20a_array_n01.ACD [1756-L81E 35.11]*",""
"aoipack_ratio_10b20a_array_n10","20864","1756-L81E","35.05","2026-08-23","","0","0","1","Logix Designer - AoiRatio10b20a in aoipack_ratio_10b20a_array_n10.ACD [1756-L81E 35.11]*",""
"aoipack_ratio_10b20a_array_n25","22128","1756-L81E","35.05","2026-08-23","","0","0","1","Logix Designer - AoiRatio10b20a in aoipack_ratio_10b20a_array_n25.ACD [1756-L81E 35.11]*",""
"aoipack_ratio_10b20a_array_n50","24224","1756-L81E","35.05","2026-08-23","","0","0","1","Logix Designer - AoiRatio10b20a in aoipack_ratio_10b20a_array_n50.ACD [1756-L81E 35.11]*",""
"aoipack_ratio_20b10a_array_n01","20032","1756-L81E","35.05","2026-08-23","","0","0","1","Logix Designer - AoiRatio20b10a in aoipack_ratio_20b10a_array_n01.ACD [1756-L81E 35.11]*",""
"aoipack_ratio_20b10a_array_n10","20424","1756-L81E","35.05","2026-08-23","","0","0","1","Logix Designer - AoiRatio20b10a in aoipack_ratio_20b10a_array_n10.ACD [1756-L81E 35.11]*",""
"aoipack_ratio_20b10a_array_n25","21088","1756-L81E","35.05","2026-08-23","","0","0","1","Logix Designer - AoiRatio20b10a in aoipack_ratio_20b10a_array_n25.ACD [1756-L81E 35.11]*",""
"aoipack_ratio_20b10a_array_n50","22184","1756-L81E","35.05","2026-08-23","","0","0","1","Logix Designer - AoiRatio20b10a in aoipack_ratio_20b10a_array_n50.ACD [1756-L81E 35.11]*",""
"aoipack_ratio_25b05a_array_n01","19992","1756-L81E","35.05","2026-08-23","","0","0","1","Logix Designer - AoiRatio25b05a in aoipack_ratio_25b05a_array_n01.ACD [1756-L81E 35.11]*",""
"aoipack_ratio_25b05a_array_n10","20208","1756-L81E","35.05","2026-08-23","","0","0","1","Logix Designer - AoiRatio25b05a in aoipack_ratio_25b05a_array_n10.ACD [1756-L81E 35.11]*",""
"aoipack_ratio_25b05a_array_n25","20568","1756-L81E","35.05","2026-08-23","","0","0","1","Logix Designer - AoiRatio25b05a in aoipack_ratio_25b05a_array_n25.ACD [1756-L81E 35.11]*",""
"aoipack_ratio_25b05a_array_n50","21168","1756-L81E","35.05","2026-08-23","","0","0","1","Logix Designer - AoiRatio25b05a in aoipack_ratio_25b05a_array_n50.ACD [1756-L81E 35.11]*",""
"aoipack_ratio_29b01a_array_n01","19960","1756-L81E","35.05","2026-08-23","","0","0","1","Logix Designer - AoiRatio29b01a in aoipack_ratio_29b01a_array_n01.ACD [1756-L81E 35.11]*",""
"aoipack_ratio_29b01a_array_n10","20032","1756-L81E","35.05","2026-08-23","","0","0","1","Logix Designer - AoiRatio29b01a in aoipack_ratio_29b01a_array_n10.ACD [1756-L81E 35.11]*",""
"aoipack_ratio_29b01a_array_n25","20152","1756-L81E","35.05","2026-08-23","","0","0","1","Logix Designer - AoiRatio29b01a in aoipack_ratio_29b01a_array_n25.ACD [1756-L81E 35.11]*",""
"aoipack_ratio_29b01a_array_n50","20352","1756-L81E","35.05","2026-08-23","","0","0","1","Logix Designer - AoiRatio29b01a in aoipack_ratio_29b01a_array_n50.ACD [1756-L81E 35.11]*",""
"array_dint_00001","18240","1756-L81E","35.05","2026-08-23","","0","0","1","Logix Designer - array_dint_00001 [1756-L81E 35.11]*",""
"array_dint_00001_v2","18240","1756-L81E","35.05","2026-08-23","","0","0","1","Logix Designer - array_dint_00001_v2 [1756-L81E 35.11]*",""
"array_dint_00002","18240","1756-L81E","35.05","2026-08-23","","0","0","1","Logix Designer - array_dint_00002 [1756-L81E 35.11]*",""
"array_dint_00002_v2","18240","1756-L81E","35.05","2026-08-23","","0","0","1","Logix Designer - array_dint_00002_v2 [1756-L81E 35.11]*",""
"array_dint_00005","18256","1756-L81E","35.05","2026-08-23","","0","0","1","Logix Designer - array_dint_00005 [1756-L81E 35.11]*",""
"array_dint_00005_v2","18256","1756-L81E","35.05","2026-08-23","","0","0","1","Logix Designer - array_dint_00005_v2 [1756-L81E 35.11]*",""
"array_dint_00010","18272","1756-L81E","35.05","2026-08-22","","0","0","0","Logix Designer - array_dint_00010 [1756-L81E 35.11]*",""
"array_dint_00025","18336","1756-L81E","35.05","2026-08-22","","0","0","0","Logix Designer - array_dint_00025 [1756-L81E 35.11]*",""
"array_dint_00050","18432","1756-L81E","35.05","2026-08-22","","0","0","0","Logix Designer - array_dint_00050 [1756-L81E 35.11]*",""
"array_dint_00100","18632","1756-L81E","35.05","2026-08-22","","0","0","0","Logix Designer - array_dint_00100 [1756-L81E 35.11]*",""
"array_dint_00250","19232","1756-L81E","35.05","2026-08-22","","0","0","0","Logix Designer - array_dint_00250 [1756-L81E 35.11]*",""
"array_dint_00500","20232","1756-L81E","35.05","2026-08-22","","0","0","0","Logix Designer - array_dint_00500 [1756-L81E 35.11]*",""
"array_dint_01000","22232","1756-L81E","35.05","2026-08-22","","0","0","0","Logix Designer - array_dint_01000 [1756-L81E 35.11]*",""
"array_dint_02500","28232","1756-L81E","35.05","2026-08-22","","0","0","0","Logix Designer - array_dint_02500 [1756-L81E 35.11]*",""
"array_dint_05000","38232","1756-L81E","35.05","2026-08-22","","0","0","0","Logix Designer - array_dint_05000 [1756-L81E 35.11]*",""
"array_of_nested_udt_100","19840","1756-L81E","35.05","2026-08-22","","0","0","0","Logix Designer - ArrayOfNested in array_of_nested_udt_100.ACD [1756-L81E 35.11]*",""
"arraypack_odd3b_n00001","18440","1756-L81E","35.05","2026-08-22","","0","0","0","Logix Designer - OddArrN1 in arraypack_odd3b_n00001.ACD [1756-L81E 35.11]*",""
"arraypack_odd3b_n00010","18472","1756-L81E","35.05","2026-08-22","","0","0","0","Logix Designer - OddArrN10 in arraypack_odd3b_n00010.ACD [1756-L81E 35.11]*",""
"arraypack_odd3b_n00100","18832","1756-L81E","35.05","2026-08-22","","0","0","0","Logix Designer - OddArrN100 in arraypack_odd3b_n00100.ACD [1756-L81E 35.11]*",""
"arraypack_odd3b_n01000","22432","1756-L81E","35.05","2026-08-23","","","","","Logix Designer - OddArrN1000 in arraypack_odd3b_n01000.ACD [1756-L81E 35.11]*",""
"arraypack_odd3b_n05000","38432","1756-L81E","35.05","2026-08-23","","","","","Logix Designer - OddArrN5000 in arraypack_odd3b_n05000.ACD [1756-L81E 35.11]*",""
"axis_aoi_inout_1_instance","43852","1756-L81E","35.05","2026-08-23","","0","6","1","Logix Designer - AxisAoiInout in axis_aoi_inout_1_instance.ACD [1756-L81E 35.11]*",""
"axis_aoi_inout_reqvis_hidden_def_only","43256","1756-L81E","35.05","2026-08-23","","0","6","1","Logix Designer - DriveAxisReqVisHidden in axis_aoi_inout_reqvis_hidden_def_only.ACD [1756-L81E 35.11]*",""
"axis_aoi_inout_reqvis_required_def_only","43256","1756-L81E","35.05","2026-08-23","","0","6","1","Logix Designer - DriveAxisReqVisRequired in axis_aoi_inout_reqvis_required_def_only.ACD [1756-L81E 35.11]*",""
"axis_aoi_inout_reqvis_visibleoptional_def_only","43272","1756-L81E","35.05","2026-08-23","","0","6","1","Logix Designer - DriveAxisReqVisVisibleoptional in axis_aoi_inout_reqvis_visibleoptional_def_only.ACD [1756-L81E 35.11]*",""
"axis_baseline_motiongroup_only","19296","1756-L81E","35.05","2026-08-22","","0","0","0","Logix Designer - CommentI in axis_baseline_motiongroup_only.ACD [1756-L81E 35.11]*",""
"axis_cip_drive_only","42024","1756-L81E","35.05","2026-08-22","","0","0","0","Logix Designer - CommentI in axis_cip_drive_only.ACD [1756-L81E 35.11]*",""
"axis_composite_udt_10_instance","20424","1756-L81E","35.05","2026-08-22","","0","0","0","Logix Designer - CompositeUdt in axis_composite_udt_10_instance.ACD [1756-L81E 35.11]*",""
"axis_composite_udt_1_instance","19232","1756-L81E","35.05","2026-08-22","","0","0","0","Logix Designer - CompositeUdt in axis_composite_udt_1_instance.ACD [1756-L81E 35.11]*",""
"axis_composite_udt_def_only","19016","1756-L81E","35.05","2026-08-22","","0","0","0","Logix Designer - CompositeUdt in axis_composite_udt_def_only.ACD [1756-L81E 35.11]*",""
"axis_coordinate_system_only","28912","1756-L81E","35.05","2026-08-22","","0","0","0","Logix Designer - CommentI in axis_coordinate_system_only.ACD [1756-L81E 35.11]*",""
"axis_full_combo","44964","1756-L81E","35.05","2026-08-23","","0","6","1","Logix Designer - AxisFullCombo in axis_full_combo.ACD [1756-L81E 35.11]*",""
"axis_servo_only","36184","1756-L81E","35.05","2026-08-22","","0","0","0","Logix Designer - CommentI in axis_servo_only.ACD [1756-L81E 35.11]*",""
"axis_virtual_only","36184","1756-L81E","35.05","2026-08-22","","0","0","0","Logix Designer - CommentI in axis_virtual_only.ACD [1756-L81E 35.11]*",""
"basic_aoi_10_instance_array","19720","1756-L81E","35.05","2026-08-22","","0","0","0","Logix Designer - BasicAOI in basic_aoi_10_instance_array.ACD [1756-L81E 35.11]*",""
"basic_aoi_1_instance","19528","1756-L81E","35.05","2026-08-22","","0","0","0","Logix Designer - BasicAOI in basic_aoi_1_instance.ACD [1756-L81E 35.11]*",""
"basic_aoi_def_only","19416","1756-L81E","35.05","2026-08-22","","0","0","0","Logix Designer - BasicAOI in basic_aoi_def_only.ACD [1756-L81E 35.11]*",""
"blockbytetest_dint120000","498240","1756-L81E","35.05","2026-08-31","","0","0","0","Logix Designer - blockbytetest_dint120000 [1756-L81E 35.11]*",""
"blockbytetest_l71_dint120000","569336","1756-L71","35.05","2026-08-31","","0","0","0","Logix Designer - BlockByteTestL71 in blockbytetest_l71_dint120000.ACD [1756-L71 35.11]",""
"boolarray_n00008","18224","1756-L81E","35.05","2026-08-22","","0","0","0","Logix Designer - BoolArrN8 in boolarray_n00008.ACD [1756-L81E 35.11]*",""
"boolarray_n00016","18224","1756-L81E","35.05","2026-08-22","","0","0","0","Logix Designer - BoolArrN16 in boolarray_n00016.ACD [1756-L81E 35.11]*",""
"boolarray_n00032","18224","1756-L81E","35.05","2026-08-22","","0","0","0","Logix Designer - BoolArrN32 in boolarray_n00032.ACD [1756-L81E 35.11]*",""
"boolarray_n00100","18232","1756-L81E","35.05","2026-08-22","","0","0","0","Logix Designer - BoolArrN100 in boolarray_n00100.ACD [1756-L81E 35.11]*",""
"boolarray_n01000","18344","1756-L81E","35.05","2026-08-22","","0","0","0","Logix Designer - BoolArrN1000 in boolarray_n01000.ACD [1756-L81E 35.11]*",""
"boolarray_n05000","18848","1756-L81E","35.05","2026-08-22","","0","0","0","Logix Designer - BoolArrN5000 in boolarray_n05000.ACD [1756-L81E 35.11]*",""
"branchdepth_legs01_n01000","38640","1756-L81E","35.05","2026-08-24","Reconciled from the local branch (james-capture-aug24), captured , never previously merged.","0","1","1","Logix Designer - BranchDepth1 in branchdepth_legs01_n01000.ACD [1756-L81E 35.11]*",""
"branchdepth_legs03_n01000","62640","1756-L81E","35.05","2026-08-24","Reconciled from the local branch (james-capture-aug24), captured , never previously merged.","0","1","1","Logix Designer - BranchDepth3 in branchdepth_legs03_n01000.ACD [1756-L81E 35.11]*",""
"branchdepth_legs05_n01000","78640","1756-L81E","35.05","2026-08-24","Reconciled from the local branch (james-capture-aug24), captured , never previously merged.","0","1","1","Logix Designer - BranchDepth5 in branchdepth_legs05_n01000.ACD [1756-L81E 35.11]*",""
"branchdepthc_legs02_n01000","56840","1756-L81E","35.05","2026-08-27","","0","1","0","Logix Designer - BranchDepthC2 in branchdepthc_legs02_n01000.ACD [1756-L81E 35.11]*",""
"branchdepthc_legs04_n01000","72840","1756-L81E","35.05","2026-08-27","","0","1","0","Logix Designer - BranchDepthC4 in branchdepthc_legs04_n01000.ACD [1756-L81E 35.11]*",""
"branchdepthc_legs06_n01000","88840","1756-L81E","35.05","2026-08-27","","0","1","0","Logix Designer - BranchDepthC6 in branchdepthc_legs06_n01000.ACD [1756-L81E 35.11]*",""
"branchdepthc_legs08_n01000","104840","1756-L81E","35.05","2026-08-27","","0","1","0","Logix Designer - BranchDepthC8 in branchdepthc_legs08_n01000.ACD [1756-L81E 35.11]*",""
"branchdepthc_legs10_n01000","120840","1756-L81E","35.05","2026-08-27","","0","1","0","Logix Designer - BranchDepthC10 in branchdepthc_legs10_n01000.ACD [1756-L81E 35.11]*",""
"branchdepthc_legs15_n01000","160840","1756-L81E","35.05","2026-08-27","","0","1","0","Logix Designer - BranchDepthC15 in branchdepthc_legs15_n01000.ACD [1756-L81E 35.11]*",""
"branchdepthc_legs20_n01000","200840","1756-L81E","35.05","2026-08-27","","0","1","0","Logix Designer - BranchDepthC20 in branchdepthc_legs20_n01000.ACD [1756-L81E 35.11]*",""
"branchdepthc_legs30_n01000","280840","1756-L81E","35.05","2026-08-27","","0","1","0","Logix Designer - BranchDepthC30 in branchdepthc_legs30_n01000.ACD [1756-L81E 35.11]*",""
"branchdepthstag_d01_n01000","55256","1756-L81E","35.05","2026-08-27","","0","1","0","Logix Designer - BranchDepthStag1 in branchdepthstag_d01_n01000.ACD [1756-L81E 35.11]*",""
"branchdepthstag_d02_n01000","75256","1756-L81E","35.05","2026-08-27","","0","1","0","Logix Designer - BranchDepthStag2 in branchdepthstag_d02_n01000.ACD [1756-L81E 35.11]*",""
"branchdepthstag_d03_n01000","95256","1756-L81E","35.05","2026-08-27","","0","1","0","Logix Designer - BranchDepthStag3 in branchdepthstag_d03_n01000.ACD [1756-L81E 35.11]*",""
"branchdepthstag_d04_n01000","115256","1756-L81E","35.05","2026-08-27","","0","1","0","Logix Designer - BranchDepthStag4 in branchdepthstag_d04_n01000.ACD [1756-L81E 35.11]*",""
"branchdepthstag_d05_n01000","135256","1756-L81E","35.05","2026-08-27","","0","1","0","Logix Designer - BranchDepthStag5 in branchdepthstag_d05_n01000.ACD [1756-L81E 35.11]*",""
"branchdepthstag_d06_n01000","155256","1756-L81E","35.05","2026-08-27","","0","1","0","Logix Designer - BranchDepthStag6 in branchdepthstag_d06_n01000.ACD [1756-L81E 35.11]*",""
"cam_structure_n01","18232","1756-L81E","35.05","2026-08-24","","0","0","1","Logix Designer - CamSweepN01 in cam_structure_n01.ACD [1756-L81E 35.11]*",""
"cam_structure_n05","18280","1756-L81E","35.05","2026-08-24","","0","0","1","Logix Designer - CamSweepN05 in cam_structure_n05.ACD [1756-L81E 35.11]*",""
"cam_structure_n10","18336","1756-L81E","35.05","2026-08-24","","0","0","1","Logix Designer - CamSweepN10 in cam_structure_n10.ACD [1756-L81E 35.11]*",""
"cam_structure_n20","18456","1756-L81E","35.05","2026-08-24","","0","0","1","Logix Designer - CamSweepN20 in cam_structure_n20.ACD [1756-L81E 35.11]*",""
"cam_structure_n50","18816","1756-L81E","35.05","2026-08-24","","0","0","1","Logix Designer - CamSweepN50 in cam_structure_n50.ACD [1756-L81E 35.11]*",""
"camprofile_n00001","18280","1756-L81E","35.05","2026-08-22","","0","0","0","Logix Designer - CamProfileN1 in camprofile_n00001.ACD [1756-L81E 35.11]*",""
"camprofile_n00005","18504","1756-L81E","35.05","2026-08-22","","0","0","0","Logix Designer - CamProfileN5 in camprofile_n00005.ACD [1756-L81E 35.11]*",""
"camprofile_n00020","19344","1756-L81E","35.05","2026-08-22","","0","0","0","Logix Designer - CamProfileN20 in camprofile_n00020.ACD [1756-L81E 35.11]*",""
"camprofile_n00050","21024","1756-L81E","35.05","2026-08-22","","0","0","0","Logix Designer - CamProfileN50 in camprofile_n00050.ACD [1756-L81E 35.11]*",""
"cmpcpt_cmp_and_compound_n00100","34768","1756-L81E","35.05","2026-08-23","","0","1","1","Logix Designer - Cmpand_compoundN100 in cmpcpt_cmp_and_compound_n00100.ACD [1756-L81E 35.11]*",""
"cmpcpt_cmp_and_compound_n01000","175168","1756-L81E","35.05","2026-08-22","","0","0","0","Logix Designer - Cmpand_compound in cmpcpt_cmp_and_compound_n01000.ACD [1756-L81E 35.11]*",""
"cmpcpt_cmp_duplicate_cond_n00100","34768","1756-L81E","35.05","2026-08-23","","0","1","1","Logix Designer - Cmpduplicate_condN100 in cmpcpt_cmp_duplicate_cond_n00100.ACD [1756-L81E 35.11]*",""
"cmpcpt_cmp_duplicate_cond_n01000","175168","1756-L81E","35.05","2026-08-22","","0","0","0","Logix Designer - Cmpduplicate_cond in cmpcpt_cmp_duplicate_cond_n01000.ACD [1756-L81E 35.11]*",""
"cmpcpt_cmp_floatliteral_n01000","183168","1756-L81E","35.05","2026-08-22","","0","0","0","Logix Designer - CmpConstFloat in cmpcpt_cmp_floatliteral_n01000.ACD [1756-L81E 35.11]*",""
"cmpcpt_cmp_intliteral_n01000","111168","1756-L81E","35.05","2026-08-22","","0","0","0","Logix Designer - CmpConstInt in cmpcpt_cmp_intliteral_n01000.ACD [1756-L81E 35.11]*",""
"cmpcpt_cmp_or_compound_n00100","34768","1756-L81E","35.05","2026-08-23","","0","1","1","Logix Designer - Cmpor_compoundN100 in cmpcpt_cmp_or_compound_n00100.ACD [1756-L81E 35.11]*",""
"cmpcpt_cmp_or_compound_n01000","175168","1756-L81E","35.05","2026-08-22","","0","0","0","Logix Designer - Cmpor_compound in cmpcpt_cmp_or_compound_n01000.ACD [1756-L81E 35.11]*",""
"cmpcpt_cmp_single_n00100","28368","1756-L81E","35.05","2026-08-23","","0","1","1","Logix Designer - CmpsingleN100 in cmpcpt_cmp_single_n00100.ACD [1756-L81E 35.11]*",""
"cmpcpt_cmp_single_n01000","110904","1756-L81E","35.05","2026-08-22","","0","0","0","Logix Designer - Cmpsingle in cmpcpt_cmp_single_n01000.ACD [1756-L81E 35.11]*",""
"cmpcpt_cpt_barecopy_n00010","20048","1756-L81E","35.05","2026-08-23","","0","0","1","Logix Designer - CptBareCopyN10 in cmpcpt_cpt_barecopy_n00010.ACD [1756-L81E 35.11]*",""
"cmpcpt_cpt_barecopy_n00100","27968","1756-L81E","35.05","2026-08-23","","0","0","1","Logix Designer - CptBareCopyN100 in cmpcpt_cpt_barecopy_n00100.ACD [1756-L81E 35.11]*",""
"cmpcpt_cpt_barecopy_n01000","106904","1756-L81E","35.05","2026-08-22","","0","0","0","Logix Designer - CptBareCopy in cmpcpt_cpt_barecopy_n01000.ACD [1756-L81E 35.11]*",""
"cmpcpt_cpt_chain10_n01000","335168","1756-L81E","35.05","2026-08-23","","0","0","1","Logix Designer - CptChain10 in cmpcpt_cpt_chain10_n01000.ACD [1756-L81E 35.11]*",""
"cmpcpt_cpt_chain3_n01000","167168","1756-L81E","35.05","2026-08-23","","0","0","1","Logix Designer - CptChain3 in cmpcpt_cpt_chain3_n01000.ACD [1756-L81E 35.11]*",""
"cmpcpt_cpt_chain4_n01000","191168","1756-L81E","35.05","2026-08-23","","0","0","1","Logix Designer - CptChain4 in cmpcpt_cpt_chain4_n01000.ACD [1756-L81E 35.11]*",""
"cmpcpt_cpt_chain5_n01000","215168","1756-L81E","35.05","2026-08-23","","0","0","1","Logix Designer - CptChain5 in cmpcpt_cpt_chain5_n01000.ACD [1756-L81E 35.11]*",""
"cmpcpt_cpt_chain6_n01000","238904","1756-L81E","35.05","2026-08-22","","0","0","0","Logix Designer - CptChain in cmpcpt_cpt_chain6_n01000.ACD [1756-L81E 35.11]*",""
"cmpcpt_cpt_chain8_n01000","287168","1756-L81E","35.05","2026-08-23","","0","0","1","Logix Designer - CptChain8 in cmpcpt_cpt_chain8_n01000.ACD [1756-L81E 35.11]*",""
"cmpcpt_cpt_op_add_floatliteral_n00010","20848","1756-L81E","35.05","2026-08-23","","0","0","1","Logix Designer - CptConstFloatN10 in cmpcpt_cpt_op_add_floatliteral_n00010.ACD [1756-L81E 35.11]*",""
"cmpcpt_cpt_op_add_floatliteral_n00100","35968","1756-L81E","35.05","2026-08-23","","0","0","1","Logix Designer - CptConstFloatN100 in cmpcpt_cpt_op_add_floatliteral_n00100.ACD [1756-L81E 35.11]*",""
"cmpcpt_cpt_op_add_floatliteral_n01000","187168","1756-L81E","35.05","2026-08-22","","0","0","0","Logix Designer - CptConstFloat in cmpcpt_cpt_op_add_floatliteral_n01000.ACD [1756-L81E 35.11]*",""
"cmpcpt_cpt_op_add_intliteral_n00010","20408","1756-L81E","35.05","2026-08-23","","0","0","1","Logix Designer - CptConstIntN10 in cmpcpt_cpt_op_add_intliteral_n00010.ACD [1756-L81E 35.11]*",""
"cmpcpt_cpt_op_add_intliteral_n00100","31568","1756-L81E","35.05","2026-08-23","","0","0","1","Logix Designer - CptConstIntN100 in cmpcpt_cpt_op_add_intliteral_n00100.ACD [1756-L81E 35.11]*",""
"cmpcpt_cpt_op_add_intliteral_n01000","143168","1756-L81E","35.05","2026-08-22","","0","0","0","Logix Designer - CptConstInt in cmpcpt_cpt_op_add_intliteral_n01000.ACD [1756-L81E 35.11]*",""
"cmpcpt_cpt_op_add_n00010","20408","1756-L81E","35.05","2026-08-23","","0","0","1","Logix Designer - CptOperatoraddN10 in cmpcpt_cpt_op_add_n00010.ACD [1756-L81E 35.11]*",""
"cmpcpt_cpt_op_add_n00100","31568","1756-L81E","35.05","2026-08-23","","0","0","1","Logix Designer - CptOperatoraddN100 in cmpcpt_cpt_op_add_n00100.ACD [1756-L81E 35.11]*",""
"cmpcpt_cpt_op_add_n01000","142904","1756-L81E","35.05","2026-08-22","","0","0","0","Logix Designer - CptOperator in cmpcpt_cpt_op_add_n01000.ACD [1756-L81E 35.11]*",""
"cmpcpt_cpt_op_div_floatliteral_n01000","187168","1756-L81E","35.05","2026-08-22","","0","0","0","Logix Designer - CptConstFloat in cmpcpt_cpt_op_div_floatliteral_n01000.ACD [1756-L81E 35.11]*",""
"cmpcpt_cpt_op_div_intliteral_n01000","159168","1756-L81E","35.05","2026-08-22","","0","0","0","Logix Designer - CptConstInt in cmpcpt_cpt_op_div_intliteral_n01000.ACD [1756-L81E 35.11]*",""
"cmpcpt_cpt_op_div_n00010","20568","1756-L81E","35.05","2026-08-23","","0","0","1","Logix Designer - CptOperatordivN10 in cmpcpt_cpt_op_div_n00010.ACD [1756-L81E 35.11]*",""
"cmpcpt_cpt_op_div_n00100","33168","1756-L81E","35.05","2026-08-23","","0","0","1","Logix Designer - CptOperatordivN100 in cmpcpt_cpt_op_div_n00100.ACD [1756-L81E 35.11]*",""
"cmpcpt_cpt_op_div_n01000","158904","1756-L81E","35.05","2026-08-22","","0","0","0","Logix Designer - CptOperator in cmpcpt_cpt_op_div_n01000.ACD [1756-L81E 35.11]*",""
"cmpcpt_cpt_op_mod_n00010","20568","1756-L81E","35.05","2026-08-23","","0","0","1","Logix Designer - CptModN10 in cmpcpt_cpt_op_mod_n00010.ACD [1756-L81E 35.11]*",""
"cmpcpt_cpt_op_mod_n00100","33168","1756-L81E","35.05","2026-08-23","","0","0","1","Logix Designer - CptModN100 in cmpcpt_cpt_op_mod_n00100.ACD [1756-L81E 35.11]*",""
"cmpcpt_cpt_op_mod_n01000","159168","1756-L81E","35.05","2026-08-23","","0","0","1","Logix Designer - CptModN1000 in cmpcpt_cpt_op_mod_n01000.ACD [1756-L81E 35.11]*",""
"cmpcpt_cpt_op_mul_floatliteral_n01000","187168","1756-L81E","35.05","2026-08-22","","0","0","0","Logix Designer - CptConstFloat in cmpcpt_cpt_op_mul_floatliteral_n01000.ACD [1756-L81E 35.11]*",""
"cmpcpt_cpt_op_mul_intliteral_n01000","159168","1756-L81E","35.05","2026-08-22","","0","0","0","Logix Designer - CptConstInt in cmpcpt_cpt_op_mul_intliteral_n01000.ACD [1756-L81E 35.11]*",""
"cmpcpt_cpt_op_mul_n00010","20568","1756-L81E","35.05","2026-08-23","","0","0","1","Logix Designer - CptOperatormulN10 in cmpcpt_cpt_op_mul_n00010.ACD [1756-L81E 35.11]*",""
"cmpcpt_cpt_op_mul_n00100","33168","1756-L81E","35.05","2026-08-23","","0","0","1","Logix Designer - CptOperatormulN100 in cmpcpt_cpt_op_mul_n00100.ACD [1756-L81E 35.11]*",""
"cmpcpt_cpt_op_mul_n01000","158904","1756-L81E","35.05","2026-08-22","","0","0","0","Logix Designer - CptOperator in cmpcpt_cpt_op_mul_n01000.ACD [1756-L81E 35.11]*",""
"cmpcpt_cpt_op_pow_floatliteral_n01000","195168","1756-L81E","35.05","2026-08-22","","0","0","0","Logix Designer - CptConstFloat in cmpcpt_cpt_op_pow_floatliteral_n01000.ACD [1756-L81E 35.11]*",""
"cmpcpt_cpt_op_pow_intliteral_n01000","223168","1756-L81E","35.05","2026-08-22","","0","0","0","Logix Designer - CptConstInt in cmpcpt_cpt_op_pow_intliteral_n01000.ACD [1756-L81E 35.11]*",""
"cmpcpt_cpt_op_pow_n00010","21208","1756-L81E","35.05","2026-08-23","","0","0","1","Logix Designer - CptOperatorpowN10 in cmpcpt_cpt_op_pow_n00010.ACD [1756-L81E 35.11]*",""
"cmpcpt_cpt_op_pow_n00100","39568","1756-L81E","35.05","2026-08-23","","0","0","1","Logix Designer - CptOperatorpowN100 in cmpcpt_cpt_op_pow_n00100.ACD [1756-L81E 35.11]*",""
"cmpcpt_cpt_op_pow_n01000","222904","1756-L81E","35.05","2026-08-22","","0","0","0","Logix Designer - CptOperator in cmpcpt_cpt_op_pow_n01000.ACD [1756-L81E 35.11]*",""
"cmpcpt_cpt_op_sub_floatliteral_n01000","187168","1756-L81E","35.05","2026-08-22","","0","0","0","Logix Designer - CptConstFloat in cmpcpt_cpt_op_sub_floatliteral_n01000.ACD [1756-L81E 35.11]*",""
"cmpcpt_cpt_op_sub_intliteral_n01000","143168","1756-L81E","35.05","2026-08-22","","0","0","0","Logix Designer - CptConstInt in cmpcpt_cpt_op_sub_intliteral_n01000.ACD [1756-L81E 35.11]*",""
"cmpcpt_cpt_op_sub_n00010","20408","1756-L81E","35.05","2026-08-23","","0","0","1","Logix Designer - CptOperatorsubN10 in cmpcpt_cpt_op_sub_n00010.ACD [1756-L81E 35.11]*",""
"cmpcpt_cpt_op_sub_n00100","31568","1756-L81E","35.05","2026-08-23","","0","0","1","Logix Designer - CptOperatorsubN100 in cmpcpt_cpt_op_sub_n00100.ACD [1756-L81E 35.11]*",""
"cmpcpt_cpt_op_sub_n01000","142904","1756-L81E","35.05","2026-08-22","","0","0","0","Logix Designer - CptOperator in cmpcpt_cpt_op_sub_n01000.ACD [1756-L81E 35.11]*",""
"cmpcpt_cpt_pluszero_n01000","142904","1756-L81E","35.05","2026-08-22","","0","0","0","Logix Designer - CptNoopZero in cmpcpt_cpt_pluszero_n01000.ACD [1756-L81E 35.11]*",""
"cmpcpt_cpt_samematag_n01000","142904","1756-L81E","35.05","2026-08-22","","0","0","0","Logix Designer - CptDedup in cmpcpt_cpt_samematag_n01000.ACD [1756-L81E 35.11]*",""
"cmpcpt_randommix_00_n00553rungs","95660","1756-L81E","35.05","2026-08-23","","","","","Logix Designer - CmpCptMix0 in cmpcpt_randommix_00_n00553rungs.ACD [1756-L81E 35.11]*",""
"cmpcpt_randommix_01_n00655rungs","117836","1756-L81E","35.05","2026-08-23","","","","","Logix Designer - CmpCptMix1 in cmpcpt_randommix_01_n00655rungs.ACD [1756-L81E 35.11]*",""
"cmpcx_baretags","19788","1756-L81E","35.05","2026-08-23","","","","","Logix Designer - CmpCxBaretags in cmpcx_baretags.ACD [1756-L81E 35.11]*",""
"cmpcx_complex","19888","1756-L81E","35.05","2026-08-23","","","","","Logix Designer - CmpCxComplex in cmpcx_complex.ACD [1756-L81E 35.11]*",""
"cmpcx_compound_expr","19916","1756-L81E","35.05","2026-08-23","","","","","Logix Designer - CmpCxCompound_expr in cmpcx_compound_expr.ACD [1756-L81E 35.11]*",""
"cmpcx_compound_simple","19852","1756-L81E","35.05","2026-08-23","","","","","Logix Designer - CmpCxCompound_simple in cmpcx_compound_simple.ACD [1756-L81E 35.11]*",""
"cmpcx_exprboth","19852","1756-L81E","35.05","2026-08-23","","","","","Logix Designer - CmpCxExprboth in cmpcx_exprboth.ACD [1756-L81E 35.11]*",""
"cmpcx_exprleft","19824","1756-L81E","35.05","2026-08-23","","","","","Logix Designer - CmpCxExprleft in cmpcx_exprleft.ACD [1756-L81E 35.11]*",""
"cmpcx_exprplusliteral","19824","1756-L81E","35.05","2026-08-23","","","","","Logix Designer - CmpCxExprplusliteral in cmpcx_exprplusliteral.ACD [1756-L81E 35.11]*",""
"cmpcx_floatconstmixed","19988","1756-L81E","35.05","2026-08-23","","","","","Logix Designer - CmpCxFloatconstmixed in cmpcx_floatconstmixed.ACD [1756-L81E 35.11]*",""
"cmpcx_floatliteral","19860","1756-L81E","35.05","2026-08-23","","","","","Logix Designer - CmpCxFloatliteral in cmpcx_floatliteral.ACD [1756-L81E 35.11]*",""
"cmpcx_intliteral","19788","1756-L81E","35.05","2026-08-23","","","","","Logix Designer - CmpCxIntliteral in cmpcx_intliteral.ACD [1756-L81E 35.11]*",""
"cmpcx_spotcheck_baretags_n100","28896","1756-L81E","35.05","2026-08-23","","","","","Logix Designer - Spotcmpcx_spotcheck_baretags in cmpcx_spotcheck_baretags_n100.ACD [1756-L81E 35.11]*",""
"count_0001_dint","18224","1756-L81E","35.05","2026-08-22","","0","0","0","Logix Designer - count_0001_dint [1756-L81E 35.11]*",""
"count_0002_dint","18320","1756-L81E","35.05","2026-08-22","","0","0","0","Logix Designer - count_0002_dint [1756-L81E 35.11]*",""
"count_0005_dint","18608","1756-L81E","35.05","2026-08-22","","0","0","0","Logix Designer - count_0005_dint [1756-L81E 35.11]*",""
"count_0010_dint","19088","1756-L81E","35.05","2026-08-22","","0","0","0","Logix Designer - count_0010_dint [1756-L81E 35.11]*",""
"count_0025_dint","20528","1756-L81E","35.05","2026-08-22","","0","0","0","Logix Designer - count_0025_dint [1756-L81E 35.11]*",""
"count_0050_dint","22928","1756-L81E","35.05","2026-08-22","","0","0","0","Logix Designer - count_0050_dint [1756-L81E 35.11]*",""
"count_0100_dint","27728","1756-L81E","35.05","2026-08-22","","0","0","0","Logix Designer - count_0100_dint [1756-L81E 35.11]*",""
"count_0250_dint","42128","1756-L81E","35.05","2026-08-22","","0","0","0","Logix Designer - count_0250_dint [1756-L81E 35.11]*",""
"count_0500_dint","66128","1756-L81E","35.05","2026-08-22","","0","0","0","Logix Designer - count_0500_dint [1756-L81E 35.11]*",""
"count_1000_dint","114128","1756-L81E","35.05","2026-08-22","","0","0","0","Logix Designer - count_1000_dint [1756-L81E 35.11]*",""
"cptcx_constants_floatconst_n2","19904","1756-L81E","35.05","2026-08-23","","","","","Logix Designer - CptConstFloatconst_n2 in cptcx_constants_floatconst_n2.ACD [1756-L81E 35.11]*",""
"cptcx_constants_floatconst_n4","20036","1756-L81E","35.05","2026-08-23","","","","","Logix Designer - CptConstFloatconst_n4 in cptcx_constants_floatconst_n4.ACD [1756-L81E 35.11]*",""
"cptcx_constants_intconst_n2","19820","1756-L81E","35.05","2026-08-23","","","","","Logix Designer - CptConstIntconst_n2 in cptcx_constants_intconst_n2.ACD [1756-L81E 35.11]*",""
"cptcx_constants_intconst_n3","19844","1756-L81E","35.05","2026-08-23","","","","","Logix Designer - CptConstIntconst_n3 in cptcx_constants_intconst_n3.ACD [1756-L81E 35.11]*",""
"cptcx_constants_intconst_n4","19868","1756-L81E","35.05","2026-08-23","","","","","Logix Designer - CptConstIntconst_n4 in cptcx_constants_intconst_n4.ACD [1756-L81E 35.11]*",""
"cptcx_operandcount_n01","19784","1756-L81E","35.05","2026-08-23","","","","","Logix Designer - CptOperandN01 in cptcx_operandcount_n01.ACD [1756-L81E 35.11]*",""
"cptcx_operandcount_n02","19820","1756-L81E","35.05","2026-08-23","","","","","Logix Designer - CptOperandN02 in cptcx_operandcount_n02.ACD [1756-L81E 35.11]*",""
"cptcx_operandcount_n03","19844","1756-L81E","35.05","2026-08-23","","","","","Logix Designer - CptOperandN03 in cptcx_operandcount_n03.ACD [1756-L81E 35.11]*",""
"cptcx_operandcount_n04","19868","1756-L81E","35.05","2026-08-23","","","","","Logix Designer - CptOperandN04 in cptcx_operandcount_n04.ACD [1756-L81E 35.11]*",""
"cptcx_operandcount_n05","19892","1756-L81E","35.05","2026-08-23","","","","","Logix Designer - CptOperandN05 in cptcx_operandcount_n05.ACD [1756-L81E 35.11]*",""
"cptcx_operandcount_n06","19916","1756-L81E","35.05","2026-08-23","","","","","Logix Designer - CptOperandN06 in cptcx_operandcount_n06.ACD [1756-L81E 35.11]*",""
"cptcx_operandcount_n08","19964","1756-L81E","35.05","2026-08-23","","","","","Logix Designer - CptOperandN08 in cptcx_operandcount_n08.ACD [1756-L81E 35.11]*",""
"cptcx_operandcount_n10","20012","1756-L81E","35.05","2026-08-23","","","","","Logix Designer - CptOperandN10 in cptcx_operandcount_n10.ACD [1756-L81E 35.11]*",""
"cptcx_operatormix_mixedops","19888","1756-L81E","35.05","2026-08-23","","","","","Logix Designer - CptOpMixMixedops in cptcx_operatormix_mixedops.ACD [1756-L81E 35.11]*",""
"cptcx_operatormix_nested","19888","1756-L81E","35.05","2026-08-23","","","","","Logix Designer - CptOpMixNested in cptcx_operatormix_nested.ACD [1756-L81E 35.11]*",""
"cptcx_operatormix_powermix","20032","1756-L81E","35.05","2026-08-23","","","","","Logix Designer - CptOpMixPowermix in cptcx_operatormix_powermix.ACD [1756-L81E 35.11]*",""
"cptcx_spotcheck_mixedops4op_n100","38896","1756-L81E","35.05","2026-08-23","","","","","Logix Designer - Spotcptcx_spotcheck_mixedops4op in cptcx_spotcheck_mixedops4op_n100.ACD [1756-L81E 35.11]*",""
"cptcx_spotcheck_simple2op_n100","32096","1756-L81E","35.05","2026-08-23","","","","","Logix Designer - Spotcptcx_spotcheck_simple2op in cptcx_spotcheck_simple2op_n100.ACD [1756-L81E 35.11]*",""
"cptmix_disentangle_float1_noreal","20756","1756-L81E","35.05","2026-08-27","","0","0","0","Logix Designer - CptMixDisentangleFloat1Noreal in cptmix_disentangle_float1_noreal.ACD [1756-L81E 35.11]*",""
"cptmix_disentangle_real1_float1","20716","1756-L81E","35.05","2026-08-27","","0","0","0","Logix Designer - CptMixDisentangleReal1Float1 in cptmix_disentangle_real1_float1.ACD [1756-L81E 35.11]*",""
"cptmix_disentangle_real1_noliteral","20752","1756-L81E","35.05","2026-08-27","","0","0","0","Logix Designer - CptMixDisentangleReal1Noliteral in cptmix_disentangle_real1_noliteral.ACD [1756-L81E 35.11]*",""
"cptmix_disentangle_real2_float2_noint","20640","1756-L81E","35.05","2026-08-27","","0","0","0","Logix Designer - CptMixDisentangleReal2Float2Noint in cptmix_disentangle_real2_float2_noint.ACD [1756-L81E 35.11]*",""
"cptmix_fifteen_n00001","21376","1756-L81E","35.05","2026-08-24","","0","0","1","Logix Designer - CptMix15N1 in cptmix_fifteen_n00001.ACD [1756-L81E 35.11]*",""
"cptmix_fifteen_n00100","135424","1756-L81E","35.05","2026-08-24","","0","0","1","Logix Designer - CptMix15N100 in cptmix_fifteen_n00100.ACD [1756-L81E 35.11]*",""
"cptmix_float1_pos_divisor","20756","1756-L81E","35.05","2026-08-30","","0","0","0","Logix Designer - CptMixFloat1PosDivisor in cptmix_float1_pos_divisor.ACD [1756-L81E 35.11]",""
"cptmix_float1_pos_first","20756","1756-L81E","35.05","2026-08-30","","0","0","0","Logix Designer - CptMixFloat1PosFirst in cptmix_float1_pos_first.ACD [1756-L81E 35.11]*",""
"cptmix_litpos_alltag_baseline","20388","1756-L81E","35.05","2026-08-24","","0","0","1","Logix Designer - CptMixLitPosAlltagBaseline in cptmix_litpos_alltag_baseline.ACD [1756-L81E 35.11]*",""
"cptmix_litpos_literal_first","20388","1756-L81E","35.05","2026-08-24","","0","0","1","Logix Designer - CptMixLitPosLiteralFirst in cptmix_litpos_literal_first.ACD [1756-L81E 35.11]*",""
"cptmix_litpos_literal_last","20388","1756-L81E","35.05","2026-08-24","","0","0","1","Logix Designer - CptMixLitPosLiteralLast in cptmix_litpos_literal_last.ACD [1756-L81E 35.11]*",""
"cptmix_litpos_literal_middle","20388","1756-L81E","35.05","2026-08-24","","0","0","1","Logix Designer - CptMixLitPosLiteralMiddle in cptmix_litpos_literal_middle.ACD [1756-L81E 35.11]*",""
"cptmix_pair_t1t2_t1first","20388","1756-L81E","35.05","2026-08-24","","0","0","1","Logix Designer - CptPairT1T2First in cptmix_pair_t1t2_t1first.ACD [1756-L81E 35.11]*",""
"cptmix_pair_t1t2_t2first","20388","1756-L81E","35.05","2026-08-24","","0","0","1","Logix Designer - CptPairT1T2Second in cptmix_pair_t1t2_t2first.ACD [1756-L81E 35.11]*",""
"cptmix_pair_t1t3_t1first","20512","1756-L81E","35.05","2026-08-24","","0","0","1","Logix Designer - CptPairT1T3First in cptmix_pair_t1t3_t1first.ACD [1756-L81E 35.11]*",""
"cptmix_pair_t1t3_t3first","20512","1756-L81E","35.05","2026-08-24","","0","0","1","Logix Designer - CptPairT1T3Second in cptmix_pair_t1t3_t3first.ACD [1756-L81E 35.11]*",""
"cptmix_pair_t2t3_t2first","20512","1756-L81E","35.05","2026-08-24","","0","0","1","Logix Designer - CptPairT2T3First in cptmix_pair_t2t3_t2first.ACD [1756-L81E 35.11]*",""
"cptmix_pair_t2t3_t3first","20512","1756-L81E","35.05","2026-08-24","","0","0","1","Logix Designer - CptPairT2T3Second in cptmix_pair_t2t3_t3first.ACD [1756-L81E 35.11]*",""
"cptmix_real1_float1","20716","1756-L81E","35.05","2026-08-30","","0","0","0","Logix Designer - CptMixReal1Float1 in cptmix_real1_float1.ACD [1756-L81E 35.11]*",""
"cptmix_real1_nested","20752","1756-L81E","35.05","2026-08-30","","0","0","0","Logix Designer - CptMixReal1Nested in cptmix_real1_nested.ACD [1756-L81E 35.11]*",""
"cptmix_real1_pos_first","20752","1756-L81E","35.05","2026-08-30","","0","0","0","Logix Designer - CptMixReal1PosFirst in cptmix_real1_pos_first.ACD [1756-L81E 35.11]*",""
"cptmix_real1_pos_last","20752","1756-L81E","35.05","2026-08-30","","0","0","0","Logix Designer - CptMixReal1PosLast in cptmix_real1_pos_last.ACD [1756-L81E 35.11]*",""
"cptmix_real2_adjacent","20712","1756-L81E","35.05","2026-08-30","","0","0","0","Logix Designer - CptMixReal2Adjacent in cptmix_real2_adjacent.ACD [1756-L81E 35.11]*",""
"cptmix_real2_adjacent_float1","20676","1756-L81E","35.05","2026-08-30","","0","0","0","Logix Designer - CptMixReal2AdjacentFloat1 in cptmix_real2_adjacent_float1.ACD [1756-L81E 35.11]*",""
"cptmix_real2_nested","20712","1756-L81E","35.05","2026-08-30","","0","0","0","Logix Designer - CptMixReal2Nested in cptmix_real2_nested.ACD [1756-L81E 35.11]*",""
"cptmix_real2_spread","20712","1756-L81E","35.05","2026-08-30","","0","0","0","Logix Designer - CptMixReal2Spread in cptmix_real2_spread.ACD [1756-L81E 35.11]*",""
"cptmix_real3_adjacent","20672","1756-L81E","35.05","2026-08-30","","0","0","0","Logix Designer - CptMixReal3Adjacent in cptmix_real3_adjacent.ACD [1756-L81E 35.11]*",""
"cptmix_real3_adjacent_float1","20636","1756-L81E","35.05","2026-08-30","","0","0","0","Logix Designer - CptMixReal3AdjacentFloat1 in cptmix_real3_adjacent_float1.ACD [1756-L81E 35.11]*",""
"cptmix_realcheck_dint","20388","1756-L81E","35.05","2026-08-24","","0","0","1","Logix Designer - CptMixRealcheckDint in cptmix_realcheck_dint.ACD [1756-L81E 35.11]*",""
"cptmix_realcheck_real","20428","1756-L81E","35.05","2026-08-24","","0","0","1","Logix Designer - CptMixRealcheckReal in cptmix_realcheck_real.ACD [1756-L81E 35.11]*",""
"cptmix_scaling_alternating_n03","20388","1756-L81E","35.05","2026-08-24","","0","0","1","Logix Designer - CptMixAltN03 in cptmix_scaling_alternating_n03.ACD [1756-L81E 35.11]*",""
"cptmix_scaling_alternating_n05","20452","1756-L81E","35.05","2026-08-24","","0","0","1","Logix Designer - CptMixAltN05 in cptmix_scaling_alternating_n05.ACD [1756-L81E 35.11]*",""
"cptmix_scaling_alternating_n08","20540","1756-L81E","35.05","2026-08-24","","0","0","1","Logix Designer - CptMixAltN08 in cptmix_scaling_alternating_n08.ACD [1756-L81E 35.11]*",""
"cptmix_scaling_alternating_n11","20644","1756-L81E","35.05","2026-08-24","","0","0","1","Logix Designer - CptMixAltN11 in cptmix_scaling_alternating_n11.ACD [1756-L81E 35.11]*",""
"cptmix_scaling_alternating_n15","20772","1756-L81E","35.05","2026-08-24","","0","0","1","Logix Designer - CptMixAltN15 in cptmix_scaling_alternating_n15.ACD [1756-L81E 35.11]*",""
"cptmix_scaling_grouped_n03","20388","1756-L81E","35.05","2026-08-24","","0","0","1","Logix Designer - CptMixGrpN03 in cptmix_scaling_grouped_n03.ACD [1756-L81E 35.11]*",""
"cptmix_scaling_grouped_n05","20456","1756-L81E","35.05","2026-08-24","","0","0","1","Logix Designer - CptMixGrpN05 in cptmix_scaling_grouped_n05.ACD [1756-L81E 35.11]*",""
"cptmix_scaling_grouped_n08","20556","1756-L81E","35.05","2026-08-24","","0","0","1","Logix Designer - CptMixGrpN08 in cptmix_scaling_grouped_n08.ACD [1756-L81E 35.11]*",""
"cptmix_scaling_grouped_n11","20644","1756-L81E","35.05","2026-08-24","","0","0","1","Logix Designer - CptMixGrpN11 in cptmix_scaling_grouped_n11.ACD [1756-L81E 35.11]*",""
"cptmix_scaling_grouped_n15","20772","1756-L81E","35.05","2026-08-24","","0","0","1","Logix Designer - CptMixGrpN15 in cptmix_scaling_grouped_n15.ACD [1756-L81E 35.11]*",""
"cptmix_scaling_t1t3_alternating_n03","20512","1756-L81E","35.05","2026-08-24","Reconciled from the local branch (james-capture-aug24), captured , never previously merged.","0","0","1","Logix Designer - CptMixT1T3AltN03 in cptmix_scaling_t1t3_alternating_n03.ACD [1756-L81E 35.11]*",""
"cptmix_scaling_t1t3_alternating_n05","20640","1756-L81E","35.05","2026-08-24","Reconciled from the local branch (james-capture-aug24), captured , never previously merged.","0","0","1","Logix Designer - CptMixT1T3AltN05 in cptmix_scaling_t1t3_alternating_n05.ACD [1756-L81E 35.11]*",""
"cptmix_scaling_t1t3_alternating_n08","20848","1756-L81E","35.05","2026-08-24","Reconciled from the local branch (james-capture-aug24), captured , never previously merged.","0","0","1","Logix Designer - CptMixT1T3AltN08 in cptmix_scaling_t1t3_alternating_n08.ACD [1756-L81E 35.11]*",""
"cptmix_scaling_t1t3_alternating_n11","21024","1756-L81E","35.05","2026-08-24","Reconciled from the local branch (james-capture-aug24), captured , never previously merged.","0","0","1","Logix Designer - CptMixT1T3AltN11 in cptmix_scaling_t1t3_alternating_n11.ACD [1756-L81E 35.11]*",""
"cptmix_scaling_t1t3_alternating_n15","21280","1756-L81E","35.05","2026-08-24","Reconciled from the local branch (james-capture-aug24), captured , never previously merged.","0","0","1","Logix Designer - CptMixT1T3AltN15 in cptmix_scaling_t1t3_alternating_n15.ACD [1756-L81E 35.11]*",""
"cptmix_scaling_t2t3_alternating_n03","20512","1756-L81E","35.05","2026-08-24","Reconciled from the local branch (james-capture-aug24), captured , never previously merged.","0","0","0","Logix Designer - CptMixT2T3AltN03 in cptmix_scaling_t2t3_alternating_n03.ACD [1756-L81E 35.11]",""
"cptmix_scaling_t2t3_alternating_n05","20640","1756-L81E","35.05","2026-08-24","Reconciled from the local branch (james-capture-aug24), captured , never previously merged.","0","0","1","Logix Designer - CptMixT2T3AltN05 in cptmix_scaling_t2t3_alternating_n05.ACD [1756-L81E 35.11]*",""
"cptmix_scaling_t2t3_alternating_n08","20848","1756-L81E","35.05","2026-08-24","Reconciled from the local branch (james-capture-aug24), captured , never previously merged.","0","0","1","Logix Designer - CptMixT2T3AltN08 in cptmix_scaling_t2t3_alternating_n08.ACD [1756-L81E 35.11]*",""
"cptmix_scaling_t2t3_alternating_n11","21024","1756-L81E","35.05","2026-08-24","Reconciled from the local branch (james-capture-aug24), captured , never previously merged.","0","0","1","Logix Designer - CptMixT2T3AltN11 in cptmix_scaling_t2t3_alternating_n11.ACD [1756-L81E 35.11]*",""
"cptmix_scaling_t2t3_alternating_n15","21280","1756-L81E","35.05","2026-08-24","Reconciled from the local branch (james-capture-aug24), captured , never previously merged.","0","0","0","Logix Designer - CptMixT2T3AltN15 in cptmix_scaling_t2t3_alternating_n15.ACD [1756-L81E 35.11]",""
"cptmix_stacked_alldint_noliteral","20476","1756-L81E","35.05","2026-08-24","","0","0","1","Logix Designer - CptMixStackedAlldintNoliteral in cptmix_stacked_alldint_noliteral.ACD [1756-L81E 35.11]*",""
"cptmix_stacked_dint_floatliteral","20720","1756-L81E","35.05","2026-08-24","","0","0","1","Logix Designer - CptMixStackedDintFloatliteral in cptmix_stacked_dint_floatliteral.ACD [1756-L81E 35.11]*",""
"cptmix_stacked_dint_intliteral","20476","1756-L81E","35.05","2026-08-24","","0","0","1","Logix Designer - CptMixStackedDintIntliteral in cptmix_stacked_dint_intliteral.ACD [1756-L81E 35.11]*",""
"cptmix_stacked_mixed_dint_real_noliteral","20712","1756-L81E","35.05","2026-08-24","","0","0","1","Logix Designer - CptMixStackedMixedDintRealNoliteral in cptmix_stacked_mixed_dint_real_noliteral.ACD [1756-L81E 35.11]*",""
"cptmix_stacked_original_shape","20676","1756-L81E","35.05","2026-08-24","","0","0","1","Logix Designer - CptMixStackedOriginalShape in cptmix_stacked_original_shape.ACD [1756-L81E 35.11]*",""
"cptmix_threetier_n03","20388","1756-L81E","35.05","2026-08-24","","0","0","1","Logix Designer - CptMix3TierN03 in cptmix_threetier_n03.ACD [1756-L81E 35.11]*",""
"cptmix_threetier_n05","20672","1756-L81E","35.05","2026-08-24","","0","0","1","Logix Designer - CptMix3TierN05 in cptmix_threetier_n05.ACD [1756-L81E 35.11]*",""
"cptmix_threetier_n08","20880","1756-L81E","35.05","2026-08-24","","0","0","1","Logix Designer - CptMix3TierN08 in cptmix_threetier_n08.ACD [1756-L81E 35.11]*",""
"cptmix_threetier_n10","21008","1756-L81E","35.05","2026-08-24","","0","0","1","Logix Designer - CptMix3TierN10 in cptmix_threetier_n10.ACD [1756-L81E 35.11]*",""
"cptmix_threetier_n11","21088","1756-L81E","35.05","2026-08-24","Reconciled from the local branch (james-capture-aug24), captured , never previously merged.","0","0","1","Logix Designer - CptMix3TierN11 in cptmix_threetier_n11.ACD [1756-L81E 35.11]*",""
"cptmix_threetier_n15","21376","1756-L81E","35.05","2026-08-24","Reconciled from the local branch (james-capture-aug24), captured , never previously merged.","0","0","1","Logix Designer - CptMix3TierN15 in cptmix_threetier_n15.ACD [1756-L81E 35.11]*",""
"cptmix_threetier_rem2_n06","20752","1756-L81E","35.05","2026-08-27","","0","0","0","Logix Designer - CptMix3TierRem2N06 in cptmix_threetier_rem2_n06.ACD [1756-L81E 35.11]*",""
"cptmix_threetier_rem2_n09","20960","1756-L81E","35.05","2026-08-27","","0","0","0","Logix Designer - CptMix3TierRem2N09 in cptmix_threetier_rem2_n09.ACD [1756-L81E 35.11]*",""
"cptmix_threetier_rem2_n12","21168","1756-L81E","35.05","2026-08-27","","0","0","0","Logix Designer - CptMix3TierRem2N12 in cptmix_threetier_rem2_n12.ACD [1756-L81E 35.11]*",""
"customstring_250char_x1000","362336","1756-L81E","35.05","2026-08-23","","","","","Logix Designer - CustomStringX1000 in customstring_250char_x1000.ACD [1756-L81E 35.11]*",""
"customstring_len0010","18440","1756-L81E","35.05","2026-08-22","","0","0","0","Logix Designer - Str10 in customstring_len0010.ACD [1756-L81E 35.11]*",""
"customstring_len0082","18512","1756-L81E","35.05","2026-08-22","","0","0","0","Logix Designer - Str82 in customstring_len0082.ACD [1756-L81E 35.11]*",""
"customstring_len0100","18528","1756-L81E","35.05","2026-08-22","","0","0","0","Logix Designer - Str100 in customstring_len0100.ACD [1756-L81E 35.11]*",""
"customstring_len0250","18680","1756-L81E","35.05","2026-08-22","","0","0","0","Logix Designer - Str250 in customstring_len0250.ACD [1756-L81E 35.11]*",""
"customstring_len0500","18928","1756-L81E","35.05","2026-08-22","","0","0","0","Logix Designer - Str500 in customstring_len0500.ACD [1756-L81E 35.11]*",""
"customstring_len1000","19432","1756-L81E","35.05","2026-08-22","","0","0","0","Logix Designer - Str1000 in customstring_len1000.ACD [1756-L81E 35.11]*",""
"customstring_len2000","20432","1756-L81E","35.05","2026-08-22","","0","0","0","Logix Designer - Str2000 in customstring_len2000.ACD [1756-L81E 35.11]*",""
"dint_10k_array","58224","1756-L81E","35.05","2026-08-22","","0","0","0","",""
"emptyroutine_n01","18884","1756-L81E","35.05","2026-08-24","","0","0","1","Logix Designer - EmptyRoutineN1 in emptyroutine_n01.ACD [1756-L81E 35.11]*",""
"emptyroutine_n02","19148","1756-L81E","35.05","2026-08-24","","0","1","1","Logix Designer - EmptyRoutineN2 in emptyroutine_n02.ACD [1756-L81E 35.11]*",""
"emptyroutine_n03","19412","1756-L81E","35.05","2026-08-24","","0","2","1","Logix Designer - EmptyRoutineN3 in emptyroutine_n03.ACD [1756-L81E 35.11]*",""
"emptyrungs_n00010","18272","1756-L81E","35.05","2026-08-24","Reconciled from the local branch (james-capture-aug24), captured , never previously merged.","0","0","1","Logix Designer - EmptyRungs10 in emptyrungs_n00010.ACD [1756-L81E 35.11]*",""
"emptyrungs_n00100","19712","1756-L81E","35.05","2026-08-24","Reconciled from the local branch (james-capture-aug24), captured , never previously merged.","0","0","1","Logix Designer - EmptyRungs100 in emptyrungs_n00100.ACD [1756-L81E 35.11]*",""
"emptyrungs_n01000","34112","1756-L81E","35.05","2026-08-24","Reconciled from the local branch (james-capture-aug24), captured , never previously merged.","0","0","1","Logix Designer - EmptyRungs1000 in emptyrungs_n01000.ACD [1756-L81E 35.11]*",""
"eventtask_axiswatch","43528","1756-L81E","35.05","2026-08-31","","1","6","0","Logix Designer - EventTaskAxisWatch in eventtask_axiswatch.ACD [5069-L306ER 35.11]",""
"eventtask_instronly","19600","1756-L81E","35.05","2026-08-31","","0","0","0","Logix Designer - EventTaskInstrOnly in eventtask_instronly.ACD [1756-L81E 35.11]*",""
"fwmatrix_v31_1756_l71","78312","1756-L71","31.02","2026-08-31","IO-MEMORY-NOT-LOGICAL-MEMORY BUG (): his capture tooling was reading the Studio 5000 I/O memory field, not the logical (program) memory field, for every 1756-L7x/1769-family capture -- confirmed via fwmatrix_v31_1769_l33erm.ACD real Logic memory=71968 bytes (2097152 total budget) vs the invalidated actual_bytes=6640 that was in this row. All capture columns below cleared, not trusted. Awaiting re-capture with the fixed tooling. CAPTURE-TOOL BUG : real window_title matched but actual_bytes field scraped garbage ('Revision:') instead of a byte count -- not recorded, needs a real recapture.","0","0","0","Logix Designer - FwMatrix311756L71 in fwmatrix_v31_1756_l71.ACD [1756-L71 31.11]",""
"fwmatrix_v31_1756_l72","78312","1756-L72","31.02","2026-08-31","IO-MEMORY-NOT-LOGICAL-MEMORY BUG (): his capture tooling was reading the Studio 5000 I/O memory field, not the logical (program) memory field, for every 1756-L7x/1769-family capture -- confirmed via fwmatrix_v31_1769_l33erm.ACD real Logic memory=71968 bytes (2097152 total budget) vs the invalidated actual_bytes=6640 that was in this row. All capture columns below cleared, not trusted. Awaiting re-capture with the fixed tooling. CAPTURE-TOOL BUG : real window_title matched but actual_bytes field scraped garbage ('Revision:') instead of a byte count -- not recorded, needs a real recapture.","0","0","0","Logix Designer - FwMatrix311756L72 in fwmatrix_v31_1756_l72.ACD [1756-L72 31.11]",""
"fwmatrix_v31_1756_l73","78312","1756-L73","31.02","2026-08-31","IO-MEMORY-NOT-LOGICAL-MEMORY BUG (): his capture tooling was reading the Studio 5000 I/O memory field, not the logical (program) memory field, for every 1756-L7x/1769-family capture -- confirmed via fwmatrix_v31_1769_l33erm.ACD real Logic memory=71968 bytes (2097152 total budget) vs the invalidated actual_bytes=6640 that was in this row. All capture columns below cleared, not trusted. Awaiting re-capture with the fixed tooling. CAPTURE-TOOL BUG : real window_title matched but actual_bytes field scraped garbage ('Revision:') instead of a byte count -- not recorded, needs a real recapture.","0","0","0","Logix Designer - FwMatrix311756L73 in fwmatrix_v31_1756_l73.ACD [1756-L73 31.11]",""
"fwmatrix_v31_1756_l74","78312","1756-L74","31.02","2026-08-31","IO-MEMORY-NOT-LOGICAL-MEMORY BUG (): his capture tooling was reading the Studio 5000 I/O memory field, not the logical (program) memory field, for every 1756-L7x/1769-family capture -- confirmed via fwmatrix_v31_1769_l33erm.ACD real Logic memory=71968 bytes (2097152 total budget) vs the invalidated actual_bytes=6640 that was in this row. All capture columns below cleared, not trusted. Awaiting re-capture with the fixed tooling. CAPTURE-TOOL BUG : real window_title matched but actual_bytes field scraped garbage ('Revision:') instead of a byte count -- not recorded, needs a real recapture.","0","0","0","Logix Designer - FwMatrix311756L74 in fwmatrix_v31_1756_l74.ACD [1756-L74 31.11]",""
"fwmatrix_v31_1756_l75","30152","1756-L75","31.02","2026-08-30","","0","0","0","Logix Designer - FwMatrix311756L75 in fwmatrix_v31_1756_l75.ACD [1756-L75 31.11]",""
"fwmatrix_v31_1756_l81e","29368","1756-L81E","31.02","2026-08-29","","","","0","Logix Designer - FwMatrix311756L81E in fwmatrix_v31_1756_l81e.ACD [1756-L81E 31.11]",""
"fwmatrix_v31_1756_l81es","29680","1756-L81ES","31.02","2026-08-30","","0","0","0","Logix Designer - FwMatrix311756L81ES in fwmatrix_v31_1756_l81es.ACD [1756-L81ES 31.11]",""
"fwmatrix_v31_1756_l82e","29368","1756-L82E","31.02","2026-08-29","","","","0","Logix Designer - FwMatrix311756L82E in fwmatrix_v31_1756_l82e.ACD [1756-L82E 31.11]",""
"fwmatrix_v31_1756_l82es","29680","1756-L82ES","31.02","2026-08-30","","","","","Logix Designer - FwMatrix311756L82ES in fwmatrix_v31_1756_l82es.ACD [1756-L82ES 31.11]*",""
"fwmatrix_v31_1756_l83e","29368","1756-L83E","31.02","2026-08-29","","","","0","Logix Designer - FwMatrix311756L83E in fwmatrix_v31_1756_l83e.ACD [1756-L83E 31.11]",""
"fwmatrix_v31_1756_l83es","29680","1756-L83ES","31.02","2026-08-30","","","","","Logix Designer - FwMatrix311756L83ES in fwmatrix_v31_1756_l83es.ACD [1756-L83ES 31.11]*",""
"fwmatrix_v31_1756_l84e","29368","1756-L84E","31.02","2026-08-29","","","","0","Logix Designer - FwMatrix311756L84E in fwmatrix_v31_1756_l84e.ACD [1756-L84E 31.11]",""
"fwmatrix_v31_1756_l84es","29680","1756-L84ES","31.02","2026-08-30","","","","","Logix Designer - FwMatrix311756L84ES in fwmatrix_v31_1756_l84es.ACD [1756-L84ES 31.11]*",""
"fwmatrix_v31_1756_l85e","29368","1756-L85E","31.02","2026-08-29","","","","0","Logix Designer - FwMatrix311756L85E in fwmatrix_v31_1756_l85e.ACD [1756-L85E 31.11]",""
"fwmatrix_v31_1769_l16er_bb1b","58720","1769-L16ER-BB1B","31.02","2026-09-04","","0","0","0","Logix Designer - FwMatrix311769L16ERBB1B in fwmatrix_v31_1769_l16er_bb1b.ACD [1769-L16ER-BB1B 31.11]",""
"fwmatrix_v31_1769_l18er_bb1b","58720","1769-L18ER-BB1B","31.02","2026-09-04","","0","0","0","Logix Designer - FwMatrix311769L18ERBB1B in fwmatrix_v31_1769_l18er_bb1b.ACD [1769-L18ER-BB1B 31.11]",""
"fwmatrix_v31_1769_l18erm_bb1b","58720","1769-L18ERM-BB1B","31.02","2026-09-04","","0","0","0","Logix Designer - FwMatrix311769L18ERMBB1B in fwmatrix_v31_1769_l18erm_bb1b.ACD [1769-L18ERM-BB1B 31.11]",""
"fwmatrix_v31_1769_l19er_bb1b","58720","1769-L19ER-BB1B","31.02","2026-09-04","","0","0","0","Logix Designer - FwMatrix311769L19ERBB1B in fwmatrix_v31_1769_l19er_bb1b.ACD [1769-L19ER-BB1B 31.11]",""
"fwmatrix_v31_5069_l306er","29416","5069-L306ER","31.02","2026-08-29","","","","0","Logix Designer - FwMatrix315069L306ER in fwmatrix_v31_5069_l306er.ACD [5069-L306ER 31.11]*",""
"fwmatrix_v31_5069_l306erm","29416","5069-L306ERM","31.02","2026-08-29","","","","0","Logix Designer - FwMatrix315069L306ERM in fwmatrix_v31_5069_l306erm.ACD [5069-L306ERM 31.11]*",""
"fwmatrix_v31_5069_l306erms2","29712","5069-L306ERMS2","31.02","2026-08-29","","","","0","Logix Designer - FwMatrix315069L306ERMS2 in fwmatrix_v31_5069_l306erms2.ACD [5069-L306ERMS2 31.11]*",""
"fwmatrix_v31_5069_l306ers2","29712","5069-L306ERS2","31.02","2026-08-29","","","","0","Logix Designer - FwMatrix315069L306ERS2 in fwmatrix_v31_5069_l306ers2.ACD [5069-L306ERS2 31.11]*",""
"fwmatrix_v31_5069_l3100erm","29376","5069-L3100ERM","31.02","2026-08-29","","","","0","Logix Designer - FwMatrix315069L3100ERM in fwmatrix_v31_5069_l3100erm.ACD [5069-L3100ERM 31.11]",""
"fwmatrix_v31_5069_l310ers2","29712","5069-L310ERS2","31.02","2026-08-29","","","","0","Logix Designer - FwMatrix315069L310ERS2 in fwmatrix_v31_5069_l310ers2.ACD [5069-L310ERS2 31.11]*",""
"fwmatrix_v31_5069_l320er","29416","5069-L320ER","31.02","2026-08-29","","","","0","Logix Designer - FwMatrix315069L320ER in fwmatrix_v31_5069_l320er.ACD [5069-L320ER 31.11]*",""
"fwmatrix_v31_5069_l320erms2","29712","5069-L320ERMS2","31.02","2026-08-29","","","","0","Logix Designer - FwMatrix315069L320ERMS2 in fwmatrix_v31_5069_l320erms2.ACD [5069-L320ERMS2 31.11]*",""
"fwmatrix_v31_5069_l330er","29376","5069-L330ER","31.02","2026-08-29","","","","0","Logix Designer - FwMatrix315069L330ER in fwmatrix_v31_5069_l330er.ACD [5069-L330ER 31.11]",""
"fwmatrix_v31_5069_l330erms2","29672","5069-L330ERMS2","31.02","2026-08-29","","","","0","Logix Designer - FwMatrix315069L330ERMS2 in fwmatrix_v31_5069_l330erms2.ACD [5069-L330ERMS2 31.11]",""
"fwmatrix_v31_5069_l340er","29376","5069-L340ER","31.02","2026-08-29","","","","0","Logix Designer - FwMatrix315069L340ER in fwmatrix_v31_5069_l340er.ACD [5069-L340ER 31.11]",""
"fwmatrix_v31_5069_l340ers2","29672","5069-L340ERS2","31.02","2026-08-29","","","","0","Logix Designer - FwMatrix315069L340ERS2 in fwmatrix_v31_5069_l340ers2.ACD [5069-L340ERS2 31.11]",""
"fwmatrix_v32_1756_l71","30152","1756-L71","32.04","2026-08-30","","0","0","0","Logix Designer - FwMatrix321756L71 in fwmatrix_v32_1756_l71.ACD [1756-L71 32.11]",""
"fwmatrix_v32_1756_l72","30152","1756-L72","32.04","2026-08-30","","0","0","0","Logix Designer - FwMatrix321756L72 in fwmatrix_v32_1756_l72.ACD [1756-L72 32.11]",""
"fwmatrix_v32_1756_l73","30152","1756-L73","32.04","2026-08-30","","0","0","0","Logix Designer - FwMatrix321756L73 in fwmatrix_v32_1756_l73.ACD [1756-L73 32.11]",""
"fwmatrix_v32_1756_l74","30152","1756-L74","32.04","2026-08-30","","0","0","0","Logix Designer - FwMatrix321756L74 in fwmatrix_v32_1756_l74.ACD [1756-L74 32.11]",""
"fwmatrix_v32_1756_l75","30152","1756-L75","32.04","2026-08-30","","0","0","0","Logix Designer - FwMatrix321756L75 in fwmatrix_v32_1756_l75.ACD [1756-L75 32.11]",""
"fwmatrix_v32_1756_l81e","29368","1756-L81E","32.04","2026-08-29","","","","","Logix Designer - FwMatrix321756L81E in fwmatrix_v32_1756_l81e.ACD [1756-L81E 32.11]",""
"fwmatrix_v32_1756_l81es","29680","1756-L81ES","32.04","2026-08-30","","0","0","0","Logix Designer - FwMatrix321756L81ES in fwmatrix_v32_1756_l81es.ACD [1756-L81ES 32.11]",""
"fwmatrix_v32_1756_l82e","29368","1756-L82E","32.04","2026-08-29","","","","","Logix Designer - FwMatrix321756L82E in fwmatrix_v32_1756_l82e.ACD [1756-L82E 32.11]",""
"fwmatrix_v32_1756_l82es","29680","1756-L82ES","32.04","2026-08-30","","0","0","0","Logix Designer - FwMatrix321756L82ES in fwmatrix_v32_1756_l82es.ACD [1756-L82ES 32.11]",""
"fwmatrix_v32_1756_l83e","29368","1756-L83E","32.04","2026-08-29","","","","","Logix Designer - FwMatrix321756L83E in fwmatrix_v32_1756_l83e.ACD [1756-L83E 32.11]",""
"fwmatrix_v32_1756_l83es","29680","1756-L83ES","32.04","2026-08-30","","0","0","0","Logix Designer - FwMatrix321756L83ES in fwmatrix_v32_1756_l83es.ACD [1756-L83ES 32.11]*",""
"fwmatrix_v32_1756_l84e","29368","1756-L84E","32.04","2026-08-29","","","","","Logix Designer - FwMatrix321756L84E in fwmatrix_v32_1756_l84e.ACD [1756-L84E 32.11]",""
"fwmatrix_v32_1756_l84es","29680","1756-L84ES","32.04","2026-08-30","","0","0","0","Logix Designer - FwMatrix321756L84ES in fwmatrix_v32_1756_l84es.ACD [1756-L84ES 32.11]*",""
"fwmatrix_v32_1756_l85e","29368","1756-L85E","32.04","2026-08-29","","","","","Logix Designer - FwMatrix321756L85E in fwmatrix_v32_1756_l85e.ACD [1756-L85E 32.11]",""
"fwmatrix_v32_1769_l16er_bb1b","63456","1769-L16ER-BB1B","32.04","2026-09-04","","0","0","0","Logix Designer - FwMatrix321769L16ERBB1B in fwmatrix_v32_1769_l16er_bb1b.ACD [1769-L16ER-BB1B 32.11]",""
"fwmatrix_v32_1769_l18er_bb1b","63456","1769-L18ER-BB1B","32.04","2026-09-04","","0","0","0","Logix Designer - FwMatrix321769L18ERBB1B in fwmatrix_v32_1769_l18er_bb1b.ACD [1769-L18ER-BB1B 32.11]",""
"fwmatrix_v32_1769_l18erm_bb1b","63456","1769-L18ERM-BB1B","32.04","2026-09-04","","0","0","0","Logix Designer - FwMatrix321769L18ERMBB1B in fwmatrix_v32_1769_l18erm_bb1b.ACD [1769-L18ERM-BB1B 32.11]",""
"fwmatrix_v32_1769_l19er_bb1b","63456","1769-L19ER-BB1B","32.04","2026-09-04","","0","0","0","Logix Designer - FwMatrix321769L19ERBB1B in fwmatrix_v32_1769_l19er_bb1b.ACD [1769-L19ER-BB1B 32.11]",""
"fwmatrix_v32_5069_l306er","29416","5069-L306ER","32.04","2026-08-29","","0","0","0","Logix Designer - FwMatrix325069L306ER in fwmatrix_v32_5069_l306er.ACD [5069-L306ER 32.11]*",""
"fwmatrix_v32_5069_l306erm","29416","5069-L306ERM","32.04","2026-08-29","","0","0","0","Logix Designer - FwMatrix325069L306ERM in fwmatrix_v32_5069_l306erm.ACD [5069-L306ERM 32.11]*",""
"fwmatrix_v32_5069_l306erms2","29712","5069-L306ERMS2","32.04","2026-08-29","","0","0","0","Logix Designer - FwMatrix325069L306ERMS2 in fwmatrix_v32_5069_l306erms2.ACD [5069-L306ERMS2 32.11]*",""
"fwmatrix_v32_5069_l306erms3","29712","5069-L306ERMS3","32.04","2026-08-29","","0","0","0","Logix Designer - FwMatrix325069L306ERMS3 in fwmatrix_v32_5069_l306erms3.ACD [5069-L306ERMS3 32.11]*",""
"fwmatrix_v32_5069_l306ers2","29712","5069-L306ERS2","32.04","2026-08-29","","0","0","0","Logix Designer - FwMatrix325069L306ERS2 in fwmatrix_v32_5069_l306ers2.ACD [5069-L306ERS2 32.11]*",""
"fwmatrix_v32_5069_l3100erm","29376","5069-L3100ERM","32.04","2026-08-29","","","","","Logix Designer - FwMatrix325069L3100ERM in fwmatrix_v32_5069_l3100erm.ACD [5069-L3100ERM 32.11]",""
"fwmatrix_v32_5069_l310ers2","29712","5069-L310ERS2","32.04","2026-08-29","","0","0","0","Logix Designer - FwMatrix325069L310ERS2 in fwmatrix_v32_5069_l310ers2.ACD [5069-L310ERS2 32.11]*",""
"fwmatrix_v32_5069_l320er","29416","5069-L320ER","32.04","2026-08-29","","0","0","0","Logix Designer - FwMatrix325069L320ER in fwmatrix_v32_5069_l320er.ACD [5069-L320ER 32.11]*",""
"fwmatrix_v32_5069_l320erms2","29712","5069-L320ERMS2","32.04","2026-08-29","","0","0","0","Logix Designer - FwMatrix325069L320ERMS2 in fwmatrix_v32_5069_l320erms2.ACD [5069-L320ERMS2 32.11]*",""
"fwmatrix_v32_5069_l320erms3","29712","5069-L320ERMS3","32.04","2026-08-29","","0","0","0","Logix Designer - FwMatrix325069L320ERMS3 in fwmatrix_v32_5069_l320erms3.ACD [5069-L320ERMS3 32.11]*",""
"fwmatrix_v32_5069_l330er","29376","5069-L330ER","32.04","2026-08-29","","","","","Logix Designer - FwMatrix325069L330ER in fwmatrix_v32_5069_l330er.ACD [5069-L330ER 32.11]",""
"fwmatrix_v32_5069_l330erms2","29672","5069-L330ERMS2","32.04","2026-08-29","","","","","Logix Designer - FwMatrix325069L330ERMS2 in fwmatrix_v32_5069_l330erms2.ACD [5069-L330ERMS2 32.11]",""
"fwmatrix_v32_5069_l340er","29376","5069-L340ER","32.04","2026-08-29","","","","","Logix Designer - FwMatrix325069L340ER in fwmatrix_v32_5069_l340er.ACD [5069-L340ER 32.11]",""
"fwmatrix_v32_5069_l340ers2","29672","5069-L340ERS2","32.04","2026-08-29","","","","","Logix Designer - FwMatrix325069L340ERS2 in fwmatrix_v32_5069_l340ers2.ACD [5069-L340ERS2 32.11]",""
"fwmatrix_v33_1756_l71","87888","1756-L71","33.01","2026-08-31","IO-MEMORY-NOT-LOGICAL-MEMORY BUG (): his capture tooling was reading the Studio 5000 I/O memory field, not the logical (program) memory field, for every 1756-L7x/1769-family capture -- confirmed via fwmatrix_v31_1769_l33erm.ACD real Logic memory=71968 bytes (2097152 total budget) vs the invalidated actual_bytes=6640 that was in this row. All capture columns below cleared, not trusted. Awaiting re-capture with the fixed tooling. CAPTURE-TOOL BUG : real window_title matched but actual_bytes field scraped garbage ('Type:') instead of a byte count -- not recorded, needs a real recapture.","0","0","0","Logix Designer - FwMatrix331756L71 in fwmatrix_v33_1756_l71.ACD [1756-L71 33.11]",""
"fwmatrix_v33_1756_l72","87888","1756-L72","33.01","2026-08-31","IO-MEMORY-NOT-LOGICAL-MEMORY BUG (): his capture tooling was reading the Studio 5000 I/O memory field, not the logical (program) memory field, for every 1756-L7x/1769-family capture -- confirmed via fwmatrix_v31_1769_l33erm.ACD real Logic memory=71968 bytes (2097152 total budget) vs the invalidated actual_bytes=6640 that was in this row. All capture columns below cleared, not trusted. Awaiting re-capture with the fixed tooling. CAPTURE-TOOL BUG : real window_title matched but actual_bytes field scraped garbage ('Type:') instead of a byte count -- not recorded, needs a real recapture.","0","0","0","Logix Designer - FwMatrix331756L72 in fwmatrix_v33_1756_l72.ACD [1756-L72 33.11]",""
"fwmatrix_v33_1756_l73","87888","1756-L73","33.01","2026-08-31","IO-MEMORY-NOT-LOGICAL-MEMORY BUG (): his capture tooling was reading the Studio 5000 I/O memory field, not the logical (program) memory field, for every 1756-L7x/1769-family capture -- confirmed via fwmatrix_v31_1769_l33erm.ACD real Logic memory=71968 bytes (2097152 total budget) vs the invalidated actual_bytes=6640 that was in this row. All capture columns below cleared, not trusted. Awaiting re-capture with the fixed tooling. CAPTURE-TOOL BUG : real window_title matched but actual_bytes field scraped garbage ('Type:') instead of a byte count -- not recorded, needs a real recapture.","0","0","0","Logix Designer - FwMatrix331756L73 in fwmatrix_v33_1756_l73.ACD [1756-L73 33.11]",""
"fwmatrix_v33_1756_l74","87888","1756-L74","33.01","2026-08-31","IO-MEMORY-NOT-LOGICAL-MEMORY BUG (): his capture tooling was reading the Studio 5000 I/O memory field, not the logical (program) memory field, for every 1756-L7x/1769-family capture -- confirmed via fwmatrix_v31_1769_l33erm.ACD real Logic memory=71968 bytes (2097152 total budget) vs the invalidated actual_bytes=6640 that was in this row. All capture columns below cleared, not trusted. Awaiting re-capture with the fixed tooling. CAPTURE-TOOL BUG : real window_title matched but actual_bytes field scraped garbage ('Type:') instead of a byte count -- not recorded, needs a real recapture.","0","0","0","Logix Designer - FwMatrix331756L74 in fwmatrix_v33_1756_l74.ACD [1756-L74 33.11]",""
"fwmatrix_v33_1756_l75","87888","1756-L75","33.01","2026-08-31","IO-MEMORY-NOT-LOGICAL-MEMORY BUG (): his capture tooling was reading the Studio 5000 I/O memory field, not the logical (program) memory field, for every 1756-L7x/1769-family capture -- confirmed via fwmatrix_v31_1769_l33erm.ACD real Logic memory=71968 bytes (2097152 total budget) vs the invalidated actual_bytes=6640 that was in this row. All capture columns below cleared, not trusted. Awaiting re-capture with the fixed tooling. CAPTURE-TOOL BUG : real window_title matched but actual_bytes field scraped garbage ('Type:') instead of a byte count -- not recorded, needs a real recapture.","0","0","0","Logix Designer - FwMatrix331756L75 in fwmatrix_v33_1756_l75.ACD [1756-L75 33.11]",""
"fwmatrix_v33_1756_l81e","32376","1756-L81E","33.01","2026-08-29","","0","0","0","Logix Designer - FwMatrix331756L81E in fwmatrix_v33_1756_l81e.ACD [1756-L81E 33.11]",""
"fwmatrix_v33_1756_l81es","32688","1756-L81ES","33.01","2026-08-30","","0","0","0","Logix Designer - FwMatrix331756L81ES in fwmatrix_v33_1756_l81es.ACD [1756-L81ES 33.11]",""
"fwmatrix_v33_1756_l82e","32376","1756-L82E","33.01","2026-08-29","","","","0","Logix Designer - FwMatrix331756L82E in fwmatrix_v33_1756_l82e.ACD [1756-L82E 33.11]*",""
"fwmatrix_v33_1756_l82es","32688","1756-L82ES","33.01","2026-08-30","","0","0","0","Logix Designer - FwMatrix331756L82ES in fwmatrix_v33_1756_l82es.ACD [1756-L82ES 33.11]",""
"fwmatrix_v33_1756_l83e","32376","1756-L83E","33.01","2026-08-29","","","","0","Logix Designer - FwMatrix331756L83E in fwmatrix_v33_1756_l83e.ACD [1756-L83E 33.11]*",""
"fwmatrix_v33_1756_l83es","32688","1756-L83ES","33.01","2026-08-30","","","","0","Logix Designer - FwMatrix331756L83ES in fwmatrix_v33_1756_l83es.ACD [1756-L83ES 33.11]*",""
"fwmatrix_v33_1756_l84e","32376","1756-L84E","33.01","2026-08-29","","","","0","Logix Designer - FwMatrix331756L84E in fwmatrix_v33_1756_l84e.ACD [1756-L84E 33.11]*",""
"fwmatrix_v33_1756_l84es","32688","1756-L84ES","33.01","2026-08-30","","","","0","Logix Designer - FwMatrix331756L84ES in fwmatrix_v33_1756_l84es.ACD [1756-L84ES 33.11]*",""
"fwmatrix_v33_1756_l85e","32376","1756-L85E","33.01","2026-08-29","","","","0","Logix Designer - FwMatrix331756L85E in fwmatrix_v33_1756_l85e.ACD [1756-L85E 33.11]*",""
"fwmatrix_v33_1769_l16er_bb1b","68296","1769-L16ER-BB1B","33.01","2026-09-04","","0","0","0","Logix Designer - FwMatrix331769L16ERBB1B in fwmatrix_v33_1769_l16er_bb1b.ACD [1769-L16ER-BB1B 33.11]",""
"fwmatrix_v33_1769_l18er_bb1b","68296","1769-L18ER-BB1B","33.01","2026-09-04","","0","0","0","Logix Designer - FwMatrix331769L18ERBB1B in fwmatrix_v33_1769_l18er_bb1b.ACD [1769-L18ER-BB1B 33.11]",""
"fwmatrix_v33_1769_l18erm_bb1b","68296","1769-L18ERM-BB1B","33.01","2026-09-04","","0","0","0","Logix Designer - FwMatrix331769L18ERMBB1B in fwmatrix_v33_1769_l18erm_bb1b.ACD [1769-L18ERM-BB1B 33.11]",""
"fwmatrix_v33_1769_l19er_bb1b","68296","1769-L19ER-BB1B","33.01","2026-09-04","","0","0","0","Logix Designer - FwMatrix331769L19ERBB1B in fwmatrix_v33_1769_l19er_bb1b.ACD [1769-L19ER-BB1B 33.11]",""
"fwmatrix_v33_5069_l306er","32424","5069-L306ER","33.01","2026-08-29","","","","0","Logix Designer - FwMatrix335069L306ER in fwmatrix_v33_5069_l306er.ACD [5069-L306ER 33.11]*",""
"fwmatrix_v33_5069_l306erm","32424","5069-L306ERM","33.01","2026-08-29","","","","0","Logix Designer - FwMatrix335069L306ERM in fwmatrix_v33_5069_l306erm.ACD [5069-L306ERM 33.11]*",""
"fwmatrix_v33_5069_l306erms2","32720","5069-L306ERMS2","33.01","2026-08-29","","","","0","Logix Designer - FwMatrix335069L306ERMS2 in fwmatrix_v33_5069_l306erms2.ACD [5069-L306ERMS2 33.11]*",""
"fwmatrix_v33_5069_l306erms3","32720","5069-L306ERMS3","33.01","2026-08-29","","","","0","Logix Designer - FwMatrix335069L306ERMS3 in fwmatrix_v33_5069_l306erms3.ACD [5069-L306ERMS3 33.11]*",""
"fwmatrix_v33_5069_l306ers2","32720","5069-L306ERS2","33.01","2026-08-29","","","","0","Logix Designer - FwMatrix335069L306ERS2 in fwmatrix_v33_5069_l306ers2.ACD [5069-L306ERS2 33.11]*",""
"fwmatrix_v33_5069_l3100erm","32384","5069-L3100ERM","33.01","2026-08-29","","","","0","Logix Designer - FwMatrix335069L3100ERM in fwmatrix_v33_5069_l3100erm.ACD [5069-L3100ERM 33.11]*",""
"fwmatrix_v33_5069_l310ers2","32720","5069-L310ERS2","33.01","2026-08-29","","","","0","Logix Designer - FwMatrix335069L310ERS2 in fwmatrix_v33_5069_l310ers2.ACD [5069-L310ERS2 33.11]*",""
"fwmatrix_v33_5069_l320er","32424","5069-L320ER","33.01","2026-08-29","","","","0","Logix Designer - FwMatrix335069L320ER in fwmatrix_v33_5069_l320er.ACD [5069-L320ER 33.11]*",""
"fwmatrix_v33_5069_l320erms2","32720","5069-L320ERMS2","33.01","2026-08-29","","","","0","Logix Designer - FwMatrix335069L320ERMS2 in fwmatrix_v33_5069_l320erms2.ACD [5069-L320ERMS2 33.11]*",""
"fwmatrix_v33_5069_l320erms3","32720","5069-L320ERMS3","33.01","2026-08-29","","","","0","Logix Designer - FwMatrix335069L320ERMS3 in fwmatrix_v33_5069_l320erms3.ACD [5069-L320ERMS3 33.11]*",""
"fwmatrix_v33_5069_l330er","32384","5069-L330ER","33.01","2026-08-29","","","","0","Logix Designer - FwMatrix335069L330ER in fwmatrix_v33_5069_l330er.ACD [5069-L330ER 33.11]*",""
"fwmatrix_v33_5069_l330erms2","32680","5069-L330ERMS2","33.01","2026-08-29","","","","0","Logix Designer - FwMatrix335069L330ERMS2 in fwmatrix_v33_5069_l330erms2.ACD [5069-L330ERMS2 33.11]*",""
"fwmatrix_v33_5069_l340er","32384","5069-L340ER","33.01","2026-08-29","","","","0","Logix Designer - FwMatrix335069L340ER in fwmatrix_v33_5069_l340er.ACD [5069-L340ER 33.11]*",""
"fwmatrix_v33_5069_l340ers2","32680","5069-L340ERS2","33.01","2026-08-29","","","","0","Logix Designer - FwMatrix335069L340ERS2 in fwmatrix_v33_5069_l340ers2.ACD [5069-L340ERS2 33.11]*",""
"fwmatrix_v34_1756_l71","30152","1756-L71","34.01","2026-08-30","","0","0","0","Logix Designer - FwMatrix341756L71 in fwmatrix_v34_1756_l71.ACD [1756-L71 34.11]",""
"fwmatrix_v34_1756_l72","30152","1756-L72","34.01","2026-08-30","","0","0","0","Logix Designer - FwMatrix341756L72 in fwmatrix_v34_1756_l72.ACD [1756-L72 34.11]",""
"fwmatrix_v34_1756_l73","30152","1756-L73","34.01","2026-08-30","","0","0","0","Logix Designer - FwMatrix341756L73 in fwmatrix_v34_1756_l73.ACD [1756-L73 34.11]",""
"fwmatrix_v34_1756_l74","30152","1756-L74","34.01","2026-08-30","","0","0","0","Logix Designer - FwMatrix341756L74 in fwmatrix_v34_1756_l74.ACD [1756-L74 34.11]",""
"fwmatrix_v34_1756_l75","30152","1756-L75","34.01","2026-08-30","","0","0","0","Logix Designer - FwMatrix341756L75 in fwmatrix_v34_1756_l75.ACD [1756-L75 34.11]",""
"fwmatrix_v34_1756_l81e","18112","1756-L81E","34.01","2026-08-29","","0","0","0","Logix Designer - FwMatrix341756L81E in fwmatrix_v34_1756_l81e.ACD [1756-L81E 34.11]",""
"fwmatrix_v34_1756_l81es","18424","1756-L81ES","34.01","2026-08-30","","0","0","0","Logix Designer - FwMatrix341756L81ES in fwmatrix_v34_1756_l81es.ACD [1756-L81ES 34.11]",""
"fwmatrix_v34_1756_l82e","18112","1756-L82E","34.01","2026-08-29","","","","0","Logix Designer - FwMatrix341756L82E in fwmatrix_v34_1756_l82e.ACD [1756-L82E 34.11]*",""
"fwmatrix_v34_1756_l82es","18424","1756-L82ES","34.01","2026-08-30","","","","0","Logix Designer - FwMatrix341756L82ES in fwmatrix_v34_1756_l82es.ACD [1756-L82ES 34.11]*",""
"fwmatrix_v34_1756_l83e","18112","1756-L83E","34.01","2026-08-29","","","","0","Logix Designer - FwMatrix341756L83E in fwmatrix_v34_1756_l83e.ACD [1756-L83E 34.11]*",""
"fwmatrix_v34_1756_l83es","18424","1756-L83ES","34.01","2026-08-30","","0","0","0","Logix Designer - FwMatrix341756L83ES in fwmatrix_v34_1756_l83es.ACD [1756-L83ES 34.11]",""
"fwmatrix_v34_1756_l84e","18112","1756-L84E","34.01","2026-08-29","","","","0","Logix Designer - FwMatrix341756L84E in fwmatrix_v34_1756_l84e.ACD [1756-L84E 34.11]*",""
"fwmatrix_v34_1756_l84es","18424","1756-L84ES","34.01","2026-08-30","","","","0","Logix Designer - FwMatrix341756L84ES in fwmatrix_v34_1756_l84es.ACD [1756-L84ES 34.11]*",""
"fwmatrix_v34_1756_l85e","18112","1756-L85E","34.01","2026-08-29","","","","0","Logix Designer - FwMatrix341756L85E in fwmatrix_v34_1756_l85e.ACD [1756-L85E 34.11]*",""
"fwmatrix_v34_1769_l16er_bb1b","69008","1769-L16ER-BB1B","34.01","2026-09-04","","0","0","0","Logix Designer - FwMatrix341769L16ERBB1B in fwmatrix_v34_1769_l16er_bb1b.ACD [1769-L16ER-BB1B 34.11]",""
"fwmatrix_v34_1769_l18er_bb1b","69008","1769-L18ER-BB1B","34.01","2026-09-04","","0","0","0","Logix Designer - FwMatrix341769L18ERBB1B in fwmatrix_v34_1769_l18er_bb1b.ACD [1769-L18ER-BB1B 34.11]",""
"fwmatrix_v34_1769_l18erm_bb1b","69008","1769-L18ERM-BB1B","34.01","2026-09-04","","0","0","0","Logix Designer - FwMatrix341769L18ERMBB1B in fwmatrix_v34_1769_l18erm_bb1b.ACD [1769-L18ERM-BB1B 34.11]",""
"fwmatrix_v34_1769_l19er_bb1b","69008","1769-L19ER-BB1B","34.01","2026-09-04","","0","0","0","Logix Designer - FwMatrix341769L19ERBB1B in fwmatrix_v34_1769_l19er_bb1b.ACD [1769-L19ER-BB1B 34.11]",""
"fwmatrix_v34_5069_l306er","18160","5069-L306ER","34.01","2026-08-29","","","","0","Logix Designer - FwMatrix345069L306ER in fwmatrix_v34_5069_l306er.ACD [5069-L306ER 34.11]*",""
"fwmatrix_v34_5069_l306erm","18160","5069-L306ERM","34.01","2026-08-29","","","","0","Logix Designer - FwMatrix345069L306ERM in fwmatrix_v34_5069_l306erm.ACD [5069-L306ERM 34.11]*",""
"fwmatrix_v34_5069_l306erms2","18456","5069-L306ERMS2","34.01","2026-08-29","","","","0","Logix Designer - FwMatrix345069L306ERMS2 in fwmatrix_v34_5069_l306erms2.ACD [5069-L306ERMS2 34.11]*",""
"fwmatrix_v34_5069_l306erms3","18456","5069-L306ERMS3","34.01","2026-08-29","","","","0","Logix Designer - FwMatrix345069L306ERMS3 in fwmatrix_v34_5069_l306erms3.ACD [5069-L306ERMS3 34.11]*",""
"fwmatrix_v34_5069_l306ers2","18456","5069-L306ERS2","34.01","2026-08-29","","","","0","Logix Designer - FwMatrix345069L306ERS2 in fwmatrix_v34_5069_l306ers2.ACD [5069-L306ERS2 34.11]*",""
"fwmatrix_v34_5069_l3100erm","18120","5069-L3100ERM","34.01","2026-08-29","","","","0","Logix Designer - FwMatrix345069L3100ERM in fwmatrix_v34_5069_l3100erm.ACD [5069-L3100ERM 34.11]*",""
"fwmatrix_v34_5069_l310ers2","18456","5069-L310ERS2","34.01","2026-08-29","","","","0","Logix Designer - FwMatrix345069L310ERS2 in fwmatrix_v34_5069_l310ers2.ACD [5069-L310ERS2 34.11]*",""
"fwmatrix_v34_5069_l320er","18160","5069-L320ER","34.01","2026-08-29","","","","0","Logix Designer - FwMatrix345069L320ER in fwmatrix_v34_5069_l320er.ACD [5069-L320ER 34.11]*",""
"fwmatrix_v34_5069_l320erms2","18456","5069-L320ERMS2","34.01","2026-08-29","","","","0","Logix Designer - FwMatrix345069L320ERMS2 in fwmatrix_v34_5069_l320erms2.ACD [5069-L320ERMS2 34.11]*",""
"fwmatrix_v34_5069_l320erms3","18456","5069-L320ERMS3","34.01","2026-08-29","","","","0","Logix Designer - FwMatrix345069L320ERMS3 in fwmatrix_v34_5069_l320erms3.ACD [5069-L320ERMS3 34.11]*",""
"fwmatrix_v34_5069_l330er","18120","5069-L330ER","34.01","2026-08-29","","","","0","Logix Designer - FwMatrix345069L330ER in fwmatrix_v34_5069_l330er.ACD [5069-L330ER 34.11]*",""
"fwmatrix_v34_5069_l330erms2","18416","5069-L330ERMS2","34.01","2026-08-29","","","","0","Logix Designer - FwMatrix345069L330ERMS2 in fwmatrix_v34_5069_l330erms2.ACD [5069-L330ERMS2 34.11]*",""
"fwmatrix_v34_5069_l340er","18120","5069-L340ER","34.01","2026-08-29","","","","0","Logix Designer - FwMatrix345069L340ER in fwmatrix_v34_5069_l340er.ACD [5069-L340ER 34.11]*",""
"fwmatrix_v34_5069_l340ers2","18416","5069-L340ERS2","34.01","2026-08-29","","","","0","Logix Designer - FwMatrix345069L340ERS2 in fwmatrix_v34_5069_l340ers2.ACD [5069-L340ERS2 34.11]*",""
"fwmatrix_v35_1756_l71","30152","1756-L71","35.05","2026-08-30","","0","0","0","Logix Designer - FwMatrix351756L71 in fwmatrix_v35_1756_l71.ACD [1756-L71 35.11]",""
"fwmatrix_v35_1756_l72","30152","1756-L72","35.05","2026-08-30","","0","0","0","Logix Designer - FwMatrix351756L72 in fwmatrix_v35_1756_l72.ACD [1756-L72 35.11]",""
"fwmatrix_v35_1756_l73","30152","1756-L73","35.05","2026-08-30","","0","0","0","Logix Designer - FwMatrix351756L73 in fwmatrix_v35_1756_l73.ACD [1756-L73 35.11]",""
"fwmatrix_v35_1756_l74","30152","1756-L74","35.05","2026-08-30","","0","0","0","Logix Designer - FwMatrix351756L74 in fwmatrix_v35_1756_l74.ACD [1756-L74 35.11]",""
"fwmatrix_v35_1756_l75","30152","1756-L75","35.05","2026-08-30","","0","0","0","Logix Designer - FwMatrix351756L75 in fwmatrix_v35_1756_l75.ACD [1756-L75 35.11]",""
"fwmatrix_v35_1756_l81e","18112","1756-L81E","35.05","2026-08-29","","0","0","0","Logix Designer - FwMatrix351756L81E in fwmatrix_v35_1756_l81e.ACD [1756-L81E 35.11]",""
"fwmatrix_v35_1756_l81es","18424","1756-L81ES","35.05","2026-08-30","","0","0","0","Logix Designer - FwMatrix351756L81ES in fwmatrix_v35_1756_l81es.ACD [1756-L81ES 35.11]",""
"fwmatrix_v35_1756_l82e","18112","1756-L82E","35.05","2026-08-29","","0","0","0","Logix Designer - FwMatrix351756L82E in fwmatrix_v35_1756_l82e.ACD [1756-L82E 35.11]*",""
"fwmatrix_v35_1756_l82es","18424","1756-L82ES","35.05","2026-08-30","","0","0","0","Logix Designer - FwMatrix351756L82ES in fwmatrix_v35_1756_l82es.ACD [1756-L82ES 35.11]*",""
"fwmatrix_v35_1756_l83e","18112","1756-L83E","35.05","2026-08-29","","0","0","0","Logix Designer - FwMatrix351756L83E in fwmatrix_v35_1756_l83e.ACD [1756-L83E 35.11]*",""
"fwmatrix_v35_1756_l83es","18424","1756-L83ES","35.05","2026-08-30","","0","0","0","Logix Designer - FwMatrix351756L83ES in fwmatrix_v35_1756_l83es.ACD [1756-L83ES 35.11]*",""
"fwmatrix_v35_1756_l84e","18112","1756-L84E","35.05","2026-08-29","","0","0","0","Logix Designer - FwMatrix351756L84E in fwmatrix_v35_1756_l84e.ACD [1756-L84E 35.11]*",""
"fwmatrix_v35_1756_l84es","18424","1756-L84ES","35.05","2026-08-30","","0","0","0","Logix Designer - FwMatrix351756L84ES in fwmatrix_v35_1756_l84es.ACD [1756-L84ES 35.11]*",""
"fwmatrix_v35_1756_l85e","18112","1756-L85E","35.05","2026-08-29","","0","0","0","Logix Designer - FwMatrix351756L85E in fwmatrix_v35_1756_l85e.ACD [1756-L85E 35.11]*",""
"fwmatrix_v35_1769_l16er_bb1b","69632","1769-L16ER-BB1B","35.05","2026-09-04","","0","0","0","Logix Designer - FwMatrix351769L16ERBB1B in fwmatrix_v35_1769_l16er_bb1b.ACD [1769-L16ER-BB1B 35.11]",""
"fwmatrix_v35_1769_l18er_bb1b","69632","1769-L18ER-BB1B","35.05","2026-09-04","","0","0","0","Logix Designer - FwMatrix351769L18ERBB1B in fwmatrix_v35_1769_l18er_bb1b.ACD [1769-L18ER-BB1B 35.11]",""
"fwmatrix_v35_1769_l18erm_bb1b","69632","1769-L18ERM-BB1B","35.05","2026-09-04","","0","0","0","Logix Designer - FwMatrix351769L18ERMBB1B in fwmatrix_v35_1769_l18erm_bb1b.ACD [1769-L18ERM-BB1B 35.11]",""
"fwmatrix_v35_1769_l19er_bb1b","69632","1769-L19ER-BB1B","35.05","2026-09-04","","0","0","0","Logix Designer - FwMatrix351769L19ERBB1B in fwmatrix_v35_1769_l19er_bb1b.ACD [1769-L19ER-BB1B 35.11]",""
"fwmatrix_v35_5069_l306er","18160","5069-L306ER","35.05","2026-08-29","","0","0","0","Logix Designer - FwMatrix355069L306ER in fwmatrix_v35_5069_l306er.ACD [5069-L306ER 35.11]*",""
"fwmatrix_v35_5069_l306erm","18160","5069-L306ERM","35.05","2026-08-29","","0","0","0","Logix Designer - FwMatrix355069L306ERM in fwmatrix_v35_5069_l306erm.ACD [5069-L306ERM 35.11]*",""
"fwmatrix_v35_5069_l306erms2","18456","5069-L306ERMS2","35.05","2026-08-29","","0","0","0","Logix Designer - FwMatrix355069L306ERMS2 in fwmatrix_v35_5069_l306erms2.ACD [5069-L306ERMS2 35.11]*",""
"fwmatrix_v35_5069_l306erms3","18456","5069-L306ERMS3","35.05","2026-08-29","","0","0","0","Logix Designer - FwMatrix355069L306ERMS3 in fwmatrix_v35_5069_l306erms3.ACD [5069-L306ERMS3 35.11]*",""
"fwmatrix_v35_5069_l306ers2","18456","5069-L306ERS2","35.05","2026-08-29","","0","0","0","Logix Designer - FwMatrix355069L306ERS2 in fwmatrix_v35_5069_l306ers2.ACD [5069-L306ERS2 35.11]*",""
"fwmatrix_v35_5069_l3100erm","18120","5069-L3100ERM","35.05","2026-08-29","","0","0","0","Logix Designer - FwMatrix355069L3100ERM in fwmatrix_v35_5069_l3100erm.ACD [5069-L3100ERM 35.11]*",""
"fwmatrix_v35_5069_l310ers2","18456","5069-L310ERS2","35.05","2026-08-29","","0","0","0","Logix Designer - FwMatrix355069L310ERS2 in fwmatrix_v35_5069_l310ers2.ACD [5069-L310ERS2 35.11]*",""
"fwmatrix_v35_5069_l320er","18160","5069-L320ER","35.05","2026-08-29","","0","0","0","Logix Designer - FwMatrix355069L320ER in fwmatrix_v35_5069_l320er.ACD [5069-L320ER 35.11]*",""
"fwmatrix_v35_5069_l320erms2","18456","5069-L320ERMS2","35.05","2026-08-29","","0","0","0","Logix Designer - FwMatrix355069L320ERMS2 in fwmatrix_v35_5069_l320erms2.ACD [5069-L320ERMS2 35.11]*",""
"fwmatrix_v35_5069_l320erms3","18456","5069-L320ERMS3","35.05","2026-08-29","","0","0","0","Logix Designer - FwMatrix355069L320ERMS3 in fwmatrix_v35_5069_l320erms3.ACD [5069-L320ERMS3 35.11]*",""
"fwmatrix_v35_5069_l330er","18120","5069-L330ER","35.05","2026-08-29","","0","0","0","Logix Designer - FwMatrix355069L330ER in fwmatrix_v35_5069_l330er.ACD [5069-L330ER 35.11]*",""
"fwmatrix_v35_5069_l330erms2","18416","5069-L330ERMS2","35.05","2026-08-29","","0","0","0","Logix Designer - FwMatrix355069L330ERMS2 in fwmatrix_v35_5069_l330erms2.ACD [5069-L330ERMS2 35.11]*",""
"fwmatrix_v35_5069_l340er","18120","5069-L340ER","35.05","2026-08-29","","0","0","0","Logix Designer - FwMatrix355069L340ER in fwmatrix_v35_5069_l340er.ACD [5069-L340ER 35.11]*",""
"fwmatrix_v35_5069_l340ers2","18416","5069-L340ERS2","35.05","2026-08-29","","0","0","0","Logix Designer - FwMatrix355069L340ERS2 in fwmatrix_v35_5069_l340ers2.ACD [5069-L340ERS2 35.11]*",""
"fwmatrix_v38_1756_l71","30152","1756-L71","38.02","2026-08-30","","0","0","0","Logix Designer - FwMatrix381756L71 in fwmatrix_v38_1756_l71.ACD [1756-L71 38.11]",""
"fwmatrix_v38_1756_l72","30152","1756-L72","38.02","2026-08-30","","0","0","0","Logix Designer - FwMatrix381756L72 in fwmatrix_v38_1756_l72.ACD [1756-L72 38.11]",""
"fwmatrix_v38_1756_l73","30152","1756-L73","38.02","2026-08-30","","0","0","0","Logix Designer - FwMatrix381756L73 in fwmatrix_v38_1756_l73.ACD [1756-L73 38.11]",""
"fwmatrix_v38_1756_l74","30152","1756-L74","38.02","2026-08-30","","0","0","0","Logix Designer - FwMatrix381756L74 in fwmatrix_v38_1756_l74.ACD [1756-L74 38.11]",""
"fwmatrix_v38_1756_l75","30152","1756-L75","38.02","2026-08-30","","0","0","0","Logix Designer - FwMatrix381756L75 in fwmatrix_v38_1756_l75.ACD [1756-L75 38.11]",""
"fwmatrix_v38_1756_l81e","18128","1756-L81E","38.02","2026-08-30","","","","","Logix Designer - FwMatrix381756L81E in fwmatrix_v38_1756_l81e.ACD [1756-L81E 38.11]*",""
"fwmatrix_v38_1756_l81es","18424","1756-L81ES","38.02","2026-08-30","","","0","0","Logix Designer - FwMatrix381756L81ES in fwmatrix_v38_1756_l81es.ACD [1756-L81ES 38.11]",""
"fwmatrix_v38_1756_l82e","18128","1756-L82E","38.02","2026-08-30","","","","","Logix Designer - FwMatrix381756L82E in fwmatrix_v38_1756_l82e.ACD [1756-L82E 38.11]*",""
"fwmatrix_v38_1756_l82es","18424","1756-L82ES","38.02","2026-08-30","","","0","0","Logix Designer - FwMatrix381756L82ES in fwmatrix_v38_1756_l82es.ACD [1756-L82ES 38.11]*",""
"fwmatrix_v38_1756_l83e","18128","1756-L83E","38.02","2026-08-30","","0","0","0","Logix Designer - FwMatrix381756L83E in fwmatrix_v38_1756_l83e.ACD [1756-L83E 38.11]*",""
"fwmatrix_v38_1756_l83es","18424","1756-L83ES","38.02","2026-08-30","","","0","0","Logix Designer - FwMatrix381756L83ES in fwmatrix_v38_1756_l83es.ACD [1756-L83ES 38.11]*",""
"fwmatrix_v38_1756_l84e","18128","1756-L84E","38.02","2026-08-30","","0","0","0","Logix Designer - FwMatrix381756L84E in fwmatrix_v38_1756_l84e.ACD [1756-L84E 38.11]*",""
"fwmatrix_v38_1756_l84es","18424","1756-L84ES","38.02","2026-08-30","","","0","0","Logix Designer - FwMatrix381756L84ES in fwmatrix_v38_1756_l84es.ACD [1756-L84ES 38.11]*",""
"fwmatrix_v38_1756_l85e","18128","1756-L85E","38.02","2026-08-30","","0","0","0","Logix Designer - FwMatrix381756L85E in fwmatrix_v38_1756_l85e.ACD [1756-L85E 38.11]*",""
"fwmatrix_v38_1769_l16er_bb1b","71456","1769-L16ER-BB1B","38.02","2026-09-04","","0","0","0","Logix Designer - FwMatrix381769L16ERBB1B in fwmatrix_v38_1769_l16er_bb1b.ACD [1769-L16ER-BB1B 38.11]",""
"fwmatrix_v38_1769_l18er_bb1b","71456","1769-L18ER-BB1B","38.02","2026-09-04","","0","0","0","Logix Designer - FwMatrix381769L18ERBB1B in fwmatrix_v38_1769_l18er_bb1b.ACD [1769-L18ER-BB1B 38.11]",""
"fwmatrix_v38_1769_l18erm_bb1b","71456","1769-L18ERM-BB1B","38.02","2026-09-04","","0","0","0","Logix Designer - FwMatrix381769L18ERMBB1B in fwmatrix_v38_1769_l18erm_bb1b.ACD [1769-L18ERM-BB1B 38.11]",""
"fwmatrix_v38_1769_l19er_bb1b","71456","1769-L19ER-BB1B","38.02","2026-09-04","","0","0","0","Logix Designer - FwMatrix381769L19ERBB1B in fwmatrix_v38_1769_l19er_bb1b.ACD [1769-L19ER-BB1B 38.11]",""
"fwmatrix_v38_5069_l306er","18160","5069-L306ER","38.02","2026-08-30","","","0","0","Logix Designer - FwMatrix385069L306ER in fwmatrix_v38_5069_l306er.ACD [5069-L306ER 38.11]*",""
"fwmatrix_v38_5069_l306erm","18160","5069-L306ERM","38.02","2026-08-30","","","0","0","Logix Designer - FwMatrix385069L306ERM in fwmatrix_v38_5069_l306erm.ACD [5069-L306ERM 38.11]*",""
"fwmatrix_v38_5069_l306erms2","18456","5069-L306ERMS2","38.02","2026-08-30","","","0","0","Logix Designer - FwMatrix385069L306ERMS2 in fwmatrix_v38_5069_l306erms2.ACD [5069-L306ERMS2 38.11]*",""
"fwmatrix_v38_5069_l306erms3","18456","5069-L306ERMS3","38.02","2026-08-30","","","0","0","Logix Designer - FwMatrix385069L306ERMS3 in fwmatrix_v38_5069_l306erms3.ACD [5069-L306ERMS3 38.11]*",""
"fwmatrix_v38_5069_l306ers2","18456","5069-L306ERS2","38.02","2026-08-30","","","0","0","Logix Designer - FwMatrix385069L306ERS2 in fwmatrix_v38_5069_l306ers2.ACD [5069-L306ERS2 38.11]*",""
"fwmatrix_v38_5069_l3100erm","18160","5069-L3100ERM","38.02","2026-08-30","","0","0","0","Logix Designer - FwMatrix385069L3100ERM in fwmatrix_v38_5069_l3100erm.ACD [5069-L3100ERM 38.11]*",""
"fwmatrix_v38_5069_l310ers2","18456","5069-L310ERS2","38.02","2026-08-30","","","0","0","Logix Designer - FwMatrix385069L310ERS2 in fwmatrix_v38_5069_l310ers2.ACD [5069-L310ERS2 38.11]*",""
"fwmatrix_v38_5069_l320er","18160","5069-L320ER","38.02","2026-08-30","","","0","0","Logix Designer - FwMatrix385069L320ER in fwmatrix_v38_5069_l320er.ACD [5069-L320ER 38.11]*",""
"fwmatrix_v38_5069_l320erms2","18456","5069-L320ERMS2","38.02","2026-08-30","","","0","0","Logix Designer - FwMatrix385069L320ERMS2 in fwmatrix_v38_5069_l320erms2.ACD [5069-L320ERMS2 38.11]*",""
"fwmatrix_v38_5069_l320erms3","18456","5069-L320ERMS3","38.02","2026-08-30","","","0","0","Logix Designer - FwMatrix385069L320ERMS3 in fwmatrix_v38_5069_l320erms3.ACD [5069-L320ERMS3 38.11]*",""
"fwmatrix_v38_5069_l330er","18136","5069-L330ER","38.02","2026-08-30","","0","0","0","Logix Designer - FwMatrix385069L330ER in fwmatrix_v38_5069_l330er.ACD [5069-L330ER 38.11]*",""
"fwmatrix_v38_5069_l330erms2","18432","5069-L330ERMS2","38.02","2026-08-30","","0","0","0","Logix Designer - FwMatrix385069L330ERMS2 in fwmatrix_v38_5069_l330erms2.ACD [5069-L330ERMS2 38.11]*",""
"fwmatrix_v38_5069_l340er","18136","5069-L340ER","38.02","2026-08-30","","0","0","0","Logix Designer - FwMatrix385069L340ER in fwmatrix_v38_5069_l340er.ACD [5069-L340ER 38.11]*",""
"fwmatrix_v38_5069_l340ers2","18432","5069-L340ERS2","38.02","2026-08-30","","0","0","0","Logix Designer - FwMatrix385069L340ERS2 in fwmatrix_v38_5069_l340ers2.ACD [5069-L340ERS2 38.11]*",""
"indirect_direct_index_n01000","54456","1756-L81E","35.05","2026-08-22","","0","0","0","Logix Designer - IndirectDirect in indirect_direct_index_n01000.ACD [1756-L81E 35.11]*",""
"indirect_tag_index_n00010","19656","1756-L81E","35.05","2026-08-23","","0","0","1","Logix Designer - IndirectTagN10 in indirect_tag_index_n00010.ACD [1756-L81E 35.11]*",""
"indirect_tag_index_n00050","24456","1756-L81E","35.05","2026-08-23","","0","0","1","Logix Designer - IndirectTagN50 in indirect_tag_index_n00050.ACD [1756-L81E 35.11]*",""
"indirect_tag_index_n00100","30456","1756-L81E","35.05","2026-08-23","","0","0","1","Logix Designer - IndirectTagN100 in indirect_tag_index_n00100.ACD [1756-L81E 35.11]*",""
"indirect_tag_index_n01000","138456","1756-L81E","35.05","2026-08-22","","0","0","0","Logix Designer - IndirectTag in indirect_tag_index_n01000.ACD [1756-L81E 35.11]*",""
"indirect_tag_offset_index_n00010","19896","1756-L81E","35.05","2026-08-23","","0","0","1","Logix Designer - IndirectTagOffsetN10 in indirect_tag_offset_index_n00010.ACD [1756-L81E 35.11]*",""
"indirect_tag_offset_index_n00050","25656","1756-L81E","35.05","2026-08-23","","0","0","1","Logix Designer - IndirectTagOffsetN50 in indirect_tag_offset_index_n00050.ACD [1756-L81E 35.11]*",""
"indirect_tag_offset_index_n00100","32856","1756-L81E","35.05","2026-08-23","","0","0","1","Logix Designer - IndirectTagOffsetN100 in indirect_tag_offset_index_n00100.ACD [1756-L81E 35.11]*",""
"indirect_tag_offset_index_n01000","162456","1756-L81E","35.05","2026-08-22","","0","0","0","Logix Designer - IndirectTagOffset in indirect_tag_offset_index_n01000.ACD [1756-L81E 35.11]*",""
"instr_abs_n00010","24144","1756-L81E","35.05","2026-08-22","","0","0","0","Logix Designer - InstrABS in instr_abs_n00010.ACD [1756-L81E 35.11]*",""
"instr_abs_n00050","28944","1756-L81E","35.05","2026-08-22","","0","0","0","Logix Designer - InstrABS in instr_abs_n00050.ACD [1756-L81E 35.11]*",""
"instr_abs_n00100","34944","1756-L81E","35.05","2026-08-22","","0","0","0","Logix Designer - InstrABS in instr_abs_n00100.ACD [1756-L81E 35.11]*",""
"instr_abs_n01000","142944","1756-L81E","35.05","2026-08-22","","0","0","0","Logix Designer - InstrABS in instr_abs_n01000.ACD [1756-L81E 35.11]*",""
"instr_abs_n05000","622944","1756-L81E","35.05","2026-08-22","","0","0","0","Logix Designer - InstrABS in instr_abs_n05000.ACD [1756-L81E 35.11]*",""
"instr_add_n00010","23344","1756-L81E","35.05","2026-08-22","","0","0","0","Logix Designer - InstrADD in instr_add_n00010.ACD [1756-L81E 35.11]*",""
"instr_add_n00050","24944","1756-L81E","35.05","2026-08-22","","0","0","0","Logix Designer - InstrADD in instr_add_n00050.ACD [1756-L81E 35.11]*",""
"instr_add_n00100","26944","1756-L81E","35.05","2026-08-22","","0","0","0","Logix Designer - InstrADD in instr_add_n00100.ACD [1756-L81E 35.11]*",""
"instr_add_n01000","62944","1756-L81E","35.05","2026-08-22","","0","0","0","Logix Designer - InstrADD in instr_add_n01000.ACD [1756-L81E 35.11]*",""
"instr_add_n05000","222944","1756-L81E","35.05","2026-08-22","","0","0","0","Logix Designer - InstrADD in instr_add_n05000.ACD [1756-L81E 35.11]*",""
"instr_afi_n00010","23144","1756-L81E","35.05","2026-08-22","","0","0","0","Logix Designer - InstrAFI in instr_afi_n00010.ACD [1756-L81E 35.11]*",""
"instr_afi_n00050","23944","1756-L81E","35.05","2026-08-22","","0","0","0","Logix Designer - InstrAFI in instr_afi_n00050.ACD [1756-L81E 35.11]*",""
"instr_afi_n00100","24944","1756-L81E","35.05","2026-08-22","","0","0","0","Logix Designer - InstrAFI in instr_afi_n00100.ACD [1756-L81E 35.11]*",""
"instr_afi_n01000","42944","1756-L81E","35.05","2026-08-22","","0","0","0","Logix Designer - InstrAFI in instr_afi_n01000.ACD [1756-L81E 35.11]*",""
"instr_afi_n05000","122944","1756-L81E","35.05","2026-08-22","","0","0","0","Logix Designer - InstrAFI in instr_afi_n05000.ACD [1756-L81E 35.11]*",""
"instr_btd_n00010","23584","1756-L81E","35.05","2026-08-23","","","","","Logix Designer - InstrBTD in instr_btd_n00010.ACD [1756-L81E 35.11]*",""
"instr_btd_n00050","26144","1756-L81E","35.05","2026-08-23","","","","","Logix Designer - InstrBTD in instr_btd_n00050.ACD [1756-L81E 35.11]*",""
"instr_btd_n00100","29344","1756-L81E","35.05","2026-08-23","","","","","Logix Designer - InstrBTD in instr_btd_n00100.ACD [1756-L81E 35.11]*",""
"instr_btd_n01000","86944","1756-L81E","35.05","2026-08-23","","","","","Logix Designer - InstrBTD in instr_btd_n01000.ACD [1756-L81E 35.11]*",""
"instr_btd_n05000","342944","1756-L81E","35.05","2026-08-23","","","","","Logix Designer - InstrBTD in instr_btd_n05000.ACD [1756-L81E 35.11]*",""
"instr_clr_n00010","23264","1756-L81E","35.05","2026-08-22","","0","0","0","Logix Designer - InstrCLR in instr_clr_n00010.ACD [1756-L81E 35.11]*",""
"instr_clr_n00050","24544","1756-L81E","35.05","2026-08-22","","0","0","0","Logix Designer - InstrCLR in instr_clr_n00050.ACD [1756-L81E 35.11]*",""
"instr_clr_n00100","26144","1756-L81E","35.05","2026-08-22","","0","0","0","Logix Designer - InstrCLR in instr_clr_n00100.ACD [1756-L81E 35.11]*",""
"instr_clr_n01000","54944","1756-L81E","35.05","2026-08-22","","0","0","0","Logix Designer - InstrCLR in instr_clr_n01000.ACD [1756-L81E 35.11]*",""
"instr_clr_n05000","182944","1756-L81E","35.05","2026-08-22","","0","0","0","Logix Designer - InstrCLR in instr_clr_n05000.ACD [1756-L81E 35.11]*",""
"instr_cmp_n00010","23864","1756-L81E","35.05","2026-08-22","","0","0","0","Logix Designer - InstrCMP in instr_cmp_n00010.ACD [1756-L81E 35.11]*",""
"instr_cmp_n00050","27544","1756-L81E","35.05","2026-08-22","","0","0","0","Logix Designer - InstrCMP in instr_cmp_n00050.ACD [1756-L81E 35.11]*",""
"instr_cmp_n00100","32144","1756-L81E","35.05","2026-08-22","","0","0","0","Logix Designer - InstrCMP in instr_cmp_n00100.ACD [1756-L81E 35.11]*",""
"instr_cmp_n01000","114944","1756-L81E","35.05","2026-08-22","","0","0","0","Logix Designer - InstrCMP in instr_cmp_n01000.ACD [1756-L81E 35.11]*",""
"instr_cmp_n05000","482944","1756-L81E","35.05","2026-08-22","","0","0","0","Logix Designer - InstrCMP in instr_cmp_n05000.ACD [1756-L81E 35.11]*",""
"instr_concat_n00010","23984","1756-L81E","35.05","2026-08-22","","0","0","0","Logix Designer - InstrCONCAT in instr_concat_n00010.ACD [1756-L81E 35.11]*",""
"instr_concat_n00050","28144","1756-L81E","35.05","2026-08-22","","0","0","0","Logix Designer - InstrCONCAT in instr_concat_n00050.ACD [1756-L81E 35.11]*",""
"instr_concat_n00100","33344","1756-L81E","35.05","2026-08-22","","0","0","0","Logix Designer - InstrCONCAT in instr_concat_n00100.ACD [1756-L81E 35.11]*",""
"instr_concat_n01000","126944","1756-L81E","35.05","2026-08-22","","0","0","0","Logix Designer - InstrCONCAT in instr_concat_n01000.ACD [1756-L81E 35.11]*",""
"instr_concat_n05000","542944","1756-L81E","35.05","2026-08-22","","0","0","0","Logix Designer - InstrCONCAT in instr_concat_n05000.ACD [1756-L81E 35.11]*",""
"instr_cop_n00010","24064","1756-L81E","35.05","2026-08-23","","","","","Logix Designer - InstrCOP in instr_cop_n00010.ACD [1756-L81E 35.11]*",""
"instr_cop_n00050","28544","1756-L81E","35.05","2026-08-23","","","","","Logix Designer - InstrCOP in instr_cop_n00050.ACD [1756-L81E 35.11]*",""
"instr_cop_n00100","34144","1756-L81E","35.05","2026-08-23","","","","","Logix Designer - InstrCOP in instr_cop_n00100.ACD [1756-L81E 35.11]*",""
"instr_cop_n01000","134944","1756-L81E","35.05","2026-08-23","","","","","Logix Designer - InstrCOP in instr_cop_n01000.ACD [1756-L81E 35.11]*",""
"instr_cop_n05000","582944","1756-L81E","35.05","2026-08-23","","","","","Logix Designer - InstrCOP in instr_cop_n05000.ACD [1756-L81E 35.11]*",""
"instr_cps_n00010","24064","1756-L81E","35.05","2026-08-23","","","","","Logix Designer - InstrCPS in instr_cps_n00010.ACD [1756-L81E 35.11]*",""
"instr_cps_n00050","28544","1756-L81E","35.05","2026-08-23","","","","","Logix Designer - InstrCPS in instr_cps_n00050.ACD [1756-L81E 35.11]*",""
"instr_cps_n00100","34144","1756-L81E","35.05","2026-08-23","","","","","Logix Designer - InstrCPS in instr_cps_n00100.ACD [1756-L81E 35.11]*",""
"instr_cps_n01000","134944","1756-L81E","35.05","2026-08-23","","","","","Logix Designer - InstrCPS in instr_cps_n01000.ACD [1756-L81E 35.11]*",""
"instr_cps_n05000","582944","1756-L81E","35.05","2026-08-23","","","","","Logix Designer - InstrCPS in instr_cps_n05000.ACD [1756-L81E 35.11]*",""
"instr_cpt_literaloperands_n01000","482944","1756-L81E","35.05","2026-08-22","","0","0","0","Logix Designer - CptLiteral in instr_cpt_literaloperands_n01000.ACD [1756-L81E 35.11]*",""
"instr_cpt_n00010","27464","1756-L81E","35.05","2026-08-22","","0","0","0","Logix Designer - InstrCPT in instr_cpt_n00010.ACD [1756-L81E 35.11]*",""
"instr_cpt_n00050","45544","1756-L81E","35.05","2026-08-22","","0","0","0","Logix Designer - InstrCPT in instr_cpt_n00050.ACD [1756-L81E 35.11]*",""
"instr_cpt_n00100","68144","1756-L81E","35.05","2026-08-22","","0","0","0","Logix Designer - InstrCPT in instr_cpt_n00100.ACD [1756-L81E 35.11]*",""
"instr_cpt_n01000","474944","1756-L81E","35.05","2026-08-22","","0","0","0","Logix Designer - InstrCPT in instr_cpt_n01000.ACD [1756-L81E 35.11]*",""
"instr_cpt_n05000","2282944","1756-L81E","35.05","2026-08-22","","0","0","0","Logix Designer - InstrCPT in instr_cpt_n05000.ACD [1756-L81E 35.11]*",""
"instr_cpt_n05000_comment100","2282944","1756-L81E","35.05","2026-08-22","","0","0","0","Logix Designer - CptComment in instr_cpt_n05000_comment100.ACD [1756-L81E 35.11]*",""
"instr_cpt_n05000_nocomment","2282944","1756-L81E","35.05","2026-08-22","","0","0","0","Logix Designer - CptNoComment in instr_cpt_n05000_nocomment.ACD [1756-L81E 35.11]*",""
"instr_cpt_tagoperands_n01000","474944","1756-L81E","35.05","2026-08-22","","0","0","0","Logix Designer - CptTags in instr_cpt_tagoperands_n01000.ACD [1756-L81E 35.11]*",""
"instr_ctu_n00010","23144","1756-L81E","35.05","2026-08-22","","0","0","0","Logix Designer - InstrCTU in instr_ctu_n00010.ACD [1756-L81E 35.11]*",""
"instr_ctu_n00050","23944","1756-L81E","35.05","2026-08-22","","0","0","0","Logix Designer - InstrCTU in instr_ctu_n00050.ACD [1756-L81E 35.11]*",""
"instr_ctu_n00100","24944","1756-L81E","35.05","2026-08-22","","0","0","0","Logix Designer - InstrCTU in instr_ctu_n00100.ACD [1756-L81E 35.11]*",""
"instr_ctu_n01000","42944","1756-L81E","35.05","2026-08-22","","0","0","0","Logix Designer - InstrCTU in instr_ctu_n01000.ACD [1756-L81E 35.11]*",""
"instr_ctu_n05000","122944","1756-L81E","35.05","2026-08-22","","0","0","0","Logix Designer - InstrCTU in instr_ctu_n05000.ACD [1756-L81E 35.11]*",""
"instr_delete_n00010","23944","1756-L81E","35.05","2026-08-22","","0","0","0","Logix Designer - InstrDELETE in instr_delete_n00010.ACD [1756-L81E 35.11]*",""
"instr_delete_n00050","27944","1756-L81E","35.05","2026-08-22","","0","0","0","Logix Designer - InstrDELETE in instr_delete_n00050.ACD [1756-L81E 35.11]*",""
"instr_delete_n00100","32944","1756-L81E","35.05","2026-08-22","","0","0","0","Logix Designer - InstrDELETE in instr_delete_n00100.ACD [1756-L81E 35.11]*",""
"instr_delete_n01000","122944","1756-L81E","35.05","2026-08-22","","0","0","0","Logix Designer - InstrDELETE in instr_delete_n01000.ACD [1756-L81E 35.11]*",""
"instr_delete_n05000","522944","1756-L81E","35.05","2026-08-22","","0","0","0","Logix Designer - InstrDELETE in instr_delete_n05000.ACD [1756-L81E 35.11]*",""
"instr_div_n00010","23504","1756-L81E","35.05","2026-08-22","","0","0","0","Logix Designer - InstrDIV in instr_div_n00010.ACD [1756-L81E 35.11]*",""
"instr_div_n00050","25744","1756-L81E","35.05","2026-08-22","","0","0","0","Logix Designer - InstrDIV in instr_div_n00050.ACD [1756-L81E 35.11]*",""
"instr_div_n00100","28544","1756-L81E","35.05","2026-08-22","","0","0","0","Logix Designer - InstrDIV in instr_div_n00100.ACD [1756-L81E 35.11]*",""
"instr_div_n01000","78944","1756-L81E","35.05","2026-08-22","","0","0","0","Logix Designer - InstrDIV in instr_div_n01000.ACD [1756-L81E 35.11]*",""
"instr_div_n05000","302944","1756-L81E","35.05","2026-08-22","","0","0","0","Logix Designer - InstrDIV in instr_div_n05000.ACD [1756-L81E 35.11]*",""
"instr_dtos_n00010","23664","1756-L81E","35.05","2026-08-22","","0","0","0","Logix Designer - InstrDTOS in instr_dtos_n00010.ACD [1756-L81E 35.11]*",""
"instr_dtos_n00050","26544","1756-L81E","35.05","2026-08-22","","0","0","0","Logix Designer - InstrDTOS in instr_dtos_n00050.ACD [1756-L81E 35.11]*",""
"instr_dtos_n00100","30144","1756-L81E","35.05","2026-08-22","","0","0","0","Logix Designer - InstrDTOS in instr_dtos_n00100.ACD [1756-L81E 35.11]*",""
"instr_dtos_n01000","94944","1756-L81E","35.05","2026-08-22","","0","0","0","Logix Designer - InstrDTOS in instr_dtos_n01000.ACD [1756-L81E 35.11]*",""
"instr_dtos_n05000","382944","1756-L81E","35.05","2026-08-22","","0","0","0","Logix Designer - InstrDTOS in instr_dtos_n05000.ACD [1756-L81E 35.11]*",""
"instr_equ_n00010","23304","1756-L81E","35.05","2026-08-22","","0","0","0","Logix Designer - InstrEQU in instr_equ_n00010.ACD [1756-L81E 35.11]*",""
"instr_equ_n00050","24744","1756-L81E","35.05","2026-08-22","","0","0","0","Logix Designer - InstrEQU in instr_equ_n00050.ACD [1756-L81E 35.11]*",""
"instr_equ_n00100","26544","1756-L81E","35.05","2026-08-22","","0","0","0","Logix Designer - InstrEQU in instr_equ_n00100.ACD [1756-L81E 35.11]*",""
"instr_equ_n01000","58944","1756-L81E","35.05","2026-08-22","","0","0","0","Logix Designer - InstrEQU in instr_equ_n01000.ACD [1756-L81E 35.11]*",""
"instr_equ_n05000","202944","1756-L81E","35.05","2026-08-22","","0","0","0","Logix Designer - InstrEQU in instr_equ_n05000.ACD [1756-L81E 35.11]*",""
"instr_fll_n00010","23624","1756-L81E","35.05","2026-08-23","","","","","Logix Designer - InstrFLL in instr_fll_n00010.ACD [1756-L81E 35.11]*",""
"instr_fll_n00050","26344","1756-L81E","35.05","2026-08-23","","","","","Logix Designer - InstrFLL in instr_fll_n00050.ACD [1756-L81E 35.11]*",""
"instr_fll_n00100","29744","1756-L81E","35.05","2026-08-23","","","","","Logix Designer - InstrFLL in instr_fll_n00100.ACD [1756-L81E 35.11]*",""
"instr_fll_n01000","90944","1756-L81E","35.05","2026-08-23","","","","","Logix Designer - InstrFLL in instr_fll_n01000.ACD [1756-L81E 35.11]*",""
"instr_fll_n05000","362944","1756-L81E","35.05","2026-08-23","","","","","Logix Designer - InstrFLL in instr_fll_n05000.ACD [1756-L81E 35.11]*",""
"instr_geq_n00010","23304","1756-L81E","35.05","2026-08-22","","0","0","0","Logix Designer - InstrGEQ in instr_geq_n00010.ACD [1756-L81E 35.11]*",""
"instr_geq_n00050","24744","1756-L81E","35.05","2026-08-22","","0","0","0","Logix Designer - InstrGEQ in instr_geq_n00050.ACD [1756-L81E 35.11]*",""
"instr_geq_n00100","26544","1756-L81E","35.05","2026-08-22","","0","0","0","Logix Designer - InstrGEQ in instr_geq_n00100.ACD [1756-L81E 35.11]*",""
"instr_geq_n01000","58944","1756-L81E","35.05","2026-08-22","","0","0","0","Logix Designer - InstrGEQ in instr_geq_n01000.ACD [1756-L81E 35.11]*",""
"instr_geq_n05000","202944","1756-L81E","35.05","2026-08-22","","0","0","0","Logix Designer - InstrGEQ in instr_geq_n05000.ACD [1756-L81E 35.11]*",""
"instr_grt_n00010","23304","1756-L81E","35.05","2026-08-22","","0","0","0","Logix Designer - InstrGRT in instr_grt_n00010.ACD [1756-L81E 35.11]*",""
"instr_grt_n00050","24744","1756-L81E","35.05","2026-08-22","","0","0","0","Logix Designer - InstrGRT in instr_grt_n00050.ACD [1756-L81E 35.11]*",""
"instr_grt_n00100","26544","1756-L81E","35.05","2026-08-22","","0","0","0","Logix Designer - InstrGRT in instr_grt_n00100.ACD [1756-L81E 35.11]*",""
"instr_grt_n01000","58944","1756-L81E","35.05","2026-08-22","","0","0","0","Logix Designer - InstrGRT in instr_grt_n01000.ACD [1756-L81E 35.11]*",""
"instr_grt_n05000","202944","1756-L81E","35.05","2026-08-22","","0","0","0","Logix Designer - InstrGRT in instr_grt_n05000.ACD [1756-L81E 35.11]*",""
"instr_gsv_n00010","23784","1756-L81E","35.05","2026-08-22","","0","0","0","Logix Designer - InstrGSV in instr_gsv_n00010.ACD [1756-L81E 35.11]*",""
"instr_gsv_n00050","27144","1756-L81E","35.05","2026-08-22","","0","0","0","Logix Designer - InstrGSV in instr_gsv_n00050.ACD [1756-L81E 35.11]*",""
"instr_gsv_n00100","31344","1756-L81E","35.05","2026-08-22","","0","0","0","Logix Designer - InstrGSV in instr_gsv_n00100.ACD [1756-L81E 35.11]*",""
"instr_gsv_n01000","106944","1756-L81E","35.05","2026-08-22","","0","0","0","Logix Designer - InstrGSV in instr_gsv_n01000.ACD [1756-L81E 35.11]*",""
"instr_gsv_n05000","442944","1756-L81E","35.05","2026-08-22","","0","0","0","Logix Designer - InstrGSV in instr_gsv_n05000.ACD [1756-L81E 35.11]*",""
"instr_jsr_n00010","23944","1756-L81E","35.05","2026-08-22","","0","0","0","Logix Designer - InstrJSR in instr_jsr_n00010.ACD [1756-L81E 35.11]*",""
"instr_jsr_n00050","26824","1756-L81E","35.05","2026-08-22","","0","0","0","Logix Designer - InstrJSR in instr_jsr_n00050.ACD [1756-L81E 35.11]*",""
"instr_jsr_n00100","30424","1756-L81E","35.05","2026-08-22","","0","0","0","Logix Designer - InstrJSR in instr_jsr_n00100.ACD [1756-L81E 35.11]*",""
"instr_jsr_n01000","95224","1756-L81E","35.05","2026-08-22","","0","0","0","Logix Designer - InstrJSR in instr_jsr_n01000.ACD [1756-L81E 35.11]*",""
"instr_jsr_n05000","383224","1756-L81E","35.05","2026-08-22","","0","0","0","Logix Designer - InstrJSR in instr_jsr_n05000.ACD [1756-L81E 35.11]*",""
"instr_lbljmp_n00010","24144","1756-L81E","35.05","2026-08-22","","0","0","0","Logix Designer - InstrLBLJMP in instr_lbljmp_n00010.ACD [1756-L81E 35.11]*",""
"instr_lbljmp_n00050","28944","1756-L81E","35.05","2026-08-22","","0","0","0","Logix Designer - InstrLBLJMP in instr_lbljmp_n00050.ACD [1756-L81E 35.11]*",""
"instr_lbljmp_n00100","34944","1756-L81E","35.05","2026-08-22","","0","0","0","Logix Designer - InstrLBLJMP in instr_lbljmp_n00100.ACD [1756-L81E 35.11]*",""
"instr_lbljmp_n01000","142944","1756-L81E","35.05","2026-08-22","","0","0","0","Logix Designer - InstrLBLJMP in instr_lbljmp_n01000.ACD [1756-L81E 35.11]*",""
"instr_lbljmp_n05000","622944","1756-L81E","35.05","2026-08-22","","0","0","0","Logix Designer - InstrLBLJMP in instr_lbljmp_n05000.ACD [1756-L81E 35.11]*",""
"instr_leq_n00010","23304","1756-L81E","35.05","2026-08-22","","0","0","0","Logix Designer - InstrLEQ in instr_leq_n00010.ACD [1756-L81E 35.11]*",""
"instr_leq_n00050","24744","1756-L81E","35.05","2026-08-22","","0","0","0","Logix Designer - InstrLEQ in instr_leq_n00050.ACD [1756-L81E 35.11]*",""
"instr_leq_n00100","26544","1756-L81E","35.05","2026-08-22","","0","0","0","Logix Designer - InstrLEQ in instr_leq_n00100.ACD [1756-L81E 35.11]*",""
"instr_leq_n01000","58944","1756-L81E","35.05","2026-08-22","","0","0","0","Logix Designer - InstrLEQ in instr_leq_n01000.ACD [1756-L81E 35.11]*",""
"instr_leq_n05000","202944","1756-L81E","35.05","2026-08-22","","0","0","0","Logix Designer - InstrLEQ in instr_leq_n05000.ACD [1756-L81E 35.11]*",""
"instr_les_n00010","23304","1756-L81E","35.05","2026-08-22","","0","0","0","Logix Designer - InstrLES in instr_les_n00010.ACD [1756-L81E 35.11]*",""
"instr_les_n00050","24744","1756-L81E","35.05","2026-08-22","","0","0","0","Logix Designer - InstrLES in instr_les_n00050.ACD [1756-L81E 35.11]*",""
"instr_les_n00100","26544","1756-L81E","35.05","2026-08-22","","0","0","0","Logix Designer - InstrLES in instr_les_n00100.ACD [1756-L81E 35.11]*",""
"instr_les_n01000","58944","1756-L81E","35.05","2026-08-22","","0","0","0","Logix Designer - InstrLES in instr_les_n01000.ACD [1756-L81E 35.11]*",""
"instr_les_n05000","202944","1756-L81E","35.05","2026-08-22","","0","0","0","Logix Designer - InstrLES in instr_les_n05000.ACD [1756-L81E 35.11]*",""
"instr_lim_n00010","23624","1756-L81E","35.05","2026-08-22","","0","0","0","Logix Designer - InstrLIM in instr_lim_n00010.ACD [1756-L81E 35.11]*",""
"instr_lim_n00050","26344","1756-L81E","35.05","2026-08-22","","0","0","0","Logix Designer - InstrLIM in instr_lim_n00050.ACD [1756-L81E 35.11]*",""
"instr_lim_n00100","29744","1756-L81E","35.05","2026-08-22","","0","0","0","Logix Designer - InstrLIM in instr_lim_n00100.ACD [1756-L81E 35.11]*",""
"instr_lim_n01000","90944","1756-L81E","35.05","2026-08-22","","0","0","0","Logix Designer - InstrLIM in instr_lim_n01000.ACD [1756-L81E 35.11]*",""
"instr_lim_n05000","362944","1756-L81E","35.05","2026-08-22","","0","0","0","Logix Designer - InstrLIM in instr_lim_n05000.ACD [1756-L81E 35.11]*",""
"instr_meq_n00010","23424","1756-L81E","35.05","2026-08-22","","0","0","0","Logix Designer - InstrMEQ in instr_meq_n00010.ACD [1756-L81E 35.11]*",""
"instr_meq_n00050","25344","1756-L81E","35.05","2026-08-22","","0","0","0","Logix Designer - InstrMEQ in instr_meq_n00050.ACD [1756-L81E 35.11]*",""
"instr_meq_n00100","27744","1756-L81E","35.05","2026-08-22","","0","0","0","Logix Designer - InstrMEQ in instr_meq_n00100.ACD [1756-L81E 35.11]*",""
"instr_meq_n01000","70944","1756-L81E","35.05","2026-08-22","","0","0","0","Logix Designer - InstrMEQ in instr_meq_n01000.ACD [1756-L81E 35.11]*",""
"instr_meq_n05000","262944","1756-L81E","35.05","2026-08-22","","0","0","0","Logix Designer - InstrMEQ in instr_meq_n05000.ACD [1756-L81E 35.11]*",""
"instr_mid_n00010","23944","1756-L81E","35.05","2026-08-22","","0","0","0","Logix Designer - InstrMID in instr_mid_n00010.ACD [1756-L81E 35.11]*",""
"instr_mid_n00050","27944","1756-L81E","35.05","2026-08-22","","0","0","0","Logix Designer - InstrMID in instr_mid_n00050.ACD [1756-L81E 35.11]*",""
"instr_mid_n00100","32944","1756-L81E","35.05","2026-08-22","","0","0","0","Logix Designer - InstrMID in instr_mid_n00100.ACD [1756-L81E 35.11]*",""
"instr_mid_n01000","122944","1756-L81E","35.05","2026-08-22","","0","0","0","Logix Designer - InstrMID in instr_mid_n01000.ACD [1756-L81E 35.11]*",""
"instr_mid_n05000","522944","1756-L81E","35.05","2026-08-22","","0","0","0","Logix Designer - InstrMID in instr_mid_n05000.ACD [1756-L81E 35.11]*",""
"instr_mod_n00010","23504","1756-L81E","35.05","2026-08-22","","0","0","0","Logix Designer - InstrMOD in instr_mod_n00010.ACD [1756-L81E 35.11]*",""
"instr_mod_n00050","25744","1756-L81E","35.05","2026-08-22","","0","0","0","Logix Designer - InstrMOD in instr_mod_n00050.ACD [1756-L81E 35.11]*",""
"instr_mod_n00100","28544","1756-L81E","35.05","2026-08-22","","0","0","0","Logix Designer - InstrMOD in instr_mod_n00100.ACD [1756-L81E 35.11]*",""
"instr_mod_n01000","78944","1756-L81E","35.05","2026-08-22","","0","0","0","Logix Designer - InstrMOD in instr_mod_n01000.ACD [1756-L81E 35.11]*",""
"instr_mod_n05000","302944","1756-L81E","35.05","2026-08-22","","0","0","0","Logix Designer - InstrMOD in instr_mod_n05000.ACD [1756-L81E 35.11]*",""
"instr_mov_n00010","23304","1756-L81E","35.05","2026-08-22","","0","0","0","Logix Designer - InstrMOV in instr_mov_n00010.ACD [1756-L81E 35.11]*",""
"instr_mov_n00050","24744","1756-L81E","35.05","2026-08-22","","0","0","0","Logix Designer - InstrMOV in instr_mov_n00050.ACD [1756-L81E 35.11]*",""
"instr_mov_n00100","26544","1756-L81E","35.05","2026-08-22","","0","0","0","Logix Designer - InstrMOV in instr_mov_n00100.ACD [1756-L81E 35.11]*",""
"instr_mov_n01000","58944","1756-L81E","35.05","2026-08-22","","0","0","0","Logix Designer - InstrMOV in instr_mov_n01000.ACD [1756-L81E 35.11]*",""
"instr_mov_n05000","202944","1756-L81E","35.05","2026-08-22","","0","0","0","Logix Designer - InstrMOV in instr_mov_n05000.ACD [1756-L81E 35.11]*",""
"instr_mul_n00010","23504","1756-L81E","35.05","2026-08-22","","0","0","0","Logix Designer - InstrMUL in instr_mul_n00010.ACD [1756-L81E 35.11]*",""
"instr_mul_n00050","25744","1756-L81E","35.05","2026-08-22","","0","0","0","Logix Designer - InstrMUL in instr_mul_n00050.ACD [1756-L81E 35.11]*",""
"instr_mul_n00100","28544","1756-L81E","35.05","2026-08-22","","0","0","0","Logix Designer - InstrMUL in instr_mul_n00100.ACD [1756-L81E 35.11]*",""
"instr_mul_n01000","78944","1756-L81E","35.05","2026-08-22","","0","0","0","Logix Designer - InstrMUL in instr_mul_n01000.ACD [1756-L81E 35.11]*",""
"instr_mul_n05000","302944","1756-L81E","35.05","2026-08-22","","0","0","0","Logix Designer - InstrMUL in instr_mul_n05000.ACD [1756-L81E 35.11]*",""
"instr_mvm_n00010","23504","1756-L81E","35.05","2026-08-22","","0","0","0","Logix Designer - InstrMVM in instr_mvm_n00010.ACD [1756-L81E 35.11]*",""
"instr_mvm_n00050","25744","1756-L81E","35.05","2026-08-22","","0","0","0","Logix Designer - InstrMVM in instr_mvm_n00050.ACD [1756-L81E 35.11]*",""
"instr_mvm_n00100","28544","1756-L81E","35.05","2026-08-22","","0","0","0","Logix Designer - InstrMVM in instr_mvm_n00100.ACD [1756-L81E 35.11]*",""
"instr_mvm_n01000","78944","1756-L81E","35.05","2026-08-22","","0","0","0","Logix Designer - InstrMVM in instr_mvm_n01000.ACD [1756-L81E 35.11]*",""
"instr_mvm_n05000","302944","1756-L81E","35.05","2026-08-22","","0","0","0","Logix Designer - InstrMVM in instr_mvm_n05000.ACD [1756-L81E 35.11]*",""
"instr_neq_n00010","23304","1756-L81E","35.05","2026-08-22","","0","0","0","Logix Designer - InstrNEQ in instr_neq_n00010.ACD [1756-L81E 35.11]*",""
"instr_neq_n00050","24744","1756-L81E","35.05","2026-08-22","","0","0","0","Logix Designer - InstrNEQ in instr_neq_n00050.ACD [1756-L81E 35.11]*",""
"instr_neq_n00100","26544","1756-L81E","35.05","2026-08-22","","0","0","0","Logix Designer - InstrNEQ in instr_neq_n00100.ACD [1756-L81E 35.11]*",""
"instr_neq_n01000","58944","1756-L81E","35.05","2026-08-22","","0","0","0","Logix Designer - InstrNEQ in instr_neq_n01000.ACD [1756-L81E 35.11]*",""
"instr_neq_n05000","202944","1756-L81E","35.05","2026-08-22","","0","0","0","Logix Designer - InstrNEQ in instr_neq_n05000.ACD [1756-L81E 35.11]*",""
"instr_nop_n00010","23104","1756-L81E","35.05","2026-08-22","","0","0","0","Logix Designer - InstrNOP in instr_nop_n00010.ACD [1756-L81E 35.11]*",""
"instr_nop_n00050","23744","1756-L81E","35.05","2026-08-22","","0","0","0","Logix Designer - InstrNOP in instr_nop_n00050.ACD [1756-L81E 35.11]*",""
"instr_nop_n00100","24544","1756-L81E","35.05","2026-08-22","","0","0","0","Logix Designer - InstrNOP in instr_nop_n00100.ACD [1756-L81E 35.11]*",""
"instr_nop_n01000","38944","1756-L81E","35.05","2026-08-22","","0","0","0","Logix Designer - InstrNOP in instr_nop_n01000.ACD [1756-L81E 35.11]*",""
"instr_nop_n05000","102944","1756-L81E","35.05","2026-08-22","","0","0","0","Logix Designer - InstrNOP in instr_nop_n05000.ACD [1756-L81E 35.11]*",""
"instr_ons_n00010","23504","1756-L81E","35.05","2026-08-22","","0","0","0","Logix Designer - InstrONS in instr_ons_n00010.ACD [1756-L81E 35.11]*",""
"instr_ons_n00050","25744","1756-L81E","35.05","2026-08-22","","0","0","0","Logix Designer - InstrONS in instr_ons_n00050.ACD [1756-L81E 35.11]*",""
"instr_ons_n00100","28544","1756-L81E","35.05","2026-08-22","","0","0","0","Logix Designer - InstrONS in instr_ons_n00100.ACD [1756-L81E 35.11]*",""
"instr_ons_n01000","78944","1756-L81E","35.05","2026-08-22","","0","0","0","Logix Designer - InstrONS in instr_ons_n01000.ACD [1756-L81E 35.11]*",""
"instr_ons_n05000","302944","1756-L81E","35.05","2026-08-22","","0","0","0","Logix Designer - InstrONS in instr_ons_n05000.ACD [1756-L81E 35.11]*",""
"instr_ote_n00010","23104","1756-L81E","35.05","2026-08-22","","0","0","0","Logix Designer - InstrOTE in instr_ote_n00010.ACD [1756-L81E 35.11]*",""
"instr_ote_n00050","23744","1756-L81E","35.05","2026-08-22","","0","0","0","Logix Designer - InstrOTE in instr_ote_n00050.ACD [1756-L81E 35.11]*",""
"instr_ote_n00100","24544","1756-L81E","35.05","2026-08-22","","0","0","0","Logix Designer - InstrOTE in instr_ote_n00100.ACD [1756-L81E 35.11]*",""
"instr_ote_n01000","38944","1756-L81E","35.05","2026-08-22","","0","0","0","Logix Designer - InstrOTE in instr_ote_n01000.ACD [1756-L81E 35.11]*",""
"instr_ote_n05000","102944","1756-L81E","35.05","2026-08-22","","0","0","0","Logix Designer - InstrOTE in instr_ote_n05000.ACD [1756-L81E 35.11]*",""
"instr_otl_n00010","23104","1756-L81E","35.05","2026-08-22","","0","0","0","Logix Designer - InstrOTL in instr_otl_n00010.ACD [1756-L81E 35.11]*",""
"instr_otl_n00050","23744","1756-L81E","35.05","2026-08-22","","0","0","0","Logix Designer - InstrOTL in instr_otl_n00050.ACD [1756-L81E 35.11]*",""
"instr_otl_n00100","24544","1756-L81E","35.05","2026-08-22","","0","0","0","Logix Designer - InstrOTL in instr_otl_n00100.ACD [1756-L81E 35.11]*",""
"instr_otl_n01000","38944","1756-L81E","35.05","2026-08-22","","0","0","0","Logix Designer - InstrOTL in instr_otl_n01000.ACD [1756-L81E 35.11]*",""
"instr_otl_n05000","102944","1756-L81E","35.05","2026-08-22","","0","0","0","Logix Designer - InstrOTL in instr_otl_n05000.ACD [1756-L81E 35.11]*",""
"instr_otu_n00010","23104","1756-L81E","35.05","2026-08-22","","0","0","0","Logix Designer - InstrOTU in instr_otu_n00010.ACD [1756-L81E 35.11]*",""
"instr_otu_n00050","23744","1756-L81E","35.05","2026-08-22","","0","0","0","Logix Designer - InstrOTU in instr_otu_n00050.ACD [1756-L81E 35.11]*",""
"instr_otu_n00100","24544","1756-L81E","35.05","2026-08-22","","0","0","0","Logix Designer - InstrOTU in instr_otu_n00100.ACD [1756-L81E 35.11]*",""
"instr_otu_n01000","38944","1756-L81E","35.05","2026-08-22","","0","0","0","Logix Designer - InstrOTU in instr_otu_n01000.ACD [1756-L81E 35.11]*",""
"instr_otu_n05000","102944","1756-L81E","35.05","2026-08-22","","0","0","0","Logix Designer - InstrOTU in instr_otu_n05000.ACD [1756-L81E 35.11]*",""
"instr_res_n00010","23144","1756-L81E","35.05","2026-08-22","","0","0","0","Logix Designer - InstrRES in instr_res_n00010.ACD [1756-L81E 35.11]*",""
"instr_res_n00050","23944","1756-L81E","35.05","2026-08-22","","0","0","0","Logix Designer - InstrRES in instr_res_n00050.ACD [1756-L81E 35.11]*",""
"instr_res_n00100","24944","1756-L81E","35.05","2026-08-22","","0","0","0","Logix Designer - InstrRES in instr_res_n00100.ACD [1756-L81E 35.11]*",""
"instr_res_n01000","42944","1756-L81E","35.05","2026-08-22","","0","0","0","Logix Designer - InstrRES in instr_res_n01000.ACD [1756-L81E 35.11]*",""
"instr_res_n05000","122944","1756-L81E","35.05","2026-08-22","","0","0","0","Logix Designer - InstrRES in instr_res_n05000.ACD [1756-L81E 35.11]*",""
"instr_rto_n00010","23144","1756-L81E","35.05","2026-08-22","","0","0","0","Logix Designer - InstrRTO in instr_rto_n00010.ACD [1756-L81E 35.11]*",""
"instr_rto_n00050","23944","1756-L81E","35.05","2026-08-22","","0","0","0","Logix Designer - InstrRTO in instr_rto_n00050.ACD [1756-L81E 35.11]*",""
"instr_rto_n00100","24944","1756-L81E","35.05","2026-08-22","","0","0","0","Logix Designer - InstrRTO in instr_rto_n00100.ACD [1756-L81E 35.11]*",""
"instr_rto_n01000","42944","1756-L81E","35.05","2026-08-22","","0","0","0","Logix Designer - InstrRTO in instr_rto_n01000.ACD [1756-L81E 35.11]*",""
"instr_rto_n05000","122944","1756-L81E","35.05","2026-08-22","","0","0","0","Logix Designer - InstrRTO in instr_rto_n05000.ACD [1756-L81E 35.11]*",""
"instr_size_n00010","24224","1756-L81E","35.05","2026-08-22","","0","0","0","Logix Designer - InstrSIZE in instr_size_n00010.ACD [1756-L81E 35.11]*",""
"instr_size_n00050","29344","1756-L81E","35.05","2026-08-22","","0","0","0","Logix Designer - InstrSIZE in instr_size_n00050.ACD [1756-L81E 35.11]*",""
"instr_size_n00100","35744","1756-L81E","35.05","2026-08-22","","0","0","0","Logix Designer - InstrSIZE in instr_size_n00100.ACD [1756-L81E 35.11]*",""
"instr_size_n01000","150944","1756-L81E","35.05","2026-08-22","","0","0","0","Logix Designer - InstrSIZE in instr_size_n01000.ACD [1756-L81E 35.11]*",""
"instr_size_n05000","662944","1756-L81E","35.05","2026-08-22","","0","0","0","Logix Designer - InstrSIZE in instr_size_n05000.ACD [1756-L81E 35.11]*",""
"instr_ssv_n00010","23784","1756-L81E","35.05","2026-08-22","","0","0","0","Logix Designer - InstrSSV in instr_ssv_n00010.ACD [1756-L81E 35.11]*",""
"instr_ssv_n00050","27144","1756-L81E","35.05","2026-08-22","","0","0","0","Logix Designer - InstrSSV in instr_ssv_n00050.ACD [1756-L81E 35.11]*",""
"instr_ssv_n00100","31344","1756-L81E","35.05","2026-08-22","","0","0","0","Logix Designer - InstrSSV in instr_ssv_n00100.ACD [1756-L81E 35.11]*",""
"instr_ssv_n01000","106944","1756-L81E","35.05","2026-08-22","","0","0","0","Logix Designer - InstrSSV in instr_ssv_n01000.ACD [1756-L81E 35.11]*",""
"instr_ssv_n05000","442944","1756-L81E","35.05","2026-08-22","","0","0","0","Logix Designer - InstrSSV in instr_ssv_n05000.ACD [1756-L81E 35.11]*",""
"instr_stod_n00010","23744","1756-L81E","35.05","2026-08-22","","0","0","0","Logix Designer - InstrSTOD in instr_stod_n00010.ACD [1756-L81E 35.11]*",""
"instr_stod_n00050","26944","1756-L81E","35.05","2026-08-22","","0","0","0","Logix Designer - InstrSTOD in instr_stod_n00050.ACD [1756-L81E 35.11]*",""
"instr_stod_n00100","30944","1756-L81E","35.05","2026-08-22","","0","0","0","Logix Designer - InstrSTOD in instr_stod_n00100.ACD [1756-L81E 35.11]*",""
"instr_stod_n01000","102944","1756-L81E","35.05","2026-08-22","","0","0","0","Logix Designer - InstrSTOD in instr_stod_n01000.ACD [1756-L81E 35.11]*",""
"instr_stod_n05000","422944","1756-L81E","35.05","2026-08-22","","0","0","0","Logix Designer - InstrSTOD in instr_stod_n05000.ACD [1756-L81E 35.11]*",""
"instr_sub_n00010","23344","1756-L81E","35.05","2026-08-22","","0","0","0","Logix Designer - InstrSUB in instr_sub_n00010.ACD [1756-L81E 35.11]*",""
"instr_sub_n00050","24944","1756-L81E","35.05","2026-08-22","","0","0","0","Logix Designer - InstrSUB in instr_sub_n00050.ACD [1756-L81E 35.11]*",""
"instr_sub_n00100","26944","1756-L81E","35.05","2026-08-22","","0","0","0","Logix Designer - InstrSUB in instr_sub_n00100.ACD [1756-L81E 35.11]*",""
"instr_sub_n01000","62944","1756-L81E","35.05","2026-08-22","","0","0","0","Logix Designer - InstrSUB in instr_sub_n01000.ACD [1756-L81E 35.11]*",""
"instr_sub_n05000","222944","1756-L81E","35.05","2026-08-22","","0","0","0","Logix Designer - InstrSUB in instr_sub_n05000.ACD [1756-L81E 35.11]*",""
"instr_tof_n00010","23144","1756-L81E","35.05","2026-08-22","","0","0","0","Logix Designer - InstrTOF in instr_tof_n00010.ACD [1756-L81E 35.11]*",""
"instr_tof_n00050","23944","1756-L81E","35.05","2026-08-22","","0","0","0","Logix Designer - InstrTOF in instr_tof_n00050.ACD [1756-L81E 35.11]*",""
"instr_tof_n00100","24944","1756-L81E","35.05","2026-08-22","","0","0","0","Logix Designer - InstrTOF in instr_tof_n00100.ACD [1756-L81E 35.11]*",""
"instr_tof_n01000","42944","1756-L81E","35.05","2026-08-22","","0","0","0","Logix Designer - InstrTOF in instr_tof_n01000.ACD [1756-L81E 35.11]*",""
"instr_tof_n05000","122944","1756-L81E","35.05","2026-08-22","","0","0","0","Logix Designer - InstrTOF in instr_tof_n05000.ACD [1756-L81E 35.11]*",""
"instr_ton_n00010","23144","1756-L81E","35.05","2026-08-22","","0","0","0","Logix Designer - InstrTON in instr_ton_n00010.ACD [1756-L81E 35.11]*",""
"instr_ton_n00050","23944","1756-L81E","35.05","2026-08-22","","0","0","0","Logix Designer - InstrTON in instr_ton_n00050.ACD [1756-L81E 35.11]*",""
"instr_ton_n00100","24944","1756-L81E","35.05","2026-08-22","","0","0","0","Logix Designer - InstrTON in instr_ton_n00100.ACD [1756-L81E 35.11]*",""
"instr_ton_n01000","42944","1756-L81E","35.05","2026-08-22","","0","0","0","Logix Designer - InstrTON in instr_ton_n01000.ACD [1756-L81E 35.11]*",""
"instr_ton_n05000","122944","1756-L81E","35.05","2026-08-22","","0","0","0","Logix Designer - InstrTON in instr_ton_n05000.ACD [1756-L81E 35.11]*",""
"instr_xic_n00010","23144","1756-L81E","35.05","2026-08-22","","0","0","0","Logix Designer - InstrXIC in instr_xic_n00010.ACD [1756-L81E 35.11]*",""
"instr_xic_n00050","23944","1756-L81E","35.05","2026-08-22","","0","0","0","Logix Designer - InstrXIC in instr_xic_n00050.ACD [1756-L81E 35.11]*",""
"instr_xic_n00100","24944","1756-L81E","35.05","2026-08-22","","0","0","0","Logix Designer - InstrXIC in instr_xic_n00100.ACD [1756-L81E 35.11]*",""
"instr_xic_n01000","42944","1756-L81E","35.05","2026-08-22","","0","0","0","Logix Designer - InstrXIC in instr_xic_n01000.ACD [1756-L81E 35.11]*",""
"instr_xic_n05000","122944","1756-L81E","35.05","2026-08-22","","0","0","0","Logix Designer - InstrXIC in instr_xic_n05000.ACD [1756-L81E 35.11]*",""
"instr_xio_n00010","23144","1756-L81E","35.05","2026-08-22","","0","0","0","Logix Designer - InstrXIO in instr_xio_n00010.ACD [1756-L81E 35.11]*",""
"instr_xio_n00050","23944","1756-L81E","35.05","2026-08-22","","0","0","0","Logix Designer - InstrXIO in instr_xio_n00050.ACD [1756-L81E 35.11]*",""
"instr_xio_n00100","24944","1756-L81E","35.05","2026-08-22","","0","0","0","Logix Designer - InstrXIO in instr_xio_n00100.ACD [1756-L81E 35.11]*",""
"instr_xio_n01000","42944","1756-L81E","35.05","2026-08-22","","0","0","0","Logix Designer - InstrXIO in instr_xio_n01000.ACD [1756-L81E 35.11]*",""
"instr_xio_n05000","122944","1756-L81E","35.05","2026-08-22","","0","0","0","Logix Designer - InstrXIO in instr_xio_n05000.ACD [1756-L81E 35.11]*",""
"instr_xpy_n00010","24104","1756-L81E","35.05","2026-08-22","","0","0","0","Logix Designer - InstrXPY in instr_xpy_n00010.ACD [1756-L81E 35.11]*",""
"instr_xpy_n00050","28744","1756-L81E","35.05","2026-08-22","","0","0","0","Logix Designer - InstrXPY in instr_xpy_n00050.ACD [1756-L81E 35.11]*",""
"instr_xpy_n00100","34544","1756-L81E","35.05","2026-08-22","","0","0","0","Logix Designer - InstrXPY in instr_xpy_n00100.ACD [1756-L81E 35.11]*",""
"instr_xpy_n01000","138944","1756-L81E","35.05","2026-08-22","","0","0","0","Logix Designer - InstrXPY in instr_xpy_n01000.ACD [1756-L81E 35.11]*",""
"instr_xpy_n05000","602944","1756-L81E","35.05","2026-08-22","","0","0","0","Logix Designer - InstrXPY in instr_xpy_n05000.ACD [1756-L81E 35.11]*",""
"instrfirst_atn","20812","1756-L81E","35.05","2026-08-23","","","","","Logix Designer - InstrAtn in instrfirst_atn.ACD [1756-L81E 35.11]*",""
"instrfirst_atn_x10","21352","1756-L81E","35.05","2026-08-23","","0","0","1","Logix Designer - InstrAtnX10 in instrfirst_atn_x10.ACD [1756-L81E 35.11]*",""
"instrfirst_ave","20928","1756-L81E","35.05","2026-08-23","","","","","Logix Designer - InstrAve in instrfirst_ave.ACD [1756-L81E 35.11]*",""
"instrfirst_ave_x10","22512","1756-L81E","35.05","2026-08-23","","0","0","1","Logix Designer - InstrAveX10 in instrfirst_ave_x10.ACD [1756-L81E 35.11]*",""
"instrfirst_bsl","20812","1756-L81E","35.05","2026-08-23","","","","","Logix Designer - InstrBsl in instrfirst_bsl.ACD [1756-L81E 35.11]*",""
"instrfirst_bsl_x10","21352","1756-L81E","35.05","2026-08-23","","0","0","1","Logix Designer - InstrBslX10 in instrfirst_bsl_x10.ACD [1756-L81E 35.11]*",""
"instrfirst_bsr","20812","1756-L81E","35.05","2026-08-23","","","","","Logix Designer - InstrBsr in instrfirst_bsr.ACD [1756-L81E 35.11]*",""
"instrfirst_bsr_x10","21352","1756-L81E","35.05","2026-08-23","","0","0","1","Logix Designer - InstrBsrX10 in instrfirst_bsr_x10.ACD [1756-L81E 35.11]*",""
"instrfirst_crout","21160","1756-L81E","35.05","2026-08-23","","","","","Logix Designer - InstrCrout in instrfirst_crout.ACD [1756-L81E 35.11]",""
"instrfirst_deg","20816","1756-L81E","35.05","2026-08-23","","","","","Logix Designer - InstrDeg in instrfirst_deg.ACD [1756-L81E 35.11]*",""
"instrfirst_deg_x10","21392","1756-L81E","35.05","2026-08-23","","0","0","1","Logix Designer - InstrDegX10 in instrfirst_deg_x10.ACD [1756-L81E 35.11]*",""
"instrfirst_fal","20856","1756-L81E","35.05","2026-08-23","","","","","Logix Designer - InstrFal in instrfirst_fal.ACD [1756-L81E 35.11]*",""
"instrfirst_fal_x10","21792","1756-L81E","35.05","2026-08-23","","0","0","1","Logix Designer - InstrFalX10 in instrfirst_fal_x10.ACD [1756-L81E 35.11]*",""
"instrfirst_ffl","20824","1756-L81E","35.05","2026-08-23","","","","","Logix Designer - InstrFfl in instrfirst_ffl.ACD [1756-L81E 35.11]*",""
"instrfirst_ffl_x10","21472","1756-L81E","35.05","2026-08-23","","0","0","1","Logix Designer - InstrFflX10 in instrfirst_ffl_x10.ACD [1756-L81E 35.11]*",""
"instrfirst_ffu","20824","1756-L81E","35.05","2026-08-23","","","","","Logix Designer - InstrFfu in instrfirst_ffu.ACD [1756-L81E 35.11]*",""
"instrfirst_ffu_x10","21472","1756-L81E","35.05","2026-08-23","","0","0","1","Logix Designer - InstrFfuX10 in instrfirst_ffu_x10.ACD [1756-L81E 35.11]*",""
"instrfirst_find","20852","1756-L81E","35.05","2026-08-23","","","","","Logix Designer - InstrFind in instrfirst_find.ACD [1756-L81E 35.11]*",""
"instrfirst_find_x10","21752","1756-L81E","35.05","2026-08-23","","0","0","1","Logix Designer - InstrFindX10 in instrfirst_find_x10.ACD [1756-L81E 35.11]*",""
"instrfirst_fsc","20856","1756-L81E","35.05","2026-08-23","","","","","Logix Designer - InstrFsc in instrfirst_fsc.ACD [1756-L81E 35.11]*",""
"instrfirst_fsc_x10","21792","1756-L81E","35.05","2026-08-23","","0","0","1","Logix Designer - InstrFscX10 in instrfirst_fsc_x10.ACD [1756-L81E 35.11]*",""
"instrfirst_insert","20868","1756-L81E","35.05","2026-08-23","","","","","Logix Designer - InstrInsert in instrfirst_insert.ACD [1756-L81E 35.11]*",""
"instrfirst_insert_x10","21912","1756-L81E","35.05","2026-08-23","","0","0","1","Logix Designer - InstrInsertX10 in instrfirst_insert_x10.ACD [1756-L81E 35.11]*",""
"instrfirst_mafr","44708","1756-L81E","35.05","2026-08-23","","","","","Logix Designer - InstrMafr in instrfirst_mafr.ACD [1756-L81E 35.11]*",""
"instrfirst_mafr_x10","45248","1756-L81E","35.05","2026-08-23","","0","6","1","Logix Designer - InstrMafrX10 in instrfirst_mafr_x10.ACD [1756-L81E 35.11]*",""
"instrfirst_mapc","20904","1756-L81E","35.05","2026-08-23","","","","","Logix Designer - InstrMapc in instrfirst_mapc.ACD [1756-L81E 35.11]",""
"instrfirst_mapc_v2","61948","1756-L81E","35.05","2026-08-23","","0","6","1","Logix Designer - InstrMapcV2 in instrfirst_mapc_v2.ACD [1756-L81E 35.11]*",""
"instrfirst_mapc_v2_x10","64288","1756-L81E","35.05","2026-08-23","","0","6","1","Logix Designer - InstrMapcV2X10 in instrfirst_mapc_v2_x10.ACD [1756-L81E 35.11]*",""
"instrfirst_masd","44708","1756-L81E","35.05","2026-08-23","","","","","Logix Designer - InstrMasd in instrfirst_masd.ACD [1756-L81E 35.11]*",""
"instrfirst_masd_x10","45248","1756-L81E","35.05","2026-08-23","","0","6","1","Logix Designer - InstrMasdX10 in instrfirst_masd_x10.ACD [1756-L81E 35.11]*",""
"instrfirst_masr","44708","1756-L81E","35.05","2026-08-23","","","","","Logix Designer - InstrMasr in instrfirst_masr.ACD [1756-L81E 35.11]*",""
"instrfirst_masr_x10","45248","1756-L81E","35.05","2026-08-23","","0","6","1","Logix Designer - InstrMasrX10 in instrfirst_masr_x10.ACD [1756-L81E 35.11]*",""
"instrfirst_mccp","21108","1756-L81E","35.05","2026-08-23","","","","","Logix Designer - InstrMccp in instrfirst_mccp.ACD [1756-L81E 35.11]*",""
"instrfirst_mccp_x10","22944","1756-L81E","35.05","2026-08-23","","0","0","1","Logix Designer - InstrMccpX10 in instrfirst_mccp_x10.ACD [1756-L81E 35.11]*",""
"instrfirst_mcr","20768","1756-L81E","35.05","2026-08-23","","","","","Logix Designer - InstrMcr in instrfirst_mcr.ACD [1756-L81E 35.11]*",""
"instrfirst_mcr_x10","20912","1756-L81E","35.05","2026-08-23","","0","0","1","Logix Designer - InstrMcrX10 in instrfirst_mcr_x10.ACD [1756-L81E 35.11]*",""
"instrfirst_mdw","44708","1756-L81E","35.05","2026-08-23","","","","","Logix Designer - InstrMdw in instrfirst_mdw.ACD [1756-L81E 35.11]*",""
"instrfirst_mdw_x10","45248","1756-L81E","35.05","2026-08-23","","0","6","1","Logix Designer - InstrMdwX10 in instrfirst_mdw_x10.ACD [1756-L81E 35.11]*",""
"instrfirst_mgsd","44704","1756-L81E","35.05","2026-08-23","","","","","Logix Designer - InstrMgsd in instrfirst_mgsd.ACD [1756-L81E 35.11]*",""
"instrfirst_mgsd_x10","45208","1756-L81E","35.05","2026-08-23","","0","6","1","Logix Designer - InstrMgsdX10 in instrfirst_mgsd_x10.ACD [1756-L81E 35.11]*",""
"instrfirst_mgsr","44704","1756-L81E","35.05","2026-08-23","","","","","Logix Designer - InstrMgsr in instrfirst_mgsr.ACD [1756-L81E 35.11]*",""
"instrfirst_mgsr_x10","45208","1756-L81E","35.05","2026-08-23","","0","6","1","Logix Designer - InstrMgsrX10 in instrfirst_mgsr_x10.ACD [1756-L81E 35.11]*",""
"instrfirst_msg","21572","1756-L81E","35.05","2026-08-23","","","","","Logix Designer - InstrMsg in instrfirst_msg.ACD [1756-L81E 35.11]*",""
"instrfirst_msg_x10","22004","1756-L81E","35.05","2026-08-23","","0","0","1","Logix Designer - InstrMsgX10 in instrfirst_msg_x10.ACD [1756-L81E 35.11]*",""
"instrfirst_neg","20792","1756-L81E","35.05","2026-08-23","","","","","Logix Designer - InstrNeg in instrfirst_neg.ACD [1756-L81E 35.11]*",""
"instrfirst_neg_x10","21152","1756-L81E","35.05","2026-08-23","","0","0","1","Logix Designer - InstrNegX10 in instrfirst_neg_x10.ACD [1756-L81E 35.11]*",""
"instrfirst_not","20792","1756-L81E","35.05","2026-08-23","","","","","Logix Designer - InstrNot in instrfirst_not.ACD [1756-L81E 35.11]*",""
"instrfirst_not_x10","21152","1756-L81E","35.05","2026-08-23","","0","0","1","Logix Designer - InstrNotX10 in instrfirst_not_x10.ACD [1756-L81E 35.11]*",""
"instrfirst_osf","20808","1756-L81E","35.05","2026-08-23","","","","","Logix Designer - InstrOsf in instrfirst_osf.ACD [1756-L81E 35.11]*",""
"instrfirst_osf_x10","21312","1756-L81E","35.05","2026-08-23","","0","2","1","Logix Designer - InstrOsfX10 in instrfirst_osf_x10.ACD [1756-L81E 35.11]*",""
"instrfirst_osr","20808","1756-L81E","35.05","2026-08-23","","","","","Logix Designer - InstrOsr in instrfirst_osr.ACD [1756-L81E 35.11]*",""
"instrfirst_osr_x10","21312","1756-L81E","35.05","2026-08-23","","0","2","1","Logix Designer - InstrOsrX10 in instrfirst_osr_x10.ACD [1756-L81E 35.11]*",""
"instrfirst_rad","20868","1756-L81E","35.05","2026-08-23","","","","","Logix Designer - InstrRad in instrfirst_rad.ACD [1756-L81E 35.11]*",""
"instrfirst_rad_x10","21912","1756-L81E","35.05","2026-08-23","","0","0","1","Logix Designer - InstrRadX10 in instrfirst_rad_x10.ACD [1756-L81E 35.11]*",""
"instrfirst_sqr","20804","1756-L81E","35.05","2026-08-23","","","","","Logix Designer - InstrSqr in instrfirst_sqr.ACD [1756-L81E 35.11]*",""
"instrfirst_sqr_x10","21272","1756-L81E","35.05","2026-08-23","","0","0","1","Logix Designer - InstrSqrX10 in instrfirst_sqr_x10.ACD [1756-L81E 35.11]*",""
"instrfirst_srt","20868","1756-L81E","35.05","2026-08-23","","","","","Logix Designer - InstrSrt in instrfirst_srt.ACD [1756-L81E 35.11]*",""
"instrfirst_srt_x10","21912","1756-L81E","35.05","2026-08-23","","0","0","1","Logix Designer - InstrSrtX10 in instrfirst_srt_x10.ACD [1756-L81E 35.11]*",""
"instrfirst_swpb","20828","1756-L81E","35.05","2026-08-23","","","","","Logix Designer - InstrSwpb in instrfirst_swpb.ACD [1756-L81E 35.11]*",""
"instrfirst_swpb_x10","21512","1756-L81E","35.05","2026-08-23","","0","0","1","Logix Designer - InstrSwpbX10 in instrfirst_swpb_x10.ACD [1756-L81E 35.11]*",""
"instrfirst_tan","20812","1756-L81E","35.05","2026-08-23","","","","","Logix Designer - InstrTan in instrfirst_tan.ACD [1756-L81E 35.11]*",""
"instrfirst_tan_x10","21352","1756-L81E","35.05","2026-08-23","","0","0","1","Logix Designer - InstrTanX10 in instrfirst_tan_x10.ACD [1756-L81E 35.11]*",""
"instrfirst_tnd","20776","1756-L81E","35.05","2026-08-23","","","","","Logix Designer - InstrTnd in instrfirst_tnd.ACD [1756-L81E 35.11]*",""
"instrfirst_tnd_x10","20992","1756-L81E","35.05","2026-08-23","","0","10","1","Logix Designer - InstrTndX10 in instrfirst_tnd_x10.ACD [1756-L81E 35.11]*",""
"instrfirst_trn","20804","1756-L81E","35.05","2026-08-23","","","","","Logix Designer - InstrTrn in instrfirst_trn.ACD [1756-L81E 35.11]*",""
"instrfirst_trn_x10","21272","1756-L81E","35.05","2026-08-23","","0","0","1","Logix Designer - InstrTrnX10 in instrfirst_trn_x10.ACD [1756-L81E 35.11]*",""
"instrfirst_uid","20792","1756-L81E","35.05","2026-08-23","","","","","Logix Designer - InstrUid in instrfirst_uid.ACD [1756-L81E 35.11]*",""
"instrfirst_uid_x10","21152","1756-L81E","35.05","2026-08-23","","0","0","1","Logix Designer - InstrUidX10 in instrfirst_uid_x10.ACD [1756-L81E 35.11]*",""
"instrfirst_uie","20792","1756-L81E","35.05","2026-08-23","","","","","Logix Designer - InstrUie in instrfirst_uie.ACD [1756-L81E 35.11]*",""
"instrfirst_uie_x10","21152","1756-L81E","35.05","2026-08-23","","0","0","1","Logix Designer - InstrUieX10 in instrfirst_uie_x10.ACD [1756-L81E 35.11]*",""
"instrfirst_xor","20792","1756-L81E","35.05","2026-08-23","","","","","Logix Designer - InstrXor in instrfirst_xor.ACD [1756-L81E 35.11]*",""
"instrfirst_xor_x10","21152","1756-L81E","35.05","2026-08-23","","0","0","1","Logix Designer - InstrXorX10 in instrfirst_xor_x10.ACD [1756-L81E 35.11]*",""
"jsr_mixedio_5in_2out_r01000","235868","1756-L81E","35.05","2026-08-23","","0","0","1","Logix Designer - JsrMixedIO in jsr_mixedio_5in_2out_r01000.ACD [1756-L81E 35.11]*",""
"jsr_multiret_n02_r01000","155272","1756-L81E","35.05","2026-08-30","","0","0","0","Logix Designer - JsrMultiRetN2 in jsr_multiret_n02_r01000.ACD [1756-L81E 35.11]*",""
"jsr_multiret_n04_r01000","155640","1756-L81E","35.05","2026-08-23","","0","0","1","Logix Designer - JsrMultiRet in jsr_multiret_n04_r01000.ACD [1756-L81E 35.11]*",""
"jsr_paramcount_n01_r00100","27896","1756-L81E","35.05","2026-08-30","","0","0","0","Logix Designer - JsrCloseoutN1R100 in jsr_paramcount_n01_r00100.ACD [1756-L81E 35.11]*",""
"jsr_paramcount_n01_r01000","110688","1756-L81E","35.05","2026-08-23","","0","0","1","Logix Designer - JsrParamCount in jsr_paramcount_n01_r01000.ACD [1756-L81E 35.11]*",""
"jsr_paramcount_n02_r00100","30492","1756-L81E","35.05","2026-08-23","","0","0","1","Logix Designer - JsrParamN2 in jsr_paramcount_n02_r00100.ACD [1756-L81E 35.11]*",""
"jsr_paramcount_n03_r00100","32692","1756-L81E","35.05","2026-08-23","","0","0","1","Logix Designer - JsrParamN3 in jsr_paramcount_n03_r00100.ACD [1756-L81E 35.11]*",""
"jsr_paramcount_n04_r00100","34888","1756-L81E","35.05","2026-08-23","","0","0","1","Logix Designer - JsrParamN4 in jsr_paramcount_n04_r00100.ACD [1756-L81E 35.11]*",""
"jsr_paramcount_n05_r00100_decompose","37076","1756-L81E","35.05","2026-08-24","","0","0","1","Logix Designer - JsrDecomposeN5Rung in jsr_paramcount_n05_r00100_decompose.ACD [1756-L81E 35.11]*",""
"jsr_paramcount_n05_r01000","195476","1756-L81E","35.05","2026-08-23","","0","0","1","Logix Designer - JsrParamCount in jsr_paramcount_n05_r01000.ACD [1756-L81E 35.11]*",""
"jsr_paramcount_n06_r00100","39280","1756-L81E","35.05","2026-08-23","","0","0","1","Logix Designer - JsrParamN6 in jsr_paramcount_n06_r00100.ACD [1756-L81E 35.11]*",""
"jsr_paramcount_n07_r00010","22036","1756-L81E","35.05","2026-08-30","","0","0","0","Logix Designer - JsrCloseoutN7R10 in jsr_paramcount_n07_r00010.ACD [1756-L81E 35.11]*",""
"jsr_paramcount_n08_r00100","43672","1756-L81E","35.05","2026-08-23","","0","0","1","Logix Designer - JsrParamN8 in jsr_paramcount_n08_r00100.ACD [1756-L81E 35.11]*",""
"jsr_paramcount_n08_r01000_decompose","256072","1756-L81E","35.05","2026-08-24","","0","0","0","Logix Designer - JsrDecomposeN8R1000 in jsr_paramcount_n08_r01000_decompose.ACD [1756-L81E 35.11]*",""
"jsr_paramcount_n09_r00010","22828","1756-L81E","35.05","2026-08-30","","0","0","0","Logix Designer - JsrCloseoutN9R10 in jsr_paramcount_n09_r00010.ACD [1756-L81E 35.11]*",""
"jsr_paramcount_n10_r00100_decompose","48056","1756-L81E","35.05","2026-08-24","","0","0","1","Logix Designer - JsrDecomposeN10Rung in jsr_paramcount_n10_r00100_decompose.ACD [1756-L81E 35.11]*",""
"jsr_paramcount_n10_r01000","296456","1756-L81E","35.05","2026-08-23","","0","0","1","Logix Designer - JsrParamCount in jsr_paramcount_n10_r01000.ACD [1756-L81E 35.11]*",""
"jsr_paramcount_n12_r00100","52456","1756-L81E","35.05","2026-08-23","","0","0","1","Logix Designer - JsrParamN12 in jsr_paramcount_n12_r00100.ACD [1756-L81E 35.11]*",""
"jsr_paramcount_n15_r00010","25204","1756-L81E","35.05","2026-08-30","","0","0","0","Logix Designer - JsrCloseoutN15R10 in jsr_paramcount_n15_r00010.ACD [1756-L81E 35.11]*",""
"jsr_paramtype_real_n05_r00100","37084","1756-L81E","35.05","2026-08-30","","0","0","0","Logix Designer - JsrParamTypeReal in jsr_paramtype_real_n05_r00100.ACD [1756-L81E 35.11]*",""
"jsr_paramtype_string_n05_r00100","41972","1756-L81E","35.05","2026-08-30","","0","0","0","Logix Designer - JsrParamTypeString in jsr_paramtype_string_n05_r00100.ACD [1756-L81E 35.11]*",""
"jsr_paramtype_udt_n05_r00100","41380","1756-L81E","35.05","2026-08-30","","0","0","0","Logix Designer - JsrParamTypeUdt in jsr_paramtype_udt_n05_r00100.ACD [1756-L81E 35.11]*",""
"l81_v31","29368","1756-L81E","31.02","2026-08-27","MANUAL ENTRY, : reported directly in chat, not via batch_memory_capture.ps1.","","","","",""
"l81_v32","29368","1756-L81E","32.04","2026-08-27","MANUAL ENTRY, : reported directly in chat, not via batch_memory_capture.ps1.","","","","",""
"l81_v33","32376","1756-L81E","33.01","2026-08-27","MANUAL ENTRY, : reported directly in chat, not via batch_memory_capture.ps1.","","","","",""
"l81_v34","18112","1756-L81E","34.01","2026-08-27","MANUAL ENTRY, : reported directly in chat, not via batch_memory_capture.ps1.","","","","",""
"l81_v35","18112","1756-L81E","35.05","2026-08-24","MANUAL ENTRY: conversion via l5xgit was interrupted by himself (accidentally stopped the SDK process), not a real per-file/firmware incompatibility -- read Capacity directly in Studio 5000 and reported the real value. Gap is real and notable regardless: this file uses the SAME firmware (35.05) every other confirmed file in the corpus uses, and the delta (4816) exactly equals fixed_base_per_routine -- strong evidence this is NOT a firmware effect at all but an unrelated real gap: this file's MainRoutine is a self-closing <Routine .../> with no RLLContent element (confirmed  this is a legitimate real Logix construct -- a routine/SBR with no rungs is allowed), which parse_rll_routines currently skips entirely (0 bytes) rather than charging it as a real 0-rung routine. See OPEN_QUESTIONS.md new empty/self-closing-routine item.","","","","",""
"l81_v38","18112","1756-L81E","38.02","2026-08-24","MANUAL ENTRY: AHK capture missed this one -- Capacity label had a different name/window title the automation didn't recognize (this batch varies processor/firmware by design, matches the same real Ctrl+O name-collision/title-mismatch risk already flagged for this whole batch in OPEN_QUESTIONS.md). read Capacity directly and reported the real value. NOTABLE CROSS-CHECK: identical to l81_v35's real value (18112, same delta 4816) despite different firmware (38.02 vs 35.05) -- both files share the same self-closing-MainRoutine shape (see OQ-EMPTYROUTINE), and this exact match across 2 firmware revisions is real evidence the +4816 gap is driven by the empty-routine effect, NOT firmware variance, at least across this firmware span on this catalog.","","","","",""
"large_mixed_1000tags_arrays","135200","1756-L81E","35.05","2026-08-22","","0","0","0","Logix Designer - LargeMixed1000b in large_mixed_1000tags_arrays.ACD [1756-L81E 35.11]*",""
"large_mixed_100tags","28160","1756-L81E","35.05","2026-08-22","","0","0","0","Logix Designer - LargeMixed100 in large_mixed_100tags.ACD [1756-L81E 35.11]*",""
"large_mixed_1100tags","125760","1756-L81E","35.05","2026-08-22","","0","0","0","Logix Designer - LargeMixed1000 in large_mixed_1100tags.ACD [1756-L81E 35.11]*",""
"lbljmp_lblonly_n01","23024","1756-L81E","35.05","2026-08-23","","","","","Logix Designer - LblNoJmp in lbljmp_lblonly_n01.ACD [1756-L81E 35.11]*",""
"lbljmp_lblonly_n05","23344","1756-L81E","35.05","2026-08-23","","","","","Logix Designer - LblNoJmp in lbljmp_lblonly_n05.ACD [1756-L81E 35.11]*",""
"lbljmp_lblonly_n10","23744","1756-L81E","35.05","2026-08-23","","","","","Logix Designer - LblNoJmp in lbljmp_lblonly_n10.ACD [1756-L81E 35.11]*",""
"lbljmp_manytoone_n02","23104","1756-L81E","35.05","2026-08-23","","","","","Logix Designer - LblManyJmp in lbljmp_manytoone_n02.ACD [1756-L81E 35.11]*",""
"lbljmp_manytoone_n05","23224","1756-L81E","35.05","2026-08-23","","","","","Logix Designer - LblManyJmp in lbljmp_manytoone_n05.ACD [1756-L81E 35.11]*",""
"lbljmp_manytoone_n10","23424","1756-L81E","35.05","2026-08-23","","","","","Logix Designer - LblManyJmp in lbljmp_manytoone_n10.ACD [1756-L81E 35.11]*",""
"lbljmp_samename_diffroutines","23928","1756-L81E","35.05","2026-08-23","","","","","Logix Designer - LblSameName in lbljmp_samename_diffroutines.ACD [1756-L81E 35.11]*",""
"localcount_n01_def_only","19336","1756-L81E","35.05","2026-08-22","","0","0","0","Logix Designer - LocalCountN01 in localcount_n01_def_only.ACD [1756-L81E 35.11]*",""
"localcount_n02_def_only","19360","1756-L81E","35.05","2026-08-22","","0","0","0","Logix Designer - LocalCountN02 in localcount_n02_def_only.ACD [1756-L81E 35.11]*",""
"localcount_n04_def_only","19392","1756-L81E","35.05","2026-08-22","","0","0","0","Logix Designer - LocalCountN04 in localcount_n04_def_only.ACD [1756-L81E 35.11]*",""
"localcount_n08_def_only","19472","1756-L81E","35.05","2026-08-22","","0","0","0","Logix Designer - LocalCountN08 in localcount_n08_def_only.ACD [1756-L81E 35.11]*",""
"localcount_n16_def_only","19632","1756-L81E","35.05","2026-08-22","","0","0","0","Logix Designer - LocalCountN16 in localcount_n16_def_only.ACD [1756-L81E 35.11]*",""
"localcount_n32_def_only","19952","1756-L81E","35.05","2026-08-22","","0","0","0","Logix Designer - LocalCountN32 in localcount_n32_def_only.ACD [1756-L81E 35.11]*",""
"localtype_bool_n4_def_only","19376","1756-L81E","35.05","2026-08-22","","0","0","0","Logix Designer - LocalTypeBOOL in localtype_bool_n4_def_only.ACD [1756-L81E 35.11]*",""
"localtype_dint_n4_def_only","19392","1756-L81E","35.05","2026-08-22","","0","0","0","Logix Designer - LocalTypeDINT in localtype_dint_n4_def_only.ACD [1756-L81E 35.11]*",""
"localtype_int_n4_def_only","19384","1756-L81E","35.05","2026-08-22","","0","0","0","Logix Designer - LocalTypeINT in localtype_int_n4_def_only.ACD [1756-L81E 35.11]*",""
"localtype_lint_n4_def_only","19408","1756-L81E","35.05","2026-08-22","","0","0","0","Logix Designer - LocalTypeLINT in localtype_lint_n4_def_only.ACD [1756-L81E 35.11]*",""
"localtype_real_n4_def_only","19392","1756-L81E","35.05","2026-08-22","","0","0","0","Logix Designer - LocalTypeREAL in localtype_real_n4_def_only.ACD [1756-L81E 35.11]*",""
"localtype_sint_n4_def_only","19376","1756-L81E","35.05","2026-08-22","","0","0","0","Logix Designer - LocalTypeSINT in localtype_sint_n4_def_only.ACD [1756-L81E 35.11]*",""
"mixedudt_messy_1_instance","19704","1756-L81E","35.05","2026-08-27","MANUAL ENTRY, : reported directly in chat, not via batch_memory_capture.ps1.","","","","",""
"mixedudt_messy_25_instance","25472","1756-L81E","35.05","2026-08-27","MANUAL ENTRY, : reported directly in chat, not via batch_memory_capture.ps1.","","","","",""
"mixedudt_messy_def_only","19384","1756-L81E","35.05","2026-08-27","MANUAL ENTRY, : reported directly in chat, not via batch_memory_capture.ps1.","","","","",""
"module_1756_ib16_n01","19832","1756-L81E","35.05","2026-08-22","","0","0","0","Logix Designer - Local1756N1 in module_1756_ib16_n01.ACD [1756-L81E 35.11]*",""
"module_1756_ib16_n03","21640","1756-L81E","35.05","2026-08-22","","0","0","0","Logix Designer - Local1756N3 in module_1756_ib16_n03.ACD [1756-L81E 35.11]*",""
"module_1756_ib16_n10","27968","1756-L81E","35.05","2026-08-22","","0","0","0","Logix Designer - Local1756N10 in module_1756_ib16_n10.ACD [1756-L81E 35.11]*",""
"module_genericeth_in0002_out0002","20184","1756-L81E","35.05","2026-08-22","","0","0","0","Logix Designer - GenericEth2x2 in module_genericeth_in0002_out0002.ACD [1756-L81E 35.11]*",""
"module_genericeth_in0008_out0008","20200","1756-L81E","35.05","2026-08-22","","0","0","0","Logix Designer - GenericEth8x8 in module_genericeth_in0008_out0008.ACD [1756-L81E 35.11]*",""
"module_genericeth_in0032_out0016","20328","1756-L81E","35.05","2026-08-22","","0","0","0","Logix Designer - GenericEth32x16 in module_genericeth_in0032_out0016.ACD [1756-L81E 35.11]*",""
"module_genericeth_in0450_out0008","21984","1756-L81E","35.05","2026-08-22","","0","0","0","Logix Designer - GenericEth450x8 in module_genericeth_in0450_out0008.ACD [1756-L81E 35.11]*",""
"modulemotion_d012_dual_axis","96104","UNKNOWN","UNKNOWN","2026-09-13","STALE CAPTURE CLEARED : the file's content changed after this capture ran, so the row measured a file that no longer exists. Needs recapture. Found by scripts/capture_errors.py's staleness check (content hash ignoring export timestamps, compared against the committed version as of the capture date).","0","0","0","Logix Designer - ModuleMotion4D012Dual in modulemotion_d012_dual_axis.ACD [1756-L81E 35.11]*","Complete - 0 error(s), 8 warning(s) | "
"modulemotion_d012_single_axis","73376","UNKNOWN","UNKNOWN","2026-09-13","STALE CAPTURE CLEARED : the file's content changed after this capture ran, so the row measured a file that no longer exists. Needs recapture. Found by scripts/capture_errors.py's staleness check (content hash ignoring export timestamps, compared against the committed version as of the capture date).","0","0","0","Logix Designer - ModuleMotion3D012 in modulemotion_d012_single_axis.ACD [1756-L81E 35.11]*","Complete - 0 error(s), 4 warning(s) | "
"modulemotion_p208_baseline","22136","1756-L81E","35.05","2026-08-24","","0","0","0","Logix Designer - ModuleMotion1P208 in modulemotion_p208_baseline.ACD [1756-L81E 35.11]*",""
"modulemotion_p208_with_axis","46024","1756-L81E","35.05","2026-08-24","","0","0","0","Logix Designer - ModuleMotion2P208Axis in modulemotion_p208_with_axis.ACD [1756-L81E 35.11]*",""
"modulemotion_s086_safety_axis","73368","UNKNOWN","UNKNOWN","2026-09-13","STALE CAPTURE CLEARED : the file's content changed after this capture ran, so the row measured a file that no longer exists. Needs recapture. Found by scripts/capture_errors.py's staleness check (content hash ignoring export timestamps, compared against the committed version as of the capture date).","0","0","0","Logix Designer - ModuleMotion5S086 in modulemotion_s086_safety_axis.ACD [1756-L81E 35.11]*","Complete - 0 error(s), 4 warning(s) | "
"moduleproto_1734aentr_cpu_ethernet","19824","1756-L81E","35.05","2026-08-24","","0","0","1","Logix Designer - ModuleProto2AENTR in moduleproto_1734aentr_cpu_ethernet.ACD [1756-L81E 35.11]*",""
"moduleproto_1756ib16_slot1","19840","1756-L81E","35.05","2026-08-24","","0","0","1","Logix Designer - ModuleProto1IB16 in moduleproto_1756ib16_slot1.ACD [1756-L81E 35.11]*",""
"moduleproto_en2t_downstream_ia16","21376","1756-L81E","35.05","2026-08-27","","0","0","0","Logix Designer - ModuleProto3EN2T in moduleproto_en2t_downstream_ia16.ACD [1756-L81E 35.11]*",""
"moduleproto_pointio_bus_mixed","25408","1756-L81E","35.05","2026-08-24","","0","0","0","Logix Designer - ModuleProto4PointIO in moduleproto_pointio_bus_mixed.ACD [1756-L81E 35.11]*",""
"moduleproto_pointio_safety_input","20784","1756-L81E","35.05","2026-08-24","","0","0","0","Logix Designer - ModuleProto5Safety in moduleproto_pointio_safety_input.ACD [1756-L81E 35.11]*",""
"modulerack_1756_local","61868","1756-L81E","35.05","2026-08-24","","0","0","0","Logix Designer - Rack1756Local in modulerack_1756_local.ACD [1756-L81E 35.11]*",""
"modulerack_1756_remote","34552","1756-L81E","35.05","2026-08-24","","0","0","0","Logix Designer - Rack1756Remote in modulerack_1756_remote.ACD [1756-L81E 35.11]*",""
"modulerack_kinetix_full_bus","230896","UNKNOWN","UNKNOWN","2026-09-13","STALE CAPTURE CLEARED : the file's content changed after this capture ran, so the row measured a file that no longer exists. Needs recapture. Found by scripts/capture_errors.py's staleness check (content hash ignoring export timestamps, compared against the committed version as of the capture date).","4","0","0","Logix Designer - KinetixFullBus in modulerack_kinetix_full_bus.ACD [1756-L83E 35.11]","Error: Tag 'Bus2_Drive_D020:SI': Invalid data type for safety tag. | Error: Tag 'Bus2_Drive_D057:SI': Invalid data type for safety tag. | Error: Tag 'Bus1_Drive_D032:SI': Invalid data type for safety tag. | Error: Project size exceeds controller capacity. | Complete - 4 error(s), 24 warning(s) | "
"modulerack_pointio_a","29632","1756-L81E","35.05","2026-08-24","","0","0","0","Logix Designer - PtIORackA in modulerack_pointio_a.ACD [1756-L81E 35.11]*",""
"modulerack_pointio_b","30680","1756-L81E","35.05","2026-08-24","","0","0","0","Logix Designer - PtIORackB in modulerack_pointio_b.ACD [1756-L81E 35.11]*",""
"modulesweep_150_smc_flex_e","25320","1756-L81E","35.05","2026-08-27","","0","0","0","Logix Designer - ModSweepGap150SMC in modulesweep_150_smc_flex_e.ACD [1756-L81E 35.11]*",""
"modulesweep_1732e_ib16m12dr_a","20360","1756-L81E","35.05","2026-08-24","","0","0","0","Logix Designer - ModSweep_1732EIB16M12DRA in modulesweep_1732e_ib16m12dr_a.ACD [1756-L81E 35.11]*",""
"modulesweep_1732e_ib16m12r_a","19560","1756-L81E","35.05","2026-08-24","","0","0","0","Logix Designer - ModSweep_1732EIB16M12RA in modulesweep_1732e_ib16m12r_a.ACD [1756-L81E 35.11]*",""
"modulesweep_1732e_ob16m12r_a","19952","1756-L81E","35.05","2026-08-24","","0","0","0","Logix Designer - ModSweep_1732EOB16M12RA in modulesweep_1732e_ob16m12r_a.ACD [1756-L81E 35.11]*",""
"modulesweep_1734_232asc_c","22976","1756-L81E","35.05","2026-08-24","","0","0","0","Logix Designer - ModSweep_1734232ASCC in modulesweep_1734_232asc_c.ACD [1756-L81E 35.11]*",""
"modulesweep_1734_485asc_c","22672","1756-L81E","35.05","2026-08-24","","0","0","0","Logix Designer - ModSweep_1734485ASCC in modulesweep_1734_485asc_c.ACD [1756-L81E 35.11]*",""
"modulesweep_1734_8cfg_c","21520","1756-L81E","35.05","2026-08-24","","0","0","0","Logix Designer - ModSweep_17348CFGC in modulesweep_1734_8cfg_c.ACD [1756-L81E 35.11]*",""
"modulesweep_1734_aent_b","19760","1756-L81E","35.05","2026-08-24","","0","0","0","Logix Designer - ModSweep_1734AENTB in modulesweep_1734_aent_b.ACD [1756-L81E 35.11]*",""
"modulesweep_1734_aent_c","19744","1756-L81E","35.05","2026-08-24","","0","0","0","Logix Designer - ModSweep_1734AENTC in modulesweep_1734_aent_c.ACD [1756-L81E 35.11]*",""
"modulesweep_1734_aentr_b","19744","1756-L81E","35.05","2026-08-24","","0","0","0","Logix Designer - ModSweep_1734AENTRB in modulesweep_1734_aentr_b.ACD [1756-L81E 35.11]*",""
"modulesweep_1734_aentr_c","19744","1756-L81E","35.05","2026-08-24","","0","0","0","Logix Designer - ModSweep_1734AENTRC in modulesweep_1734_aentr_c.ACD [1756-L81E 35.11]*",""
"modulesweep_1734_ib8_c","20976","1756-L81E","35.05","2026-08-24","","0","0","0","Logix Designer - ModSweep_1734IB8C in modulesweep_1734_ib8_c.ACD [1756-L81E 35.11]*",""
"modulesweep_1734_ib8s_b_variant_1conn","20832","1756-L81E","35.05","2026-08-24","","0","0","0","Logix Designer - ModSweepV_1734IB8SB1conn in modulesweep_1734_ib8s_b_variant_1conn.ACD [1756-L81E 35.11]*",""
"modulesweep_1734_ib8s_b_variant_2conn","20768","1756-L81E","35.05","2026-08-24","","0","0","0","Logix Designer - ModSweepV_1734IB8SB2conn in modulesweep_1734_ib8s_b_variant_2conn.ACD [1756-L81E 35.11]*",""
"modulesweep_1734_ie2c_c","22336","1756-L81E","35.05","2026-08-24","","0","0","0","Logix Designer - ModSweep_1734IE2CC in modulesweep_1734_ie2c_c.ACD [1756-L81E 35.11]*",""
"modulesweep_1734_ie2v_c","22200","1756-L81E","35.05","2026-08-24","","0","0","0","Logix Designer - ModSweep_1734IE2VC in modulesweep_1734_ie2v_c.ACD [1756-L81E 35.11]*",""
"modulesweep_1734_ie4c_c","23416","1756-L81E","35.05","2026-08-24","","0","0","0","Logix Designer - ModSweep_1734IE4CC in modulesweep_1734_ie4c_c.ACD [1756-L81E 35.11]*",""
"modulesweep_1734_ij_c","22576","1756-L81E","35.05","2026-08-27","","0","0","0","Logix Designer - ModSweep_1734IJC in modulesweep_1734_ij_c.ACD [1756-L81E 35.11]*",""
"modulesweep_1734_ik_c","22504","1756-L81E","35.05","2026-08-24","","0","0","0","Logix Designer - ModSweep_1734IKC in modulesweep_1734_ik_c.ACD [1756-L81E 35.11]*",""
"modulesweep_1734_ir2_c","22280","1756-L81E","35.05","2026-08-24","","0","0","0","Logix Designer - ModSweep_1734IR2C in modulesweep_1734_ir2_c.ACD [1756-L81E 35.11]*",""
"modulesweep_1734_oa4_c","20952","1756-L81E","35.05","2026-08-24","","0","0","0","Logix Designer - ModSweep_1734OA4C in modulesweep_1734_oa4_c.ACD [1756-L81E 35.11]*",""
"modulesweep_1734_ob2ep_c","21216","1756-L81E","35.05","2026-08-24","","0","0","0","Logix Designer - ModSweep_1734OB2EPC in modulesweep_1734_ob2ep_c.ACD [1756-L81E 35.11]*",""
"modulesweep_1734_ob8_c","21568","1756-L81E","35.05","2026-08-24","","0","0","0","Logix Designer - ModSweep_1734OB8C in modulesweep_1734_ob8_c.ACD [1756-L81E 35.11]*",""
"modulesweep_1734_ob8e_c","22320","1756-L81E","35.05","2026-08-24","","0","0","0","Logix Designer - ModSweep_1734OB8EC in modulesweep_1734_ob8e_c.ACD [1756-L81E 35.11]*",""
"modulesweep_1734_oe2c_c","22424","1756-L81E","35.05","2026-08-24","","0","0","0","Logix Designer - ModSweep_1734OE2CC in modulesweep_1734_oe2c_c.ACD [1756-L81E 35.11]*",""
"modulesweep_1756_cnb_d","18576","1756-L81E","35.05","2026-08-24","","0","0","0","Logix Designer - ModSweep_1756CNBD in modulesweep_1756_cnb_d.ACD [1756-L81E 35.11]*",""
"modulesweep_1756_dhrio_e","19520","1756-L81E","35.05","2026-08-24","","0","0","0","Logix Designer - ModSweep_1756DHRIOE in modulesweep_1756_dhrio_e.ACD [1756-L81E 35.11]*",""
"modulesweep_1756_dnb","25664","1756-L81E","35.05","2026-08-24","","0","1","0","Logix Designer - ModSweep_1756DNB in modulesweep_1756_dnb.ACD [1756-L81E 35.11]*",""
"modulesweep_1756_en2t_variant_1conn","18568","1756-L81E","35.05","2026-08-24","","0","0","0","Logix Designer - ModSweepV_1756EN2T1conn in modulesweep_1756_en2t_variant_1conn.ACD [1756-L81E 35.11]*",""
"modulesweep_1756_en2t_variant_1conn2","20712","1756-L81E","35.05","2026-08-24","","0","0","0","Logix Designer - ModSweepV_1756EN2T1conn2 in modulesweep_1756_en2t_variant_1conn2.ACD [1756-L81E 35.11]*",""
"modulesweep_1756_en2t_variant_noconn","18600","1756-L81E","35.05","2026-08-24","","0","0","0","Logix Designer - ModSweepV_1756EN2Tnoconn in modulesweep_1756_en2t_variant_noconn.ACD [1756-L81E 35.11]*",""
"modulesweep_1756_en4tr","21752","1756-L81E","35.05","2026-08-24","","0","0","0","Logix Designer - ModSweep_1756EN4TR in modulesweep_1756_en4tr.ACD [1756-L81E 35.11]*",""
"modulesweep_1756_enbt_a_variant_1conn","20712","1756-L81E","35.05","2026-08-24","","0","0","0","Logix Designer - ModSweepV_1756ENBTA1conn in modulesweep_1756_enbt_a_variant_1conn.ACD [1756-L81E 35.11]*",""
"modulesweep_1756_enbt_a_variant_noconn","18568","1756-L81E","35.05","2026-08-24","","0","0","0","Logix Designer - ModSweepV_1756ENBTAnocon in modulesweep_1756_enbt_a_variant_noconn.ACD [1756-L81E 35.11]*",""
"modulesweep_1756_hsc_a","20960","1756-L81E","35.05","2026-08-24","","0","0","0","Logix Designer - ModSweep_1756HSCA in modulesweep_1756_hsc_a.ACD [1756-L81E 35.11]*",""
"modulesweep_1756_hsc_b","20960","1756-L81E","35.05","2026-08-24","","0","0","0","Logix Designer - ModSweep_1756HSCB in modulesweep_1756_hsc_b.ACD [1756-L81E 35.11]*",""
"modulesweep_1756_hyd02","20420","1756-L81E","35.05","2026-08-24","","0","0","0","Logix Designer - ModSweep_1756HYD02 in modulesweep_1756_hyd02.ACD [1756-L81E 35.11]*",""
"modulesweep_1756_ia16_variant_1conn","19840","1756-L81E","35.05","2026-08-24","","0","0","0","Logix Designer - ModSweepV_1756IA161conn in modulesweep_1756_ia16_variant_1conn.ACD [1756-L81E 35.11]*",""
"modulesweep_1756_ia16_variant_rackaliased","21840","1756-L81E","35.05","2026-08-24","","0","0","0","Logix Designer - ModSweepV_1756IA16rackal in modulesweep_1756_ia16_variant_rackaliased.ACD [1756-L81E 35.11]*",""
"modulesweep_1756_ia32_a","19840","1756-L81E","35.05","2026-08-24","","0","0","0","Logix Designer - ModSweep_1756IA32A in modulesweep_1756_ia32_a.ACD [1756-L81E 35.11]*",""
"modulesweep_1756_ib16","19840","1756-L81E","35.05","2026-08-24","","0","0","0","Logix Designer - ModSweep_1756IB16 in modulesweep_1756_ib16.ACD [1756-L81E 35.11]*",""
"modulesweep_1756_ib16if_a","23120","1756-L81E","35.05","2026-08-24","","0","0","0","Logix Designer - ModSweep_1756IB16IFA in modulesweep_1756_ib16if_a.ACD [1756-L81E 35.11]*",""
"modulesweep_1756_ib32_b_variant_1conn","19840","1756-L81E","35.05","2026-08-24","","0","0","0","Logix Designer - ModSweepV_1756IB32B1conn in modulesweep_1756_ib32_b_variant_1conn.ACD [1756-L81E 35.11]*",""
"modulesweep_1756_ib32_b_variant_rackaliased","21840","1756-L81E","35.05","2026-08-24","","0","0","0","Logix Designer - ModSweepV_1756IB32Bracka in modulesweep_1756_ib32_b_variant_rackaliased.ACD [1756-L81E 35.11]*",""
"modulesweep_1756_if8_a","21728","1756-L81E","35.05","2026-08-24","","0","0","0","Logix Designer - ModSweep_1756IF8A in modulesweep_1756_if8_a.ACD [1756-L81E 35.11]*",""
"modulesweep_1756_oa16","20280","1756-L81E","35.05","2026-08-24","","0","0","0","Logix Designer - ModSweep_1756OA16 in modulesweep_1756_oa16.ACD [1756-L81E 35.11]*",""
"modulesweep_1756_oa16i","20008","1756-L81E","35.05","2026-08-24","","0","0","0","Logix Designer - ModSweep_1756OA16I in modulesweep_1756_oa16i.ACD [1756-L81E 35.11]*",""
"modulesweep_1756_ob16e_variant_1conn","20280","1756-L81E","35.05","2026-08-24","","0","0","0","Logix Designer - ModSweepV_1756OB16E1conn in modulesweep_1756_ob16e_variant_1conn.ACD [1756-L81E 35.11]*",""
"modulesweep_1756_ob16e_variant_rackaliased","21840","1756-L81E","35.05","2026-08-24","","0","0","0","Logix Designer - ModSweepV_1756OB16Eracka in modulesweep_1756_ob16e_variant_rackaliased.ACD [1756-L81E 35.11]*",""
"modulesweep_1756_ob32_variant_1conn","20008","1756-L81E","35.05","2026-08-24","","0","0","0","Logix Designer - ModSweepV_1756OB321conn in modulesweep_1756_ob32_variant_1conn.ACD [1756-L81E 35.11]*",""
"modulesweep_1756_ob32_variant_rackaliased","21760","1756-L81E","35.05","2026-08-24","","0","0","0","Logix Designer - ModSweepV_1756OB32rackal in modulesweep_1756_ob32_variant_rackaliased.ACD [1756-L81E 35.11]*",""
"modulesweep_1756_of4_a","22184","1756-L81E","35.05","2026-08-24","","0","0","0","Logix Designer - ModSweep_1756OF4A in modulesweep_1756_of4_a.ACD [1756-L81E 35.11]*",""
"modulesweep_1756_of8_b","23544","1756-L81E","35.05","2026-08-24","","0","0","0","Logix Designer - ModSweep_1756OF8B in modulesweep_1756_of8_b.ACD [1756-L81E 35.11]*",""
"modulesweep_1756_ow16i","21760","1756-L81E","35.05","2026-08-24","","0","0","0","Logix Designer - ModSweep_1756OW16I in modulesweep_1756_ow16i.ACD [1756-L81E 35.11]*",""
"modulesweep_1783_natr","18128","1756-L81E","35.05","2026-08-27","","0","0","0","Logix Designer - ModSweep_1783NATR in modulesweep_1783_natr.ACD [1756-L81E 35.11]*",""
"modulesweep_1794_acn15_c","20216","1756-L81E","35.05","2026-08-24","","0","0","0","Logix Designer - ModSweep_1794ACN15C in modulesweep_1794_acn15_c.ACD [1756-L81E 35.11]*",""
"modulesweep_1794_aent","19776","1756-L81E","35.05","2026-08-24","","0","0","0","Logix Designer - ModSweep_1794AENT in modulesweep_1794_aent.ACD [1756-L81E 35.11]*",""
"modulesweep_1794_ia16_a","21248","1756-L81E","35.05","2026-08-24","","0","0","0","Logix Designer - ModSweep_1794IA16A in modulesweep_1794_ia16_a.ACD [1756-L81E 35.11]*",""
"modulesweep_1794_ib16_a","21752","1756-L81E","35.05","2026-08-24","","0","0","0","Logix Designer - ModSweep_1794IB16A in modulesweep_1794_ib16_a.ACD [1756-L81E 35.11]*",""
"modulesweep_1794_ib16xob16p_a","21784","1756-L81E","35.05","2026-08-24","","0","0","0","Logix Designer - ModSweep_1794IB16XOB16PA in modulesweep_1794_ib16xob16p_a.ACD [1756-L81E 35.11]*",""
"modulesweep_1794_ib32_a","22192","1756-L81E","35.05","2026-08-24","","0","1","0","Logix Designer - ModSweep_1794IB32A in modulesweep_1794_ib32_a.ACD [1756-L81E 35.11]*",""
"modulesweep_1794_ir8_a","24512","1756-L81E","35.05","2026-08-24","","0","0","0","Logix Designer - ModSweep_1794IR8A in modulesweep_1794_ir8_a.ACD [1756-L81E 35.11]*",""
"modulesweep_1794_oa8_a","21576","1756-L81E","35.05","2026-08-24","","0","0","0","Logix Designer - ModSweep_1794OA8A in modulesweep_1794_oa8_a.ACD [1756-L81E 35.11]*",""
"modulesweep_1794_oe4_b","23224","1756-L81E","35.05","2026-08-24","","0","0","0","Logix Designer - ModSweep_1794OE4B in modulesweep_1794_oe4_b.ACD [1756-L81E 35.11]*",""
"modulesweep_1794_ow8_a","21576","1756-L81E","35.05","2026-08-24","","0","0","0","Logix Designer - ModSweep_1794OW8A in modulesweep_1794_ow8_a.ACD [1756-L81E 35.11]*",""
"modulesweep_1794_vhsc_a","26696","1756-L81E","35.05","2026-08-24","","0","0","0","Logix Designer - ModSweep_1794VHSCA in modulesweep_1794_vhsc_a.ACD [1756-L81E 35.11]*",""
"modulesweep_2097_v34pr5_lm","22024","1756-L81E","35.05","2026-08-24","","0","0","0","Logix Designer - ModSweep_2097V34PR5LM in modulesweep_2097_v34pr5_lm.ACD [1756-L81E 35.11]*",""
"modulesweep_2198_c4004_ers","22704","1756-L81E","35.05","2026-08-27","","0","0","0","Logix Designer - ModSweep_2198C4004ERS in modulesweep_2198_c4004_ers.ACD [1756-L81E 35.11]*",""
"modulesweep_2198_h008_ers","22176","1756-L81E","35.05","2026-08-27","","0","0","0","Logix Designer - ModSweep_2198H008ERS in modulesweep_2198_h008_ers.ACD [1756-L81E 35.11]*",""
"modulesweep_2198_p031","22160","1756-L81E","35.05","2026-08-24","","0","0","0","Logix Designer - ModSweep_2198P031 in modulesweep_2198_p031.ACD [1756-L81E 35.11]*",""
"modulesweep_2198_p070","22160","1756-L81E","35.05","2026-08-24","","0","0","0","Logix Designer - ModSweep_2198P070 in modulesweep_2198_p070.ACD [1756-L81E 35.11]*",""
"modulesweep_2198_p141","22160","1756-L81E","35.05","2026-08-24","","0","0","0","Logix Designer - ModSweep_2198P141 in modulesweep_2198_p141.ACD [1756-L81E 35.11]*",""
"modulesweep_2198_p208","22160","1756-L81E","35.05","2026-08-24","","0","0","0","Logix Designer - ModSweep_2198P208 in modulesweep_2198_p208.ACD [1756-L81E 35.11]*",""
"modulesweep_2198_rp200","22240","1756-L81E","35.05","2026-08-24","","0","0","0","Logix Designer - ModSweep_2198RP200 in modulesweep_2198_rp200.ACD [1756-L81E 35.11]*",""
"modulesweep_2702782","18128","1756-L81E","35.05","2026-08-24","","0","0","0","Logix Designer - ModSweep_2702782 in modulesweep_2702782.ACD [1756-L81E 35.11]*",""
"modulesweep_440c_cr30_22bbb_a","23064","1756-L81E","35.05","2026-08-24","","0","0","0","Logix Designer - ModSweep_440CCR3022BBBA in modulesweep_440c_cr30_22bbb_a.ACD [1756-L81E 35.11]*",""
"modulesweep_5069_ib16_a_r2","21161","5069-L306ER","35.05","2026-08-30","","0","0","0","Logix Designer - ModSweep_5069IB16A in modulesweep_5069_ib16_a_r2.ACD [5069-L306ER 35.11]",""
"modulesweep_5069_ib8s_a_r2","20272","5069-L306ERMS2","35.05","2026-08-29","","0","0","0","Logix Designer - ModSweep_5069IB8SA in modulesweep_5069_ib8s_a_r2.ACD [5069-L306ERMS2 35.11]*",""
"modulesweep_5069_iy4_a_r2","22521","5069-L306ER","35.05","2026-08-29","","0","0","0","Logix Designer - ModSweep_5069IY4A in modulesweep_5069_iy4_a_r2.ACD [5069-L306ER 35.11]*",""
"modulesweep_5069_obv8s_a_r2","20352","5069-L306ERMS2","35.05","2026-08-29","","0","0","0","Logix Designer - ModSweep_5069OBV8SA in modulesweep_5069_obv8s_a_r2.ACD [5069-L306ERMS2 35.11]*",""
"modulesweep_842e_cm_m","22024","1756-L81E","35.05","2026-08-24","","0","0","0","Logix Designer - ModSweep_842ECMM in modulesweep_842e_cm_m.ACD [1756-L81E 35.11]*",""
"modulesweep_843e_mipxxbax_a","21191","1756-L81E","35.05","2026-08-24","","0","0","0","Logix Designer - ModSweep_843EMIPxxBAxA in modulesweep_843e_mipxxbax_a.ACD [1756-L81E 35.11]*",""
"modulesweep_al1122","18128","1756-L81E","35.05","2026-08-24","","0","0","0","Logix Designer - ModSweep_AL1122 in modulesweep_al1122.ACD [1756-L81E 35.11]*",""
"modulesweep_al1222","18128","1756-L81E","35.05","2026-08-24","","0","0","0","Logix Designer - ModSweep_AL1222 in modulesweep_al1222.ACD [1756-L81E 35.11]*",""
"modulesweep_dsi_drive_peripheral_module","29704","1756-L81E","35.05","2026-08-24","","0","0","0","Logix Designer - ModSweep_DSIDRIVEPERIPHERALMO in modulesweep_dsi_drive_peripheral_module.ACD [1756-L81E 35.11]*",""
"modulesweep_ethernet_module_variant_1conn","22016","1756-L81E","35.05","2026-08-24","","0","0","0","Logix Designer - ModSweepV_ETHERNETMODULE in modulesweep_ethernet_module_variant_1conn.ACD [1756-L81E 35.11]*",""
"modulesweep_ethernet_module_variant_noconn","18408","1756-L81E","35.05","2026-08-27","","0","0","0","Logix Designer - ModSweepV_ETHERNETMODULE in modulesweep_ethernet_module_variant_noconn.ACD [1756-L81E 35.11]*",""
"modulesweep_ethernet_panelview_variant_1conn","19472","1756-L81E","35.05","2026-08-27","","0","0","0","Logix Designer - ModSweepV_ETHERNETPANELV in modulesweep_ethernet_panelview_variant_1conn.ACD [1756-L81E 35.11]*",""
"modulesweep_ethernet_panelview_variant_1conn2","20896","1756-L81E","35.05","2026-08-24","","0","0","0","Logix Designer - ModSweepV_ETHERNETPANELV in modulesweep_ethernet_panelview_variant_1conn2.ACD [1756-L81E 35.11]*",""
"modulesweep_ex260_sen1_a","19568","1756-L81E","35.05","2026-08-27","","0","0","0","Logix Designer - ModSweep_EX260SEN1A in modulesweep_ex260_sen1_a.ACD [1756-L81E 35.11]*",""
"modulesweep_ex260_sen3_a","19568","1756-L81E","35.05","2026-08-27","","0","0","0","Logix Designer - ModSweep_EX260SEN3A in modulesweep_ex260_sen3_a.ACD [1756-L81E 35.11]*",""
"modulesweep_powerflex_525_eenet","34080","1756-L81E","35.05","2026-08-27","","0","0","0","Logix Designer - ModSweep_PowerFlex525EENET in modulesweep_powerflex_525_eenet.ACD [1756-L81E 35.11]*",""
"modulesweep_powerflex_755_eenet","25008","1756-L81E","35.05","2026-08-24","","0","0","0","Logix Designer - ModSweep_PowerFlex755EENET in modulesweep_powerflex_755_eenet.ACD [1756-L81E 35.11]*",""
"modulesweep_powerflex_755_eenet_cm","22232","1756-L81E","35.05","2026-08-24","","0","0","0","Logix Designer - ModSweep_PowerFlex755EENETCM in modulesweep_powerflex_755_eenet_cm.ACD [1756-L81E 35.11]*",""
"modulesweep_powerflex_755_eenet_cm_s","22240","1756-L81E","35.05","2026-08-24","","0","0","0","Logix Designer - ModSweep_PowerFlex755EENETCMS in modulesweep_powerflex_755_eenet_cm_s.ACD [1756-L81E 35.11]*",""
"modulesweep_rhinobp_drive_peripheral_module","26096","1756-L81E","35.05","2026-08-24","","0","0","0","Logix Designer - ModSweep_RHINOBPDRIVEPERIPHER in modulesweep_rhinobp_drive_peripheral_module.ACD [1756-L81E 35.11]*",""
"modulevfd_powerflex525","34032","1756-L81E","35.05","2026-08-27","","0","0","0","Logix Designer - ModuleVfd1PF525 in modulevfd_powerflex525.ACD [1756-L81E 35.11]*",""
"modulevfd_powerflex755","24960","1756-L81E","35.05","2026-08-24","","0","0","0","Logix Designer - ModuleVfd2PF755 in modulevfd_powerflex755.ACD [1756-L81E 35.11]*",""
"motioninstr_mah_n00010","42712","1756-L81E","35.05","2026-08-22","","0","0","0","Logix Designer - MAHN10 in motioninstr_mah_n00010.ACD [1756-L81E 35.11]*",""
"motioninstr_mah_n00100","48112","1756-L81E","35.05","2026-08-22","","0","0","0","Logix Designer - MAHN100 in motioninstr_mah_n00100.ACD [1756-L81E 35.11]*",""
"motioninstr_maj_n00010","45536","1756-L81E","35.05","2026-08-23","","0","6","1","Logix Designer - MAJN10 in motioninstr_maj_n00010.ACD [1756-L81E 35.11]*",""
"motioninstr_maj_n00100","66776","1756-L81E","35.05","2026-08-23","","0","6","1","Logix Designer - MAJN100 in motioninstr_maj_n00100.ACD [1756-L81E 35.11]*",""
"motioninstr_mam_n00010","45416","1756-L81E","35.05","2026-08-23","","0","6","1","Logix Designer - MAMN10 in motioninstr_mam_n00010.ACD [1756-L81E 35.11]*",""
"motioninstr_mam_n00100","65576","1756-L81E","35.05","2026-08-23","","0","6","1","Logix Designer - MAMN100 in motioninstr_mam_n00100.ACD [1756-L81E 35.11]*",""
"motioninstr_mas_n00010","44176","1756-L81E","35.05","2026-08-23","","0","6","1","Logix Designer - MASN10 in motioninstr_mas_n00010.ACD [1756-L81E 35.11]*",""
"motioninstr_mas_n00100","53176","1756-L81E","35.05","2026-08-23","","0","6","1","Logix Designer - MASN100 in motioninstr_mas_n00100.ACD [1756-L81E 35.11]*",""
"motioninstr_mrp_n00010","44456","1756-L81E","35.05","2026-08-23","","0","6","1","Logix Designer - MRPN10 in motioninstr_mrp_n00010.ACD [1756-L81E 35.11]*",""
"motioninstr_mrp_n00100","55976","1756-L81E","35.05","2026-08-23","","0","6","1","Logix Designer - MRPN100 in motioninstr_mrp_n00100.ACD [1756-L81E 35.11]*",""
"motioninstr_mso_n00010","42712","1756-L81E","35.05","2026-08-22","","0","0","0","Logix Designer - MSON10 in motioninstr_mso_n00010.ACD [1756-L81E 35.11]*",""
"motioninstr_mso_n00100","48112","1756-L81E","35.05","2026-08-22","","0","0","0","Logix Designer - MSON100 in motioninstr_mso_n00100.ACD [1756-L81E 35.11]*",""
"motioninstr_n00001","18232","1756-L81E","35.05","2026-08-22","","0","0","0","Logix Designer - MotionInstrN1 in motioninstr_n00001.ACD [1756-L81E 35.11]*",""
"motioninstr_n00005","18648","1756-L81E","35.05","2026-08-22","","0","0","0","Logix Designer - MotionInstrN5 in motioninstr_n00005.ACD [1756-L81E 35.11]*",""
"motioninstr_n00050","23328","1756-L81E","35.05","2026-08-22","","0","0","0","Logix Designer - MotionInstrN50 in motioninstr_n00050.ACD [1756-L81E 35.11]*",""
"motionsyntax_maj_profilescurve_n01","43412","1756-L81E","35.05","2026-08-23","","0","6","1","Logix Designer - MajProfilescurve in motionsyntax_maj_profilescurve_n01.ACD [1756-L81E 35.11]*",""
"motionsyntax_maj_profiletrapezoidal_n01","43412","1756-L81E","35.05","2026-08-23","","0","6","1","Logix Designer - MajProfiletrapezoidal in motionsyntax_maj_profiletrapezoidal_n01.ACD [1756-L81E 35.11]*",""
"motionsyntax_mam_mergedisabled_n01","43400","1756-L81E","35.05","2026-08-23","","0","6","1","Logix Designer - MamMergeDisabled in motionsyntax_mam_mergedisabled_n01.ACD [1756-L81E 35.11]*",""
"motionsyntax_mam_mergeenabled_n01","43400","1756-L81E","35.05","2026-08-23","","0","6","1","Logix Designer - MamMergeEnabled in motionsyntax_mam_mergeenabled_n01.ACD [1756-L81E 35.11]*",""
"motionsyntax_mas_all_decelno_jerkno_n01","43276","1756-L81E","35.05","2026-08-23","","0","6","1","Logix Designer - MasComboAllDecelnoJerkno in motionsyntax_mas_all_decelno_jerkno_n01.ACD [1756-L81E 35.11]*",""
"motionsyntax_mas_all_decelno_jerkyes_n01","43276","1756-L81E","35.05","2026-08-23","","0","6","1","Logix Designer - MasComboAllDecelnoJerkyes in motionsyntax_mas_all_decelno_jerkyes_n01.ACD [1756-L81E 35.11]*",""
"motionsyntax_mas_all_decelyes_jerkno_n01","43276","1756-L81E","35.05","2026-08-23","","0","6","1","Logix Designer - MasComboAllDecelyesJerkno in motionsyntax_mas_all_decelyes_jerkno_n01.ACD [1756-L81E 35.11]*",""
"motionsyntax_mas_all_decelyes_jerkyes_n01","43276","1756-L81E","35.05","2026-08-23","","0","6","1","Logix Designer - MasComboAllDecelyesJerkyes in motionsyntax_mas_all_decelyes_jerkyes_n01.ACD [1756-L81E 35.11]*",""
"motionsyntax_mas_jog_decelno_jerkno_n01","43276","1756-L81E","35.05","2026-08-23","","0","6","1","Logix Designer - MasComboJogDecelnoJerkno in motionsyntax_mas_jog_decelno_jerkno_n01.ACD [1756-L81E 35.11]*",""
"motionsyntax_mas_jog_decelno_jerkyes_n01","43276","1756-L81E","35.05","2026-08-23","","0","6","1","Logix Designer - MasComboJogDecelnoJerkyes in motionsyntax_mas_jog_decelno_jerkyes_n01.ACD [1756-L81E 35.11]*",""
"motionsyntax_mas_jog_decelyes_jerkno_n01","43276","1756-L81E","35.05","2026-08-23","","0","6","1","Logix Designer - MasComboJogDecelyesJerkno in motionsyntax_mas_jog_decelyes_jerkno_n01.ACD [1756-L81E 35.11]*",""
"motionsyntax_mas_jog_decelyes_jerkyes_n01","43276","1756-L81E","35.05","2026-08-23","","0","6","1","Logix Designer - MasComboJogDecelyesJerkyes in motionsyntax_mas_jog_decelyes_jerkyes_n01.ACD [1756-L81E 35.11]*",""
"motionsyntax_mrp_actualzero_n01","43304","1756-L81E","35.05","2026-08-23","","0","6","1","Logix Designer - MrpVariantActualzero in motionsyntax_mrp_actualzero_n01.ACD [1756-L81E 35.11]*",""
"motionsyntax_mrp_zeroactualpos_n01","43252","1756-L81E","35.05","2026-08-23","","0","6","1","Logix Designer - MrpVariantZeroactualpos in motionsyntax_mrp_zeroactualpos_n01.ACD [1756-L81E 35.11]*",""
"motorstatus_10_instances","19472","1756-L81E","35.05","2026-08-22","","0","0","0","",""
"motorstatus_def_only","18432","1756-L81E","35.05","2026-08-22","","0","0","0","Logix Designer - MotorStatus in motorstatus_def_only.ACD [1756-L81E 35.11]*",""
"motorstatus_test","18536","1756-L81E","35.05","2026-08-22","","0","0","0","",""
"msgtype_cip_data_table_read","19100","1756-L81E","35.05","2026-08-27","","0","1","0","Logix Designer - MsgTypeCipDataTableRead in msgtype_cip_data_table_read.ACD [1756-L81E 35.11]*",""
"msgtype_cip_data_table_write","19100","1756-L81E","35.05","2026-08-27","","0","1","0","Logix Designer - MsgTypeCipDataTableWrite in msgtype_cip_data_table_write.ACD [1756-L81E 35.11]*",""
"msgtype_plc5_typed_read","19100","1756-L81E","35.05","2026-08-27","","0","1","0","Logix Designer - MsgTypePlc5TypedRead in msgtype_plc5_typed_read.ACD [1756-L81E 35.11]*",""
"msgtype_plc5_typed_write","19100","1756-L81E","35.05","2026-08-27","","0","1","0","Logix Designer - MsgTypePlc5TypedWrite in msgtype_plc5_typed_write.ACD [1756-L81E 35.11]*",""
"msgtype_plc5_word_range_write","19100","1756-L81E","35.05","2026-08-27","","0","1","0","Logix Designer - MsgTypePlc5WordRangeWrite in msgtype_plc5_word_range_write.ACD [1756-L81E 35.11]*",""
"msgtype_slc_typed_read","19100","1756-L81E","35.05","2026-08-27","","0","1","0","Logix Designer - MsgTypeSlcTypedRead in msgtype_slc_typed_read.ACD [1756-L81E 35.11]*",""
"msgtype_slc_typed_write","19100","1756-L81E","35.05","2026-08-27","","0","1","0","Logix Designer - MsgTypeSlcTypedWrite in msgtype_slc_typed_write.ACD [1756-L81E 35.11]*",""
"nested_aoi_1_instance","20640","1756-L81E","35.05","2026-08-22","","0","0","0","Logix Designer - OuterAOI in nested_aoi_1_instance.ACD [1756-L81E 35.11]*",""
"nested_aoi_def_only","20536","1756-L81E","35.05","2026-08-22","","0","0","0","Logix Designer - OuterAOI in nested_aoi_def_only.ACD [1756-L81E 35.11]*",""
"nested_udt_3level","18848","1756-L81E","35.05","2026-08-23","","","","","Logix Designer - LevelA in nested_udt_3level.ACD [1756-L81E 35.11]*",""
"nested_udt_array_member","18728","1756-L81E","35.05","2026-08-22","","0","0","0","Logix Designer - OuterNestedArray in nested_udt_array_member.ACD [1756-L81E 35.11]*",""
"nested_udt_scalar","18648","1756-L81E","35.05","2026-08-22","","0","0","0","Logix Designer - OuterNestedScalar in nested_udt_scalar.ACD [1756-L81E 35.11]*",""
"oddudt5_array_1000","26488","1756-L81E","35.05","2026-08-22","","0","0","0","",""
"paramcount_n01_def_only","19336","1756-L81E","35.05","2026-08-22","","0","0","0","Logix Designer - ParamCountN01 in paramcount_n01_def_only.ACD [1756-L81E 35.11]*",""
"paramcount_n02_def_only","19360","1756-L81E","35.05","2026-08-22","","0","0","0","Logix Designer - ParamCountN02 in paramcount_n02_def_only.ACD [1756-L81E 35.11]*",""
"paramcount_n04_def_only","19392","1756-L81E","35.05","2026-08-23","","0","0","1","Logix Designer - ParamCountN04 in paramcount_n04_def_only.ACD [1756-L81E 35.11]*",""
"paramcount_n04_def_only_v2","19400","1756-L81E","35.05","2026-08-23","","0","0","1","Logix Designer - ParamCountN04V2 in paramcount_n04_def_only_v2.ACD [1756-L81E 35.11]*",""
"paramcount_n08_def_only","19472","1756-L81E","35.05","2026-08-23","","0","0","1","Logix Designer - ParamCountN08 in paramcount_n08_def_only.ACD [1756-L81E 35.11]*",""
"paramcount_n08_def_only_v2","19472","1756-L81E","35.05","2026-08-23","","0","0","1","Logix Designer - ParamCountN08V2 in paramcount_n08_def_only_v2.ACD [1756-L81E 35.11]*",""
"paramcount_n16_def_only","19632","1756-L81E","35.05","2026-08-22","","0","0","0","Logix Designer - ParamCountN16 in paramcount_n16_def_only.ACD [1756-L81E 35.11]*",""
"paramcount_n32_def_only","19952","1756-L81E","35.05","2026-08-22","","0","0","0","Logix Designer - ParamCountN32 in paramcount_n32_def_only.ACD [1756-L81E 35.11]*",""
"paramtype_bool_n4_def_only","19376","1756-L81E","35.05","2026-08-22","","0","0","0","Logix Designer - ParamTypeBOOL in paramtype_bool_n4_def_only.ACD [1756-L81E 35.11]*",""
"paramtype_bool_n8_def_only","19440","1756-L81E","35.05","2026-08-22","","0","0","0","Logix Designer - ParamType8BOOL in paramtype_bool_n8_def_only.ACD [1756-L81E 35.11]*",""
"paramtype_dint_n4_def_only","19392","1756-L81E","35.05","2026-08-22","","0","0","0","Logix Designer - ParamTypeDINT in paramtype_dint_n4_def_only.ACD [1756-L81E 35.11]*",""
"paramtype_dint_n8_def_only","19472","1756-L81E","35.05","2026-08-22","","0","0","0","Logix Designer - ParamType8DINT in paramtype_dint_n8_def_only.ACD [1756-L81E 35.11]*",""
"paramtype_int_n4_def_only","19384","1756-L81E","35.05","2026-08-22","","0","0","0","Logix Designer - ParamTypeINT in paramtype_int_n4_def_only.ACD [1756-L81E 35.11]*",""
"paramtype_int_n8_def_only","19456","1756-L81E","35.05","2026-08-22","","0","0","0","Logix Designer - ParamType8INT in paramtype_int_n8_def_only.ACD [1756-L81E 35.11]*",""
"paramtype_lint_n4_def_only","19408","1756-L81E","35.05","2026-08-22","","0","0","0","Logix Designer - ParamTypeLINT in paramtype_lint_n4_def_only.ACD [1756-L81E 35.11]*",""
"paramtype_lint_n8_def_only","19504","1756-L81E","35.05","2026-08-22","","0","0","0","Logix Designer - ParamType8LINT in paramtype_lint_n8_def_only.ACD [1756-L81E 35.11]*",""
"paramtype_real_n4_def_only","19392","1756-L81E","35.05","2026-08-22","","0","0","0","Logix Designer - ParamTypeREAL in paramtype_real_n4_def_only.ACD [1756-L81E 35.11]*",""
"paramtype_real_n8_def_only","19472","1756-L81E","35.05","2026-08-22","","0","0","0","Logix Designer - ParamType8REAL in paramtype_real_n8_def_only.ACD [1756-L81E 35.11]*",""
"paramtype_sint_n4_def_only","19376","1756-L81E","35.05","2026-08-22","","0","0","0","Logix Designer - ParamTypeSINT in paramtype_sint_n4_def_only.ACD [1756-L81E 35.11]*",""
"paramtype_sint_n8_def_only","19448","1756-L81E","35.05","2026-08-22","","0","0","0","Logix Designer - ParamType8SINT in paramtype_sint_n8_def_only.ACD [1756-L81E 35.11]*",""
"predefprobe_alarm","18304","1756-L81E","35.05","2026-08-29","","0","0","0","Logix Designer - ProbeAlarm in predefprobe_alarm.ACD [1756-L81E 35.11]*",""
"predefprobe_alarm_analog","20673","1756-L81E","35.05","2026-08-29","","0","0","0","Logix Designer - ProbeAlarmAnalog in predefprobe_alarm_analog.ACD [1756-L81E 35.11]*",""
"predefprobe_alarm_digital","19185","1756-L81E","35.05","2026-08-29","","0","0","0","Logix Designer - ProbeAlarmDigital in predefprobe_alarm_digital.ACD [1756-L81E 35.11]*",""
"predefprobe_alarm_set_control","18216","1756-L81E","35.05","2026-08-29","","0","0","0","Logix Designer - ProbeAlarmSetControl in predefprobe_alarm_set_control.ACD [1756-L81E 35.11]*",""
"predefprobe_aux_valve_control","18280","1756-L81E","35.05","2026-08-29","","0","0","0","Logix Designer - ProbeAuxValveControl in predefprobe_aux_valve_control.ACD [1756-L81E 35.11]*",""
"predefprobe_axis_consumed","35008","1756-L81E","35.05","2026-08-29","","0","2","0","Logix Designer - ProbeAxisConsumed in predefprobe_axis_consumed.ACD [1756-L81E 35.11]*",""
"predefprobe_axis_generic_drive","35568","1756-L81E","35.05","2026-08-29","","0","5","0","Logix Designer - ProbeAxisGenericDrive in predefprobe_axis_generic_drive.ACD [1756-L81E 35.11]*",""
"predefprobe_axis_servo_drive","35568","1756-L81E","35.05","2026-08-29","","0","7","0","Logix Designer - ProbeAxisServoDrive in predefprobe_axis_servo_drive.ACD [1756-L81E 35.11]*",""
"predefprobe_bus_obj","18264","1756-L81E","35.05","2026-08-29","","0","0","0","Logix Designer - ProbeBusObj in predefprobe_bus_obj.ACD [1756-L81E 35.11]*",""
"predefprobe_cam_extended","18232","1756-L81E","35.05","2026-08-29","","0","0","0","Logix Designer - ProbeCamExtended in predefprobe_cam_extended.ACD [1756-L81E 35.11]*",""
"predefprobe_cam_profile_extended","18264","1756-L81E","35.05","2026-08-29","","0","0","0","Logix Designer - ProbeCamProfileExtended in predefprobe_cam_profile_extended.ACD [1756-L81E 35.11]*",""
"predefprobe_camshaft_monitor","18304","1756-L81E","35.05","2026-08-29","","0","0","0","Logix Designer - ProbeCamshaftMonitor in predefprobe_camshaft_monitor.ACD [1756-L81E 35.11]*",""
"predefprobe_cb_continuous_mode","18264","1756-L81E","35.05","2026-08-29","","0","0","0","Logix Designer - ProbeCbContinuousMode in predefprobe_cb_continuous_mode.ACD [1756-L81E 35.11]*",""
"predefprobe_cb_crankshaft_pos_monitor","18256","1756-L81E","35.05","2026-08-29","","0","0","0","Logix Designer - ProbeCbCrankshaftPosMonitor in predefprobe_cb_crankshaft_pos_monitor.ACD [1756-L81E 35.11]*",""
"predefprobe_cb_inch_mode","18256","1756-L81E","35.05","2026-08-29","","0","0","0","Logix Designer - ProbeCbInchMode in predefprobe_cb_inch_mode.ACD [1756-L81E 35.11]*",""
"predefprobe_cb_single_stroke_mode","18248","1756-L81E","35.05","2026-08-29","","0","0","0","Logix Designer - ProbeCbSingleStrokeMode in predefprobe_cb_single_stroke_mode.ACD [1756-L81E 35.11]*",""
"predefprobe_cc","26904","1756-L81E","35.05","2026-08-29","","0","0","0","Logix Designer - ProbeCc in predefprobe_cc.ACD [1756-L81E 35.11]*",""
"predefprobe_configurable_rout","18264","1756-L81E","35.05","2026-08-29","","0","0","0","Logix Designer - ProbeConfigurableRout in predefprobe_configurable_rout.ACD [1756-L81E 35.11]*",""
"predefprobe_connection_status","18216","1756-L81E","35.05","2026-08-29","","0","0","0","Logix Designer - ProbeConnectionStatus in predefprobe_connection_status.ACD [1756-L81E 35.11]*",""
"predefprobe_datalog_instruction","18224","1756-L81E","35.05","2026-08-29","","0","0","0","Logix Designer - ProbeDatalogInstruction in predefprobe_datalog_instruction.ACD [1756-L81E 35.11]*",""
"predefprobe_dca_input","18320","1756-L81E","35.05","2026-08-29","","0","0","0","Logix Designer - ProbeDcaInput in predefprobe_dca_input.ACD [1756-L81E 35.11]*",""
"predefprobe_dcaf_input","18320","1756-L81E","35.05","2026-08-29","","0","0","0","Logix Designer - ProbeDcafInput in predefprobe_dcaf_input.ACD [1756-L81E 35.11]*",""
"predefprobe_dci_monitor","18280","1756-L81E","35.05","2026-08-29","","0","0","0","Logix Designer - ProbeDciMonitor in predefprobe_dci_monitor.ACD [1756-L81E 35.11]*",""
"predefprobe_dci_start","18288","1756-L81E","35.05","2026-08-29","","0","0","0","Logix Designer - ProbeDciStart in predefprobe_dci_start.ACD [1756-L81E 35.11]*",""
"predefprobe_dci_stop","18288","1756-L81E","35.05","2026-08-29","","0","0","0","Logix Designer - ProbeDciStop in predefprobe_dci_stop.ACD [1756-L81E 35.11]*",""
"predefprobe_dci_stop_test","18304","1756-L81E","35.05","2026-08-29","","0","0","0","Logix Designer - ProbeDciStopTest in predefprobe_dci_stop_test.ACD [1756-L81E 35.11]*",""
"predefprobe_dci_stop_test_lock","18304","1756-L81E","35.05","2026-08-29","","0","0","0","Logix Designer - ProbeDciStopTestLock in predefprobe_dci_stop_test_lock.ACD [1756-L81E 35.11]*",""
"predefprobe_dci_stop_test_mute","18312","1756-L81E","35.05","2026-08-29","","0","0","0","Logix Designer - ProbeDciStopTestMute in predefprobe_dci_stop_test_mute.ACD [1756-L81E 35.11]*",""
"predefprobe_deadtime","18320","1756-L81E","35.05","2026-08-29","","0","0","0","Logix Designer - ProbeDeadtime in predefprobe_deadtime.ACD [1756-L81E 35.11]*",""
"predefprobe_derivative","18296","1756-L81E","35.05","2026-08-29","","0","0","0","Logix Designer - ProbeDerivative in predefprobe_derivative.ACD [1756-L81E 35.11]*",""
"predefprobe_discrete_2state","18248","1756-L81E","35.05","2026-08-29","","0","0","0","Logix Designer - ProbeDiscrete2State in predefprobe_discrete_2state.ACD [1756-L81E 35.11]*",""
"predefprobe_discrete_3state","18256","1756-L81E","35.05","2026-08-29","","0","0","0","Logix Designer - ProbeDiscrete3State in predefprobe_discrete_3state.ACD [1756-L81E 35.11]*",""
"predefprobe_diverse_input","18264","1756-L81E","35.05","2026-08-29","","0","0","0","Logix Designer - ProbeDiverseInput in predefprobe_diverse_input.ACD [1756-L81E 35.11]*",""
"predefprobe_dominant_reset","18224","1756-L81E","35.05","2026-08-29","","0","0","0","Logix Designer - ProbeDominantReset in predefprobe_dominant_reset.ACD [1756-L81E 35.11]*",""
"predefprobe_dominant_set","18224","1756-L81E","35.05","2026-08-29","","0","0","0","Logix Designer - ProbeDominantSet in predefprobe_dominant_set.ACD [1756-L81E 35.11]*",""
"predefprobe_dynamics_data","18256","1756-L81E","35.05","2026-08-29","","0","0","0","Logix Designer - ProbeDynamicsData in predefprobe_dynamics_data.ACD [1756-L81E 35.11]*",""
"predefprobe_eight_pos_mode_selector","18256","1756-L81E","35.05","2026-08-29","","0","0","0","Logix Designer - ProbeEightPosModeSelector in predefprobe_eight_pos_mode_selector.ACD [1756-L81E 35.11]*",""
"predefprobe_emergency_stop","18264","1756-L81E","35.05","2026-08-29","","0","0","0","Logix Designer - ProbeEmergencyStop in predefprobe_emergency_stop.ACD [1756-L81E 35.11]*",""
"predefprobe_enable_pendant","18264","1756-L81E","35.05","2026-08-29","","0","0","0","Logix Designer - ProbeEnablePendant in predefprobe_enable_pendant.ACD [1756-L81E 35.11]*",""
"predefprobe_energy_base","18319","1756-L81E","35.05","2026-08-29","","0","0","0","Logix Designer - ProbeEnergyBase in predefprobe_energy_base.ACD [1756-L81E 35.11]*",""
"predefprobe_energy_electrical","18319","1756-L81E","35.05","2026-08-29","","0","0","0","Logix Designer - ProbeEnergyElectrical in predefprobe_energy_electrical.ACD [1756-L81E 35.11]*",""
"predefprobe_ext_routine_control","18344","1756-L81E","35.05","2026-08-29","","0","0","0","Logix Designer - ProbeExtRoutineControl in predefprobe_ext_routine_control.ACD [1756-L81E 35.11]*",""
"predefprobe_ext_routine_parameters","18224","1756-L81E","35.05","2026-08-29","","0","0","0","Logix Designer - ProbeExtRoutineParameters in predefprobe_ext_routine_parameters.ACD [1756-L81E 35.11]*",""
"predefprobe_fbd_bit_field_distribute","18240","1756-L81E","35.05","2026-08-29","","0","0","0","Logix Designer - ProbeFbdBitFieldDistribute in predefprobe_fbd_bit_field_distribute.ACD [1756-L81E 35.11]*",""
"predefprobe_fbd_boolean_xor","18224","1756-L81E","35.05","2026-08-29","","0","0","0","Logix Designer - ProbeFbdBooleanXor in predefprobe_fbd_boolean_xor.ACD [1756-L81E 35.11]*",""
"predefprobe_fbd_compare","18224","1756-L81E","35.05","2026-08-29","","0","0","0","Logix Designer - ProbeFbdCompare in predefprobe_fbd_compare.ACD [1756-L81E 35.11]*",""
"predefprobe_fbd_convert","18224","1756-L81E","35.05","2026-08-29","","0","0","0","Logix Designer - ProbeFbdConvert in predefprobe_fbd_convert.ACD [1756-L81E 35.11]*",""
"predefprobe_fbd_counter","18232","1756-L81E","35.05","2026-08-29","","0","0","0","Logix Designer - ProbeFbdCounter in predefprobe_fbd_counter.ACD [1756-L81E 35.11]*",""
"predefprobe_fbd_limit","18224","1756-L81E","35.05","2026-08-29","","0","0","0","Logix Designer - ProbeFbdLimit in predefprobe_fbd_limit.ACD [1756-L81E 35.11]*",""
"predefprobe_fbd_logical","18224","1756-L81E","35.05","2026-08-29","","0","0","0","Logix Designer - ProbeFbdLogical in predefprobe_fbd_logical.ACD [1756-L81E 35.11]*",""
"predefprobe_fbd_mask_equal","18224","1756-L81E","35.05","2026-08-29","","0","0","0","Logix Designer - ProbeFbdMaskEqual in predefprobe_fbd_mask_equal.ACD [1756-L81E 35.11]*",""
"predefprobe_fbd_masked_move","18232","1756-L81E","35.05","2026-08-29","","0","0","0","Logix Designer - ProbeFbdMaskedMove in predefprobe_fbd_masked_move.ACD [1756-L81E 35.11]*",""
"predefprobe_fbd_math_advanced","18224","1756-L81E","35.05","2026-08-29","","0","0","0","Logix Designer - ProbeFbdMathAdvanced in predefprobe_fbd_math_advanced.ACD [1756-L81E 35.11]*",""
"predefprobe_fbd_truncate","18224","1756-L81E","35.05","2026-08-29","","0","0","0","Logix Designer - ProbeFbdTruncate in predefprobe_fbd_truncate.ACD [1756-L81E 35.11]*",""
"predefprobe_filter_high_pass","18368","1756-L81E","35.05","2026-08-29","","0","0","0","Logix Designer - ProbeFilterHighPass in predefprobe_filter_high_pass.ACD [1756-L81E 35.11]*",""
"predefprobe_filter_low_pass","18368","1756-L81E","35.05","2026-08-29","","0","0","0","Logix Designer - ProbeFilterLowPass in predefprobe_filter_low_pass.ACD [1756-L81E 35.11]*",""
"predefprobe_filter_notch","18392","1756-L81E","35.05","2026-08-29","","0","0","0","Logix Designer - ProbeFilterNotch in predefprobe_filter_notch.ACD [1756-L81E 35.11]*",""
"predefprobe_five_pos_mode_selector","18248","1756-L81E","35.05","2026-08-29","","0","0","0","Logix Designer - ProbeFivePosModeSelector in predefprobe_five_pos_mode_selector.ACD [1756-L81E 35.11]*",""
"predefprobe_flip_flop_d","18224","1756-L81E","35.05","2026-08-29","","0","0","0","Logix Designer - ProbeFlipFlopD in predefprobe_flip_flop_d.ACD [1756-L81E 35.11]*",""
"predefprobe_flip_flop_jk","18224","1756-L81E","35.05","2026-08-29","","0","0","0","Logix Designer - ProbeFlipFlopJk in predefprobe_flip_flop_jk.ACD [1756-L81E 35.11]*",""
"predefprobe_function_generator","18264","1756-L81E","35.05","2026-08-29","","0","0","0","Logix Designer - ProbeFunctionGenerator in predefprobe_function_generator.ACD [1756-L81E 35.11]*",""
"predefprobe_hl_limit","18248","1756-L81E","35.05","2026-08-29","","0","0","0","Logix Designer - ProbeHlLimit in predefprobe_hl_limit.ACD [1756-L81E 35.11]*",""
"predefprobe_hmibc","18240","1756-L81E","35.05","2026-08-29","","0","0","0","Logix Designer - ProbeHmibc in predefprobe_hmibc.ACD [1756-L81E 35.11]*",""
"predefprobe_imc","22528","1756-L81E","35.05","2026-08-29","","0","0","0","Logix Designer - ProbeImc in predefprobe_imc.ACD [1756-L81E 35.11]*",""
"predefprobe_integrator","18296","1756-L81E","35.05","2026-08-29","","0","0","0","Logix Designer - ProbeIntegrator in predefprobe_integrator.ACD [1756-L81E 35.11]*",""
"predefprobe_lead_lag","18344","1756-L81E","35.05","2026-08-29","","0","0","0","Logix Designer - ProbeLeadLag in predefprobe_lead_lag.ACD [1756-L81E 35.11]*",""
"predefprobe_lead_lag_sec_order","18384","1756-L81E","35.05","2026-08-29","","0","0","0","Logix Designer - ProbeLeadLagSecOrder in predefprobe_lead_lag_sec_order.ACD [1756-L81E 35.11]*",""
"predefprobe_light_curtain","18264","1756-L81E","35.05","2026-08-29","","0","0","0","Logix Designer - ProbeLightCurtain in predefprobe_light_curtain.ACD [1756-L81E 35.11]*",""
"predefprobe_main_valve_control","18264","1756-L81E","35.05","2026-08-29","","0","0","0","Logix Designer - ProbeMainValveControl in predefprobe_main_valve_control.ACD [1756-L81E 35.11]*",""
"predefprobe_manual_valve_control","18240","1756-L81E","35.05","2026-08-29","","0","0","0","Logix Designer - ProbeManualValveControl in predefprobe_manual_valve_control.ACD [1756-L81E 35.11]*",""
"predefprobe_maximum_capture","18240","1756-L81E","35.05","2026-08-29","","0","0","0","Logix Designer - ProbeMaximumCapture in predefprobe_maximum_capture.ACD [1756-L81E 35.11]*",""
"predefprobe_message","18900","1756-L81E","35.05","2026-08-29","","0","1","0","Logix Designer - ProbeMessage in predefprobe_message.ACD [1756-L81E 35.11]*",""
"predefprobe_minimum_capture","18240","1756-L81E","35.05","2026-08-29","","0","0","0","Logix Designer - ProbeMinimumCapture in predefprobe_minimum_capture.ACD [1756-L81E 35.11]*",""
"predefprobe_mmc","34600","1756-L81E","35.05","2026-08-29","","0","0","0","Logix Designer - ProbeMmc in predefprobe_mmc.ACD [1756-L81E 35.11]*",""
"predefprobe_moving_average","18264","1756-L81E","35.05","2026-08-29","","0","0","0","Logix Designer - ProbeMovingAverage in predefprobe_moving_average.ACD [1756-L81E 35.11]*",""
"predefprobe_moving_std_dev","18272","1756-L81E","35.05","2026-08-29","","0","0","0","Logix Designer - ProbeMovingStdDev in predefprobe_moving_std_dev.ACD [1756-L81E 35.11]*",""
"predefprobe_multiplexer","18272","1756-L81E","35.05","2026-08-29","","0","0","0","Logix Designer - ProbeMultiplexer in predefprobe_multiplexer.ACD [1756-L81E 35.11]*",""
"predefprobe_muting_four_sensor_bidir","18312","1756-L81E","35.05","2026-08-29","","0","0","0","Logix Designer - ProbeMutingFourSensorBidir in predefprobe_muting_four_sensor_bidir.ACD [1756-L81E 35.11]*",""
"predefprobe_muting_two_sensor_asym","18312","1756-L81E","35.05","2026-08-29","","0","0","0","Logix Designer - ProbeMutingTwoSensorAsym in predefprobe_muting_two_sensor_asym.ACD [1756-L81E 35.11]*",""
"predefprobe_muting_two_sensor_sym","18312","1756-L81E","35.05","2026-08-29","","0","0","0","Logix Designer - ProbeMutingTwoSensorSym in predefprobe_muting_two_sensor_sym.ACD [1756-L81E 35.11]*",""
"predefprobe_odometer","18224","1756-L81E","35.05","2026-08-29","","0","0","0","Logix Designer - ProbeOdometer in predefprobe_odometer.ACD [1756-L81E 35.11]*",""
"predefprobe_output_cam","18240","1756-L81E","35.05","2026-08-29","","0","0","0","Logix Designer - ProbeOutputCam in predefprobe_output_cam.ACD [1756-L81E 35.11]*",""
"predefprobe_output_compensation","18232","1756-L81E","35.05","2026-08-29","","0","0","0","Logix Designer - ProbeOutputCompensation in predefprobe_output_compensation.ACD [1756-L81E 35.11]",""
"predefprobe_p_analog_fanout","18656","1756-L81E","35.05","2026-08-29","","0","0","0","Logix Designer - ProbePAnalogFanout in predefprobe_p_analog_fanout.ACD [1756-L81E 35.11]*",""
"predefprobe_p_analog_hart","18616","1756-L81E","35.05","2026-08-29","","0","0","0","Logix Designer - ProbePAnalogHart in predefprobe_p_analog_hart.ACD [1756-L81E 35.11]*",""
"predefprobe_p_analog_input","18920","1756-L81E","35.05","2026-08-29","","0","0","0","Logix Designer - ProbePAnalogInput in predefprobe_p_analog_input.ACD [1756-L81E 35.11]*",""
"predefprobe_p_analog_input_dual","18480","1756-L81E","35.05","2026-08-29","","0","0","0","Logix Designer - ProbePAnalogInputDual in predefprobe_p_analog_input_dual.ACD [1756-L81E 35.11]*",""
"predefprobe_p_analog_input_multi","18704","1756-L81E","35.05","2026-08-29","","0","0","0","Logix Designer - ProbePAnalogInputMulti in predefprobe_p_analog_input_multi.ACD [1756-L81E 35.11]*",""
"predefprobe_p_analog_output","18640","1756-L81E","35.05","2026-08-29","","0","0","0","Logix Designer - ProbePAnalogOutput in predefprobe_p_analog_output.ACD [1756-L81E 35.11]*",""
"predefprobe_p_boolean_logic","18688","1756-L81E","35.05","2026-08-29","","0","0","0","Logix Designer - ProbePBooleanLogic in predefprobe_p_boolean_logic.ACD [1756-L81E 35.11]*",""
"predefprobe_p_command_source","18232","1756-L81E","35.05","2026-08-29","","0","0","0","Logix Designer - ProbePCommandSource in predefprobe_p_command_source.ACD [1756-L81E 35.11]*",""
"predefprobe_p_deadband","18608","1756-L81E","35.05","2026-08-29","","0","0","0","Logix Designer - ProbePDeadband in predefprobe_p_deadband.ACD [1756-L81E 35.11]*",""
"predefprobe_p_discrete_4state","18496","1756-L81E","35.05","2026-08-29","","0","0","0","Logix Designer - ProbePDiscrete4State in predefprobe_p_discrete_4state.ACD [1756-L81E 35.11]*",""
"predefprobe_p_discrete_input","18384","1756-L81E","35.05","2026-08-29","","0","0","0","Logix Designer - ProbePDiscreteInput in predefprobe_p_discrete_input.ACD [1756-L81E 35.11]*",""
"predefprobe_p_discrete_mix_proof","18528","1756-L81E","35.05","2026-08-29","","0","0","0","Logix Designer - ProbePDiscreteMixProof in predefprobe_p_discrete_mix_proof.ACD [1756-L81E 35.11]*",""
"predefprobe_p_discrete_n_position","18568","1756-L81E","35.05","2026-08-29","","0","0","0","Logix Designer - ProbePDiscreteNPosition in predefprobe_p_discrete_n_position.ACD [1756-L81E 35.11]*",""
"predefprobe_p_discrete_output","18512","1756-L81E","35.05","2026-08-29","","0","0","0","Logix Designer - ProbePDiscreteOutput in predefprobe_p_discrete_output.ACD [1756-L81E 35.11]*",""
"predefprobe_p_dosing","18696","1756-L81E","35.05","2026-08-29","","0","0","0","Logix Designer - ProbePDosing in predefprobe_p_dosing.ACD [1756-L81E 35.11]*",""
"predefprobe_p_hart_code_desc_status","18256","1756-L81E","35.05","2026-08-29","","0","0","0","Logix Designer - ProbePHartCodeDescStatus in predefprobe_p_hart_code_desc_status.ACD [1756-L81E 35.11]*",""
"predefprobe_p_high_low_select","18376","1756-L81E","35.05","2026-08-29","","0","0","0","Logix Designer - ProbePHighLowSelect in predefprobe_p_high_low_select.ACD [1756-L81E 35.11]*",""
"predefprobe_p_interlock","18416","1756-L81E","35.05","2026-08-29","","0","0","0","Logix Designer - ProbePInterlock in predefprobe_p_interlock.ACD [1756-L81E 35.11]*",""
"predefprobe_p_interlock_bank_status","18224","1756-L81E","35.05","2026-08-29","","0","0","0","Logix Designer - ProbePInterlockBankStatus in predefprobe_p_interlock_bank_status.ACD [1756-L81E 35.11]*",""
"predefprobe_p_lead_lag_standby","19496","1756-L81E","35.05","2026-08-29","","0","0","0","Logix Designer - ProbePLeadLagStandby in predefprobe_p_lead_lag_standby.ACD [1756-L81E 35.11]*",""
"predefprobe_p_lead_lag_standby_motor","18240","1756-L81E","35.05","2026-08-29","","0","0","0","Logix Designer - ProbePLeadLagStandbyMotor in predefprobe_p_lead_lag_standby_motor.ACD [1756-L81E 35.11]*",""
"predefprobe_p_motor_discrete","18720","1756-L81E","35.05","2026-08-29","","0","0","0","Logix Designer - ProbePMotorDiscrete in predefprobe_p_motor_discrete.ACD [1756-L81E 35.11]*",""
"predefprobe_p_permissive","18248","1756-L81E","35.05","2026-08-29","","0","0","0","Logix Designer - ProbePPermissive in predefprobe_p_permissive.ACD [1756-L81E 35.11]*",""
"predefprobe_p_pid","19024","1756-L81E","35.05","2026-08-29","","0","0","0","Logix Designer - ProbePPid in predefprobe_p_pid.ACD [1756-L81E 35.11]*",""
"predefprobe_p_press_temp_compensated","18272","1756-L81E","35.05","2026-08-29","","0","0","0","Logix Designer - ProbePPressTempCompensated in predefprobe_p_press_temp_compensated.ACD [1756-L81E 35.11]*",""
"predefprobe_p_restart_inhibit","18384","1756-L81E","35.05","2026-08-29","","0","0","0","Logix Designer - ProbePRestartInhibit in predefprobe_p_restart_inhibit.ACD [1756-L81E 35.11]*",""
"predefprobe_p_run_time","18280","1756-L81E","35.05","2026-08-29","","0","0","0","Logix Designer - ProbePRunTime in predefprobe_p_run_time.ACD [1756-L81E 35.11]*",""
"predefprobe_p_strapping_table_row","18224","1756-L81E","35.05","2026-08-29","","0","0","0","Logix Designer - ProbePStrappingTableRow in predefprobe_p_strapping_table_row.ACD [1756-L81E 35.11]*",""
"predefprobe_p_tank_strapping_table","18320","1756-L81E","35.05","2026-08-29","","0","0","0","Logix Designer - ProbePTankStrappingTable in predefprobe_p_tank_strapping_table.ACD [1756-L81E 35.11]*",""
"predefprobe_p_valve_discrete","18696","1756-L81E","35.05","2026-08-29","","0","0","0","Logix Designer - ProbePValveDiscrete in predefprobe_p_valve_discrete.ACD [1756-L81E 35.11]*",""
"predefprobe_p_valve_statistics","18672","1756-L81E","35.05","2026-08-29","","0","0","0","Logix Designer - ProbePValveStatistics in predefprobe_p_valve_statistics.ACD [1756-L81E 35.11]*",""
"predefprobe_p_variable_speed_drive","18864","1756-L81E","35.05","2026-08-29","","0","0","0","Logix Designer - ProbePVariableSpeedDrive in predefprobe_p_variable_speed_drive.ACD [1756-L81E 35.11]*",""
"predefprobe_path_data","18280","1756-L81E","35.05","2026-08-29","","0","0","0","Logix Designer - ProbePathData in predefprobe_path_data.ACD [1756-L81E 35.11]*",""
"predefprobe_phase","18240","1756-L81E","35.05","2026-08-29","","0","0","0","Logix Designer - ProbePhase in predefprobe_phase.ACD [1756-L81E 35.11]*",""
"predefprobe_phase_instruction","18216","1756-L81E","35.05","2026-08-29","","0","0","0","Logix Designer - ProbePhaseInstruction in predefprobe_phase_instruction.ACD [1756-L81E 35.11]*",""
"predefprobe_pid","18392","1756-L81E","35.05","2026-08-29","","0","0","0","Logix Designer - ProbePid in predefprobe_pid.ACD [1756-L81E 35.11]*",""
"predefprobe_pid_enhanced","18608","1756-L81E","35.05","2026-08-29","","0","0","0","Logix Designer - ProbePidEnhanced in predefprobe_pid_enhanced.ACD [1756-L81E 35.11]*",""
"predefprobe_pide_autotune","19184","1756-L81E","35.05","2026-08-29","","0","0","0","Logix Designer - ProbePideAutotune in predefprobe_pide_autotune.ACD [1756-L81E 35.11]*",""
"predefprobe_position_data","18240","1756-L81E","35.05","2026-08-29","","0","0","0","Logix Designer - ProbePositionData in predefprobe_position_data.ACD [1756-L81E 35.11]*",""
"predefprobe_position_prop","18336","1756-L81E","35.05","2026-08-29","","0","0","0","Logix Designer - ProbePositionProp in predefprobe_position_prop.ACD [1756-L81E 35.11]*",""
"predefprobe_prop_int","18344","1756-L81E","35.05","2026-08-29","","0","0","0","Logix Designer - ProbePropInt in predefprobe_prop_int.ACD [1756-L81E 35.11]*",""
"predefprobe_pulse_multiplier","18256","1756-L81E","35.05","2026-08-29","","0","0","0","Logix Designer - ProbePulseMultiplier in predefprobe_pulse_multiplier.ACD [1756-L81E 35.11]*",""
"predefprobe_rac_code_description","18304","1756-L81E","35.05","2026-08-29","","0","0","0","Logix Designer - ProbeRacCodeDescription in predefprobe_rac_code_description.ACD [1756-L81E 35.11]*",""
"predefprobe_rac_event","18360","1756-L81E","35.05","2026-08-29","","0","0","0","Logix Designer - ProbeRacEvent in predefprobe_rac_event.ACD [1756-L81E 35.11]*",""
"predefprobe_rac_itf_dvc_pwrdiscrete_cmd","18216","1756-L81E","35.05","2026-08-29","","0","0","0","Logix Designer - ProbeRacItfDvcPwrdiscreteCmd in predefprobe_rac_itf_dvc_pwrdiscrete_cmd.ACD [1756-L81E 35.11]*",""
"predefprobe_rac_itf_dvc_pwrdiscrete_set","18216","1756-L81E","35.05","2026-08-29","","0","0","0","Logix Designer - ProbeRacItfDvcPwrdiscreteSet in predefprobe_rac_itf_dvc_pwrdiscrete_set.ACD [1756-L81E 35.11]*",""
"predefprobe_rac_itf_dvc_pwrdiscrete_sts","18528","1756-L81E","35.05","2026-08-29","","0","0","0","Logix Designer - ProbeRacItfDvcPwrdiscreteSts in predefprobe_rac_itf_dvc_pwrdiscrete_sts.ACD [1756-L81E 35.11]*",""
"predefprobe_rac_itf_dvc_pwrmotion_cmd","18216","1756-L81E","35.05","2026-08-29","","0","0","0","Logix Designer - ProbeRacItfDvcPwrmotionCmd in predefprobe_rac_itf_dvc_pwrmotion_cmd.ACD [1756-L81E 35.11]*",""
"predefprobe_rac_itf_dvc_pwrmotion_inf","18216","1756-L81E","35.05","2026-08-29","","0","0","0","Logix Designer - ProbeRacItfDvcPwrmotionInf in predefprobe_rac_itf_dvc_pwrmotion_inf.ACD [1756-L81E 35.11]*",""
"predefprobe_rac_itf_dvc_pwrmotion_set","18216","1756-L81E","35.05","2026-08-29","","0","0","0","Logix Designer - ProbeRacItfDvcPwrmotionSet in predefprobe_rac_itf_dvc_pwrmotion_set.ACD [1756-L81E 35.11]*",""
"predefprobe_rac_itf_dvc_pwrmotion_sts","18528","1756-L81E","35.05","2026-08-29","","0","0","0","Logix Designer - ProbeRacItfDvcPwrmotionSts in predefprobe_rac_itf_dvc_pwrmotion_sts.ACD [1756-L81E 35.11]*",""
"predefprobe_rac_itf_dvc_pwrvelocity_cmd","18216","1756-L81E","35.05","2026-08-29","","0","0","0","Logix Designer - ProbeRacItfDvcPwrvelocityCmd in predefprobe_rac_itf_dvc_pwrvelocity_cmd.ACD [1756-L81E 35.11]*",""
"predefprobe_rac_itf_dvc_pwrvelocity_set","18216","1756-L81E","35.05","2026-08-29","","0","0","0","Logix Designer - ProbeRacItfDvcPwrvelocitySet in predefprobe_rac_itf_dvc_pwrvelocity_set.ACD [1756-L81E 35.11]*",""
"predefprobe_rac_itf_dvc_pwrvelocity_sts","18536","1756-L81E","35.05","2026-08-29","","0","0","0","Logix Designer - ProbeRacItfDvcPwrvelocitySts in predefprobe_rac_itf_dvc_pwrvelocity_sts.ACD [1756-L81E 35.11]*",""
"predefprobe_ramp_soak","18320","1756-L81E","35.05","2026-08-29","","0","0","0","Logix Designer - ProbeRampSoak in predefprobe_ramp_soak.ACD [1756-L81E 35.11]*",""
"predefprobe_redundant_input","18264","1756-L81E","35.05","2026-08-29","","0","0","0","Logix Designer - ProbeRedundantInput in predefprobe_redundant_input.ACD [1756-L81E 35.11]*",""
"predefprobe_redundant_output","18248","1756-L81E","35.05","2026-08-29","","0","0","0","Logix Designer - ProbeRedundantOutput in predefprobe_redundant_output.ACD [1756-L81E 35.11]*",""
"predefprobe_s_curve","18328","1756-L81E","35.05","2026-08-29","","0","0","0","Logix Designer - ProbeSCurve in predefprobe_s_curve.ACD [1756-L81E 35.11]*",""
"predefprobe_safe_brake_control","18264","1756-L81E","35.05","2026-08-29","","0","0","0","Logix Designer - ProbeSafeBrakeControl in predefprobe_safe_brake_control.ACD [1756-L81E 35.11]*",""
"predefprobe_safe_direction","18240","1756-L81E","35.05","2026-08-29","","0","0","0","Logix Designer - ProbeSafeDirection in predefprobe_safe_direction.ACD [1756-L81E 35.11]*",""
"predefprobe_safe_operating_stop","18272","1756-L81E","35.05","2026-08-29","","0","0","0","Logix Designer - ProbeSafeOperatingStop in predefprobe_safe_operating_stop.ACD [1756-L81E 35.11]*",""
"predefprobe_safe_stop_1","18288","1756-L81E","35.05","2026-08-29","","0","0","0","Logix Designer - ProbeSafeStop1 in predefprobe_safe_stop_1.ACD [1756-L81E 35.11]*",""
"predefprobe_safe_stop_2","18344","1756-L81E","35.05","2026-08-29","","0","0","0","Logix Designer - ProbeSafeStop2 in predefprobe_safe_stop_2.ACD [1756-L81E 35.11]*",""
"predefprobe_safely_limited_position","18264","1756-L81E","35.05","2026-08-29","","0","0","0","Logix Designer - ProbeSafelyLimitedPosition in predefprobe_safely_limited_position.ACD [1756-L81E 35.11]*",""
"predefprobe_safely_limited_speed","18248","1756-L81E","35.05","2026-08-29","","0","0","0","Logix Designer - ProbeSafelyLimitedSpeed in predefprobe_safely_limited_speed.ACD [1756-L81E 35.11]*",""
"predefprobe_safety_feedback_interface","18312","1756-L81E","35.05","2026-08-29","","0","0","0","Logix Designer - ProbeSafetyFeedbackInterface in predefprobe_safety_feedback_interface.ACD [1756-L81E 35.11]*",""
"predefprobe_safety_mat","18256","1756-L81E","35.05","2026-08-29","","0","0","0","Logix Designer - ProbeSafetyMat in predefprobe_safety_mat.ACD [1756-L81E 35.11]*",""
"predefprobe_sec_order_controller","18384","1756-L81E","35.05","2026-08-29","","0","0","0","Logix Designer - ProbeSecOrderController in predefprobe_sec_order_controller.ACD [1756-L81E 35.11]*",""
"predefprobe_select","18232","1756-L81E","35.05","2026-08-29","","0","0","0","Logix Designer - ProbeSelect in predefprobe_select.ACD [1756-L81E 35.11]*",""
"predefprobe_select_enhanced","18272","1756-L81E","35.05","2026-08-29","","0","0","0","Logix Designer - ProbeSelectEnhanced in predefprobe_select_enhanced.ACD [1756-L81E 35.11]*",""
"predefprobe_selectable_negate","18232","1756-L81E","35.05","2026-08-29","","0","0","0","Logix Designer - ProbeSelectableNegate in predefprobe_selectable_negate.ACD [1756-L81E 35.11]*",""
"predefprobe_selected_summer","18296","1756-L81E","35.05","2026-08-29","","0","0","0","Logix Designer - ProbeSelectedSummer in predefprobe_selected_summer.ACD [1756-L81E 35.11]*",""
"predefprobe_seq_bool","18216","1756-L81E","35.05","2026-08-29","","0","0","0","Logix Designer - ProbeSeqBool in predefprobe_seq_bool.ACD [1756-L81E 35.11]*",""
"predefprobe_seq_dint","18224","1756-L81E","35.05","2026-08-29","","0","0","0","Logix Designer - ProbeSeqDint in predefprobe_seq_dint.ACD [1756-L81E 35.11]*",""
"predefprobe_seq_int","18216","1756-L81E","35.05","2026-08-29","","0","0","0","Logix Designer - ProbeSeqInt in predefprobe_seq_int.ACD [1756-L81E 35.11]*",""
"predefprobe_seq_real","18224","1756-L81E","35.05","2026-08-29","","0","0","0","Logix Designer - ProbeSeqReal in predefprobe_seq_real.ACD [1756-L81E 35.11]*",""
"predefprobe_seq_sint","18216","1756-L81E","35.05","2026-08-29","","0","0","0","Logix Designer - ProbeSeqSint in predefprobe_seq_sint.ACD [1756-L81E 35.11]*",""
"predefprobe_seq_step","18272","1756-L81E","35.05","2026-08-29","","0","0","0","Logix Designer - ProbeSeqStep in predefprobe_seq_step.ACD [1756-L81E 35.11]*",""
"predefprobe_seq_string","18480","1756-L81E","35.05","2026-08-29","","0","0","0","Logix Designer - ProbeSeqString in predefprobe_seq_string.ACD [1756-L81E 35.11]*",""
"predefprobe_seq_transition","18224","1756-L81E","35.05","2026-08-29","","0","0","0","Logix Designer - ProbeSeqTransition in predefprobe_seq_transition.ACD [1756-L81E 35.11]*",""
"predefprobe_sequence","18352","1756-L81E","35.05","2026-08-29","","0","0","0","Logix Designer - ProbeSequence in predefprobe_sequence.ACD [1756-L81E 35.11]*",""
"predefprobe_serial_port_control","18224","1756-L81E","35.05","2026-08-29","","0","0","0","Logix Designer - ProbeSerialPortControl in predefprobe_serial_port_control.ACD [1756-L81E 35.11]*",""
"predefprobe_sfc_stop","18232","1756-L81E","35.05","2026-08-29","","0","0","0","Logix Designer - ProbeSfcStop in predefprobe_sfc_stop.ACD [1756-L81E 35.11]*",""
"predefprobe_signed_odometer","18224","1756-L81E","35.05","2026-08-29","","0","0","0","Logix Designer - ProbeSignedOdometer in predefprobe_signed_odometer.ACD [1756-L81E 35.11]*",""
"predefprobe_split_range","18320","1756-L81E","35.05","2026-08-29","","0","0","0","Logix Designer - ProbeSplitRange in predefprobe_split_range.ACD [1756-L81E 35.11]*",""
"predefprobe_string_16","18232","1756-L81E","35.05","2026-08-29","","0","0","0","Logix Designer - ProbeString16 in predefprobe_string_16.ACD [1756-L81E 35.11]*",""
"predefprobe_string_32","18248","1756-L81E","35.05","2026-08-29","","0","0","0","Logix Designer - ProbeString32 in predefprobe_string_32.ACD [1756-L81E 35.11]*",""
"predefprobe_thrs_enhanced","18304","1756-L81E","35.05","2026-08-29","","0","0","0","Logix Designer - ProbeThrsEnhanced in predefprobe_thrs_enhanced.ACD [1756-L81E 35.11]*",""
"predefprobe_totalizer","18328","1756-L81E","35.05","2026-08-29","","0","0","0","Logix Designer - ProbeTotalizer in predefprobe_totalizer.ACD [1756-L81E 35.11]*",""
"predefprobe_two_hand_run_station","18256","1756-L81E","35.05","2026-08-29","","0","0","0","Logix Designer - ProbeTwoHandRunStation in predefprobe_two_hand_run_station.ACD [1756-L81E 35.11]*",""
"predefprobe_up_down_accum","18240","1756-L81E","35.05","2026-08-29","","0","0","0","Logix Designer - ProbeUpDownAccum in predefprobe_up_down_accum.ACD [1756-L81E 35.11]*",""
"programoverhead_n02progs_1task","18900","1756-L81E","35.05","2026-08-23","","0","0","1","Logix Designer - TaskOverheadSameTask2Prog in programoverhead_n02progs_1task.ACD [1756-L81E 35.11]*",""
"randommix_00_n00609rungs_06types","64284","1756-L81E","35.05","2026-08-22","","0","0","0","Logix Designer - RandomMix0 in randommix_00_n00609rungs_06types.ACD [1756-L81E 35.11]*",""
"randommix_01_n00505rungs_05types","51724","1756-L81E","35.05","2026-08-22","","0","0","0","Logix Designer - RandomMix1 in randommix_01_n00505rungs_05types.ACD [1756-L81E 35.11]*",""
"randommix_02_n00564rungs_05types","49528","1756-L81E","35.05","2026-08-22","","0","0","0","Logix Designer - RandomMix2 in randommix_02_n00564rungs_05types.ACD [1756-L81E 35.11]*",""
"randommix_03_n00724rungs_09types","60544","1756-L81E","35.05","2026-08-22","","0","0","0","Logix Designer - RandomMix3 in randommix_03_n00724rungs_09types.ACD [1756-L81E 35.11]*",""
"randommix_04_n01019rungs_10types","81964","1756-L81E","35.05","2026-08-22","","0","0","0","Logix Designer - RandomMix4 in randommix_04_n01019rungs_10types.ACD [1756-L81E 35.11]*",""
"randommix_05_n27267rungs_23types","1393080","1756-L81E","35.05","2026-08-22","","0","0","0","Logix Designer - RandomMix5 in randommix_05_n27267rungs_23types.ACD [1756-L81E 35.11]*",""
"randommix_06_n18542rungs_19types","1061824","1756-L81E","35.05","2026-08-22","","0","0","0","Logix Designer - RandomMix6 in randommix_06_n18542rungs_19types.ACD [1756-L81E 35.11]*",""
"randommix_07_n19811rungs_24types","981400","1756-L81E","35.05","2026-08-22","","0","0","0","Logix Designer - RandomMix7 in randommix_07_n19811rungs_24types.ACD [1756-L81E 35.11]*",""
"reqvis_2req2optional_call_optomitted","19936","1756-L81E","35.05","2026-08-23","","","","","Logix Designer - ReqVisOmit in reqvis_2req2optional_call_optomitted.ACD [1756-L81E 35.11]",""
"reqvis_allhidden_call_full","19760","1756-L81E","35.05","2026-08-23","","","","","Logix Designer - ReqVisCallAllhidden in reqvis_allhidden_call_full.ACD [1756-L81E 35.11]",""
"reqvis_allhidden_n4_def_only","19400","1756-L81E","35.05","2026-08-23","","","","","Logix Designer - ReqVisAllhidden in reqvis_allhidden_n4_def_only.ACD [1756-L81E 35.11]*",""
"reqvis_allrequired_call_full","20152","1756-L81E","35.05","2026-08-23","","","","","Logix Designer - ReqVisCallAllrequired in reqvis_allrequired_call_full.ACD [1756-L81E 35.11]",""
"reqvis_allrequired_n4_def_only","19400","1756-L81E","35.05","2026-08-23","","","","","Logix Designer - ReqVisAllrequired in reqvis_allrequired_n4_def_only.ACD [1756-L81E 35.11]*",""
"reqvis_allvisibleoptional_n4_def_only","19416","1756-L81E","35.05","2026-08-23","","","","","Logix Designer - ReqVisAllvisibleoptional in reqvis_allvisibleoptional_n4_def_only.ACD [1756-L81E 35.11]*",""
"reqvis_mixed_n4_def_only","19384","1756-L81E","35.05","2026-08-23","","","","","Logix Designer - ReqVisMixed in reqvis_mixed_n4_def_only.ACD [1756-L81E 35.11]*",""
"sample_0001","18128","1756-L81E","35.05","2026-08-22","","0","0","0","",""
"sample_0002","114128","1756-L81E","35.05","2026-08-22","","0","0","0","",""
"string_builtin_x1000","186128","1756-L81E","35.05","2026-08-23","","","","","Logix Designer - StringX1000 in string_builtin_x1000.ACD [1756-L81E 35.11]*",""
"stringarray_builtin_n001","18304","1756-L81E","35.05","2026-08-23","","0","0","1","Logix Designer - StringArrayCsN1 in stringarray_builtin_n001.ACD [1756-L81E 35.11]*",""
"stringarray_builtin_n005","18656","1756-L81E","35.05","2026-08-23","","0","0","1","Logix Designer - StringArrayN5 in stringarray_builtin_n005.ACD [1756-L81E 35.11]*",""
"stringarray_builtin_n010","19096","1756-L81E","35.05","2026-08-23","","0","0","1","Logix Designer - StringArrayCsN10 in stringarray_builtin_n010.ACD [1756-L81E 35.11]*",""
"stringarray_builtin_n025","20416","1756-L81E","35.05","2026-08-23","","0","0","1","Logix Designer - StringArrayCsN25 in stringarray_builtin_n025.ACD [1756-L81E 35.11]*",""
"stringarray_builtin_n050","22616","1756-L81E","35.05","2026-08-23","","0","0","1","Logix Designer - StringArrayN50 in stringarray_builtin_n050.ACD [1756-L81E 35.11]*",""
"stringarray_builtin_n100","27016","1756-L81E","35.05","2026-08-23","","0","0","1","Logix Designer - StringArrayCsN100 in stringarray_builtin_n100.ACD [1756-L81E 35.11]*",""
"stringarray_custom100_cs_n001","18544","1756-L81E","35.05","2026-08-23","","0","0","1","Logix Designer - CustomStringArrayCsN1 in stringarray_custom100_cs_n001.ACD [1756-L81E 35.11]*",""
"stringarray_custom100_cs_n010","19480","1756-L81E","35.05","2026-08-23","","0","0","1","Logix Designer - CustomStringArrayCsN10 in stringarray_custom100_cs_n010.ACD [1756-L81E 35.11]*",""
"stringarray_custom100_cs_n025","21040","1756-L81E","35.05","2026-08-23","","0","0","1","Logix Designer - CustomStringArrayCsN25 in stringarray_custom100_cs_n025.ACD [1756-L81E 35.11]*",""
"stringarray_custom100_cs_n100","28840","1756-L81E","35.05","2026-08-23","","0","0","1","Logix Designer - CustomStringArrayCsN100 in stringarray_custom100_cs_n100.ACD [1756-L81E 35.11]*",""
"stringarray_custom100_n005","18944","1756-L81E","35.05","2026-08-23","","0","0","1","Logix Designer - CustomStringArrayN5 in stringarray_custom100_n005.ACD [1756-L81E 35.11]*",""
"stringarray_custom100_n050","23624","1756-L81E","35.05","2026-08-23","","0","0","1","Logix Designer - CustomStringArrayN50 in stringarray_custom100_n050.ACD [1756-L81E 35.11]*",""
"stringclose_densenamelen_n01_def_only","18328","1756-L81E","35.05","2026-08-24","","0","0","1","Logix Designer - StrDenseLen01Def in stringclose_densenamelen_n01_def_only.ACD [1756-L81E 35.11]*",""
"stringclose_densenamelen_n02_def_only","18328","1756-L81E","35.05","2026-08-24","","0","0","1","Logix Designer - StrDenseLen02Def in stringclose_densenamelen_n02_def_only.ACD [1756-L81E 35.11]*",""
"stringclose_densenamelen_n03_def_only","18328","1756-L81E","35.05","2026-08-24","","0","0","1","Logix Designer - StrDenseLen03Def in stringclose_densenamelen_n03_def_only.ACD [1756-L81E 35.11]*",""
"stringclose_densenamelen_n04_def_only","18328","1756-L81E","35.05","2026-08-24","","0","0","1","Logix Designer - StrDenseLen04Def in stringclose_densenamelen_n04_def_only.ACD [1756-L81E 35.11]*",""
"stringclose_densenamelen_n05_def_only","18336","1756-L81E","35.05","2026-08-24","","0","0","1","Logix Designer - StrDenseLen05Def in stringclose_densenamelen_n05_def_only.ACD [1756-L81E 35.11]*",""
"stringclose_densenamelen_n06_def_only","18336","1756-L81E","35.05","2026-08-24","","0","0","1","Logix Designer - StrDenseLen06Def in stringclose_densenamelen_n06_def_only.ACD [1756-L81E 35.11]*",""
"stringclose_densenamelen_n07_def_only","18336","1756-L81E","35.05","2026-08-24","","0","0","1","Logix Designer - StrDenseLen07Def in stringclose_densenamelen_n07_def_only.ACD [1756-L81E 35.11]*",""
"stringclose_densenamelen_n08_def_only","18336","1756-L81E","35.05","2026-08-24","","0","0","1","Logix Designer - StrDenseLen08Def in stringclose_densenamelen_n08_def_only.ACD [1756-L81E 35.11]*",""
"stringclose_densenamelen_n09_def_only","18336","1756-L81E","35.05","2026-08-24","","0","0","1","Logix Designer - StrDenseLen09Def in stringclose_densenamelen_n09_def_only.ACD [1756-L81E 35.11]*",""
"stringclose_densenamelen_n10_def_only","18336","1756-L81E","35.05","2026-08-24","","0","0","1","Logix Designer - StrDenseLen10Def in stringclose_densenamelen_n10_def_only.ACD [1756-L81E 35.11]*",""
"stringclose_densenamelen_n11_def_only","18336","1756-L81E","35.05","2026-08-24","","0","0","1","Logix Designer - StrDenseLen11Def in stringclose_densenamelen_n11_def_only.ACD [1756-L81E 35.11]*",""
"stringclose_densenamelen_n12_def_only","18336","1756-L81E","35.05","2026-08-24","","0","0","1","Logix Designer - StrDenseLen12Def in stringclose_densenamelen_n12_def_only.ACD [1756-L81E 35.11]*",""
"stringclose_densenamelen_n13_def_only","18344","1756-L81E","35.05","2026-08-24","","0","0","1","Logix Designer - StrDenseLen13Def in stringclose_densenamelen_n13_def_only.ACD [1756-L81E 35.11]*",""
"stringclose_densenamelen_n14_def_only","18344","1756-L81E","35.05","2026-08-24","","0","0","1","Logix Designer - StrDenseLen14Def in stringclose_densenamelen_n14_def_only.ACD [1756-L81E 35.11]*",""
"stringclose_densenamelen_n15_def_only","18344","1756-L81E","35.05","2026-08-24","","0","0","1","Logix Designer - StrDenseLen15Def in stringclose_densenamelen_n15_def_only.ACD [1756-L81E 35.11]*",""
"stringclose_densenamelen_n16_def_only","18344","1756-L81E","35.05","2026-08-24","","0","0","1","Logix Designer - StrDenseLen16Def in stringclose_densenamelen_n16_def_only.ACD [1756-L81E 35.11]*",""
"stringclose_densenamelen_n20_def_only","18344","1756-L81E","35.05","2026-08-24","","0","0","1","Logix Designer - StrDenseLen20Def in stringclose_densenamelen_n20_def_only.ACD [1756-L81E 35.11]*",""
"stringclose_densenamelen_n24_def_only","18352","1756-L81E","35.05","2026-08-24","","0","0","1","Logix Designer - StrDenseLen24Def in stringclose_densenamelen_n24_def_only.ACD [1756-L81E 35.11]*",""
"stringclose_densenamelen_n28_def_only","18352","1756-L81E","35.05","2026-08-24","","0","0","1","Logix Designer - StrDenseLen28Def in stringclose_densenamelen_n28_def_only.ACD [1756-L81E 35.11]*",""
"stringclose_densenamelen_n32_def_only","18360","1756-L81E","35.05","2026-08-24","","0","0","1","Logix Designer - StrDenseLen32Def in stringclose_densenamelen_n32_def_only.ACD [1756-L81E 35.11]*",""
"stringclose_densenamelen_n36_def_only","18360","1756-L81E","35.05","2026-08-24","","0","0","1","Logix Designer - StrDenseLen36Def in stringclose_densenamelen_n36_def_only.ACD [1756-L81E 35.11]*",""
"stringclose_densenamelen_n40_def_only","18368","1756-L81E","35.05","2026-08-24","","0","0","1","Logix Designer - StrDenseLen40Def in stringclose_densenamelen_n40_def_only.ACD [1756-L81E 35.11]*",""
"stringclose_udtmember_builtin_2members_n01","18600","1756-L81E","35.05","2026-08-24","","0","0","1","Logix Designer - StrUdtBuiltin2MembersN1 in stringclose_udtmember_builtin_2members_n01.ACD [1756-L81E 35.11]*",""
"stringclose_udtmember_builtin_2members_n03","19112","1756-L81E","35.05","2026-08-24","Reconciled from the local branch (james-capture-aug24), captured , never previously merged.","0","0","1","Logix Designer - StrUdtBuiltin2MembersN3 in stringclose_udtmember_builtin_2members_n03.ACD [1756-L81E 35.11]*",""
"stringclose_udtmember_builtin_3members_n01","18704","1756-L81E","35.05","2026-08-24","","0","0","1","Logix Designer - StrUdtBuiltin3MembersN1 in stringclose_udtmember_builtin_3members_n01.ACD [1756-L81E 35.11]*",""
"stringclose_udtmember_builtin_3members_n03","19392","1756-L81E","35.05","2026-08-24","Reconciled from the local branch (james-capture-aug24), captured , never previously merged.","0","0","1","Logix Designer - StrUdtBuiltin3MembersN3 in stringclose_udtmember_builtin_3members_n03.ACD [1756-L81E 35.11]*",""
"stringclose_udtmember_builtin_n03","18832","1756-L81E","35.05","2026-08-24","","0","0","1","Logix Designer - StrUdtBuiltinScaleN3 in stringclose_udtmember_builtin_n03.ACD [1756-L81E 35.11]*",""
"stringclose_udtmember_builtin_n20","21688","1756-L81E","35.05","2026-08-24","","0","0","1","Logix Designer - StrUdtBuiltinScaleN20 in stringclose_udtmember_builtin_n20.ACD [1756-L81E 35.11]*",""
"stringclose_udtmember_maxlen_0050","18664","1756-L81E","35.05","2026-08-24","","0","0","1","Logix Designer - StrUdtMaxlen50 in stringclose_udtmember_maxlen_0050.ACD [1756-L81E 35.11]*",""
"stringclose_udtmember_maxlen_0250","18864","1756-L81E","35.05","2026-08-24","","0","0","1","Logix Designer - StrUdtMaxlen250 in stringclose_udtmember_maxlen_0250.ACD [1756-L81E 35.11]*",""
"stringclose_udtmember_maxlen_0500","19112","1756-L81E","35.05","2026-08-24","","0","0","1","Logix Designer - StrUdtMaxlen500 in stringclose_udtmember_maxlen_0500.ACD [1756-L81E 35.11]*",""
"stringclose_udtmember_maxlen_1000","19616","1756-L81E","35.05","2026-08-24","","0","0","1","Logix Designer - StrUdtMaxlen1000 in stringclose_udtmember_maxlen_1000.ACD [1756-L81E 35.11]*",""
"stringclose_udtmember_namelen_long","18744","1756-L81E","35.05","2026-08-24","","0","0","1","Logix Designer - StrUdtNameCheckLong in stringclose_udtmember_namelen_long.ACD [1756-L81E 35.11]*",""
"stringclose_udtmember_namelen_medium","18720","1756-L81E","35.05","2026-08-24","","0","0","1","Logix Designer - StrUdtNameCheckMedium in stringclose_udtmember_namelen_medium.ACD [1756-L81E 35.11]*",""
"stringclose_udtmember_namelen_short","18712","1756-L81E","35.05","2026-08-24","","0","0","1","Logix Designer - StrUdtNameCheckShort in stringclose_udtmember_namelen_short.ACD [1756-L81E 35.11]*",""
"stringconst_builtin_const","18304","1756-L81E","35.05","2026-08-23","","0","0","1","Logix Designer - StrConstConst in stringconst_builtin_const.ACD [1756-L81E 35.11]*",""
"stringconst_builtin_nonconst","18304","1756-L81E","35.05","2026-08-23","","0","0","1","Logix Designer - StrConstNonconst in stringconst_builtin_nonconst.ACD [1756-L81E 35.11]*",""
"stringconst_custom_const","18520","1756-L81E","35.05","2026-08-23","","0","0","1","Logix Designer - CStrConstConst in stringconst_custom_const.ACD [1756-L81E 35.11]*",""
"stringconst_custom_nonconst","18520","1756-L81E","35.05","2026-08-23","","0","0","1","Logix Designer - CStrConstNonconst in stringconst_custom_nonconst.ACD [1756-L81E 35.11]*",""
"stringcop_builtin_data_n01","18576","1756-L81E","35.05","2026-08-23","","0","0","1","Logix Designer - CopStrBuiltinDataN1 in stringcop_builtin_data_n01.ACD [1756-L81E 35.11]*",""
"stringcop_builtin_data_n10","19584","1756-L81E","35.05","2026-08-23","","0","0","1","Logix Designer - CopStrBuiltinDataN10 in stringcop_builtin_data_n10.ACD [1756-L81E 35.11]*",""
"stringcop_builtin_len_n01","18480","1756-L81E","35.05","2026-08-23","","0","0","1","Logix Designer - CopStrBuiltinLenN1 in stringcop_builtin_len_n01.ACD [1756-L81E 35.11]*",""
"stringcop_builtin_len_n10","19488","1756-L81E","35.05","2026-08-23","","0","0","1","Logix Designer - CopStrBuiltinLenN10 in stringcop_builtin_len_n10.ACD [1756-L81E 35.11]*",""
"stringcop_custom_data_n01","18784","1756-L81E","35.05","2026-08-23","","0","0","1","Logix Designer - CopStrCustomDataN1 in stringcop_custom_data_n01.ACD [1756-L81E 35.11]*",""
"stringcop_custom_data_n10","19792","1756-L81E","35.05","2026-08-23","","0","0","1","Logix Designer - CopStrCustomDataN10 in stringcop_custom_data_n10.ACD [1756-L81E 35.11]*",""
"stringcop_custom_len_n01","18688","1756-L81E","35.05","2026-08-23","","0","0","1","Logix Designer - CopStrCustomLenN1 in stringcop_custom_len_n01.ACD [1756-L81E 35.11]*",""
"stringcop_custom_len_n10","19696","1756-L81E","35.05","2026-08-23","","0","0","1","Logix Designer - CopStrCustomLenN10 in stringcop_custom_len_n10.ACD [1756-L81E 35.11]*",""
"stringoverhead_builtin_n00001","18296","1756-L81E","35.05","2026-08-23","","0","0","1","Logix Designer - StrCountN1 in stringoverhead_builtin_n00001.ACD [1756-L81E 35.11]*",""
"stringoverhead_builtin_n00002","18464","1756-L81E","35.05","2026-08-23","","0","0","1","Logix Designer - StrCountN2 in stringoverhead_builtin_n00002.ACD [1756-L81E 35.11]*",""
"stringoverhead_builtin_n00005","18968","1756-L81E","35.05","2026-08-23","","0","0","1","Logix Designer - StrCountN5 in stringoverhead_builtin_n00005.ACD [1756-L81E 35.11]*",""
"stringoverhead_builtin_n00010","19808","1756-L81E","35.05","2026-08-23","","0","0","1","Logix Designer - StrCountN10 in stringoverhead_builtin_n00010.ACD [1756-L81E 35.11]*",""
"stringoverhead_builtin_n00025","22328","1756-L81E","35.05","2026-08-23","","0","0","1","Logix Designer - StrCountN25 in stringoverhead_builtin_n00025.ACD [1756-L81E 35.11]*",""
"stringoverhead_builtin_n00050","26528","1756-L81E","35.05","2026-08-23","","0","0","1","Logix Designer - StrCountN50 in stringoverhead_builtin_n00050.ACD [1756-L81E 35.11]*",""
"stringoverhead_builtin_n00100","34928","1756-L81E","35.05","2026-08-23","","0","0","1","Logix Designer - StrCountN100 in stringoverhead_builtin_n00100.ACD [1756-L81E 35.11]*",""
"stringoverhead_builtin_n00500","102128","1756-L81E","35.05","2026-08-23","","0","0","1","Logix Designer - StrCountN500 in stringoverhead_builtin_n00500.ACD [1756-L81E 35.11]*",""
"stringoverhead_builtin_n01000","186128","1756-L81E","35.05","2026-08-23","","0","0","1","Logix Designer - StrCountN1000 in stringoverhead_builtin_n01000.ACD [1756-L81E 35.11]*",""
"stringoverhead_custom1000_n00001","19424","1756-L81E","35.05","2026-08-23","","0","0","1","Logix Designer - CStrB3N1L1000 in stringoverhead_custom1000_n00001.ACD [1756-L81E 35.11]*",""
"stringoverhead_custom1000_n00010","29216","1756-L81E","35.05","2026-08-23","","0","0","1","Logix Designer - CStrB3N10L1000 in stringoverhead_custom1000_n00010.ACD [1756-L81E 35.11]*",""
"stringoverhead_custom1000_n00100","127136","1756-L81E","35.05","2026-08-23","","0","0","1","Logix Designer - CStrB3N100L1000 in stringoverhead_custom1000_n00100.ACD [1756-L81E 35.11]*",""
"stringoverhead_custom1000_n01000","1106336","1756-L81E","35.05","2026-08-23","","0","0","1","Logix Designer - CStrB3N1000L1000 in stringoverhead_custom1000_n01000.ACD [1756-L81E 35.11]*",""
"stringoverhead_custom100_n00001","18520","1756-L81E","35.05","2026-08-23","","0","0","1","Logix Designer - CStrB3N1L100 in stringoverhead_custom100_n00001.ACD [1756-L81E 35.11]*",""
"stringoverhead_custom100_n00010","20176","1756-L81E","35.05","2026-08-23","","0","0","1","Logix Designer - CStrB3N10L100 in stringoverhead_custom100_n00010.ACD [1756-L81E 35.11]*",""
"stringoverhead_custom100_n00100","36736","1756-L81E","35.05","2026-08-23","","0","0","1","Logix Designer - CStrB3N100L100 in stringoverhead_custom100_n00100.ACD [1756-L81E 35.11]*",""
"stringoverhead_custom100_n01000","202336","1756-L81E","35.05","2026-08-23","","0","0","1","Logix Designer - CStrB3N1000L100 in stringoverhead_custom100_n01000.ACD [1756-L81E 35.11]*",""
"stringoverhead_custom101_n00001","18536","1756-L81E","35.05","2026-08-23","","0","0","1","Logix Designer - CStrMod1N1L101 in stringoverhead_custom101_n00001.ACD [1756-L81E 35.11]*",""
"stringoverhead_custom101_n00100","37544","1756-L81E","35.05","2026-08-23","","0","0","1","Logix Designer - CStrMod1N100L101 in stringoverhead_custom101_n00100.ACD [1756-L81E 35.11]*",""
"stringoverhead_custom300_n00001","18720","1756-L81E","35.05","2026-08-23","","0","0","1","Logix Designer - CStrB3N1L300 in stringoverhead_custom300_n00001.ACD [1756-L81E 35.11]*",""
"stringoverhead_custom300_n00010","22176","1756-L81E","35.05","2026-08-23","","0","0","1","Logix Designer - CStrB3N10L300 in stringoverhead_custom300_n00010.ACD [1756-L81E 35.11]*",""
"stringoverhead_custom300_n00100","56736","1756-L81E","35.05","2026-08-23","","0","0","1","Logix Designer - CStrB3N100L300 in stringoverhead_custom300_n00100.ACD [1756-L81E 35.11]*",""
"stringoverhead_custom300_n01000","402336","1756-L81E","35.05","2026-08-23","","0","0","1","Logix Designer - CStrB3N1000L300 in stringoverhead_custom300_n01000.ACD [1756-L81E 35.11]*",""
"stringoverhead_custom49_n00001","18480","1756-L81E","35.05","2026-08-23","","0","0","1","Logix Designer - CStrMod1N1L49 in stringoverhead_custom49_n00001.ACD [1756-L81E 35.11]*",""
"stringoverhead_custom49_n00100","31944","1756-L81E","35.05","2026-08-23","","0","0","1","Logix Designer - CStrMod1N100L49 in stringoverhead_custom49_n00100.ACD [1756-L81E 35.11]*",""
"stringoverhead_custom500_n00001","18920","1756-L81E","35.05","2026-08-23","","0","0","1","Logix Designer - CStrN1L500 in stringoverhead_custom500_n00001.ACD [1756-L81E 35.11]*",""
"stringoverhead_custom500_n00010","24176","1756-L81E","35.05","2026-08-23","","0","0","1","Logix Designer - CStrN10L500 in stringoverhead_custom500_n00010.ACD [1756-L81E 35.11]*",""
"stringoverhead_custom500_n00100","76736","1756-L81E","35.05","2026-08-23","","0","0","1","Logix Designer - CStrN100L500 in stringoverhead_custom500_n00100.ACD [1756-L81E 35.11]*",""
"stringoverhead_custom500_n01000","602336","1756-L81E","35.05","2026-08-23","","0","0","1","Logix Designer - CStrN1000L500 in stringoverhead_custom500_n01000.ACD [1756-L81E 35.11]*",""
"stringoverhead_custom501_n00001","18936","1756-L81E","35.05","2026-08-23","","0","0","1","Logix Designer - CStrMod1N1L501 in stringoverhead_custom501_n00001.ACD [1756-L81E 35.11]*",""
"stringoverhead_custom501_n00100","77544","1756-L81E","35.05","2026-08-23","","0","0","1","Logix Designer - CStrMod1N100L501 in stringoverhead_custom501_n00100.ACD [1756-L81E 35.11]*",""
"stringoverhead_custom50_n00001","18472","1756-L81E","35.05","2026-08-23","","0","0","1","Logix Designer - CStrN1L50 in stringoverhead_custom50_n00001.ACD [1756-L81E 35.11]*",""
"stringoverhead_custom50_n00010","19696","1756-L81E","35.05","2026-08-23","","0","0","1","Logix Designer - CStrN10L50 in stringoverhead_custom50_n00010.ACD [1756-L81E 35.11]*",""
"stringoverhead_custom50_n00100","31936","1756-L81E","35.05","2026-08-23","","0","0","1","Logix Designer - CStrN100L50 in stringoverhead_custom50_n00100.ACD [1756-L81E 35.11]*",""
"stringoverhead_custom50_n01000","154336","1756-L81E","35.05","2026-08-23","","0","0","1","Logix Designer - CStrN1000L50 in stringoverhead_custom50_n01000.ACD [1756-L81E 35.11]*",""
"stringoverhead_custom51_n00001","18472","1756-L81E","35.05","2026-08-23","","0","0","1","Logix Designer - CStrB3N1L51 in stringoverhead_custom51_n00001.ACD [1756-L81E 35.11]*",""
"stringoverhead_custom51_n00010","19696","1756-L81E","35.05","2026-08-23","","0","0","1","Logix Designer - CStrB3N10L51 in stringoverhead_custom51_n00010.ACD [1756-L81E 35.11]*",""
"stringoverhead_custom51_n00100","31936","1756-L81E","35.05","2026-08-23","","0","0","1","Logix Designer - CStrB3N100L51 in stringoverhead_custom51_n00100.ACD [1756-L81E 35.11]*",""
"stringoverhead_custom51_n01000","154336","1756-L81E","35.05","2026-08-23","","0","0","1","Logix Designer - CStrB3N1000L51 in stringoverhead_custom51_n01000.ACD [1756-L81E 35.11]*",""
"stringoverhead_customnamelen04_n050","27544","1756-L81E","35.05","2026-08-23","","0","0","1","Logix Designer - CStrNameLen4 in stringoverhead_customnamelen04_n050.ACD [1756-L81E 35.11]*",""
"stringoverhead_customnamelen16_n050","28344","1756-L81E","35.05","2026-08-23","","0","0","1","Logix Designer - CStrNameLen16 in stringoverhead_customnamelen16_n050.ACD [1756-L81E 35.11]*",""
"stringoverhead_customnamelen40_n050","29544","1756-L81E","35.05","2026-08-23","","0","0","1","Logix Designer - CStrNameLen40 in stringoverhead_customnamelen40_n050.ACD [1756-L81E 35.11]*",""
"stringoverhead_extreme00001_n00001","18424","1756-L81E","35.05","2026-08-23","","0","0","1","Logix Designer - CStrExtreme1 in stringoverhead_extreme00001_n00001.ACD [1756-L81E 35.11]*",""
"stringoverhead_extreme00002_n00001","18424","1756-L81E","35.05","2026-08-23","","0","0","1","Logix Designer - CStrExtreme2 in stringoverhead_extreme00002_n00001.ACD [1756-L81E 35.11]*",""
"stringoverhead_extreme00004_n00001","18424","1756-L81E","35.05","2026-08-23","","0","0","1","Logix Designer - CStrExtreme4 in stringoverhead_extreme00004_n00001.ACD [1756-L81E 35.11]*",""
"stringoverhead_extreme04000_n00001","22432","1756-L81E","35.05","2026-08-23","","0","0","1","Logix Designer - CStrExtreme4000 in stringoverhead_extreme04000_n00001.ACD [1756-L81E 35.11]*",""
"stringoverhead_namelen04_n050","26528","1756-L81E","35.05","2026-08-23","","0","0","1","Logix Designer - StrNameLen4 in stringoverhead_namelen04_n050.ACD [1756-L81E 35.11]*",""
"stringoverhead_namelen08_n050","26928","1756-L81E","35.05","2026-08-23","","0","0","1","Logix Designer - StrNameLen8 in stringoverhead_namelen08_n050.ACD [1756-L81E 35.11]*",""
"stringoverhead_namelen16_n050","27328","1756-L81E","35.05","2026-08-23","","0","0","1","Logix Designer - StrNameLen16 in stringoverhead_namelen16_n050.ACD [1756-L81E 35.11]*",""
"stringoverhead_namelen32_n050","28128","1756-L81E","35.05","2026-08-23","","0","0","1","Logix Designer - StrNameLen32 in stringoverhead_namelen32_n050.ACD [1756-L81E 35.11]*",""
"stringoverhead_namelen40_n050","28528","1756-L81E","35.05","2026-08-23","","0","0","1","Logix Designer - StrNameLen40 in stringoverhead_namelen40_n050.ACD [1756-L81E 35.11]*",""
"stringoverhead_typenamelen_long_1_instance","18552","1756-L81E","35.05","2026-08-23","","0","0","1","Logix Designer - StrTNameLongInst in stringoverhead_typenamelen_long_1_instance.ACD [1756-L81E 35.11]*",""
"stringoverhead_typenamelen_long_def_only","18360","1756-L81E","35.05","2026-08-23","","0","0","1","Logix Designer - StrTNameLongDef in stringoverhead_typenamelen_long_def_only.ACD [1756-L81E 35.11]*",""
"stringoverhead_typenamelen_medium_1_instance","18528","1756-L81E","35.05","2026-08-23","","0","0","1","Logix Designer - StrTNameMediumInst in stringoverhead_typenamelen_medium_1_instance.ACD [1756-L81E 35.11]*",""
"stringoverhead_typenamelen_medium_def_only","18336","1756-L81E","35.05","2026-08-23","","0","0","1","Logix Designer - StrTNameMediumDef in stringoverhead_typenamelen_medium_def_only.ACD [1756-L81E 35.11]*",""
"stringoverhead_typenamelen_short_1_instance","18520","1756-L81E","35.05","2026-08-23","","0","0","1","Logix Designer - StrTNameShortInst in stringoverhead_typenamelen_short_1_instance.ACD [1756-L81E 35.11]*",""
"stringoverhead_typenamelen_short_def_only","18328","1756-L81E","35.05","2026-08-23","","0","0","1","Logix Designer - StrTNameShortDef in stringoverhead_typenamelen_short_def_only.ACD [1756-L81E 35.11]*",""
"tagcomment_len000","18232","1756-L81E","35.05","2026-08-22","","0","0","0","Logix Designer - tagcomment_len000 [1756-L81E 35.11]*",""
"tagcomment_len010","18232","1756-L81E","35.05","2026-08-22","","0","0","0","Logix Designer - tagcomment_len010 [1756-L81E 35.11]*",""
"tagcomment_len025","18232","1756-L81E","35.05","2026-08-22","","0","0","0","Logix Designer - tagcomment_len025 [1756-L81E 35.11]*",""
"tagcomment_len050","18232","1756-L81E","35.05","2026-08-22","","0","0","0","Logix Designer - tagcomment_len050 [1756-L81E 35.11]*",""
"tagcomment_len100","18232","1756-L81E","35.05","2026-08-22","","0","0","0","Logix Designer - tagcomment_len100 [1756-L81E 35.11]*",""
"tagcomment_len200","18232","1756-L81E","35.05","2026-08-22","","0","0","0","Logix Designer - tagcomment_len200 [1756-L81E 35.11]*",""
"tagname_len04_50dint","22528","1756-L81E","35.05","2026-08-22","","0","0","0","Logix Designer - tagname_len04_50dint [1756-L81E 35.11]*",""
"tagname_len07_50dint","22528","1756-L81E","35.05","2026-08-22","","0","0","0","Logix Designer - tagname_len07_50dint [1756-L81E 35.11]*",""
"tagname_len10_50dint","22928","1756-L81E","35.05","2026-08-22","","0","0","0","Logix Designer - tagname_len10_50dint [1756-L81E 35.11]*",""
"tagname_len13_50dint","22928","1756-L81E","35.05","2026-08-22","","0","0","0","Logix Designer - tagname_len13_50dint [1756-L81E 35.11]*",""
"tagname_len16_50dint","23328","1756-L81E","35.05","2026-08-22","","0","0","0","Logix Designer - tagname_len16_50dint [1756-L81E 35.11]*",""
"tagname_len19_50dint","23328","1756-L81E","35.05","2026-08-22","","0","0","0","Logix Designer - tagname_len19_50dint [1756-L81E 35.11]*",""
"tagname_len22_50dint","23328","1756-L81E","35.05","2026-08-22","","0","0","0","Logix Designer - tagname_len22_50dint [1756-L81E 35.11]*",""
"tagname_len25_50dint","23728","1756-L81E","35.05","2026-08-22","","0","0","0","Logix Designer - tagname_len25_50dint [1756-L81E 35.11]*",""
"tagname_len28_50dint","23728","1756-L81E","35.05","2026-08-22","","0","0","0","Logix Designer - tagname_len28_50dint [1756-L81E 35.11]*",""
"tagname_len31_50dint","23728","1756-L81E","35.05","2026-08-22","","0","0","0","Logix Designer - tagname_len31_50dint [1756-L81E 35.11]*",""
"tagname_len34_50dint","24128","1756-L81E","35.05","2026-08-22","","0","0","0","Logix Designer - tagname_len34_50dint [1756-L81E 35.11]*",""
"tagname_len37_50dint","24128","1756-L81E","35.05","2026-08-22","","0","0","0","Logix Designer - tagname_len37_50dint [1756-L81E 35.11]*",""
"tagname_len40_50dint","24528","1756-L81E","35.05","2026-08-22","","0","0","0","Logix Designer - tagname_len40_50dint [1756-L81E 35.11]*",""
"tagname_long_100dint","30928","1756-L81E","35.05","2026-08-22","","0","0","0","",""
"tagname_short_100dint","26928","1756-L81E","35.05","2026-08-22","","0","0","0","",""
"tagname_spotlen08_40real","21968","1756-L81E","35.05","2026-08-22","","0","0","0","Logix Designer - tagname_spotlen08_40real [1756-L81E 35.11]*",""
"tagname_spotlen24_40real","22608","1756-L81E","35.05","2026-08-22","","0","0","0","Logix Designer - tagname_spotlen24_40real [1756-L81E 35.11]*",""
"tagname_spotlen40_40real","23248","1756-L81E","35.05","2026-08-22","","0","0","0","Logix Designer - tagname_spotlen40_40real [1756-L81E 35.11]*",""
"tagscope_local_n00010","19008","1756-L81E","35.05","2026-08-22","","0","0","0","Logix Designer - TagScopelocal10 in tagscope_local_n00010.ACD [1756-L81E 35.11]*",""
"tagscope_local_n00100","26928","1756-L81E","35.05","2026-08-22","","0","0","0","Logix Designer - TagScopelocal100 in tagscope_local_n00100.ACD [1756-L81E 35.11]*",""
"tagscope_local_n01000","106128","1756-L81E","35.05","2026-08-22","","0","0","0","Logix Designer - TagScopelocal1000 in tagscope_local_n01000.ACD [1756-L81E 35.11]*",""
"tagscope_public_n00010","19008","1756-L81E","35.05","2026-08-22","","0","0","0","Logix Designer - TagScopepublic10 in tagscope_public_n00010.ACD [1756-L81E 35.11]*",""
"tagscope_public_n00100","26928","1756-L81E","35.05","2026-08-22","","0","0","0","Logix Designer - TagScopepublic100 in tagscope_public_n00100.ACD [1756-L81E 35.11]*",""
"taskoverhead_n02routines_1program_1task","18416","1756-L81E","35.05","2026-08-24","","0","1","1","Logix Designer - TaskOverheadSameProgram2Routine in taskoverhead_n02routines_1program_1task.ACD [1756-L81E 35.11]*",""
"taskoverhead_n02tasks","19600","1756-L81E","35.05","2026-08-22","","0","0","0","Logix Designer - TaskOverheadN1 in taskoverhead_n02tasks.ACD [1756-L81E 35.11]*",""
"taskoverhead_n03tasks","21072","1756-L81E","35.05","2026-08-22","","0","0","0","Logix Designer - TaskOverheadN2 in taskoverhead_n03tasks.ACD [1756-L81E 35.11]*",""
"taskoverhead_n04tasks","22592","1756-L81E","35.05","2026-08-23","","0","0","1","Logix Designer - TaskOverheadN4 in taskoverhead_n04tasks.ACD [1756-L81E 35.11]*",""
"type_bool_50tag","22928","1756-L81E","35.05","2026-08-31","","0","0","0","Logix Designer - type_bool_50tag [1756-L81E 35.11]*",""
"type_dint_50tag","22928","1756-L81E","35.05","2026-08-31","","0","0","0","Logix Designer - type_dint_50tag [1756-L81E 35.11]*",""
"type_int_50tag","22928","1756-L81E","35.05","2026-08-31","","0","0","0","Logix Designer - type_int_50tag [1756-L81E 35.11]*",""
"type_lint_50tag","22928","1756-L81E","35.05","2026-08-31","","0","0","0","Logix Designer - type_lint_50tag [1756-L81E 35.11]*",""
"type_real_50tag","22928","1756-L81E","35.05","2026-08-31","","0","0","0","Logix Designer - type_real_50tag [1756-L81E 35.11]*",""
"type_sint_50tag","22928","1756-L81E","35.05","2026-08-31","","0","0","0","Logix Designer - type_sint_50tag [1756-L81E 35.11]*",""
"typesweep_add_dint_n01000","61592","1756-L81E","35.05","2026-08-22","","0","0","0","Logix Designer - ADDDINT in typesweep_add_dint_n01000.ACD [1756-L81E 35.11]*",""
"typesweep_add_int_n01000","217592","1756-L81E","35.05","2026-08-22","","0","0","0","Logix Designer - ADDINT in typesweep_add_int_n01000.ACD [1756-L81E 35.11]*",""
"typesweep_add_lint_n01000","61592","1756-L81E","35.05","2026-08-22","","0","0","0","Logix Designer - ADDLINT in typesweep_add_lint_n01000.ACD [1756-L81E 35.11]*",""
"typesweep_add_real_n01000","77592","1756-L81E","35.05","2026-08-22","","0","0","0","Logix Designer - ADDREAL in typesweep_add_real_n01000.ACD [1756-L81E 35.11]*",""
"typesweep_add_sint_n01000","193592","1756-L81E","35.05","2026-08-22","","0","0","0","Logix Designer - ADDSINT in typesweep_add_sint_n01000.ACD [1756-L81E 35.11]*",""
"typesweep_cpt_dint_n01000","209592","1756-L81E","35.05","2026-08-22","","0","0","0","Logix Designer - CPTDintExpr in typesweep_cpt_dint_n01000.ACD [1756-L81E 35.11]*",""
"typesweep_cpt_real_n01000","265592","1756-L81E","35.05","2026-08-22","","0","0","0","Logix Designer - CPTRealExpr in typesweep_cpt_real_n01000.ACD [1756-L81E 35.11]*",""
"typesweep_div_dint_n01000","77592","1756-L81E","35.05","2026-08-22","","0","0","0","Logix Designer - DIVDINT in typesweep_div_dint_n01000.ACD [1756-L81E 35.11]*",""
"typesweep_div_int_n01000","233592","1756-L81E","35.05","2026-08-22","","0","0","0","Logix Designer - DIVINT in typesweep_div_int_n01000.ACD [1756-L81E 35.11]*",""
"typesweep_div_lint_n01000","77592","1756-L81E","35.05","2026-08-22","","0","0","0","Logix Designer - DIVLINT in typesweep_div_lint_n01000.ACD [1756-L81E 35.11]*",""
"typesweep_div_real_n01000","77592","1756-L81E","35.05","2026-08-22","","0","0","0","Logix Designer - DIVREAL in typesweep_div_real_n01000.ACD [1756-L81E 35.11]*",""
"typesweep_div_sint_n01000","209592","1756-L81E","35.05","2026-08-22","","0","0","0","Logix Designer - DIVSINT in typesweep_div_sint_n01000.ACD [1756-L81E 35.11]*",""
"typesweep_equ_dint_n01000","57592","1756-L81E","35.05","2026-08-22","","0","0","0","Logix Designer - EQUDINT in typesweep_equ_dint_n01000.ACD [1756-L81E 35.11]*",""
"typesweep_equ_int_n01000","169592","1756-L81E","35.05","2026-08-22","","0","0","0","Logix Designer - EQUINT in typesweep_equ_int_n01000.ACD [1756-L81E 35.11]*",""
"typesweep_equ_lint_n01000","57592","1756-L81E","35.05","2026-08-22","","0","0","0","Logix Designer - EQULINT in typesweep_equ_lint_n01000.ACD [1756-L81E 35.11]*",""
"typesweep_equ_real_n01000","57592","1756-L81E","35.05","2026-08-22","","0","0","0","Logix Designer - EQUREAL in typesweep_equ_real_n01000.ACD [1756-L81E 35.11]*",""
"typesweep_equ_sint_n01000","145592","1756-L81E","35.05","2026-08-22","","0","0","0","Logix Designer - EQUSINT in typesweep_equ_sint_n01000.ACD [1756-L81E 35.11]*",""
"typesweep_equ_string_n01000","109592","1756-L81E","35.05","2026-08-22","","0","0","0","Logix Designer - EQUString in typesweep_equ_string_n01000.ACD [1756-L81E 35.11]*",""
"typesweep_geq_dint_n01000","57592","1756-L81E","35.05","2026-08-22","","0","0","0","Logix Designer - GEQDINT in typesweep_geq_dint_n01000.ACD [1756-L81E 35.11]*",""
"typesweep_geq_int_n01000","169592","1756-L81E","35.05","2026-08-22","","0","5","0","Logix Designer - GEQINT in typesweep_geq_int_n01000.ACD [1756-L81E 35.11]*",""
"typesweep_geq_lint_n01000","57592","1756-L81E","35.05","2026-08-22","","0","5","0","Logix Designer - GEQLINT in typesweep_geq_lint_n01000.ACD [1756-L81E 35.11]*",""
"typesweep_geq_real_n01000","73592","1756-L81E","35.05","2026-08-22","","0","5","0","Logix Designer - GEQREAL in typesweep_geq_real_n01000.ACD [1756-L81E 35.11]*",""
"typesweep_geq_sint_n01000","145592","1756-L81E","35.05","2026-08-22","","0","5","0","Logix Designer - GEQSINT in typesweep_geq_sint_n01000.ACD [1756-L81E 35.11]*",""
"typesweep_grt_dint_n01000","57592","1756-L81E","35.05","2026-08-22","","0","5","0","Logix Designer - GRTDINT in typesweep_grt_dint_n01000.ACD [1756-L81E 35.11]*",""
"typesweep_grt_int_n01000","169592","1756-L81E","35.05","2026-08-22","","0","5","0","Logix Designer - GRTINT in typesweep_grt_int_n01000.ACD [1756-L81E 35.11]*",""
"typesweep_grt_lint_n01000","57592","1756-L81E","35.05","2026-08-22","","0","5","0","Logix Designer - GRTLINT in typesweep_grt_lint_n01000.ACD [1756-L81E 35.11]*",""
"typesweep_grt_real_n01000","73592","1756-L81E","35.05","2026-08-22","","0","5","0","Logix Designer - GRTREAL in typesweep_grt_real_n01000.ACD [1756-L81E 35.11]*",""
"typesweep_grt_sint_n01000","145592","1756-L81E","35.05","2026-08-22","","0","5","0","Logix Designer - GRTSINT in typesweep_grt_sint_n01000.ACD [1756-L81E 35.11]*",""
"typesweep_leq_dint_n01000","57592","1756-L81E","35.05","2026-08-22","","0","5","0","Logix Designer - LEQDINT in typesweep_leq_dint_n01000.ACD [1756-L81E 35.11]*",""
"typesweep_leq_int_n01000","169592","1756-L81E","35.05","2026-08-22","","0","5","0","Logix Designer - LEQINT in typesweep_leq_int_n01000.ACD [1756-L81E 35.11]*",""
"typesweep_leq_lint_n01000","57592","1756-L81E","35.05","2026-08-22","","0","5","0","Logix Designer - LEQLINT in typesweep_leq_lint_n01000.ACD [1756-L81E 35.11]*",""
"typesweep_leq_real_n01000","73592","1756-L81E","35.05","2026-08-22","","0","5","0","Logix Designer - LEQREAL in typesweep_leq_real_n01000.ACD [1756-L81E 35.11]*",""
"typesweep_leq_sint_n01000","145592","1756-L81E","35.05","2026-08-22","","0","5","0","Logix Designer - LEQSINT in typesweep_leq_sint_n01000.ACD [1756-L81E 35.11]*",""
"typesweep_les_dint_n01000","57592","1756-L81E","35.05","2026-08-22","","0","5","0","Logix Designer - LESDINT in typesweep_les_dint_n01000.ACD [1756-L81E 35.11]*",""
"typesweep_les_int_n01000","169592","1756-L81E","35.05","2026-08-22","","0","5","0","Logix Designer - LESINT in typesweep_les_int_n01000.ACD [1756-L81E 35.11]*",""
"typesweep_les_lint_n01000","57592","1756-L81E","35.05","2026-08-22","","0","5","0","Logix Designer - LESLINT in typesweep_les_lint_n01000.ACD [1756-L81E 35.11]*",""
"typesweep_les_real_n01000","73592","1756-L81E","35.05","2026-08-22","","0","5","0","Logix Designer - LESREAL in typesweep_les_real_n01000.ACD [1756-L81E 35.11]*",""
"typesweep_les_sint_n01000","145592","1756-L81E","35.05","2026-08-22","","0","5","0","Logix Designer - LESSINT in typesweep_les_sint_n01000.ACD [1756-L81E 35.11]*",""
"typesweep_lim_dint_n01000","89592","1756-L81E","35.05","2026-08-22","","0","5","0","Logix Designer - LIMDINT in typesweep_lim_dint_n01000.ACD [1756-L81E 35.11]*",""
"typesweep_lim_int_n01000","253592","1756-L81E","35.05","2026-08-22","","0","5","0","Logix Designer - LIMINT in typesweep_lim_int_n01000.ACD [1756-L81E 35.11]*",""
"typesweep_lim_lint_n01000","89592","1756-L81E","35.05","2026-08-22","","0","5","0","Logix Designer - LIMLINT in typesweep_lim_lint_n01000.ACD [1756-L81E 35.11]*",""
"typesweep_lim_real_n01000","81592","1756-L81E","35.05","2026-08-22","","0","5","0","Logix Designer - LIMREAL in typesweep_lim_real_n01000.ACD [1756-L81E 35.11]*",""
"typesweep_lim_sint_n01000","217592","1756-L81E","35.05","2026-08-22","","0","5","0","Logix Designer - LIMSINT in typesweep_lim_sint_n01000.ACD [1756-L81E 35.11]*",""
"typesweep_mod_dint_n01000","77592","1756-L81E","35.05","2026-08-22","","0","0","0","Logix Designer - MODDINT in typesweep_mod_dint_n01000.ACD [1756-L81E 35.11]*",""
"typesweep_mod_int_n01000","233592","1756-L81E","35.05","2026-08-22","","0","0","0","Logix Designer - MODINT in typesweep_mod_int_n01000.ACD [1756-L81E 35.11]*",""
"typesweep_mod_lint_n01000","77592","1756-L81E","35.05","2026-08-22","","0","0","0","Logix Designer - MODLINT in typesweep_mod_lint_n01000.ACD [1756-L81E 35.11]*",""
"typesweep_mod_real_n01000","77592","1756-L81E","35.05","2026-08-22","","0","0","0","Logix Designer - MODREAL in typesweep_mod_real_n01000.ACD [1756-L81E 35.11]*",""
"typesweep_mod_sint_n01000","209592","1756-L81E","35.05","2026-08-22","","0","0","0","Logix Designer - MODSINT in typesweep_mod_sint_n01000.ACD [1756-L81E 35.11]*",""
"typesweep_mov_dint_n01000","57592","1756-L81E","35.05","2026-08-22","","0","0","0","Logix Designer - MOVDINT in typesweep_mov_dint_n01000.ACD [1756-L81E 35.11]*",""
"typesweep_mov_int_n01000","161592","1756-L81E","35.05","2026-08-22","","0","0","0","Logix Designer - MOVINT in typesweep_mov_int_n01000.ACD [1756-L81E 35.11]*",""
"typesweep_mov_lint_n01000","57592","1756-L81E","35.05","2026-08-22","","0","0","0","Logix Designer - MOVLINT in typesweep_mov_lint_n01000.ACD [1756-L81E 35.11]*",""
"typesweep_mov_real_n01000","81592","1756-L81E","35.05","2026-08-22","","0","0","0","Logix Designer - MOVREAL in typesweep_mov_real_n01000.ACD [1756-L81E 35.11]*",""
"typesweep_mov_sint_n01000","149592","1756-L81E","35.05","2026-08-22","","0","0","0","Logix Designer - MOVSINT in typesweep_mov_sint_n01000.ACD [1756-L81E 35.11]*",""
"typesweep_mul_dint_n01000","77592","1756-L81E","35.05","2026-08-22","","0","0","0","Logix Designer - MULDINT in typesweep_mul_dint_n01000.ACD [1756-L81E 35.11]*",""
"typesweep_mul_int_n01000","233592","1756-L81E","35.05","2026-08-22","","0","0","0","Logix Designer - MULINT in typesweep_mul_int_n01000.ACD [1756-L81E 35.11]*",""
"typesweep_mul_lint_n01000","77592","1756-L81E","35.05","2026-08-22","","0","0","0","Logix Designer - MULLINT in typesweep_mul_lint_n01000.ACD [1756-L81E 35.11]*",""
"typesweep_mul_real_n01000","77592","1756-L81E","35.05","2026-08-22","","0","0","0","Logix Designer - MULREAL in typesweep_mul_real_n01000.ACD [1756-L81E 35.11]*",""
"typesweep_mul_sint_n01000","209592","1756-L81E","35.05","2026-08-22","","0","0","0","Logix Designer - MULSINT in typesweep_mul_sint_n01000.ACD [1756-L81E 35.11]*",""
"typesweep_neq_dint_n01000","57592","1756-L81E","35.05","2026-08-22","","0","5","0","Logix Designer - NEQDINT in typesweep_neq_dint_n01000.ACD [1756-L81E 35.11]*",""
"typesweep_neq_int_n01000","169592","1756-L81E","35.05","2026-08-22","","0","5","0","Logix Designer - NEQINT in typesweep_neq_int_n01000.ACD [1756-L81E 35.11]*",""
"typesweep_neq_lint_n01000","57592","1756-L81E","35.05","2026-08-22","","0","5","0","Logix Designer - NEQLINT in typesweep_neq_lint_n01000.ACD [1756-L81E 35.11]*",""
"typesweep_neq_real_n01000","57592","1756-L81E","35.05","2026-08-22","","0","5","0","Logix Designer - NEQREAL in typesweep_neq_real_n01000.ACD [1756-L81E 35.11]*",""
"typesweep_neq_sint_n01000","145592","1756-L81E","35.05","2026-08-22","","0","5","0","Logix Designer - NEQSINT in typesweep_neq_sint_n01000.ACD [1756-L81E 35.11]*",""
"typesweep_neq_string_n01000","109592","1756-L81E","35.05","2026-08-22","","0","5","0","Logix Designer - NEQString in typesweep_neq_string_n01000.ACD [1756-L81E 35.11]*",""
"typesweep_sub_dint_n01000","61592","1756-L81E","35.05","2026-08-22","","0","0","0","Logix Designer - SUBDINT in typesweep_sub_dint_n01000.ACD [1756-L81E 35.11]*",""
"typesweep_sub_int_n01000","217592","1756-L81E","35.05","2026-08-22","","0","0","0","Logix Designer - SUBINT in typesweep_sub_int_n01000.ACD [1756-L81E 35.11]*",""
"typesweep_sub_lint_n01000","61592","1756-L81E","35.05","2026-08-22","","0","0","0","Logix Designer - SUBLINT in typesweep_sub_lint_n01000.ACD [1756-L81E 35.11]*",""
"typesweep_sub_real_n01000","77592","1756-L81E","35.05","2026-08-22","","0","0","0","Logix Designer - SUBREAL in typesweep_sub_real_n01000.ACD [1756-L81E 35.11]*",""
"typesweep_sub_sint_n01000","193592","1756-L81E","35.05","2026-08-22","","0","0","0","Logix Designer - SUBSINT in typesweep_sub_sint_n01000.ACD [1756-L81E 35.11]*",""
"udtarrayalign_tight8b_n00001","18440","1756-L81E","35.05","2026-08-22","","0","0","0","Logix Designer - TightArrN1 in udtarrayalign_tight8b_n00001.ACD [1756-L81E 35.11]*",""
"udtarrayalign_tight8b_n00010","18512","1756-L81E","35.05","2026-08-22","","0","0","0","Logix Designer - TightArrN10 in udtarrayalign_tight8b_n00010.ACD [1756-L81E 35.11]*",""
"udtarrayalign_tight8b_n00100","19232","1756-L81E","35.05","2026-08-22","","0","0","0","Logix Designer - TightArrN100 in udtarrayalign_tight8b_n00100.ACD [1756-L81E 35.11]*",""
"udtmembercomment_len000","18320","1756-L81E","35.05","2026-08-22","","0","0","0","Logix Designer - CommentH in udtmembercomment_len000.ACD [1756-L81E 35.11]*",""
"udtmembercomment_len010","18320","1756-L81E","35.05","2026-08-22","","0","0","0","Logix Designer - CommentH in udtmembercomment_len010.ACD [1756-L81E 35.11]*",""
"udtmembercomment_len025","18320","1756-L81E","35.05","2026-08-22","","0","0","0","Logix Designer - CommentH in udtmembercomment_len025.ACD [1756-L81E 35.11]*",""
"udtmembercomment_len050","18320","1756-L81E","35.05","2026-08-22","","0","0","0","Logix Designer - CommentH in udtmembercomment_len050.ACD [1756-L81E 35.11]*",""
"udtmembercomment_len100","18320","1756-L81E","35.05","2026-08-22","","0","0","0","Logix Designer - CommentH in udtmembercomment_len100.ACD [1756-L81E 35.11]*",""
"udtmembercomment_len200","18320","1756-L81E","35.05","2026-08-22","","0","0","0","Logix Designer - CommentH in udtmembercomment_len200.ACD [1756-L81E 35.11]*",""
"udtmembers_n01_dint","18320","1756-L81E","35.05","2026-08-22","","0","0","0","Logix Designer - SweepN01 in udtmembers_n01_dint.ACD [1756-L81E 35.11]*",""
"udtmembers_n02_dint","18336","1756-L81E","35.05","2026-08-22","","0","0","0","Logix Designer - SweepN02 in udtmembers_n02_dint.ACD [1756-L81E 35.11]*",""
"udtmembers_n04_dint","18360","1756-L81E","35.05","2026-08-22","","0","0","0","Logix Designer - SweepN04 in udtmembers_n04_dint.ACD [1756-L81E 35.11]*",""
"udtmembers_n08_dint","18424","1756-L81E","35.05","2026-08-22","","0","0","0","Logix Designer - SweepN08 in udtmembers_n08_dint.ACD [1756-L81E 35.11]*",""
"udtmembers_n16_dint","18552","1756-L81E","35.05","2026-08-22","","0","0","0","Logix Designer - SweepN16 in udtmembers_n16_dint.ACD [1756-L81E 35.11]*",""
"udtmembers_n32_dint","18808","1756-L81E","35.05","2026-08-22","","0","0","0","Logix Designer - SweepN32 in udtmembers_n32_dint.ACD [1756-L81E 35.11]*",""
"udtname_len08","18360","1756-L81E","35.05","2026-08-22","","0","0","0","Logix Designer - UDTNAMED in udtname_len08.ACD [1756-L81E 35.11]*",""
"udtname_len13","18368","1756-L81E","35.05","2026-08-22","","0","0","0","Logix Designer - UDTNAMEDTNAME in udtname_len13.ACD [1756-L81E 35.11]*",""
"udtname_len20","18376","1756-L81E","35.05","2026-08-22","","0","0","0","Logix Designer - UDTNAMEDTNAMEDTNAMED in udtname_len20.ACD [1756-L81E 35.11]*",""
"udtname_len30","18384","1756-L81E","35.05","2026-08-22","","0","0","0","Logix Designer - UDTNAMEDTNAMEDTNAMEDTNAMEDTNAM in udtname_len30.ACD [1756-L81E 35.11]*",""
"udtstring_builtin_n01","18496","1756-L81E","35.05","2026-08-23","","0","0","1","Logix Designer - UdtBuiltinStrN1 in udtstring_builtin_n01.ACD [1756-L81E 35.11]*",""
"udtstring_builtin_n10","20008","1756-L81E","35.05","2026-08-23","","0","0","1","Logix Designer - UdtBuiltinStrN10 in udtstring_builtin_n10.ACD [1756-L81E 35.11]*",""
"udtstring_custom100_n01","18728","1756-L81E","35.05","2026-08-23","","0","0","1","Logix Designer - UdtCustomStrN1 in udtstring_custom100_n01.ACD [1756-L81E 35.11]*",""
"udtstring_custom100_n10","20384","1756-L81E","35.05","2026-08-23","","0","0","1","Logix Designer - UdtCustomStrN10 in udtstring_custom100_n10.ACD [1756-L81E 35.11]*",""
"udttagcomment_len000","18416","1756-L81E","35.05","2026-08-23","","0","0","1","Logix Designer - CommentJ in udttagcomment_len000.ACD [1756-L81E 35.11]*",""
"udttagcomment_len000_v2","18416","1756-L81E","35.05","2026-08-23","","0","0","1","Logix Designer - CommentJV2 in udttagcomment_len000_v2.ACD [1756-L81E 35.11]*",""
"udttagcomment_len010","18416","1756-L81E","35.05","2026-08-22","","0","0","0","Logix Designer - CommentJ in udttagcomment_len010.ACD [1756-L81E 35.11]*",""
"udttagcomment_len025","18416","1756-L81E","35.05","2026-08-22","","0","0","0","Logix Designer - CommentJ in udttagcomment_len025.ACD [1756-L81E 35.11]*",""
"udttagcomment_len050","18416","1756-L81E","35.05","2026-08-22","","0","0","0","Logix Designer - CommentJ in udttagcomment_len050.ACD [1756-L81E 35.11]*",""
"udttagcomment_len100","18416","1756-L81E","35.05","2026-08-22","","0","0","0","Logix Designer - CommentJ in udttagcomment_len100.ACD [1756-L81E 35.11]*",""
"udttagcomment_len200","18416","1756-L81E","35.05","2026-08-22","","0","0","0","Logix Designer - CommentJ in udttagcomment_len200.ACD [1756-L81E 35.11]*",""
"udttype_bool_n4","18400","1756-L81E","35.05","2026-08-22","","0","0","0","Logix Designer - SweepTypeBOOL in udttype_bool_n4.ACD [1756-L81E 35.11]*",""
"udttype_dint_n4","18368","1756-L81E","35.05","2026-08-22","","0","0","0","Logix Designer - SweepTypeDINT in udttype_dint_n4.ACD [1756-L81E 35.11]*",""
"udttype_int_n4","18368","1756-L81E","35.05","2026-08-22","","0","0","0","Logix Designer - SweepTypeINT in udttype_int_n4.ACD [1756-L81E 35.11]*",""
"udttype_lint_n4","18368","1756-L81E","35.05","2026-08-22","","0","0","0","Logix Designer - SweepTypeLINT in udttype_lint_n4.ACD [1756-L81E 35.11]*",""
"udttype_real_n4","18368","1756-L81E","35.05","2026-08-22","","0","0","0","Logix Designer - SweepTypeREAL in udttype_real_n4.ACD [1756-L81E 35.11]*",""
"udttype_sint_n4","18368","1756-L81E","35.05","2026-08-22","","0","0","0","Logix Designer - SweepTypeSINT in udttype_sint_n4.ACD [1756-L81E 35.11]*",""
"udttypecomment_len000","18320","1756-L81E","35.05","2026-08-22","","0","0","0","Logix Designer - CommentI in udttypecomment_len000.ACD [1756-L81E 35.11]*",""
"udttypecomment_len010","18320","1756-L81E","35.05","2026-08-22","","0","0","0","Logix Designer - CommentI in udttypecomment_len010.ACD [1756-L81E 35.11]*",""
"udttypecomment_len025","18320","1756-L81E","35.05","2026-08-22","","0","0","0","Logix Designer - CommentI in udttypecomment_len025.ACD [1756-L81E 35.11]*",""
"udttypecomment_len050","18320","1756-L81E","35.05","2026-08-22","","0","0","0","Logix Designer - CommentI in udttypecomment_len050.ACD [1756-L81E 35.11]*",""
"udttypecomment_len100","18320","1756-L81E","35.05","2026-08-22","","0","0","0","Logix Designer - CommentI in udttypecomment_len100.ACD [1756-L81E 35.11]*",""
"udttypecomment_len200","18320","1756-L81E","35.05","2026-08-22","","0","0","0","Logix Designer - CommentI in udttypecomment_len200.ACD [1756-L81E 35.11]*",""
"v35_l16er","69600","1769-L16ER-BB1B","35.05","2026-08-24","MANUAL ENTRY: this 1769-series (CompactLogix 5370) processor requires clicking the ""Estimate"" button in Controller Properties before Studio 5000 will display a real Capacity number at all (real UI quirk, not an AHK/automation failure) -- read Capacity directly after clicking Estimate and reported the real value manually, not via the normal AHK pipeline. Cross-platform data point for OQ-BASELINE-PROCFW: 1769 family baseline is real, large, and clearly different from the 1756-L81E baseline (18112 at this same self-closing-MainRoutine shape, see OQ-EMPTYROUTINE) and from each other by memory tier -- not yet decomposed into firmware vs processor-family vs memory-tier components, more points needed before fitting a formula.","","","","",""
"v35_l18er","69600","1769-L18ER-BB1B","35.05","2026-08-24","MANUAL ENTRY: this 1769-series (CompactLogix 5370) processor requires clicking the ""Estimate"" button in Controller Properties before Studio 5000 will display a real Capacity number at all (real UI quirk, not an AHK/automation failure) -- read Capacity directly after clicking Estimate and reported the real value manually, not via the normal AHK pipeline. Cross-platform data point for OQ-BASELINE-PROCFW: 1769 family baseline is real, large, and clearly different from the 1756-L81E baseline (18112 at this same self-closing-MainRoutine shape, see OQ-EMPTYROUTINE) and from each other by memory tier -- not yet decomposed into firmware vs processor-family vs memory-tier components, more points needed before fitting a formula.","","","","",""
"v35_l18erm","69600","1769-L18ERM-BB1B","35.05","2026-08-24","MANUAL ENTRY: this 1769-series (CompactLogix 5370) processor requires clicking the ""Estimate"" button in Controller Properties before Studio 5000 will display a real Capacity number at all (real UI quirk, not an AHK/automation failure) -- read Capacity directly after clicking Estimate and reported the real value manually, not via the normal AHK pipeline. Cross-platform data point for OQ-BASELINE-PROCFW: 1769 family baseline is real, large, and clearly different from the 1756-L81E baseline (18112 at this same self-closing-MainRoutine shape, see OQ-EMPTYROUTINE) and from each other by memory tier -- not yet decomposed into firmware vs processor-family vs memory-tier components, more points needed before fitting a formula.","","","","",""
"v35_l19er","69600","1769-L19ER-BB1B","35.05","2026-08-24","MANUAL ENTRY: this 1769-series (CompactLogix 5370) processor requires clicking the ""Estimate"" button in Controller Properties before Studio 5000 will display a real Capacity number at all (real UI quirk, not an AHK/automation failure) -- read Capacity directly after clicking Estimate and reported the real value manually, not via the normal AHK pipeline. Cross-platform data point for OQ-BASELINE-PROCFW: 1769 family baseline is real, large, and clearly different from the 1756-L81E baseline (18112 at this same self-closing-MainRoutine shape, see OQ-EMPTYROUTINE) and from each other by memory tier -- not yet decomposed into firmware vs processor-family vs memory-tier components, more points needed before fitting a formula.","","","","",""
"v35_l24er","85272","1769-L24ER-QB1B","35.05","2026-08-24","MANUAL ENTRY: this 1769-series (CompactLogix 5370) processor requires clicking the ""Estimate"" button in Controller Properties before Studio 5000 will display a real Capacity number at all (real UI quirk, not an AHK/automation failure) -- read Capacity directly after clicking Estimate and reported the real value manually, not via the normal AHK pipeline. Cross-platform data point for OQ-BASELINE-PROCFW: 1769 family baseline is real, large, and clearly different from the 1756-L81E baseline (18112 at this same self-closing-MainRoutine shape, see OQ-EMPTYROUTINE) and from each other by memory tier -- not yet decomposed into firmware vs processor-family vs memory-tier components, more points needed before fitting a formula.","","","","",""
"v35_l24er_qbfc1b","98944","1769-L24ER-QBFC1B","35.05","2026-08-24","MANUAL ENTRY: this 1769-series (CompactLogix 5370) processor requires clicking the ""Estimate"" button in Controller Properties before Studio 5000 will display a real Capacity number at all (real UI quirk, not an AHK/automation failure) -- read Capacity directly after clicking Estimate and reported the real value manually, not via the normal AHK pipeline. Cross-platform data point for OQ-BASELINE-PROCFW: 1769 family baseline is real, large, and clearly different from the 1756-L81E baseline (18112 at this same self-closing-MainRoutine shape, see OQ-EMPTYROUTINE) and from each other by memory tier -- not yet decomposed into firmware vs processor-family vs memory-tier components, more points needed before fitting a formula.","","","","",""
"v35_l27erm_qbfc1b","98944","1769-L27ERM-QBFC1B","35.05","2026-08-24","MANUAL ENTRY: this 1769-series (CompactLogix 5370) processor requires clicking the ""Estimate"" button in Controller Properties before Studio 5000 will display a real Capacity number at all (real UI quirk, not an AHK/automation failure) -- read Capacity directly after clicking Estimate and reported the real value manually, not via the normal AHK pipeline. Cross-platform data point for OQ-BASELINE-PROCFW: 1769 family baseline is real, large, and clearly different from the 1756-L81E baseline (18112 at this same self-closing-MainRoutine shape, see OQ-EMPTYROUTINE) and from each other by memory tier -- not yet decomposed into firmware vs processor-family vs memory-tier components, more points needed before fitting a formula.","","","","",""
"v35_l306er","18144","5069-L306ER","35.05","2026-08-27","MANUAL ENTRY, : reported directly in chat, not via batch_memory_capture.ps1.","","","","",""
"v35_l306erm","18144","5069-L306ERM","35.05","2026-08-27","MANUAL ENTRY, : reported directly in chat, not via batch_memory_capture.ps1.","","","","",""
"v35_l306erms2","18440","5069-L306ERMS2","35.05","2026-08-27","MANUAL ENTRY, : reported directly in chat, not via batch_memory_capture.ps1.","","","","",""
"v35_l306erms3","18440","5069-L306ERMS3","35.05","2026-08-27","MANUAL ENTRY, : reported directly in chat, not via batch_memory_capture.ps1.","","","","",""
"v35_l306ers2","18440","5069-L306ERS2","35.05","2026-08-27","MANUAL ENTRY, : reported directly in chat, not via batch_memory_capture.ps1.","","","","",""
"v35_l30erm","82848","1769-L30ERM","35.05","2026-08-24","MANUAL ENTRY: this 1769-series (CompactLogix 5370) processor requires clicking the ""Estimate"" button in Controller Properties before Studio 5000 will display a real Capacity number at all (real UI quirk, not an AHK/automation failure) -- read Capacity directly after clicking Estimate and reported the real value manually, not via the normal AHK pipeline. Cross-platform data point for OQ-BASELINE-PROCFW: 1769 family baseline is real, large, and clearly different from the 1756-L81E baseline (18112 at this same self-closing-MainRoutine shape, see OQ-EMPTYROUTINE) and from each other by memory tier -- not yet decomposed into firmware vs processor-family vs memory-tier components, more points needed before fitting a formula.","","","","",""
"v35_l3100erm","19576","5069-L3100ERM","35.05","2026-08-24","CORRECTED  (""you should know by now how much they weigh, do the grade 1 basic subtraction""): real actual_bytes=19576 includes an ordinary 2nd Task/Program/Routine (named ""SafetyTask""/""SafetyProgram"" but carrying NO real safety marker -- no Class=""Safety"" on the Program, empty <SafetyInfo/>, not actually CIP-Safety-flagged content). Subtracting the already-confirmed task_program_overhead (task_extra=700 + program_extra=484 + routine_extra=272 = 1456) gives a corrected single-task/program baseline of 18120 for this processor/firmware -- now a VALID OQ-BASELINE-PROCFW data point, no longer excluded. (l82e/l83e/l84e/l85e all land exactly on the already-confirmed 18,112 reference point -- l3100erm/l330er/l340er land close at 18,120, l320er at 18,144, small real per-model variance within the family, not measurement error.)","0","0","1","Logix Designer - v35_l306er in v35_l3100erm.ACD [5069-L3100ERM 35.11]*",""
"v35_l320er","19600","5069-L320ER","35.05","2026-08-24","CORRECTED  (""you should know by now how much they weigh, do the grade 1 basic subtraction""): real actual_bytes=19600 includes an ordinary 2nd Task/Program/Routine (named ""SafetyTask""/""SafetyProgram"" but carrying NO real safety marker -- no Class=""Safety"" on the Program, empty <SafetyInfo/>, not actually CIP-Safety-flagged content). Subtracting the already-confirmed task_program_overhead (task_extra=700 + program_extra=484 + routine_extra=272 = 1456) gives a corrected single-task/program baseline of 18144 for this processor/firmware -- now a VALID OQ-BASELINE-PROCFW data point, no longer excluded. (l82e/l83e/l84e/l85e all land exactly on the already-confirmed 18,112 reference point -- l3100erm/l330er/l340er land close at 18,120, l320er at 18,144, small real per-model variance within the family, not measurement error.)","0","0","1","Logix Designer - v35_l306er in v35_l320er.ACD [5069-L320ER 35.11]*",""
"v35_l330er","19576","5069-L330ER","35.05","2026-08-24","CORRECTED  (""you should know by now how much they weigh, do the grade 1 basic subtraction""): real actual_bytes=19576 includes an ordinary 2nd Task/Program/Routine (named ""SafetyTask""/""SafetyProgram"" but carrying NO real safety marker -- no Class=""Safety"" on the Program, empty <SafetyInfo/>, not actually CIP-Safety-flagged content). Subtracting the already-confirmed task_program_overhead (task_extra=700 + program_extra=484 + routine_extra=272 = 1456) gives a corrected single-task/program baseline of 18120 for this processor/firmware -- now a VALID OQ-BASELINE-PROCFW data point, no longer excluded. (l82e/l83e/l84e/l85e all land exactly on the already-confirmed 18,112 reference point -- l3100erm/l330er/l340er land close at 18,120, l320er at 18,144, small real per-model variance within the family, not measurement error.)","0","0","1","Logix Designer - v35_l306er in v35_l330er.ACD [5069-L330ER 35.11]*",""
"v35_l33er","82848","1769-L33ERM","35.05","2026-08-24","MANUAL ENTRY: this 1769-series (CompactLogix 5370) processor requires clicking the ""Estimate"" button in Controller Properties before Studio 5000 will display a real Capacity number at all (real UI quirk, not an AHK/automation failure) -- read Capacity directly after clicking Estimate and reported the real value manually, not via the normal AHK pipeline. Cross-platform data point for OQ-BASELINE-PROCFW: 1769 family baseline is real, large, and clearly different from the 1756-L81E baseline (18112 at this same self-closing-MainRoutine shape, see OQ-EMPTYROUTINE) and from each other by memory tier -- not yet decomposed into firmware vs processor-family vs memory-tier components, more points needed before fitting a formula.","","","","",""
"v35_l340er","19576","5069-L340ER","35.05","2026-08-24","CORRECTED  (""you should know by now how much they weigh, do the grade 1 basic subtraction""): real actual_bytes=19576 includes an ordinary 2nd Task/Program/Routine (named ""SafetyTask""/""SafetyProgram"" but carrying NO real safety marker -- no Class=""Safety"" on the Program, empty <SafetyInfo/>, not actually CIP-Safety-flagged content). Subtracting the already-confirmed task_program_overhead (task_extra=700 + program_extra=484 + routine_extra=272 = 1456) gives a corrected single-task/program baseline of 18120 for this processor/firmware -- now a VALID OQ-BASELINE-PROCFW data point, no longer excluded. (l82e/l83e/l84e/l85e all land exactly on the already-confirmed 18,112 reference point -- l3100erm/l330er/l340er land close at 18,120, l320er at 18,144, small real per-model variance within the family, not measurement error.)","0","0","1","Logix Designer - v35_l306er in v35_l340er.ACD [5069-L340ER 35.11]*",""
"v35_l82e","19568","1756-L82E","35.05","2026-08-24","CORRECTED  (""you should know by now how much they weigh, do the grade 1 basic subtraction""): real actual_bytes=19568 includes an ordinary 2nd Task/Program/Routine (named ""SafetyTask""/""SafetyProgram"" but carrying NO real safety marker -- no Class=""Safety"" on the Program, empty <SafetyInfo/>, not actually CIP-Safety-flagged content). Subtracting the already-confirmed task_program_overhead (task_extra=700 + program_extra=484 + routine_extra=272 = 1456) gives a corrected single-task/program baseline of 18112 for this processor/firmware -- now a VALID OQ-BASELINE-PROCFW data point, no longer excluded. (l82e/l83e/l84e/l85e all land exactly on the already-confirmed 18,112 reference point -- l3100erm/l330er/l340er land close at 18,120, l320er at 18,144, small real per-model variance within the family, not measurement error.)","0","0","1","Logix Designer - v35_l306er in v35_l82e.ACD [1756-L82E 35.11]*",""
"v35_l83e","19568","1756-L83E","35.05","2026-08-24","CORRECTED  (""you should know by now how much they weigh, do the grade 1 basic subtraction""): real actual_bytes=19568 includes an ordinary 2nd Task/Program/Routine (named ""SafetyTask""/""SafetyProgram"" but carrying NO real safety marker -- no Class=""Safety"" on the Program, empty <SafetyInfo/>, not actually CIP-Safety-flagged content). Subtracting the already-confirmed task_program_overhead (task_extra=700 + program_extra=484 + routine_extra=272 = 1456) gives a corrected single-task/program baseline of 18112 for this processor/firmware -- now a VALID OQ-BASELINE-PROCFW data point, no longer excluded. (l82e/l83e/l84e/l85e all land exactly on the already-confirmed 18,112 reference point -- l3100erm/l330er/l340er land close at 18,120, l320er at 18,144, small real per-model variance within the family, not measurement error.)","0","0","1","Logix Designer - v35_l306er in v35_l83e.ACD [1756-L83E 35.11]*",""
"v35_l84e","19568","1756-L84E","35.05","2026-08-24","CORRECTED  (""you should know by now how much they weigh, do the grade 1 basic subtraction""): real actual_bytes=19568 includes an ordinary 2nd Task/Program/Routine (named ""SafetyTask""/""SafetyProgram"" but carrying NO real safety marker -- no Class=""Safety"" on the Program, empty <SafetyInfo/>, not actually CIP-Safety-flagged content). Subtracting the already-confirmed task_program_overhead (task_extra=700 + program_extra=484 + routine_extra=272 = 1456) gives a corrected single-task/program baseline of 18112 for this processor/firmware -- now a VALID OQ-BASELINE-PROCFW data point, no longer excluded. (l82e/l83e/l84e/l85e all land exactly on the already-confirmed 18,112 reference point -- l3100erm/l330er/l340er land close at 18,120, l320er at 18,144, small real per-model variance within the family, not measurement error.)","0","0","1","Logix Designer - v35_l306er in v35_l84e.ACD [1756-L84E 35.11]*",""
"v35_l85e","19568","1756-L85E","35.05","2026-08-24","CORRECTED  (""you should know by now how much they weigh, do the grade 1 basic subtraction""): real actual_bytes=19568 includes an ordinary 2nd Task/Program/Routine (named ""SafetyTask""/""SafetyProgram"" but carrying NO real safety marker -- no Class=""Safety"" on the Program, empty <SafetyInfo/>, not actually CIP-Safety-flagged content). Subtracting the already-confirmed task_program_overhead (task_extra=700 + program_extra=484 + routine_extra=272 = 1456) gives a corrected single-task/program baseline of 18112 for this processor/firmware -- now a VALID OQ-BASELINE-PROCFW data point, no longer excluded. (l82e/l83e/l84e/l85e all land exactly on the already-confirmed 18,112 reference point -- l3100erm/l330er/l340er land close at 18,120, l320er at 18,144, small real per-model variance within the family, not measurement error.)","0","0","1","Logix Designer - v35_l306er in v35_l85e.ACD [1756-L85E 35.11]*",""
"xic_ote_1000_comment100","214112","1756-L81E","35.05","2026-08-22","","0","0","0","Logix Designer - xic_ote_1000_comment100 [1756-L81E 35.11]*",""
"xic_ote_1000_nocomment","214112","1756-L81E","35.05","2026-08-22","","0","0","0","Logix Designer - xic_ote_1000_nocomment [1756-L81E 35.11]*",""
"xprogref_3prog_shared_alias_n01000","80144","1756-L81E","35.05","2026-08-24","Reconciled from the local branch (james-capture-aug24), captured , never previously merged.","0","3","1","Logix Designer - XProgRef3 in xprogref_3prog_shared_alias_n01000.ACD [1756-L81E 35.11]*",""
"xprogref_4prog_shared_alias_n01000","101036","1756-L81E","35.05","2026-08-24","Reconciled from the local branch (james-capture-aug24), captured , never previously merged.","0","4","1","Logix Designer - XProgRef4 in xprogref_4prog_shared_alias_n01000.ACD [1756-L81E 35.11]*",""
"xprogref_singleprog_alias_n01000","38360","1756-L81E","35.05","2026-08-22","","0","0","0","Logix Designer - XProgRefSingle in xprogref_singleprog_alias_n01000.ACD [1756-L81E 35.11]*",""
"xprogref_twoprog_shared_alias_n01000","59252","1756-L81E","35.05","2026-08-22","","0","0","0","Logix Designer - XProgRefTwo in xprogref_twoprog_shared_alias_n01000.ACD [1756-L81E 35.11]*",""
"jsr_paramtype_udt_n01_r00100_iso2","28944","1756-L81E","35.05","2026-08-31","","0","0","0","Logix Designer - JsrParamTypeIso2UdtN01 in jsr_paramtype_udt_n01_r00100_iso2.ACD [1756-L81E 35.11]*",""
"jsr_paramtype_udt_n03_r00100_iso2","35372","1756-L81E","35.05","2026-08-31","","0","0","0","Logix Designer - JsrParamTypeIso2UdtN03 in jsr_paramtype_udt_n03_r00100_iso2.ACD [1756-L81E 35.11]*",""
"jsr_paramtype_udt_n05_r00100_iso2","41396","1756-L81E","35.05","2026-08-31","","0","0","0","Logix Designer - JsrParamTypeIso2UdtN05 in jsr_paramtype_udt_n05_r00100_iso2.ACD [1756-L81E 35.11]*",""
"jsr_paramtype_string_n01_r00100_iso2","28880","1756-L81E","35.05","2026-08-31","","0","0","0","Logix Designer - JsrParamTypeIso2StringN01 in jsr_paramtype_string_n01_r00100_iso2.ACD [1756-L81E 35.11]*",""
"jsr_paramtype_string_n03_r00100_iso2","35628","1756-L81E","35.05","2026-08-31","","0","0","0","Logix Designer - JsrParamTypeIso2StringN03 in jsr_paramtype_string_n03_r00100_iso2.ACD [1756-L81E 35.11]*",""
"jsr_paramtype_string_n05_r00100_iso2","41972","1756-L81E","35.05","2026-08-31","","0","0","0","Logix Designer - JsrParamTypeIso2StringN05 in jsr_paramtype_string_n05_r00100_iso2.ACD [1756-L81E 35.11]*",""
"aoibp_boundary_bc16_n02_iso2","19728","1756-L81E","35.05","2026-08-31","","0","0","0","Logix Designer - AoiBpBoundaryIso2Bc16 in aoibp_boundary_bc16_n02_iso2.ACD [1756-L81E 35.11]",""
"aoibp_boundary_bc16_n04_iso2","19736","1756-L81E","35.05","2026-08-31","","0","0","0","Logix Designer - AoiBpBoundaryIso2Bc16 in aoibp_boundary_bc16_n04_iso2.ACD [1756-L81E 35.11]*",""
"aoibp_boundary_bc16_n08_iso2","19752","1756-L81E","35.05","2026-08-31","","0","0","0","Logix Designer - AoiBpBoundaryIso2Bc16 in aoibp_boundary_bc16_n08_iso2.ACD [1756-L81E 35.11]*",""
"aoibp_boundary_bc24_n02_iso2","19872","1756-L81E","35.05","2026-08-31","","0","0","0","Logix Designer - AoiBpBoundaryIso2Bc24 in aoibp_boundary_bc24_n02_iso2.ACD [1756-L81E 35.11]*",""
"aoibp_boundary_bc24_n04_iso2","19880","1756-L81E","35.05","2026-08-31","","0","0","0","Logix Designer - AoiBpBoundaryIso2Bc24 in aoibp_boundary_bc24_n04_iso2.ACD [1756-L81E 35.11]*",""
"aoibp_boundary_bc24_n08_iso2","19896","1756-L81E","35.05","2026-08-31","","0","0","0","Logix Designer - AoiBpBoundaryIso2Bc24 in aoibp_boundary_bc24_n08_iso2.ACD [1756-L81E 35.11]*",""
"aoibp_boundary_bc31_n02_iso2","20024","1756-L81E","35.05","2026-08-31","","0","0","0","Logix Designer - AoiBpBoundaryIso2Bc31 in aoibp_boundary_bc31_n02_iso2.ACD [1756-L81E 35.11]*",""
"aoibp_boundary_bc31_n04_iso2","20040","1756-L81E","35.05","2026-08-31","","0","0","0","Logix Designer - AoiBpBoundaryIso2Bc31 in aoibp_boundary_bc31_n04_iso2.ACD [1756-L81E 35.11]*",""
"aoibp_boundary_bc31_n08_iso2","20072","1756-L81E","35.05","2026-08-31","","0","0","0","Logix Designer - AoiBpBoundaryIso2Bc31 in aoibp_boundary_bc31_n08_iso2.ACD [1756-L81E 35.11]*",""
"aoibp_boundary_bc32_n02_iso2","20048","1756-L81E","35.05","2026-08-31","","0","0","0","Logix Designer - AoiBpBoundaryIso2Bc32 in aoibp_boundary_bc32_n02_iso2.ACD [1756-L81E 35.11]*",""
"aoibp_boundary_bc32_n04_iso2","20064","1756-L81E","35.05","2026-08-31","","0","0","0","Logix Designer - AoiBpBoundaryIso2Bc32 in aoibp_boundary_bc32_n04_iso2.ACD [1756-L81E 35.11]*",""
"aoibp_boundary_bc32_n08_iso2","20096","1756-L81E","35.05","2026-08-31","","0","0","0","Logix Designer - AoiBpBoundaryIso2Bc32 in aoibp_boundary_bc32_n08_iso2.ACD [1756-L81E 35.11]*",""
"aoibp_boundary_bc33_n02_iso2","20064","1756-L81E","35.05","2026-08-31","","0","0","0","Logix Designer - AoiBpBoundaryIso2Bc33 in aoibp_boundary_bc33_n02_iso2.ACD [1756-L81E 35.11]*",""
"aoibp_boundary_bc33_n04_iso2","20080","1756-L81E","35.05","2026-08-31","","0","0","0","Logix Designer - AoiBpBoundaryIso2Bc33 in aoibp_boundary_bc33_n04_iso2.ACD [1756-L81E 35.11]*",""
"aoibp_boundary_bc33_n08_iso2","20112","1756-L81E","35.05","2026-08-31","","0","0","0","Logix Designer - AoiBpBoundaryIso2Bc33 in aoibp_boundary_bc33_n08_iso2.ACD [1756-L81E 35.11]*",""
"aoibp_boundary_bc40_n02_iso2","20192","1756-L81E","35.05","2026-08-31","","0","0","0","Logix Designer - AoiBpBoundaryIso2Bc40 in aoibp_boundary_bc40_n02_iso2.ACD [1756-L81E 35.11]*",""
"aoibp_boundary_bc40_n04_iso2","20208","1756-L81E","35.05","2026-08-31","","0","0","0","Logix Designer - AoiBpBoundaryIso2Bc40 in aoibp_boundary_bc40_n04_iso2.ACD [1756-L81E 35.11]*",""
"aoibp_boundary_bc40_n08_iso2","20240","1756-L81E","35.05","2026-08-31","","0","0","0","Logix Designer - AoiBpBoundaryIso2Bc40 in aoibp_boundary_bc40_n08_iso2.ACD [1756-L81E 35.11]*",""
"aoibp_boundary_bc48_n02_iso2","20336","1756-L81E","35.05","2026-08-31","","0","0","0","Logix Designer - AoiBpBoundaryIso2Bc48 in aoibp_boundary_bc48_n02_iso2.ACD [1756-L81E 35.11]*",""
"aoibp_boundary_bc48_n04_iso2","20352","1756-L81E","35.05","2026-08-31","","0","0","0","Logix Designer - AoiBpBoundaryIso2Bc48 in aoibp_boundary_bc48_n04_iso2.ACD [1756-L81E 35.11]*",""
"aoibp_boundary_bc48_n08_iso2","20384","1756-L81E","35.05","2026-08-31","","0","0","0","Logix Designer - AoiBpBoundaryIso2Bc48 in aoibp_boundary_bc48_n08_iso2.ACD [1756-L81E 35.11]*",""
"udt_realworld_flatboard_isolation","1058888","1756-L81E","35.05","2026-08-31","","0","0","0","Logix Designer - UdtRealWorldIsolation in udt_realworld_flatboard_isolation.ACD [1756-L81E 35.11]*",""
"aoi_logic_scale_000","19440","5069-L306ER","35.11","2026-08-31","","0","0","0","Logix Designer - AoiLogicScale000 in aoi_logic_scale_000.ACD [1756-L81E 35.11]*",""
"jsr_multi_distinct_targets_01","18480","1756-L81E","35.05","2026-08-31","","0","0","0","Logix Designer - JsrMultiTarget01 in jsr_multi_distinct_targets_01.ACD [1756-L81E 35.11]*",""
"jsr_multi_distinct_targets_03","19216","1756-L81E","35.05","2026-08-31","","0","0","0","Logix Designer - JsrMultiTarget03 in jsr_multi_distinct_targets_03.ACD [1756-L81E 35.11]*",""
"jsr_multi_distinct_targets_05","19952","1756-L81E","35.05","2026-08-31","","0","0","0","Logix Designer - JsrMultiTarget05 in jsr_multi_distinct_targets_05.ACD [1756-L81E 35.11]*",""
"jsr_multi_distinct_targets_n05","19952","1756-L81E","35.05","2026-08-31","","0","0","0","Logix Designer - JsrScaleN05 in jsr_multi_distinct_targets_n05.ACD [1756-L81E 35.11]*",""
"jsr_multi_distinct_targets_n10","21792","1756-L81E","35.05","2026-08-31","","0","0","0","Logix Designer - JsrScaleN10 in jsr_multi_distinct_targets_n10.ACD [1756-L81E 35.11]*",""
"jsr_multi_distinct_targets_n15","23632","1756-L81E","35.05","2026-08-31","","0","0","0","Logix Designer - JsrScaleN15 in jsr_multi_distinct_targets_n15.ACD [1756-L81E 35.11]*",""
"jsr_multi_distinct_targets_n20","25472","1756-L81E","35.05","2026-08-31","","0","0","0","Logix Designer - JsrScaleN20 in jsr_multi_distinct_targets_n20.ACD [1756-L81E 35.11]*",""
"jsr_multi_distinct_targets_n50","36512","1756-L81E","35.05","2026-08-31","","0","0","0","Logix Designer - JsrScaleN50 in jsr_multi_distinct_targets_n50.ACD [1756-L81E 35.11]*",""
"jsr_multi_distinct_targets_namelen04","21632","1756-L81E","35.05","2026-08-31","","0","0","0","Logix Designer - JsrNameLen04 in jsr_multi_distinct_targets_namelen04.ACD [1756-L81E 35.11]*",""
"jsr_multi_distinct_targets_namelen08","21712","1756-L81E","35.05","2026-08-31","","0","0","0","Logix Designer - JsrNameLen08 in jsr_multi_distinct_targets_namelen08.ACD [1756-L81E 35.11]*",""
"jsr_multi_distinct_targets_namelen16","21792","1756-L81E","35.05","2026-08-31","","0","0","0","Logix Designer - JsrNameLen16 in jsr_multi_distinct_targets_namelen16.ACD [1756-L81E 35.11]*",""
"jsr_multi_distinct_targets_namelen32","21952","1756-L81E","35.05","2026-08-31","","0","0","0","Logix Designer - JsrNameLen32 in jsr_multi_distinct_targets_namelen32.ACD [1756-L81E 35.11]*",""
"program_multi_distinct_n05","21988","1756-L81E","35.05","2026-08-31","","0","0","0","Logix Designer - ProgScale05 in program_multi_distinct_n05.ACD [1756-L81E 35.11]",""
"program_multi_distinct_n10","25848","1756-L81E","35.05","2026-08-31","","0","0","0","Logix Designer - ProgScale10 in program_multi_distinct_n10.ACD [1756-L81E 35.11]*",""
"program_multi_distinct_n15","29708","1756-L81E","35.05","2026-08-31","","0","0","0","Logix Designer - ProgScale15 in program_multi_distinct_n15.ACD [1756-L81E 35.11]*",""
"program_multi_distinct_n20","33568","1756-L81E","35.05","2026-08-31","","0","0","0","Logix Designer - ProgScale20 in program_multi_distinct_n20.ACD [1756-L81E 35.11]*",""
"program_multi_distinct_n50","56728","1756-L81E","35.05","2026-08-31","","0","0","0","Logix Designer - ProgScale50 in program_multi_distinct_n50.ACD [1756-L81E 35.11]*",""
"program_multi_distinct_namelen04","25688","1756-L81E","35.05","2026-08-31","","0","0","0","Logix Designer - ProgScale10 in program_multi_distinct_namelen04.ACD [1756-L81E 35.11]*",""
"program_multi_distinct_namelen08","25768","1756-L81E","35.05","2026-08-31","","0","0","0","Logix Designer - ProgScale10 in program_multi_distinct_namelen08.ACD [1756-L81E 35.11]*",""
"program_multi_distinct_namelen16","25848","1756-L81E","35.05","2026-08-31","","0","0","0","Logix Designer - ProgScale10 in program_multi_distinct_namelen16.ACD [1756-L81E 35.11]*",""
"program_multi_distinct_namelen32","26008","1756-L81E","35.05","2026-08-31","","0","0","0","Logix Designer - ProgScale10 in program_multi_distinct_namelen32.ACD [1756-L81E 35.11]*",""
"composite_realistic_01_r2","49804","1756-L81E","35.05","2026-08-31","Real capture mapped from OLD filename 'composite_realistic_01' (pre-rename, pre-fix content) -- confirmed predicted_bytes identical before/after the AOI-arg/XIC-OTE fixes (48522 for index 01), so this real capture is still valid for the current _r2 file.","0","0","0","Logix Designer - Composite01 in composite_realistic_01.ACD [1756-L81E 35.11]",""
"composite_realistic_02_r2","69048","1756-L81E","35.05","2026-08-31","","0","0","0","Logix Designer - Composite02 in composite_realistic_02_r2.ACD [1756-L81E 35.11]*",""
"composite_realistic_07_r2","108712","1756-L81E","35.05","2026-08-31","","0","0","0","Logix Designer - Composite07 in composite_realistic_07_r2.ACD [1756-L81E 35.11]*",""
"composite_realistic_19_r2","175528","1756-L81E","35.05","2026-08-31","","0","0","0","Logix Designer - Composite19 in composite_realistic_19_r2.ACD [1756-L81E 35.11]*",""
"composite_realistic_31_r2","235272","1756-L81E","35.05","2026-08-31","","0","0","0","Logix Designer - Composite31 in composite_realistic_31_r2.ACD [1756-L81E 35.11]*",""
"composite_realistic_43_r2","300976","1756-L81E","35.05","2026-08-31","","0","0","0","Logix Designer - Composite43 in composite_realistic_43_r2.ACD [1756-L81E 35.11]*",""
"jsr_multi_distinct_targets_namelen40","22032","1756-L81E","35.05","2026-08-31","","0","0","0","Logix Designer - JsrNameLen40 in jsr_multi_distinct_targets_namelen40.ACD [1756-L81E 35.11]*",""
"program_multi_distinct_namelen40","26088","1756-L81E","35.05","2026-08-31","","0","0","0","Logix Designer - ProgScale10 in program_multi_distinct_namelen40.ACD [1756-L81E 35.11]*",""
"composite_realistic_v2_01","54284","5069-L306ER","35.11","2026-09-02","","0","0","0","Logix Designer - Composite01V2 in composite_realistic_v2_01.ACD [1756-L81E 35.11]*",""
"composite_realistic_v2_02","73512","5069-L306ER","35.11","2026-09-02","","0","0","0","Logix Designer - Composite02V2 in composite_realistic_v2_02.ACD [1756-L81E 35.11]*",""
"composite_realistic_v2_03","76024","5069-L306ER","35.11","2026-09-02","","0","0","0","Logix Designer - Composite03V2 in composite_realistic_v2_03.ACD [1756-L81E 35.11]*",""
"composite_realistic_v2_04","67688","5069-L306ER","35.11","2026-09-02","","0","0","0","Logix Designer - Composite04V2 in composite_realistic_v2_04.ACD [1756-L81E 35.11]*",""
"composite_realistic_v2_05","84312","5069-L306ER","35.11","2026-09-02","","0","0","0","Logix Designer - Composite05V2 in composite_realistic_v2_05.ACD [1756-L81E 35.11]*",""
"composite_realistic_v2_06","83540","5069-L306ER","35.11","2026-09-02","","0","0","0","Logix Designer - Composite06V2 in composite_realistic_v2_06.ACD [1756-L81E 35.11]*",""
"composite_realistic_v2_08","96392","5069-L306ER","35.11","2026-09-02","","0","0","0","Logix Designer - Composite08V2 in composite_realistic_v2_08.ACD [1756-L81E 35.11]*",""
"composite_realistic_v2_09","96443","5069-L306ER","35.11","2026-09-02","","0","0","0","Logix Designer - Composite09V2 in composite_realistic_v2_09.ACD [1756-L81E 35.11]*",""
"composite_realistic_v2_10","118476","5069-L306ER","35.11","2026-09-02","","0","0","0","Logix Designer - Composite10V2 in composite_realistic_v2_10.ACD [1756-L81E 35.11]*",""
"composite_realistic_v2_11","132552","5069-L306ER","35.11","2026-09-02","","0","0","0","Logix Designer - Composite11V2 in composite_realistic_v2_11.ACD [1756-L81E 35.11]*",""
"composite_realistic_v2_12","95276","5069-L306ER","35.11","2026-09-02","","0","0","0","Logix Designer - Composite12V2 in composite_realistic_v2_12.ACD [1756-L81E 35.11]*",""
"composite_realistic_v2_13","114956","5069-L306ER","35.11","2026-09-02","","0","0","0","Logix Designer - Composite13V2 in composite_realistic_v2_13.ACD [1756-L81E 35.11]*",""
"composite_realistic_v2_14","129936","5069-L306ER","35.11","2026-09-02","","0","0","0","Logix Designer - Composite14V2 in composite_realistic_v2_14.ACD [1756-L81E 35.11]*",""
"composite_realistic_v2_15","145708","5069-L306ER","35.11","2026-09-02","","0","0","0","Logix Designer - Composite15V2 in composite_realistic_v2_15.ACD [1756-L81E 35.11]*",""
"composite_realistic_v2_16","117032","5069-L306ER","35.11","2026-09-02","","0","0","0","Logix Designer - Composite16V2 in composite_realistic_v2_16.ACD [1756-L81E 35.11]*",""
"composite_realistic_v2_17","144420","5069-L306ER","35.11","2026-09-02","","0","0","0","Logix Designer - Composite17V2 in composite_realistic_v2_17.ACD [1756-L81E 35.11]*",""
"composite_realistic_v2_20","138032","5069-L306ER","35.11","2026-09-02","","0","0","0","Logix Designer - Composite20V2 in composite_realistic_v2_20.ACD [1756-L81E 35.11]*",""
"composite_realistic_v2_21","143328","5069-L306ER","35.11","2026-09-02","","0","0","0","Logix Designer - Composite21V2 in composite_realistic_v2_21.ACD [1756-L81E 35.11]*",""
"composite_realistic_v2_22","155496","5069-L306ER","35.11","2026-09-02","","0","0","0","Logix Designer - Composite22V2 in composite_realistic_v2_22.ACD [1756-L81E 35.11]*",""
"composite_realistic_v2_23","205028","5069-L306ER","35.11","2026-09-02","","0","0","0","Logix Designer - Composite23V2 in composite_realistic_v2_23.ACD [1756-L81E 35.11]*",""
"composite_realistic_v2_24","148772","5069-L306ER","35.11","2026-09-02","","0","0","0","Logix Designer - Composite24V2 in composite_realistic_v2_24.ACD [1756-L81E 35.11]*",""
"composite_realistic_v2_25","164760","5069-L306ER","35.11","2026-09-02","","0","0","0","Logix Designer - Composite25V2 in composite_realistic_v2_25.ACD [1756-L81E 35.11]*",""
"composite_realistic_v2_26","179076","5069-L306ER","35.11","2026-09-02","","0","0","0","Logix Designer - Composite26V2 in composite_realistic_v2_26.ACD [1756-L81E 35.11]*",""
"composite_realistic_v2_27","213120","5069-L306ER","35.11","2026-09-02","","0","0","0","Logix Designer - Composite27V2 in composite_realistic_v2_27.ACD [1756-L81E 35.11]*",""
"composite_realistic_v2_28","171964","5069-L306ER","35.11","2026-09-02","","0","0","0","Logix Designer - Composite28V2 in composite_realistic_v2_28.ACD [1756-L81E 35.11]*",""
"composite_realistic_v2_29","195316","5069-L306ER","35.11","2026-09-02","","0","0","0","Logix Designer - Composite29V2 in composite_realistic_v2_29.ACD [1756-L81E 35.11]*",""
"composite_realistic_v2_31","243720","5069-L306ER","35.11","2026-09-02","","0","0","0","Logix Designer - Composite31V2 in composite_realistic_v2_31.ACD [1756-L81E 35.11]*",""
"composite_realistic_v2_32","189652","5069-L306ER","35.11","2026-09-02","","0","0","0","Logix Designer - Composite32V2 in composite_realistic_v2_32.ACD [1756-L81E 35.11]*",""
"composite_realistic_v2_33","193424","5069-L306ER","35.11","2026-09-02","","0","0","0","Logix Designer - Composite33V2 in composite_realistic_v2_33.ACD [1756-L81E 35.11]*",""
"composite_realistic_v2_34","213648","5069-L306ER","35.11","2026-09-02","","0","0","0","Logix Designer - Composite34V2 in composite_realistic_v2_34.ACD [1756-L81E 35.11]*",""
"composite_realistic_v2_35","267288","5069-L306ER","35.11","2026-09-02","","0","0","0","Logix Designer - Composite35V2 in composite_realistic_v2_35.ACD [1756-L81E 35.11]*",""
"composite_realistic_v2_36","195988","5069-L306ER","35.11","2026-09-02","","0","0","0","Logix Designer - Composite36V2 in composite_realistic_v2_36.ACD [1756-L81E 35.11]*",""
"composite_realistic_v2_37","222636","5069-L306ER","35.11","2026-09-02","","0","0","0","Logix Designer - Composite37V2 in composite_realistic_v2_37.ACD [1756-L81E 35.11]*",""
"composite_realistic_v2_38","236704","5069-L306ER","35.11","2026-09-02","","0","0","0","Logix Designer - Composite38V2 in composite_realistic_v2_38.ACD [1756-L81E 35.11]*",""
"composite_realistic_v2_39","291360","5069-L306ER","35.11","2026-09-02","","0","0","0","Logix Designer - Composite39V2 in composite_realistic_v2_39.ACD [1756-L81E 35.11]*",""
"composite_realistic_v2_40","213740","5069-L306ER","35.11","2026-09-02","","0","0","0","Logix Designer - Composite40V2 in composite_realistic_v2_40.ACD [1756-L81E 35.11]*",""
"composite_realistic_v2_41","238927","5069-L306ER","35.11","2026-09-02","","0","0","0","Logix Designer - Composite41V2 in composite_realistic_v2_41.ACD [1756-L81E 35.11]*",""
"composite_realistic_v2_42","249912","5069-L306ER","35.11","2026-09-02","","0","0","0","Logix Designer - Composite42V2 in composite_realistic_v2_42.ACD [1756-L81E 35.11]*",""
"composite_realistic_v2_43","307660","5069-L306ER","35.11","2026-09-02","","0","0","0","Logix Designer - Composite43V2 in composite_realistic_v2_43.ACD [1756-L81E 35.11]*",""
"composite_realistic_v2_44","236312","5069-L306ER","35.11","2026-09-02","","0","0","0","Logix Designer - Composite44V2 in composite_realistic_v2_44.ACD [1756-L81E 35.11]*",""
"composite_realistic_v2_45","251896","5069-L306ER","35.11","2026-09-02","","0","0","0","Logix Designer - Composite45V2 in composite_realistic_v2_45.ACD [1756-L81E 35.11]*",""
"composite_realistic_v2_46","264084","5069-L306ER","35.11","2026-09-02","","0","0","0","Logix Designer - Composite46V2 in composite_realistic_v2_46.ACD [1756-L81E 35.11]*",""
"composite_realistic_v2_47","337976","5069-L306ER","35.11","2026-09-02","","0","0","0","Logix Designer - Composite47V2 in composite_realistic_v2_47.ACD [1756-L81E 35.11]*",""
"composite_realistic_v2_48","251308","5069-L306ER","35.11","2026-09-02","","0","0","0","Logix Designer - Composite48V2 in composite_realistic_v2_48.ACD [1756-L81E 35.11]*",""
"composite_realistic_v2_49","279160","5069-L306ER","35.11","2026-09-02","","0","0","0","Logix Designer - Composite49V2 in composite_realistic_v2_49.ACD [1756-L81E 35.11]*",""
"bridge_placeholder_single","18448","1756-L81E","35.05","2026-09-03","","0","0","0","Logix Designer - BridgePlaceholderSingle in bridge_placeholder_single.ACD [1756-L81E 35.11]*",""
"bridge_placeholder_ten","21336","1756-L81E","35.05","2026-09-03","","0","0","0","Logix Designer - BridgePlaceholderTen in bridge_placeholder_ten.ACD [1756-L81E 35.11]*",""
"composite_realistic_v3_01","1509480","1756-L81E","35.05","2026-09-03","","","","","Logix Designer - Composite3_01 in composite_realistic_v3_01.ACD [1756-L81E 35.11]",""
"composite_realistic_v3_02","1498779","1756-L81E","35.05","2026-09-03","","2","0","0","Logix Designer - Composite3_02 in composite_realistic_v3_02.ACD [1756-L81E 35.11]",""
"composite_realistic_v3_03","1520963","1756-L81E","35.05","2026-09-03","","2","0","0","Logix Designer - Composite3_03 in composite_realistic_v3_03.ACD [1756-L81E 35.11]",""
"composite_realistic_v3_04","1513720","1756-L81E","35.05","2026-09-03","","2","0","0","Logix Designer - Composite3_04 in composite_realistic_v3_04.ACD [1756-L81E 35.11]",""
"composite_realistic_v3_05","1513564","1756-L81E","35.05","2026-09-03","","2","0","0","Logix Designer - Composite3_05 in composite_realistic_v3_05.ACD [1756-L81E 35.11]",""
"composite_realistic_v3_06","1523259","1756-L81E","35.05","2026-09-03","","2","0","0","Logix Designer - Composite3_06 in composite_realistic_v3_06.ACD [1756-L81E 35.11]",""
"composite_realistic_v3_07","1500791","1756-L81E","35.05","2026-09-03","","2","0","0","Logix Designer - Composite3_07 in composite_realistic_v3_07.ACD [1756-L81E 35.11]",""
"composite_realistic_v3_08","1634692","1756-L81E","35.05","2026-09-03","","2","0","0","Logix Designer - Composite3_08 in composite_realistic_v3_08.ACD [1756-L81E 35.11]",""
"composite_realistic_v3_09","1637532","1756-L81E","35.05","2026-09-03","","2","0","0","Logix Designer - Composite3_09 in composite_realistic_v3_09.ACD [1756-L81E 35.11]",""
"composite_realistic_v3_10","1632408","1756-L81E","35.05","2026-09-03","","","","","Logix Designer - Composite3_10 in composite_realistic_v3_10.ACD [1756-L81E 35.11]",""
"composite_realistic_v3_11","1610731","1756-L81E","35.05","2026-09-03","","2","0","0","Logix Designer - Composite3_11 in composite_realistic_v3_11.ACD [1756-L81E 35.11]",""
"composite_realistic_v3_12","1620871","1756-L81E","35.05","2026-09-03","","2","0","0","Logix Designer - Composite3_12 in composite_realistic_v3_12.ACD [1756-L81E 35.11]",""
"composite_realistic_v3_13","1631976","1756-L81E","35.05","2026-09-03","","0","0","0","Logix Designer - Composite3_13 in composite_realistic_v3_13.ACD [1756-L81E 35.11]",""
"composite_realistic_v3_14","1620496","1756-L81E","35.05","2026-09-03","","2","0","0","Logix Designer - Composite3_14 in composite_realistic_v3_14.ACD [1756-L81E 35.11]",""
"composite_realistic_v3_15","1627555","1756-L81E","35.05","2026-09-03","","2","0","0","Logix Designer - Composite3_15 in composite_realistic_v3_15.ACD [1756-L81E 35.11]",""
"composite_realistic_v3_16","1755835","1756-L81E","35.05","2026-09-03","","2","0","0","Logix Designer - Composite3_16 in composite_realistic_v3_16.ACD [1756-L81E 35.11]",""
"composite_realistic_v3_17","1756308","1756-L81E","35.05","2026-09-03","","2","0","0","Logix Designer - Composite3_17 in composite_realistic_v3_17.ACD [1756-L81E 35.11]",""
"composite_realistic_v3_18","1754648","1756-L81E","35.05","2026-09-03","","2","0","0","Logix Designer - Composite3_18 in composite_realistic_v3_18.ACD [1756-L81E 35.11]",""
"composite_realistic_v3_19","1744283","1756-L81E","35.05","2026-09-03","","2","0","0","Logix Designer - Composite3_19 in composite_realistic_v3_19.ACD [1756-L81E 35.11]",""
"composite_realistic_v3_20","1758503","1756-L81E","35.05","2026-09-03","","2","0","0","Logix Designer - Composite3_20 in composite_realistic_v3_20.ACD [1756-L81E 35.11]",""
"composite_realistic_v3_21","1791328","1756-L81E","35.05","2026-09-03","","2","0","0","Logix Designer - Composite3_21 in composite_realistic_v3_21.ACD [1756-L81E 35.11]",""
"composite_realistic_v3_22","1793628","1756-L81E","35.05","2026-09-03","","2","0","0","Logix Designer - Composite3_22 in composite_realistic_v3_22.ACD [1756-L81E 35.11]",""
"composite_realistic_v3_23","1825448","1756-L81E","35.05","2026-09-03","","2","0","0","Logix Designer - Composite3_23 in composite_realistic_v3_23.ACD [1756-L81E 35.11]",""
"composite_realistic_v3_24","1886003","1756-L81E","35.05","2026-09-03","","2","0","0","Logix Designer - Composite3_24 in composite_realistic_v3_24.ACD [1756-L81E 35.11]",""
"composite_realistic_v3_25","1925411","1756-L81E","35.05","2026-09-03","","2","0","0","Logix Designer - Composite3_25 in composite_realistic_v3_25.ACD [1756-L81E 35.11]",""
"composite_realistic_v3_26","1957644","1756-L81E","35.05","2026-09-03","","2","0","0","Logix Designer - Composite3_26 in composite_realistic_v3_26.ACD [1756-L81E 35.11]",""
"composite_realistic_v3_27","1963560","1756-L81E","35.05","2026-09-03","","2","0","0","Logix Designer - Composite3_27 in composite_realistic_v3_27.ACD [1756-L81E 35.11]",""
"composite_realistic_v3_28","1961047","1756-L81E","35.05","2026-09-03","","2","0","0","Logix Designer - Composite3_28 in composite_realistic_v3_28.ACD [1756-L81E 35.11]",""
"composite_realistic_v3_29","1974403","1756-L81E","35.05","2026-09-03","","2","0","0","Logix Designer - Composite3_29 in composite_realistic_v3_29.ACD [1756-L81E 35.11]",""
"composite_realistic_v3_30","1990472","1756-L81E","35.05","2026-09-03","","2","0","0","Logix Designer - Composite3_30 in composite_realistic_v3_30.ACD [1756-L81E 35.11]",""
"composite_realistic_v3_31","1979188","1756-L81E","35.05","2026-09-03","","2","0","0","Logix Designer - Composite3_31 in composite_realistic_v3_31.ACD [1756-L81E 35.11]",""
"composite_realistic_v3_32","2074092","1756-L81E","35.05","2026-09-03","","2","0","0","Logix Designer - Composite3_32 in composite_realistic_v3_32.ACD [1756-L81E 35.11]",""
"composite_realistic_v3_33","2084291","1756-L81E","35.05","2026-09-03","","2","0","0","Logix Designer - Composite3_33 in composite_realistic_v3_33.ACD [1756-L81E 35.11]",""
"composite_realistic_v3_34","2093892","1756-L81E","35.05","2026-09-03","","2","0","0","Logix Designer - Composite3_34 in composite_realistic_v3_34.ACD [1756-L81E 35.11]",""
"composite_realistic_v3_35","2091468","1756-L81E","35.05","2026-09-03","","2","0","0","Logix Designer - Composite3_35 in composite_realistic_v3_35.ACD [1756-L81E 35.11]",""
"composite_realistic_v3_36","2088652","1756-L81E","35.05","2026-09-03","","2","0","0","Logix Designer - Composite3_36 in composite_realistic_v3_36.ACD [1756-L81E 35.11]",""
"composite_realistic_v3_37","2091743","1756-L81E","35.05","2026-09-03","","2","0","0","Logix Designer - Composite3_37 in composite_realistic_v3_37.ACD [1756-L81E 35.11]",""
"composite_realistic_v3_38","2087991","1756-L81E","35.05","2026-09-03","","2","0","0","Logix Designer - Composite3_38 in composite_realistic_v3_38.ACD [1756-L81E 35.11]",""
"composite_realistic_v3_39","2084008","1756-L81E","35.05","2026-09-03","","2","0","0","Logix Designer - Composite3_39 in composite_realistic_v3_39.ACD [1756-L81E 35.11]",""
"composite_realistic_v3_40","2212584","1756-L81E","35.05","2026-09-03","","2","0","0","Logix Designer - Composite3_40 in composite_realistic_v3_40.ACD [1756-L81E 35.11]",""
"composite_realistic_v3_41","2205088","1756-L81E","35.05","2026-09-03","","2","0","0","Logix Designer - Composite3_41 in composite_realistic_v3_41.ACD [1756-L81E 35.11]",""
"composite_realistic_v3_42","2206763","1756-L81E","35.05","2026-09-03","","2","0","0","Logix Designer - Composite3_42 in composite_realistic_v3_42.ACD [1756-L81E 35.11]",""
"composite_realistic_v3_43","2209880","1756-L81E","35.05","2026-09-03","","2","0","0","Logix Designer - Composite3_43 in composite_realistic_v3_43.ACD [1756-L81E 35.11]",""
"composite_realistic_v3_44","2215356","1756-L81E","35.05","2026-09-03","","2","0","0","Logix Designer - Composite3_44 in composite_realistic_v3_44.ACD [1756-L81E 35.11]",""
"composite_realistic_v3_45","2208188","1756-L81E","35.05","2026-09-03","","2","0","0","Logix Designer - Composite3_45 in composite_realistic_v3_45.ACD [1756-L81E 35.11]",""
"composite_realistic_v3_46","2210303","1756-L81E","35.05","2026-09-03","","2","0","0","Logix Designer - Composite3_46 in composite_realistic_v3_46.ACD [1756-L81E 35.11]",""
"composite_realistic_v3_47","2235983","1756-L81E","35.05","2026-09-03","","2","0","0","Logix Designer - Composite3_47 in composite_realistic_v3_47.ACD [1756-L81E 35.11]",""
"composite_realistic_v3_48","2349556","1756-L81E","35.05","2026-09-03","","2","0","0","Logix Designer - Composite3_48 in composite_realistic_v3_48.ACD [1756-L81E 35.11]",""
"composite_realistic_v3_49","2331008","1756-L81E","35.05","2026-09-03","","2","0","0","Logix Designer - Composite3_49 in composite_realistic_v3_49.ACD [1756-L81E 35.11]",""
"composite_realistic_v3_50","2330948","1756-L81E","35.05","2026-09-03","","2","0","0","Logix Designer - Composite3_50 in composite_realistic_v3_50.ACD [1756-L81E 35.11]",""
"axis_scale_n01_single","76568","1756-L81E","35.05","2026-09-03","","2","0","0","Logix Designer - AxisScale1 in axis_scale_n01_single.ACD [1756-L81E 35.11]",""
"axis_scale_n02_single","103888","1756-L81E","35.05","2026-09-03","","3","0","0","Logix Designer - AxisScale2 in axis_scale_n02_single.ACD [1756-L81E 35.11]",""
"axis_scale_n02_dual","102408","","","2026-09-14","PROCTYPE-UNREAD","2","4","0","Logix Designer - AxisScale3 in axis_scale_n02_dual.ACD [1756-L81E 35.11]","Error: Tag 'Drv3_0:SI': Invalid data type for safety tag. | Error: Project size exceeds controller capacity. | Complete - 2 error(s), 4 warning(s) | "
"axis_scale_n04_single","158528","1756-L81E","35.05","2026-09-03","","5","0","0","Logix Designer - AxisScale4 in axis_scale_n04_single.ACD [1756-L81E 35.11]",""
"axis_scale_n08_single","267808","1756-L81E","35.05","2026-09-03","","9","0","0","Logix Designer - AxisScale8 in axis_scale_n08_single.ACD [1756-L81E 35.11]",""
"axis_scale_n08_dual","256152","","","2026-09-14","PROCTYPE-UNREAD","5","16","0","Logix Designer - AxisScale9 in axis_scale_n08_dual.ACD [1756-L81E 35.11]","Error: Tag 'Drv9_2:SI': Invalid data type for safety tag. | Error: Tag 'Drv9_0:SI': Invalid data type for safety tag. | Error: Tag 'Drv9_3:SI': Invalid data type for safety tag. | Error: Tag 'Drv9_1:SI': Invalid data type for safety tag. | Error: Project size exceeds controller capacity. | Complete "
"axis_scale_n08_dual_regen","259248","","","2026-09-14","PROCTYPE-UNREAD","5","16","0","Logix Designer - AxisScale11 in axis_scale_n08_dual_regen.ACD [1756-L81E 35.11]","Error: Tag 'Drv11_3:SI': Invalid data type for safety tag. | Error: Tag 'Drv11_2:SI': Invalid data type for safety tag. | Error: Tag 'Drv11_0:SI': Invalid data type for safety tag. | Error: Tag 'Drv11_1:SI': Invalid data type for safety tag. | Error: Project size exceeds controller capacity. | Compl"
"rack_5069_n02","23138","1756-L81E","35.05","2026-09-03","","0","0","0","Logix Designer - Rack5069_n02 in rack_5069_n02.ACD [1756-L81E 35.11]*",""
"rack_5069_n02_alt","27338","1756-L81E","35.05","2026-09-03","","0","0","0","Logix Designer - Rack5069_n02_alt in rack_5069_n02_alt.ACD [1756-L81E 35.11]*",""
"rack_5069_n04","31748","1756-L81E","35.05","2026-09-03","","0","0","0","Logix Designer - Rack5069_n04 in rack_5069_n04.ACD [1756-L81E 35.11]*",""
"rack_5069_n04_alt","32672","1756-L81E","35.05","2026-09-03","","0","0","0","Logix Designer - Rack5069_n04_alt in rack_5069_n04_alt.ACD [1756-L81E 35.11]*",""
"rack_5069_n06","39056","1756-L81E","35.05","2026-09-03","","0","0","0","Logix Designer - Rack5069_n06 in rack_5069_n06.ACD [1756-L81E 35.11]*",""
"rack_5069_n06_alt","41587","1756-L81E","35.05","2026-09-03","","0","0","0","Logix Designer - Rack5069_n06_alt in rack_5069_n06_alt.ACD [1756-L81E 35.11]*",""
"rack_5069_n08","45692","1756-L81E","35.05","2026-09-03","","0","0","0","Logix Designer - Rack5069_n08 in rack_5069_n08.ACD [1756-L81E 35.11]*",""
"rack_5069_n08_alt","47398","1756-L81E","35.05","2026-09-03","","0","0","0","Logix Designer - Rack5069_n08_alt in rack_5069_n08_alt.ACD [1756-L81E 35.11]*",""
"rack_5069_n10","51808","1756-L81E","35.05","2026-09-03","","0","0","0","Logix Designer - Rack5069_n10 in rack_5069_n10.ACD [1756-L81E 35.11]*",""
"rack_5069_n10_alt","50719","1756-L81E","35.05","2026-09-03","","0","0","0","Logix Designer - Rack5069_n10_alt in rack_5069_n10_alt.ACD [1756-L81E 35.11]*",""
"rack_5069_n12_full","59515","1756-L81E","35.05","2026-09-03","","0","0","0","Logix Designer - Rack5069_n12_full in rack_5069_n12_full.ACD [1756-L81E 35.11]*",""
"rack_pointio_n02","25824","1756-L81E","35.05","2026-09-04","","0","0","0","Logix Designer - RackPointIO_n02 in rack_pointio_n02.ACD [1756-L81E 35.11]",""
"rack_pointio_n02_alt","22688","1756-L81E","35.05","2026-09-04","","0","0","0","Logix Designer - RackPointIO_n02_alt in rack_pointio_n02_alt.ACD [1756-L81E 35.11]",""
"rack_pointio_n03","27600","1756-L81E","35.05","2026-09-04","","0","0","0","Logix Designer - RackPointIO_n03 in rack_pointio_n03.ACD [1756-L81E 35.11]*",""
"rack_pointio_n03_alt","26760","1756-L81E","35.05","2026-09-04","","0","0","0","Logix Designer - RackPointIO_n03_alt in rack_pointio_n03_alt.ACD [1756-L81E 35.11]*",""
"rack_pointio_n04","28784","1756-L81E","35.05","2026-09-04","","0","0","0","Logix Designer - RackPointIO_n04 in rack_pointio_n04.ACD [1756-L81E 35.11]",""
"rack_pointio_n04_alt","27272","1756-L81E","35.05","2026-09-04","","0","0","0","Logix Designer - RackPointIO_n04_alt in rack_pointio_n04_alt.ACD [1756-L81E 35.11]*",""
"rack_pointio_n05","31296","1756-L81E","35.05","2026-09-03","","","","","Logix Designer - RackPointIO_n05 in rack_pointio_n05.ACD [1756-L81E 35.11]*",""
"rack_pointio_n06","32192","1756-L81E","35.05","2026-09-04","","0","0","0","Logix Designer - RackPointIO_n06 in rack_pointio_n06.ACD [1756-L81E 35.11]",""
"rack_pointio_n06_alt","31728","1756-L81E","35.05","2026-09-04","","0","0","0","Logix Designer - RackPointIO_n06_alt in rack_pointio_n06_alt.ACD [1756-L81E 35.11]*",""
"rack_1756_n02","23456","1756-L81E","35.05","2026-09-03","","0","0","0","Logix Designer - Rack1756_n02 in rack_1756_n02.ACD [1756-L81E 35.11]*",""
"rack_1756_n02_alt","21560","1756-L81E","35.05","2026-09-03","","0","0","0","Logix Designer - Rack1756_n02_alt in rack_1756_n02_alt.ACD [1756-L81E 35.11]",""
"rack_1756_n04","26888","1756-L81E","35.05","2026-09-03","","0","0","0","Logix Designer - Rack1756_n04 in rack_1756_n04.ACD [1756-L81E 35.11]*",""
"rack_1756_n04_alt","33640","1756-L81E","35.05","2026-09-03","","0","0","0","Logix Designer - Rack1756_n04_alt in rack_1756_n04_alt.ACD [1756-L81E 35.11]*",""
"rack_1756_n06","35688","1756-L81E","35.05","2026-09-03","","0","0","0","Logix Designer - Rack1756_n06 in rack_1756_n06.ACD [1756-L81E 35.11]*",""
"rack_1756_n06_alt","31708","1756-L81E","35.05","2026-09-03","","0","0","0","Logix Designer - Rack1756_n06_alt in rack_1756_n06_alt.ACD [1756-L81E 35.11]*",""
"rack_1756_n08","41600","1756-L81E","35.05","2026-09-03","","0","0","0","Logix Designer - Rack1756_n08 in rack_1756_n08.ACD [1756-L81E 35.11]*",""
"rack_1756_n08_alt","41184","1756-L81E","35.05","2026-09-03","","0","0","0","Logix Designer - Rack1756_n08_alt in rack_1756_n08_alt.ACD [1756-L81E 35.11]*",""
"rack_1756_n10","45720","1756-L81E","35.05","2026-09-03","","0","0","0","Logix Designer - Rack1756_n10 in rack_1756_n10.ACD [1756-L81E 35.11]*",""
"rack_1756_n12","48476","1756-L81E","35.05","2026-09-03","","0","0","0","Logix Designer - Rack1756_n12 in rack_1756_n12.ACD [1756-L81E 35.11]*",""
"rack_1756_n14","57428","1756-L81E","35.05","2026-09-03","","0","1","0","Logix Designer - Rack1756_n14 in rack_1756_n14.ACD [1756-L81E 35.11]*",""
"rack_1756_n16_full","61980","1756-L81E","35.05","2026-09-03","","0","1","0","Logix Designer - Rack1756_n16_full in rack_1756_n16_full.ACD [1756-L81E 35.11]*",""
"cipmodule_scale_0064b","20928","1756-L81E","35.05","2026-09-04","","0","0","0","Logix Designer - CipGeneric0064b in cipmodule_scale_0064b.ACD [1756-L81E 35.11]*",""
"cipmodule_scale_0128b","21440","1756-L81E","35.05","2026-09-03","","","","","Logix Designer - CipGeneric0128b in cipmodule_scale_0128b.ACD [1756-L81E 35.11]*",""
"cipmodule_scale_0256b","22464","1756-L81E","35.05","2026-09-04","","0","0","0","Logix Designer - CipGeneric0256b in cipmodule_scale_0256b.ACD [1756-L81E 35.11]*",""
"cipmodule_scale_0496b","24384","1756-L81E","35.05","2026-09-03","","","","","Logix Designer - CipGeneric0496b in cipmodule_scale_0496b.ACD [1756-L81E 35.11]*",""
"cipmodule_scale_0496b_x3","34912","1756-L81E","35.05","2026-09-04","","0","0","0","Logix Designer - CipGeneric0496b_x3 in cipmodule_scale_0496b_x3.ACD [1756-L81E 35.11]*",""
"rack_pointio_n07_full","35800","1756-L81E","35.05","2026-09-04","","0","0","0","Logix Designer - RackPointIO_n07_full in rack_pointio_n07_full.ACD [1756-L81E 35.11]*",""
"rack_pointio_n07_full_alt","34432","1756-L81E","35.05","2026-09-04","","0","0","0","Logix Designer - RackPointIO_n07_full_alt in rack_pointio_n07_full_alt.ACD [1756-L81E 35.11]*",""
"composite_realistic_v4_001","1938751","1756-L81E","35.05","2026-09-03","","0","43","0","Logix Designer - Composite4_001 in composite_realistic_v4_001.ACD [1756-L81E 35.11]*",""
"composite_realistic_v4_002","1944179","1756-L81E","35.05","2026-09-03","","0","48","0","Logix Designer - Composite4_002 in composite_realistic_v4_002.ACD [1756-L81E 35.11]*",""
"composite_realistic_v4_003","1957795","1756-L81E","35.05","2026-09-03","","0","53","0","Logix Designer - Composite4_003 in composite_realistic_v4_003.ACD [1756-L81E 35.11]*",""
"composite_realistic_v4_004","1940671","1756-L81E","35.05","2026-09-03","","0","66","0","Logix Designer - Composite4_004 in composite_realistic_v4_004.ACD [1756-L81E 35.11]*",""
"composite_realistic_v4_005","1977843","1756-L81E","35.05","2026-09-03","","0","39","0","Logix Designer - Composite4_005 in composite_realistic_v4_005.ACD [1756-L81E 35.11]",""
"composite_realistic_v4_006","1982034","1756-L81E","35.05","2026-09-03","","0","45","0","Logix Designer - Composite4_006 in composite_realistic_v4_006.ACD [1756-L81E 35.11]",""
"composite_realistic_v4_007","1974423","1756-L81E","35.05","2026-09-03","","0","54","0","Logix Designer - Composite4_007 in composite_realistic_v4_007.ACD [1756-L81E 35.11]",""
"composite_realistic_v4_008","2003227","1756-L81E","35.05","2026-09-03","","0","62","0","Logix Designer - Composite4_008 in composite_realistic_v4_008.ACD [1756-L81E 35.11]",""
"composite_realistic_v4_009","2009803","1756-L81E","35.05","2026-09-03","","0","67","0","Logix Designer - Composite4_009 in composite_realistic_v4_009.ACD [1756-L81E 35.11]",""
"composite_realistic_v4_010","2037078","1756-L81E","35.05","2026-09-03","","0","44","0","Logix Designer - Composite4_010 in composite_realistic_v4_010.ACD [1756-L81E 35.11]",""
"composite_realistic_v4_011","2035963","1756-L81E","35.05","2026-09-03","","0","49","0","Logix Designer - Composite4_011 in composite_realistic_v4_011.ACD [1756-L81E 35.11]",""
"composite_realistic_v4_012","2036663","1756-L81E","35.05","2026-09-03","","0","58","0","Logix Designer - Composite4_012 in composite_realistic_v4_012.ACD [1756-L81E 35.11]",""
"composite_realistic_v4_013","2048863","1756-L81E","35.05","2026-09-03","","0","67","0","Logix Designer - Composite4_013 in composite_realistic_v4_013.ACD [1756-L81E 35.11]",""
"composite_realistic_v4_014","2037823","1756-L81E","35.05","2026-09-03","","0","73","0","Logix Designer - Composite4_014 in composite_realistic_v4_014.ACD [1756-L81E 35.11]",""
"composite_realistic_v4_015","2073355","1756-L81E","35.05","2026-09-03","","0","45","0","Logix Designer - Composite4_015 in composite_realistic_v4_015.ACD [1756-L81E 35.11]",""
"composite_realistic_v4_016","2115611","1756-L81E","35.05","2026-09-03","","0","59","0","Logix Designer - Composite4_016 in composite_realistic_v4_016.ACD [1756-L81E 35.11]",""
"composite_realistic_v4_017","2100803","1756-L81E","35.05","2026-09-03","","0","64","0","Logix Designer - Composite4_017 in composite_realistic_v4_017.ACD [1756-L81E 35.11]",""
"composite_realistic_v4_018","2108047","1756-L81E","35.05","2026-09-03","","0","68","0","Logix Designer - Composite4_018 in composite_realistic_v4_018.ACD [1756-L81E 35.11]",""
"composite_realistic_v4_019","2098771","1756-L81E","35.05","2026-09-03","","0","81","0","Logix Designer - Composite4_019 in composite_realistic_v4_019.ACD [1756-L81E 35.11]",""
"composite_realistic_v4_020","2130687","1756-L81E","35.05","2026-09-03","","0","34","0","Logix Designer - Composite4_020 in composite_realistic_v4_020.ACD [1756-L81E 35.11]",""
"composite_realistic_v4_021","2122998","1756-L81E","35.05","2026-09-03","","0","39","0","Logix Designer - Composite4_021 in composite_realistic_v4_021.ACD [1756-L81E 35.11]",""
"composite_realistic_v4_022","2126971","1756-L81E","35.05","2026-09-03","","0","48","0","Logix Designer - Composite4_022 in composite_realistic_v4_022.ACD [1756-L81E 35.11]",""
"composite_realistic_v4_023","2138543","1756-L81E","35.05","2026-09-03","","0","58","0","Logix Designer - Composite4_023 in composite_realistic_v4_023.ACD [1756-L81E 35.11]",""
"composite_realistic_v4_024","2162643","1756-L81E","35.05","2026-09-03","","0","63","0","Logix Designer - Composite4_024 in composite_realistic_v4_024.ACD [1756-L81E 35.11]",""
"composite_realistic_v4_025","2191586","1756-L81E","35.05","2026-09-03","","0","39","0","Logix Designer - Composite4_025 in composite_realistic_v4_025.ACD [1756-L81E 35.11]",""
"composite_realistic_v4_026","2209403","1756-L81E","35.05","2026-09-03","","0","45","0","Logix Designer - Composite4_026 in composite_realistic_v4_026.ACD [1756-L81E 35.11]",""
"composite_realistic_v4_027","2198279","1756-L81E","35.05","2026-09-03","","0","53","0","Logix Designer - Composite4_027 in composite_realistic_v4_027.ACD [1756-L81E 35.11]",""
"composite_realistic_v4_028","2188495","1756-L81E","35.05","2026-09-03","","0","62","0","Logix Designer - Composite4_028 in composite_realistic_v4_028.ACD [1756-L81E 35.11]",""
"composite_realistic_v4_029","2198035","1756-L81E","35.05","2026-09-03","","0","67","0","Logix Designer - Composite4_029 in composite_realistic_v4_029.ACD [1756-L81E 35.11]",""
"composite_realistic_v4_030","2224143","1756-L81E","35.05","2026-09-03","","0","41","0","Logix Designer - Composite4_030 in composite_realistic_v4_030.ACD [1756-L81E 35.11]",""
"composite_realistic_v4_031","2216379","1756-L81E","35.05","2026-09-03","","0","54","0","Logix Designer - Composite4_031 in composite_realistic_v4_031.ACD [1756-L81E 35.11]",""
"composite_realistic_v4_032","2249658","1756-L81E","35.05","2026-09-03","","","","","Logix Designer - Composite4_032 in composite_realistic_v4_032.ACD [1756-L81E 35.11]",""
"composite_realistic_v4_033","2266651","1756-L81E","35.05","2026-09-03","","","","","Logix Designer - Composite4_033 in composite_realistic_v4_033.ACD [1756-L81E 35.11]*",""
"composite_realistic_v4_034","2258779","1756-L81E","35.05","2026-09-03","","","","","Logix Designer - Composite4_034 in composite_realistic_v4_034.ACD [1756-L81E 35.11]*",""
"composite_realistic_v4_035","2287347","1756-L81E","35.05","2026-09-03","","","","","Logix Designer - Composite4_035 in composite_realistic_v4_035.ACD [1756-L81E 35.11]",""
"composite_realistic_v4_036","2290874","1756-L81E","35.05","2026-09-03","","","","","Logix Designer - Composite4_036 in composite_realistic_v4_036.ACD [1756-L81E 35.11]*",""
"composite_realistic_v4_037","2297807","1756-L81E","35.05","2026-09-03","","","","","Logix Designer - Composite4_037 in composite_realistic_v4_037.ACD [1756-L81E 35.11]",""
"composite_realistic_v4_038","2287623","1756-L81E","35.05","2026-09-03","","","","","Logix Designer - Composite4_038 in composite_realistic_v4_038.ACD [1756-L81E 35.11]*",""
"composite_realistic_v4_039","2290015","1756-L81E","35.05","2026-09-03","","","","","Logix Designer - Composite4_039 in composite_realistic_v4_039.ACD [1756-L81E 35.11]",""
"composite_realistic_v4_040","2349847","1756-L81E","35.05","2026-09-03","","","","","Logix Designer - Composite4_040 in composite_realistic_v4_040.ACD [1756-L81E 35.11]",""
"composite_realistic_v4_041","2345559","1756-L81E","35.05","2026-09-03","","","","","Logix Designer - Composite4_041 in composite_realistic_v4_041.ACD [1756-L81E 35.11]",""
"composite_realistic_v4_042","2344227","1756-L81E","35.05","2026-09-03","","","","","Logix Designer - Composite4_042 in composite_realistic_v4_042.ACD [1756-L81E 35.11]",""
"composite_realistic_v4_043","2343894","1756-L81E","35.05","2026-09-03","","","","","Logix Designer - Composite4_043 in composite_realistic_v4_043.ACD [1756-L81E 35.11]",""
"composite_realistic_v4_044","2356075","1756-L81E","35.05","2026-09-03","","","","","Logix Designer - Composite4_044 in composite_realistic_v4_044.ACD [1756-L81E 35.11]",""
"composite_realistic_v4_045","2383411","1756-L81E","35.05","2026-09-03","","","","","Logix Designer - Composite4_045 in composite_realistic_v4_045.ACD [1756-L81E 35.11]*",""
"composite_realistic_v4_046","2381599","1756-L81E","35.05","2026-09-03","","","","","Logix Designer - Composite4_046 in composite_realistic_v4_046.ACD [1756-L81E 35.11]",""
"composite_realistic_v4_047","2384446","1756-L81E","35.05","2026-09-03","","","","","Logix Designer - Composite4_047 in composite_realistic_v4_047.ACD [1756-L81E 35.11]*",""
"composite_realistic_v4_048","2417075","1756-L81E","35.05","2026-09-03","","","","","Logix Designer - Composite4_048 in composite_realistic_v4_048.ACD [1756-L81E 35.11]*",""
"composite_realistic_v4_049","2410119","1756-L81E","35.05","2026-09-03","","","","","Logix Designer - Composite4_049 in composite_realistic_v4_049.ACD [1756-L81E 35.11]*",""
"composite_realistic_v4_050","2440379","1756-L81E","35.05","2026-09-03","","","","","Logix Designer - Composite4_050 in composite_realistic_v4_050.ACD [1756-L81E 35.11]*",""
"composite_realistic_v4_051","2448515","1756-L81E","35.05","2026-09-03","","","","","Logix Designer - Composite4_051 in composite_realistic_v4_051.ACD [1756-L81E 35.11]*",""
"composite_realistic_v4_052","2434931","1756-L81E","35.05","2026-09-03","","","","","Logix Designer - Composite4_052 in composite_realistic_v4_052.ACD [1756-L81E 35.11]",""
"composite_realistic_v4_053","2445247","1756-L81E","35.05","2026-09-03","","","","","Logix Designer - Composite4_053 in composite_realistic_v4_053.ACD [1756-L81E 35.11]*",""
"composite_realistic_v4_054","2437766","1756-L81E","35.05","2026-09-03","","","","","Logix Designer - Composite4_054 in composite_realistic_v4_054.ACD [1756-L81E 35.11]",""
"composite_realistic_v4_055","2479847","1756-L81E","35.05","2026-09-03","","","","","Logix Designer - Composite4_055 in composite_realistic_v4_055.ACD [1756-L81E 35.11]*",""
"composite_realistic_v4_056","2510971","1756-L81E","35.05","2026-09-03","","","","","Logix Designer - Composite4_056 in composite_realistic_v4_056.ACD [1756-L81E 35.11]*",""
"composite_realistic_v4_057","2515831","1756-L81E","35.05","2026-09-03","","","","","Logix Designer - Composite4_057 in composite_realistic_v4_057.ACD [1756-L81E 35.11]*",""
"composite_realistic_v4_058","2510974","1756-L81E","35.05","2026-09-03","","","","","Logix Designer - Composite4_058 in composite_realistic_v4_058.ACD [1756-L81E 35.11]*",""
"composite_realistic_v4_059","2507719","1756-L81E","35.05","2026-09-03","","","","","Logix Designer - Composite4_059 in composite_realistic_v4_059.ACD [1756-L81E 35.11]*",""
"composite_realistic_v4_060","2532415","1756-L81E","35.05","2026-09-03","","","","","Logix Designer - Composite4_060 in composite_realistic_v4_060.ACD [1756-L81E 35.11]*",""
"composite_realistic_v4_061","2536051","1756-L81E","35.05","2026-09-03","","","","","Logix Designer - Composite4_061 in composite_realistic_v4_061.ACD [1756-L81E 35.11]*",""
"composite_realistic_v4_062","2531019","1756-L81E","35.05","2026-09-03","","","","","Logix Designer - Composite4_062 in composite_realistic_v4_062.ACD [1756-L81E 35.11]",""
"composite_realistic_v4_063","2533227","1756-L81E","35.05","2026-09-03","","","","","Logix Designer - Composite4_063 in composite_realistic_v4_063.ACD [1756-L81E 35.11]*",""
"composite_realistic_v4_064","2566039","1756-L81E","35.05","2026-09-03","","","","","Logix Designer - Composite4_064 in composite_realistic_v4_064.ACD [1756-L81E 35.11]*",""
"composite_realistic_v4_065","2591962","1756-L81E","35.05","2026-09-03","","","","","Logix Designer - Composite4_065 in composite_realistic_v4_065.ACD [1756-L81E 35.11]*",""
"composite_realistic_v4_066","2606259","1756-L81E","35.05","2026-09-03","","","","","Logix Designer - Composite4_066 in composite_realistic_v4_066.ACD [1756-L81E 35.11]*",""
"composite_realistic_v4_067","2603567","1756-L81E","35.05","2026-09-03","","","","","Logix Designer - Composite4_067 in composite_realistic_v4_067.ACD [1756-L81E 35.11]",""
"composite_realistic_v4_068","2610003","1756-L81E","35.05","2026-09-03","","","","","Logix Designer - Composite4_068 in composite_realistic_v4_068.ACD [1756-L81E 35.11]*",""
"composite_realistic_v4_069","2596222","1756-L81E","35.05","2026-09-03","","","","","Logix Designer - Composite4_069 in composite_realistic_v4_069.ACD [1756-L81E 35.11]*",""
"composite_realistic_v4_070","2618607","1756-L81E","35.05","2026-09-03","","","","","Logix Designer - Composite4_070 in composite_realistic_v4_070.ACD [1756-L81E 35.11]",""
"composite_realistic_v4_071","2632187","1756-L81E","35.05","2026-09-03","","","","","Logix Designer - Composite4_071 in composite_realistic_v4_071.ACD [1756-L81E 35.11]*",""
"composite_realistic_v4_072","2657583","1756-L81E","35.05","2026-09-03","","","","","Logix Designer - Composite4_072 in composite_realistic_v4_072.ACD [1756-L81E 35.11]*",""
"composite_realistic_v4_073","2660638","1756-L81E","35.05","2026-09-03","","","","","Logix Designer - Composite4_073 in composite_realistic_v4_073.ACD [1756-L81E 35.11]*",""
"composite_realistic_v4_074","2662915","1756-L81E","35.05","2026-09-03","","","","","Logix Designer - Composite4_074 in composite_realistic_v4_074.ACD [1756-L81E 35.11]*",""
"cmpcpt_cpt_op_sub_floatliteral_n00010","20848","1756-L81E","35.05","2026-09-04","","0","0","0","Logix Designer - CptConstFloatsubN10 in cmpcpt_cpt_op_sub_floatliteral_n00010.ACD [1756-L81E 35.11]",""
"cmpcpt_cpt_op_sub_floatliteral_n00100","35968","1756-L81E","35.05","2026-09-04","","0","0","0","Logix Designer - CptConstFloatsubN100 in cmpcpt_cpt_op_sub_floatliteral_n00100.ACD [1756-L81E 35.11]*",""
"cmpcpt_cpt_op_mul_floatliteral_n00010","20848","1756-L81E","35.05","2026-09-04","","0","0","0","Logix Designer - CptConstFloatmulN10 in cmpcpt_cpt_op_mul_floatliteral_n00010.ACD [1756-L81E 35.11]*",""
"cmpcpt_cpt_op_mul_floatliteral_n00100","35968","1756-L81E","35.05","2026-09-04","","0","0","0","Logix Designer - CptConstFloatmulN100 in cmpcpt_cpt_op_mul_floatliteral_n00100.ACD [1756-L81E 35.11]*",""
"cmpcpt_cpt_op_div_floatliteral_n00010","20848","1756-L81E","35.05","2026-09-04","","0","0","0","Logix Designer - CptConstFloatdivN10 in cmpcpt_cpt_op_div_floatliteral_n00010.ACD [1756-L81E 35.11]*",""
"cmpcpt_cpt_op_div_floatliteral_n00100","35968","1756-L81E","35.05","2026-09-04","","0","0","0","Logix Designer - CptConstFloatdivN100 in cmpcpt_cpt_op_div_floatliteral_n00100.ACD [1756-L81E 35.11]*",""
"cmpcpt_cpt_op_pow_floatliteral_n00010","20928","1756-L81E","35.05","2026-09-04","","0","0","0","Logix Designer - CptConstFloatpowN10 in cmpcpt_cpt_op_pow_floatliteral_n00010.ACD [1756-L81E 35.11]*",""
"cmpcpt_cpt_op_pow_floatliteral_n00100","36768","1756-L81E","35.05","2026-09-04","","0","0","0","Logix Designer - CptConstFloatpowN100 in cmpcpt_cpt_op_pow_floatliteral_n00100.ACD [1756-L81E 35.11]*",""
"aoi_arraylocal_dim_n00010_def_only","19384","1756-L81E","35.05","2026-09-04","","0","0","0","Logix Designer - ArrLocalDimN10AOI in aoi_arraylocal_dim_n00010_def_only.ACD [1756-L81E 35.11]*",""
"aoi_arraylocal_dim_n00025_def_only","19440","1756-L81E","35.05","2026-09-04","","0","0","0","Logix Designer - ArrLocalDimN25AOI in aoi_arraylocal_dim_n00025_def_only.ACD [1756-L81E 35.11]*",""
"aoi_arraylocal_dim_n00050_def_only","19544","1756-L81E","35.05","2026-09-04","","0","0","0","Logix Designer - ArrLocalDimN50AOI in aoi_arraylocal_dim_n00050_def_only.ACD [1756-L81E 35.11]",""
"aoi_arraylocal_dim_n00100_def_only","19744","1756-L81E","35.05","2026-09-04","","0","0","0","Logix Designer - ArrLocalDimN100AOI in aoi_arraylocal_dim_n00100_def_only.ACD [1756-L81E 35.11]",""
"aoi_arraylocal_dim_n00250_def_only","20344","1756-L81E","35.05","2026-09-04","","0","0","0","Logix Designer - ArrLocalDimN250AOI in aoi_arraylocal_dim_n00250_def_only.ACD [1756-L81E 35.11]*",""
"aoi_arraylocal_dim_n00500_def_only","21344","1756-L81E","35.05","2026-09-04","","0","0","0","Logix Designer - ArrLocalDimN500AOI in aoi_arraylocal_dim_n00500_def_only.ACD [1756-L81E 35.11]*",""
"aoi_arraylocal_dim_n01000_def_only","23344","1756-L81E","35.05","2026-09-04","","0","0","0","Logix Designer - ArrLocalDimN1000AOI in aoi_arraylocal_dim_n01000_def_only.ACD [1756-L81E 35.11]*",""
"aoi_arraylocal_dim_n00010_1_instance","19528","1756-L81E","35.05","2026-09-04","","0","0","0","Logix Designer - ArrLocalDimN10Inst1AOI in aoi_arraylocal_dim_n00010_1_instance.ACD [1756-L81E 35.11]*",""
"aoi_arraylocal_dim_n00025_1_instance","19640","1756-L81E","35.05","2026-09-04","","0","0","0","Logix Designer - ArrLocalDimN25Inst1AOI in aoi_arraylocal_dim_n00025_1_instance.ACD [1756-L81E 35.11]*",""
"aoi_arraylocal_dim_n00050_1_instance","19848","1756-L81E","35.05","2026-09-04","","0","0","0","Logix Designer - ArrLocalDimN50Inst1AOI in aoi_arraylocal_dim_n00050_1_instance.ACD [1756-L81E 35.11]*",""
"aoi_arraylocal_dim_n00100_1_instance","20248","1756-L81E","35.05","2026-09-04","","0","0","0","Logix Designer - ArrLocalDimN100Inst1AOI in aoi_arraylocal_dim_n00100_1_instance.ACD [1756-L81E 35.11]*",""
"aoi_arraylocal_dim_n00250_1_instance","21448","1756-L81E","35.05","2026-09-04","","0","0","0","Logix Designer - ArrLocalDimN250Inst1AOI in aoi_arraylocal_dim_n00250_1_instance.ACD [1756-L81E 35.11]*",""
"aoi_arraylocal_dim_n00500_1_instance","23448","1756-L81E","35.05","2026-09-04","","0","0","0","Logix Designer - ArrLocalDimN500Inst1AOI in aoi_arraylocal_dim_n00500_1_instance.ACD [1756-L81E 35.11]*",""
"aoi_arraylocal_dim_n01000_1_instance","27456","1756-L81E","35.05","2026-09-04","","0","0","0","Logix Designer - ArrLocalDimN1000Inst1AOI in aoi_arraylocal_dim_n01000_1_instance.ACD [1756-L81E 35.11]*",""
"aoi_arraylocal_type_sint_n00050_def_only","19392","1756-L81E","35.05","2026-09-04","","0","0","0","Logix Designer - ArrLocalTypeSINTAOI in aoi_arraylocal_type_sint_n00050_def_only.ACD [1756-L81E 35.11]",""
"aoi_arraylocal_type_int_n00050_def_only","19440","1756-L81E","35.05","2026-09-04","","0","0","0","Logix Designer - ArrLocalTypeINTAOI in aoi_arraylocal_type_int_n00050_def_only.ACD [1756-L81E 35.11]",""
"aoi_arraylocal_type_dint_n00050_def_only","19544","1756-L81E","35.05","2026-09-04","","0","0","0","Logix Designer - ArrLocalTypeDINTAOI in aoi_arraylocal_type_dint_n00050_def_only.ACD [1756-L81E 35.11]",""
"aoi_arraylocal_type_real_n00050_def_only","19544","1756-L81E","35.05","2026-09-04","","0","0","0","Logix Designer - ArrLocalTypeREALAOI in aoi_arraylocal_type_real_n00050_def_only.ACD [1756-L81E 35.11]",""
"aoi_arraylocal_type_bool_n00050_def_only","19352","1756-L81E","35.05","2026-09-04","","0","0","0","Logix Designer - ArrLocalTypeBOOLAOI in aoi_arraylocal_type_bool_n00050_def_only.ACD [1756-L81E 35.11]",""
"aoi_arraylocal_type_sint_n00050_1_instance","19552","1756-L81E","35.05","2026-09-04","","0","0","0","Logix Designer - ArrLocalTypeSINTInst1AOI in aoi_arraylocal_type_sint_n00050_1_instance.ACD [1756-L81E 35.11]",""
"aoi_arraylocal_type_int_n00050_1_instance","19640","1756-L81E","35.05","2026-09-04","","0","0","0","Logix Designer - ArrLocalTypeINTInst1AOI in aoi_arraylocal_type_int_n00050_1_instance.ACD [1756-L81E 35.11]",""
"aoi_arraylocal_type_dint_n00050_1_instance","19856","1756-L81E","35.05","2026-09-04","","0","0","0","Logix Designer - ArrLocalTypeDINTInst1AOI in aoi_arraylocal_type_dint_n00050_1_instance.ACD [1756-L81E 35.11]",""
"aoi_arraylocal_type_real_n00050_1_instance","19856","1756-L81E","35.05","2026-09-04","","0","0","0","Logix Designer - ArrLocalTypeREALInst1AOI in aoi_arraylocal_type_real_n00050_1_instance.ACD [1756-L81E 35.11]",""
"aoi_arraylocal_type_bool_n00050_1_instance","19472","1756-L81E","35.05","2026-09-04","","0","0","0","Logix Designer - ArrLocalTypeBOOLInst1AOI in aoi_arraylocal_type_bool_n00050_1_instance.ACD [1756-L81E 35.11]*",""
"aoi_arraylocal_multiplicity_n01_def_only","19544","1756-L81E","35.05","2026-09-04","","0","0","0","Logix Designer - ArrLocalMult1AOI in aoi_arraylocal_multiplicity_n01_def_only.ACD [1756-L81E 35.11]*",""
"aoi_arraylocal_multiplicity_n02_def_only","19760","1756-L81E","35.05","2026-09-04","","0","0","0","Logix Designer - ArrLocalMult2AOI in aoi_arraylocal_multiplicity_n02_def_only.ACD [1756-L81E 35.11]*",""
"aoi_arraylocal_multiplicity_n03_def_only","19984","1756-L81E","35.05","2026-09-04","","0","0","0","Logix Designer - ArrLocalMult3AOI in aoi_arraylocal_multiplicity_n03_def_only.ACD [1756-L81E 35.11]*",""
"rack_pointio_n15_full","51648","1756-L81E","35.05","2026-09-04","","0","0","0","Logix Designer - RackPointIO_n15_full in rack_pointio_n15_full.ACD [1756-L81E 35.11]*",""
"rack_5069_rand01","53777","1756-L81E","35.05","2026-09-04","","0","0","0","Logix Designer - Rack5069_rand01 in rack_5069_rand01.ACD [1756-L81E 35.11]",""
"rack_5069_rand02","52200","1756-L81E","35.05","2026-09-04","","0","0","0","Logix Designer - Rack5069_rand02 in rack_5069_rand02.ACD [1756-L81E 35.11]*",""
"rack_5069_rand03","48597","1756-L81E","35.05","2026-09-04","","0","0","0","Logix Designer - Rack5069_rand03 in rack_5069_rand03.ACD [1756-L81E 35.11]*",""
"rack_5069_rand04","31595","1756-L81E","35.05","2026-09-04","","0","0","0","Logix Designer - Rack5069_rand04 in rack_5069_rand04.ACD [1756-L81E 35.11]*",""
"rack_5069_rand05","34516","1756-L81E","35.05","2026-09-04","","0","0","0","Logix Designer - Rack5069_rand05 in rack_5069_rand05.ACD [1756-L81E 35.11]*",""
"rack_5069_rand06","45548","1756-L81E","35.05","2026-09-04","","0","0","0","Logix Designer - Rack5069_rand06 in rack_5069_rand06.ACD [1756-L81E 35.11]",""
"rack_5069_rand07","37575","1756-L81E","35.05","2026-09-04","","0","0","0","Logix Designer - Rack5069_rand07 in rack_5069_rand07.ACD [1756-L81E 35.11]",""
"rack_5069_rand08","48781","1756-L81E","35.05","2026-09-04","","0","0","0","Logix Designer - Rack5069_rand08 in rack_5069_rand08.ACD [1756-L81E 35.11]*",""
"rack_5069_rand09","38206","1756-L81E","35.05","2026-09-04","","0","0","0","Logix Designer - Rack5069_rand09 in rack_5069_rand09.ACD [1756-L81E 35.11]*",""
"rack_5069_rand10","33670","1756-L81E","35.05","2026-09-04","","0","0","0","Logix Designer - Rack5069_rand10 in rack_5069_rand10.ACD [1756-L81E 35.11]",""
"rack_5069_rand_combined10","177345","1756-L81E","35.05","2026-09-04","","0","0","0","Logix Designer - Rack5069_rand_combined10 in rack_5069_rand_combined10.ACD [1756-L81E 35.11]",""
"rack_5069_single_5069_ia16_a","21577","1756-L81E","35.05","2026-09-04","","0","0","0","Logix Designer - Rack5069_single_5069_ia16_a in rack_5069_single_5069_ia16_a.ACD [1756-L81E 35.11]",""
"rack_5069_single_5069_ib16_a","21657","1756-L81E","35.05","2026-09-04","","0","0","0","Logix Designer - Rack5069_single_5069_ib16_a in rack_5069_single_5069_ib16_a.ACD [1756-L81E 35.11]",""
"rack_5069_single_5069_if8_b","23681","1756-L81E","35.05","2026-09-04","","0","0","0","Logix Designer - Rack5069_single_5069_if8_b in rack_5069_single_5069_if8_b.ACD [1756-L81E 35.11]",""
"rack_5069_single_5069_iy4_a","23089","1756-L81E","35.05","2026-09-04","","0","0","0","Logix Designer - Rack5069_single_5069_iy4_a in rack_5069_single_5069_iy4_a.ACD [1756-L81E 35.11]*",""
"rack_5069_single_5069_oa16_a","22555","1756-L81E","35.05","2026-09-04","","0","0","0","Logix Designer - Rack5069_single_5069_oa16_a in rack_5069_single_5069_oa16_a.ACD [1756-L81E 35.11]",""
"rack_5069_single_5069_ob16_b","22665","1756-L81E","35.05","2026-09-04","","0","0","0","Logix Designer - Rack5069_single_5069_ob16_b in rack_5069_single_5069_ob16_b.ACD [1756-L81E 35.11]*",""
"rack_5069_single_5069_ob8_a","21819","1756-L81E","35.05","2026-09-04","","0","0","0","Logix Designer - Rack5069_single_5069_ob8_a in rack_5069_single_5069_ob8_a.ACD [1756-L81E 35.11]",""
"rack_5069_single_5069_of4_a","22705","1756-L81E","35.05","2026-09-04","","0","0","0","Logix Designer - Rack5069_single_5069_of4_a in rack_5069_single_5069_of4_a.ACD [1756-L81E 35.11]",""
"rack_5069_single_5069_of8_a","23817","1756-L81E","35.05","2026-09-04","","0","0","0","Logix Designer - Rack5069_single_5069_of8_a in rack_5069_single_5069_of8_a.ACD [1756-L81E 35.11]",""
"rack_5069_single_5069_ow16_c","22563","1756-L81E","35.05","2026-09-04","","0","0","0","Logix Designer - Rack5069_single_5069_ow16_c in rack_5069_single_5069_ow16_c.ACD [1756-L81E 35.11]",""
"rack_5069_single_5069_serial_a","19120","1756-L81E","35.05","2026-09-04","","0","0","0","Logix Designer - Rack5069_single_5069_serial_a in rack_5069_single_5069_serial_a.ACD [1756-L81E 35.11]*",""
"rack_5069_single_5069_hsc2xob4_a","26475","1756-L81E","35.05","2026-09-04","","0","0","0","Logix Designer - Rack5069_single_5069_hsc2xob4_a in rack_5069_single_5069_hsc2xob4_a.ACD [1756-L81E 35.11]*",""
"cptrd_opcount_n03","44800","1756-L81E","35.05","2026-09-04","","0","0","0","Logix Designer - CptRdOps03 in cptrd_opcount_n03.ACD [1756-L81E 35.11]",""
"cptrd_opcount_n04","48800","1756-L81E","35.05","2026-09-04","","0","0","0","Logix Designer - CptRdOps04 in cptrd_opcount_n04.ACD [1756-L81E 35.11]",""
"cptrd_opcount_n06","56800","1756-L81E","35.05","2026-09-04","","0","0","0","Logix Designer - CptRdOps06 in cptrd_opcount_n06.ACD [1756-L81E 35.11]",""
"cptrd_opcount_n08","64800","1756-L81E","35.05","2026-09-04","","0","0","0","Logix Designer - CptRdOps08 in cptrd_opcount_n08.ACD [1756-L81E 35.11]",""
"cptrd_powmulti_n02","41600","1756-L81E","35.05","2026-09-04","","0","0","0","Logix Designer - CptRdPow02 in cptrd_powmulti_n02.ACD [1756-L81E 35.11]",""
"cptrd_powmulti_n03","46000","1756-L81E","35.05","2026-09-04","","0","0","0","Logix Designer - CptRdPow03 in cptrd_powmulti_n03.ACD [1756-L81E 35.11]",""
"cptrd_powmulti_n05","54000","1756-L81E","35.05","2026-09-04","","0","0","0","Logix Designer - CptRdPow05 in cptrd_powmulti_n05.ACD [1756-L81E 35.11]",""
"cptrd_operand_sint","70400","1756-L81E","35.05","2026-09-04","","0","0","0","Logix Designer - CptRdOperandSint in cptrd_operand_sint.ACD [1756-L81E 35.11]",""
"cptrd_operand_lint","44800","1756-L81E","35.05","2026-09-04","","0","0","0","Logix Designer - CptRdOperandLint in cptrd_operand_lint.ACD [1756-L81E 35.11]",""
"jsr_crossed_n20_namelen16","25472","1756-L81E","35.05","2026-09-04","","0","0","0","Logix Designer - JsrCross20L16 in jsr_crossed_n20_namelen16.ACD [1756-L81E 35.11]",""
"jsr_crossed_n20_namelen32","25792","1756-L81E","35.05","2026-09-04","","0","0","0","Logix Designer - JsrCross20L32 in jsr_crossed_n20_namelen32.ACD [1756-L81E 35.11]",""
"jsr_crossed_n40_namelen16","32832","1756-L81E","35.05","2026-09-04","","0","0","0","Logix Designer - JsrCross40L16 in jsr_crossed_n40_namelen16.ACD [1756-L81E 35.11]",""
"jsr_crossed_n40_namelen32","33472","1756-L81E","35.05","2026-09-04","","0","0","0","Logix Designer - JsrCross40L32 in jsr_crossed_n40_namelen32.ACD [1756-L81E 35.11]",""
"jsr_paramtype_udt_n02_r00100","32172","UNKNOWN","UNKNOWN","2026-09-09","PROCTYPE-UNREAD","0","0","0","Logix Designer - JsrUdtParam02 in jsr_paramtype_udt_n02_r00100.ACD [1756-L81E 35.11]*",""
"jsr_paramtype_udt_n04_r00100","38040","UNKNOWN","UNKNOWN","2026-09-09","PROCTYPE-UNREAD","0","0","0","Logix Designer - JsrUdtParam04 in jsr_paramtype_udt_n04_r00100.ACD [1756-L81E 35.11]*",""
"jsr_paramtype_udt_n06_r00100","43904","UNKNOWN","UNKNOWN","2026-09-09","PROCTYPE-UNREAD","0","0","0","Logix Designer - JsrUdtParam06 in jsr_paramtype_udt_n06_r00100.ACD [1756-L81E 35.11]*",""
"jsr_paramtype_udt_n08_r00100","49768","UNKNOWN","UNKNOWN","2026-09-09","PROCTYPE-UNREAD","0","0","0","Logix Designer - JsrUdtParam08 in jsr_paramtype_udt_n08_r00100.ACD [1756-L81E 35.11]*",""
"modrepeat_1756_ib16_n01","19832","1756-L81E","35.05","2026-09-04","","0","0","0","Logix Designer - ModRepeat01 in modrepeat_1756_ib16_n01.ACD [1756-L81E 35.11]",""
"modrepeat_1756_ib16_n02","20736","1756-L81E","35.05","2026-09-04","","0","0","0","Logix Designer - ModRepeat02 in modrepeat_1756_ib16_n02.ACD [1756-L81E 35.11]*",""
"modrepeat_1756_ib16_n04","22544","1756-L81E","35.05","2026-09-04","","0","0","0","Logix Designer - ModRepeat04 in modrepeat_1756_ib16_n04.ACD [1756-L81E 35.11]",""
"modrepeat_1756_ib16_n08","26160","1756-L81E","35.05","2026-09-04","","0","0","0","Logix Designer - ModRepeat08 in modrepeat_1756_ib16_n08.ACD [1756-L81E 35.11]*",""
"realscale_jsrtgt_xic_n00010","23488","1756-L81E","35.05","2026-09-04","","0","0","0","Logix Designer - RsJsrPlace00010 in realscale_jsrtgt_xic_n00010.ACD [1756-L81E 35.11]*",""
"realscale_jsrtgt_xic_n00050","24288","1756-L81E","35.05","2026-09-04","","0","10","0","Logix Designer - RsJsrPlace00050 in realscale_jsrtgt_xic_n00050.ACD [1756-L81E 35.11]*",""
"realscale_jsrtgt_xic_n00100","25288","1756-L81E","35.05","2026-09-04","","0","10","0","Logix Designer - RsJsrPlace00100 in realscale_jsrtgt_xic_n00100.ACD [1756-L81E 35.11]*",""
"realscale_jsrtgt_xic_n01000","43288","1756-L81E","35.05","2026-09-04","","0","10","0","Logix Designer - RsJsrPlace01000 in realscale_jsrtgt_xic_n01000.ACD [1756-L81E 35.11]",""
"realscale_jsrtgt_xic_n05000","123288","1756-L81E","35.05","2026-09-04","","0","10","0","Logix Designer - RsJsrPlace05000 in realscale_jsrtgt_xic_n05000.ACD [1756-L81E 35.11]*",""
"realscale_jsrtgt_xic_n10000","223288","1756-L81E","35.05","2026-09-04","","0","10","0","Logix Designer - RsJsrPlace10000 in realscale_jsrtgt_xic_n10000.ACD [1756-L81E 35.11]*",""
"realscale_jsrtgt_xic_n15000","323288","1756-L81E","35.05","2026-09-04","","0","10","0","Logix Designer - RsJsrPlace15000 in realscale_jsrtgt_xic_n15000.ACD [1756-L81E 35.11]",""
"realscale_jsrtgt_xic_n22500","473288","1756-L81E","35.05","2026-09-04","","0","10","0","Logix Designer - RsJsrPlace22500 in realscale_jsrtgt_xic_n22500.ACD [1756-L81E 35.11]*",""
"realscale_jsrsplit_k0010","226384","1756-L81E","35.05","2026-09-04","","0","10","0","Logix Designer - RsJsrSplit0010 in realscale_jsrsplit_k0010.ACD [1756-L81E 35.11]*",""
"realscale_jsrsplit_k0050","240144","1756-L81E","35.05","2026-09-04","","0","10","0","Logix Designer - RsJsrSplit0050 in realscale_jsrsplit_k0050.ACD [1756-L81E 35.11]*",""
"realscale_jsrsplit_k0250","308944","1756-L81E","35.05","2026-09-04","","0","10","0","Logix Designer - RsJsrSplit0250 in realscale_jsrsplit_k0250.ACD [1756-L81E 35.11]*",""
"realscale_aoiint_n00000","19560","1756-L81E","35.05","2026-09-04","","0","0","0","Logix Designer - RsAoiInt00000 in realscale_aoiint_n00000.ACD [1756-L81E 35.11]",""
"realscale_aoiint_n00050","20560","1756-L81E","35.05","2026-09-04","","0","10","0","Logix Designer - RsAoiInt00050 in realscale_aoiint_n00050.ACD [1756-L81E 35.11]",""
"realscale_aoiint_n00500","29560","1756-L81E","35.05","2026-09-04","","0","10","0","Logix Designer - RsAoiInt00500 in realscale_aoiint_n00500.ACD [1756-L81E 35.11]",""
"realscale_aoiint_n02000","59560","1756-L81E","35.05","2026-09-04","","0","10","0","Logix Designer - RsAoiInt02000 in realscale_aoiint_n02000.ACD [1756-L81E 35.11]",""
"realscale_aoiint_n06000","139560","1756-L81E","35.05","2026-09-04","","0","10","0","Logix Designer - RsAoiInt06000 in realscale_aoiint_n06000.ACD [1756-L81E 35.11]*",""
"realscale_aoiint_n12000","259560","1756-L81E","35.05","2026-09-04","","0","10","0","Logix Designer - RsAoiInt12000 in realscale_aoiint_n12000.ACD [1756-L81E 35.11]*",""
"realscale_st_n00000","23376","1756-L81E","35.05","2026-09-04","","0","0","0","Logix Designer - RsSt00000 in realscale_st_n00000.ACD [1756-L81E 35.11]",""
"realscale_st_n00025","24376","1756-L81E","35.05","2026-09-04","","0","0","0","Logix Designer - RsSt00025 in realscale_st_n00025.ACD [1756-L81E 35.11]*",""
"realscale_st_n00100","27376","1756-L81E","35.05","2026-09-04","","0","0","0","Logix Designer - RsSt00100 in realscale_st_n00100.ACD [1756-L81E 35.11]",""
"realscale_st_n00400","39376","1756-L81E","35.05","2026-09-04","","0","0","0","Logix Designer - RsSt00400 in realscale_st_n00400.ACD [1756-L81E 35.11]*",""
"realscale_st_n01000","63376","1756-L81E","35.05","2026-09-04","","0","0","0","Logix Designer - RsSt01000 in realscale_st_n01000.ACD [1756-L81E 35.11]",""
"st_cmt_lead100_short","27376","1756-L81E","35.05","2026-09-04","","0","0","0","Logix Designer - RsStCmtLeadShort in st_cmt_lead100_short.ACD [1756-L81E 35.11]",""
"st_cmt_lead100_long","27376","1756-L81E","35.05","2026-09-04","","0","0","0","Logix Designer - RsStCmtLeadLong in st_cmt_lead100_long.ACD [1756-L81E 35.11]*",""
"st_cmt_lead400_short","27376","1756-L81E","35.05","2026-09-04","","0","0","0","Logix Designer - RsStCmtLead400 in st_cmt_lead400_short.ACD [1756-L81E 35.11]",""
"st_cmt_trail100","27376","1756-L81E","35.05","2026-09-04","","0","0","0","Logix Designer - RsStCmtTrail in st_cmt_trail100.ACD [1756-L81E 35.11]",""
"st_blank400","27376","1756-L81E","35.05","2026-09-04","","0","0","0","Logix Designer - RsStBlank400 in st_blank400.ACD [1756-L81E 35.11]*",""
"st_ctl_if","32176","1756-L81E","35.05","2026-09-04","","0","0","0","Logix Designer - RsStCtlIf in st_ctl_if.ACD [1756-L81E 35.11]",""
"st_ctl_elsif","31384","1756-L81E","35.05","2026-09-04","","0","0","0","Logix Designer - RsStCtlElsif in st_ctl_elsif.ACD [1756-L81E 35.11]",""
"st_ctl_case","33084","1756-L81E","35.05","2026-09-04","","0","0","0","Logix Designer - RsStCtlCase in st_ctl_case.ACD [1756-L81E 35.11]*",""
"st_ctl_for","26256","1756-L81E","35.05","2026-09-04","","0","0","0","Logix Designer - RsStCtlFor in st_ctl_for.ACD [1756-L81E 35.11]",""
"st_ctl_while","25296","1756-L81E","35.05","2026-09-04","","0","0","0","Logix Designer - RsStCtlWhile in st_ctl_while.ACD [1756-L81E 35.11]",""
"st_instr_cop_n01000","135376","1756-L81E","35.05","2026-09-04","","0","0","0","Logix Designer - RsStInstrCOP in st_instr_cop_n01000.ACD [1756-L81E 35.11]",""
"st_instr_dtos_n01000","95376","1756-L81E","35.05","2026-09-04","","0","0","0","Logix Designer - RsStInstrDTOS in st_instr_dtos_n01000.ACD [1756-L81E 35.11]",""
"st_instr_size_n01000","151376","1756-L81E","35.05","2026-09-04","","0","0","0","Logix Designer - RsStInstrSIZE in st_instr_size_n01000.ACD [1756-L81E 35.11]*",""
"st_assign_literal_n01000","59376","1756-L81E","35.05","2026-09-04","","0","0","0","Logix Designer - RsStAssignLit in st_assign_literal_n01000.ACD [1756-L81E 35.11]",""
"st_expr_cpt_mirror_n01000","475376","1756-L81E","35.05","2026-09-04","","0","0","0","Logix Designer - RsStExprMirror in st_expr_cpt_mirror_n01000.ACD [1756-L81E 35.11]",""
"st_expr_ops1_n01000","175376","1756-L81E","35.05","2026-09-04","","0","0","0","Logix Designer - RsStExprOps1 in st_expr_ops1_n01000.ACD [1756-L81E 35.11]*",""
"st_expr_ops2_dint_n01000","187376","1756-L81E","35.05","2026-09-04","","0","0","0","Logix Designer - RsStExprOps2Dint in st_expr_ops2_dint_n01000.ACD [1756-L81E 35.11]*",""
"st_jsr_param_target_n00100","47132","1756-L81E","35.05","2026-09-04","","0","0","0","Logix Designer - RsStJsrParam in st_jsr_param_target_n00100.ACD [1756-L81E 35.11]",""
"aoi_array_param_def_only","18128","5069-L306ER","35.11","2026-08-29","","0","0","0","Logix Designer - ArrayParamAOI in aoi_array_param_def_only.ACD [1756-L81E 35.11]*",""
"realprog_16","4044994","1756-L82E","32.04","2026-09-04","Real customer program. NOT a generated sample and NOT gitignored content -- the L5X lives in samples/local/ (untracked); this row records only the measured numbers. Whole-controller export, real Capacity reading. These are the North Star rows: the <1% target is defined on files exactly like this.","0","","","",""
"realprog_18","923320","1756-L81E","35.05","2026-09-04","Real customer program. NOT a generated sample and NOT gitignored content -- the L5X lives in samples/local/ (untracked); this row records only the measured numbers. Whole-controller export, real Capacity reading. These are the North Star rows: the <1% target is defined on files exactly like this.","0","","","",""
"realprog_09","7136625","1756-L83E","32.04","2026-09-04","Real customer program. NOT a generated sample and NOT gitignored content -- the L5X lives in samples/local/ (untracked); this row records only the measured numbers. Whole-controller export, real Capacity reading. These are the North Star rows: the <1% target is defined on files exactly like this.","0","","","",""
"realprog_28","2502336","1756-L81E","35.05","2026-09-04","Real customer program. NOT a generated sample and NOT gitignored content -- the L5X lives in samples/local/ (untracked); this row records only the measured numbers. Whole-controller export, real Capacity reading. These are the North Star rows: the <1% target is defined on files exactly like this.","0","","","",""
"realprog_27","2255773","1756-L81E","35.05","2026-09-04","Real customer program. NOT a generated sample and NOT gitignored content -- the L5X lives in samples/local/ (untracked); this row records only the measured numbers. Whole-controller export, real Capacity reading. These are the North Star rows: the <1% target is defined on files exactly like this.","0","","","",""
"realprog_06","5217440","1756-L82E","35.05","2026-09-04","Real customer program. NOT a generated sample and NOT gitignored content -- the L5X lives in samples/local/ (untracked); this row records only the measured numbers. Whole-controller export, real Capacity reading. These are the North Star rows: the <1% target is defined on files exactly like this.","0","","","",""
"realprog_10","1703932","1756-L81E","35.05","2026-09-04","Real customer program. NOT a generated sample and NOT gitignored content -- the L5X lives in samples/local/ (untracked); this row records only the measured numbers. Whole-controller export, real Capacity reading. These are the North Star rows: the <1% target is defined on files exactly like this.","0","","","",""
"realprog_17","2281316","1756-L81E","35.05","2026-09-04","Real customer program. NOT a generated sample and NOT gitignored content -- the L5X lives in samples/local/ (untracked); this row records only the measured numbers. Whole-controller export, real Capacity reading. These are the North Star rows: the <1% target is defined on files exactly like this.","0","","","",""
"alarmcond_count_bare_n000","42312","1756-L81E","35.05","2026-09-04","","0","0","0","Logix Designer - AlarmCond in alarmcond_count_bare_n000.ACD [1756-L81E 35.11]",""
"alarmcond_count_bare_n001","43612","1756-L81E","35.05","2026-09-04","","0","0","0","Logix Designer - AlarmCond in alarmcond_count_bare_n001.ACD [1756-L81E 35.11]*",""
"alarmcond_count_bare_n002","44112","1756-L81E","35.05","2026-09-04","","0","0","0","Logix Designer - AlarmCond in alarmcond_count_bare_n002.ACD [1756-L81E 35.11]",""
"alarmcond_count_bare_n004","45112","1756-L81E","35.05","2026-09-04","","0","0","0","Logix Designer - AlarmCond in alarmcond_count_bare_n004.ACD [1756-L81E 35.11]*",""
"alarmcond_count_bare_n008","47112","1756-L81E","35.05","2026-09-04","","0","0","0","Logix Designer - AlarmCond in alarmcond_count_bare_n008.ACD [1756-L81E 35.11]",""
"alarmcond_count_bare_n016","51112","1756-L81E","35.05","2026-09-04","","0","0","0","Logix Designer - AlarmCond in alarmcond_count_bare_n016.ACD [1756-L81E 35.11]",""
"alarmcond_count_bare_n032","59112","1756-L81E","35.05","2026-09-04","","0","0","0","Logix Designer - AlarmCond in alarmcond_count_bare_n032.ACD [1756-L81E 35.11]*",""
"alarmcond_count_bare_n064","75112","1756-L81E","35.05","2026-09-04","","0","0","0","Logix Designer - AlarmCond in alarmcond_count_bare_n064.ACD [1756-L81E 35.11]*",""
"alarmcond_count_bare_n128","107112","1756-L81E","35.05","2026-09-04","","0","0","0","Logix Designer - AlarmCond in alarmcond_count_bare_n128.ACD [1756-L81E 35.11]",""
"alarmcond_count_real_n001","44216","1756-L81E","35.05","2026-09-04","","0","0","0","Logix Designer - AlarmCond in alarmcond_count_real_n001.ACD [1756-L81E 35.11]",""
"alarmcond_count_real_n002","45320","1756-L81E","35.05","2026-09-04","","0","0","0","Logix Designer - AlarmCond in alarmcond_count_real_n002.ACD [1756-L81E 35.11]",""
"alarmcond_count_real_n004","47528","1756-L81E","35.05","2026-09-04","","0","0","0","Logix Designer - AlarmCond in alarmcond_count_real_n004.ACD [1756-L81E 35.11]*",""
"alarmcond_count_real_n008","51944","1756-L81E","35.05","2026-09-04","","0","0","0","Logix Designer - AlarmCond in alarmcond_count_real_n008.ACD [1756-L81E 35.11]",""
"alarmcond_count_real_n016","60776","1756-L81E","35.05","2026-09-04","","0","0","0","Logix Designer - AlarmCond in alarmcond_count_real_n016.ACD [1756-L81E 35.11]*",""
"alarmcond_count_real_n032","78440","1756-L81E","35.05","2026-09-04","","0","0","0","Logix Designer - AlarmCond in alarmcond_count_real_n032.ACD [1756-L81E 35.11]*",""
"alarmcond_count_real_n064","113768","1756-L81E","35.05","2026-09-04","","0","0","0","Logix Designer - AlarmCond in alarmcond_count_real_n064.ACD [1756-L81E 35.11]*",""
"alarmcond_count_real_n128","184424","1756-L81E","35.05","2026-09-04","","0","0","0","Logix Designer - AlarmCond in alarmcond_count_real_n128.ACD [1756-L81E 35.11]*",""
"alarmcond_assoc_k0","59112","1756-L81E","35.05","2026-09-04","","0","0","0","Logix Designer - AlarmCond in alarmcond_assoc_k0.ACD [1756-L81E 35.11]*",""
"alarmcond_assoc_k1","62056","1756-L81E","35.05","2026-09-04","","0","0","0","Logix Designer - AlarmCond in alarmcond_assoc_k1.ACD [1756-L81E 35.11]",""
"alarmcond_assoc_k2","70248","1756-L81E","35.05","2026-09-04","","0","0","0","Logix Designer - AlarmCond in alarmcond_assoc_k2.ACD [1756-L81E 35.11]*",""
"alarmcond_assoc_k3","78440","1756-L81E","35.05","2026-09-04","","0","0","0","Logix Designer - AlarmCond in alarmcond_assoc_k3.ACD [1756-L81E 35.11]",""
"alarmcond_assoc_k4","81384","1756-L81E","35.05","2026-09-04","","0","0","0","Logix Designer - AlarmCond in alarmcond_assoc_k4.ACD [1756-L81E 35.11]",""
"alarmcond_assoc_type_dint","62056","1756-L81E","35.05","2026-09-04","","0","0","0","Logix Designer - AlarmCond in alarmcond_assoc_type_dint.ACD [1756-L81E 35.11]*",""
"alarmcond_assoc_type_string","67304","1756-L81E","35.05","2026-09-04","","0","0","0","Logix Designer - AlarmCond in alarmcond_assoc_type_string.ACD [1756-L81E 35.11]",""
"alarmcond_assoc_type_real","62056","1756-L81E","35.05","2026-09-04","","0","0","0","Logix Designer - AlarmCond in alarmcond_assoc_type_real.ACD [1756-L81E 35.11]*",""
"alarmcond_assoc_type_bool","61928","1756-L81E","35.05","2026-09-04","","0","0","0","Logix Designer - AlarmCond in alarmcond_assoc_type_bool.ACD [1756-L81E 35.11]",""
"alarmcond_hmigroup_none","59112","1756-L81E","35.05","2026-09-04","","0","0","0","Logix Designer - AlarmCond in alarmcond_hmigroup_none.ACD [1756-L81E 35.11]*",""
"alarmcond_hmigroup_len04","59112","1756-L81E","35.05","2026-09-04","","0","0","0","Logix Designer - AlarmCond in alarmcond_hmigroup_len04.ACD [1756-L81E 35.11]",""
"alarmcond_hmigroup_len16","59112","1756-L81E","35.05","2026-09-04","","0","0","0","Logix Designer - AlarmCond in alarmcond_hmigroup_len16.ACD [1756-L81E 35.11]",""
"alarmcond_namelen_08","59112","1756-L81E","35.05","2026-09-04","","0","0","0","Logix Designer - AlarmCond in alarmcond_namelen_08.ACD [1756-L81E 35.11]",""
"alarmcond_namelen_16","59112","1756-L81E","35.05","2026-09-04","","0","0","0","Logix Designer - AlarmCond in alarmcond_namelen_16.ACD [1756-L81E 35.11]*",""
"alarmcond_namelen_32","59112","1756-L81E","35.05","2026-09-04","","0","0","0","Logix Designer - AlarmCond in alarmcond_namelen_32.ACD [1756-L81E 35.11]*",""
"alarmcond_namelen_40","59112","1756-L81E","35.05","2026-09-04","","0","0","0","Logix Designer - AlarmCond in alarmcond_namelen_40.ACD [1756-L81E 35.11]*",""
"alarmcond_attr_severity_low","59112","1756-L81E","35.05","2026-09-04","","0","0","0","Logix Designer - AlarmCond in alarmcond_attr_severity_low.ACD [1756-L81E 35.11]",""
"alarmcond_attr_severity_high","59112","1756-L81E","35.05","2026-09-04","","0","0","0","Logix Designer - AlarmCond in alarmcond_attr_severity_high.ACD [1756-L81E 35.11]",""
"alarmcond_attr_ondelay","59112","1756-L81E","35.05","2026-09-04","","0","0","0","Logix Designer - AlarmCond in alarmcond_attr_ondelay.ACD [1756-L81E 35.11]*",""
"alarmcond_attr_latched_noack","59112","1756-L81E","35.05","2026-09-04","","0","0","0","Logix Designer - AlarmCond in alarmcond_attr_latched_noack.ACD [1756-L81E 35.11]",""
"alarmcond_hmigroup_len40","59112","1756-L81E","35.05","2026-09-04","","0","0","0","Logix Designer - AlarmCond in alarmcond_hmigroup_len40.ACD [1756-L81E 35.11]*",""
"shellscale_routines_n001","26944","1756-L81E","35.05","2026-09-04","","0","0","0","Logix Designer - ShellRtn001 in shellscale_routines_n001.ACD [1756-L81E 35.11]",""
"shellscale_routines_n002","27208","1756-L81E","35.05","2026-09-04","","0","0","0","Logix Designer - ShellRtn002 in shellscale_routines_n002.ACD [1756-L81E 35.11]",""
"shellscale_routines_n005","28000","1756-L81E","35.05","2026-09-04","","0","0","0","Logix Designer - ShellRtn005 in shellscale_routines_n005.ACD [1756-L81E 35.11]*",""
"shellscale_routines_n010","29320","1756-L81E","35.05","2026-09-04","","0","0","0","Logix Designer - ShellRtn010 in shellscale_routines_n010.ACD [1756-L81E 35.11]",""
"shellscale_routines_n025","33280","1756-L81E","35.05","2026-09-04","","0","0","0","Logix Designer - ShellRtn025 in shellscale_routines_n025.ACD [1756-L81E 35.11]",""
"shellscale_routines_n050","39880","1756-L81E","35.05","2026-09-04","","0","0","0","Logix Designer - ShellRtn050 in shellscale_routines_n050.ACD [1756-L81E 35.11]",""
"shellscale_routines_n100","53080","1756-L81E","35.05","2026-09-04","","0","0","0","Logix Designer - ShellRtn100 in shellscale_routines_n100.ACD [1756-L81E 35.11]*",""
"shellscale_routines_n200","79480","1756-L81E","35.05","2026-09-04","","0","0","0","Logix Designer - ShellRtn200 in shellscale_routines_n200.ACD [1756-L81E 35.11]*",""
"shellscale_programs_n001","26944","1756-L81E","35.05","2026-09-04","","0","0","0","Logix Designer - ShellProg001 in shellscale_programs_n001.ACD [1756-L81E 35.11]*",""
"shellscale_programs_n002","27684","1756-L81E","35.05","2026-09-04","","0","0","0","Logix Designer - ShellProg002 in shellscale_programs_n002.ACD [1756-L81E 35.11]*",""
"shellscale_programs_n005","29904","1756-L81E","35.05","2026-09-04","","0","0","0","Logix Designer - ShellProg005 in shellscale_programs_n005.ACD [1756-L81E 35.11]*",""
"shellscale_programs_n010","33604","1756-L81E","35.05","2026-09-04","","0","0","0","Logix Designer - ShellProg010 in shellscale_programs_n010.ACD [1756-L81E 35.11]",""
"shellscale_programs_n020","41004","1756-L81E","35.05","2026-09-04","","0","0","0","Logix Designer - ShellProg020 in shellscale_programs_n020.ACD [1756-L81E 35.11]*",""
"shellscale_programs_n030","48404","1756-L81E","35.05","2026-09-04","","0","0","0","Logix Designer - ShellProg030 in shellscale_programs_n030.ACD [1756-L81E 35.11]*",""
"shellscale_programs_n040","55804","1756-L81E","35.05","2026-09-04","","0","0","0","Logix Designer - ShellProg040 in shellscale_programs_n040.ACD [1756-L81E 35.11]",""
"shellscale_crossed_01prog_x100rtn","53872","1756-L81E","35.05","2026-09-04","","0","0","0","Logix Designer - ShellX01x100 in shellscale_crossed_01prog_x100rtn.ACD [1756-L81E 35.11]",""
"shellscale_crossed_05prog_x020rtn","56896","1756-L81E","35.05","2026-09-04","","0","0","0","Logix Designer - ShellX05x020 in shellscale_crossed_05prog_x020rtn.ACD [1756-L81E 35.11]",""
"shellscale_crossed_20prog_x005rtn","68236","1756-L81E","35.05","2026-09-04","","0","0","0","Logix Designer - ShellX20x005 in shellscale_crossed_20prog_x005rtn.ACD [1756-L81E 35.11]*",""
"shellscale_crossed_50prog_x002rtn","90916","1756-L81E","35.05","2026-09-04","","0","0","0","Logix Designer - ShellX50x002 in shellscale_crossed_50prog_x002rtn.ACD [1756-L81E 35.11]*",""
"realprog_01","5999972","1756-L83E","35.05","2026-09-05","Real customer program. . L5X stays local/gitignored; this row records only the measured numbers.","0","","","",""
"motioninstr_msf_n00010","43776","UNKNOWN","UNKNOWN","2026-09-08","PROCTYPE-UNREAD","0","0","0","Logix Designer - MSFN10 in motioninstr_msf_n00010.ACD [1756-L81E 35.11]",""
"motioninstr_msf_n00100","49176","UNKNOWN","UNKNOWN","2026-09-08","PROCTYPE-UNREAD","0","0","0","Logix Designer - MSFN100 in motioninstr_msf_n00100.ACD [1756-L81E 35.11]",""
"motioninstr_maw_n00010","44456","UNKNOWN","UNKNOWN","2026-09-08","PROCTYPE-UNREAD","0","0","0","Logix Designer - MAWN10 in motioninstr_maw_n00010.ACD [1756-L81E 35.11]",""
"motioninstr_maw_n00100","55976","UNKNOWN","UNKNOWN","2026-09-08","PROCTYPE-UNREAD","0","0","0","Logix Designer - MAWN100 in motioninstr_maw_n00100.ACD [1756-L81E 35.11]",""
"motioninstr_mar_n00010","45136","UNKNOWN","UNKNOWN","2026-09-08","PROCTYPE-UNREAD","0","0","0","Logix Designer - MARN10 in motioninstr_mar_n00010.ACD [1756-L81E 35.11]",""
"motioninstr_mar_n00100","62776","UNKNOWN","UNKNOWN","2026-09-08","PROCTYPE-UNREAD","0","0","0","Logix Designer - MARN100 in motioninstr_mar_n00100.ACD [1756-L81E 35.11]",""
"motioninstr_mdr_n00010","43856","UNKNOWN","UNKNOWN","2026-09-08","PROCTYPE-UNREAD","0","0","0","Logix Designer - MDRN10 in motioninstr_mdr_n00010.ACD [1756-L81E 35.11]",""
"motioninstr_mdr_n00100","49976","UNKNOWN","UNKNOWN","2026-09-08","PROCTYPE-UNREAD","0","0","0","Logix Designer - MDRN100 in motioninstr_mdr_n00100.ACD [1756-L81E 35.11]",""
"unweighted_and_n00010","20520","UNKNOWN","UNKNOWN","2026-09-08","PROCTYPE-UNREAD","0","0","0","Logix Designer - UnwAND in unweighted_and_n00010.ACD [1756-L81E 35.11]",""
"unweighted_and_n00100","24120","UNKNOWN","UNKNOWN","2026-09-08","PROCTYPE-UNREAD","0","0","0","Logix Designer - UnwAND in unweighted_and_n00100.ACD [1756-L81E 35.11]",""
"unweighted_and_n01000","60120","UNKNOWN","UNKNOWN","2026-09-08","PROCTYPE-UNREAD","0","0","0","Logix Designer - UnwAND in unweighted_and_n01000.ACD [1756-L81E 35.11]",""
"unweighted_or_n00010","20520","UNKNOWN","UNKNOWN","2026-09-08","PROCTYPE-UNREAD","0","0","0","Logix Designer - UnwOR in unweighted_or_n00010.ACD [1756-L81E 35.11]",""
"unweighted_or_n00100","24120","UNKNOWN","UNKNOWN","2026-09-08","PROCTYPE-UNREAD","0","0","0","Logix Designer - UnwOR in unweighted_or_n00100.ACD [1756-L81E 35.11]",""
"unweighted_or_n01000","60120","UNKNOWN","UNKNOWN","2026-09-08","PROCTYPE-UNREAD","0","0","0","Logix Designer - UnwOR in unweighted_or_n01000.ACD [1756-L81E 35.11]",""
"unweighted_dtr_n00010","20680","UNKNOWN","UNKNOWN","2026-09-13","STALE CAPTURE CLEARED : the file's content changed after this capture ran, so the row measured a file that no longer exists. Needs recapture. Found by scripts/capture_errors.py's staleness check (content hash ignoring export timestamps, compared against the committed version as of the capture date).","0","0","0","Logix Designer - UnwDTR in unweighted_dtr_n00010.ACD [1756-L81E 35.11]*","Complete - 0 error(s), 0 warning(s) | "
"unweighted_dtr_n00100","25720","UNKNOWN","UNKNOWN","2026-09-13","STALE CAPTURE CLEARED : the file's content changed after this capture ran, so the row measured a file that no longer exists. Needs recapture. Found by scripts/capture_errors.py's staleness check (content hash ignoring export timestamps, compared against the committed version as of the capture date).","0","0","0","Logix Designer - UnwDTR in unweighted_dtr_n00100.ACD [1756-L81E 35.11]*","Complete - 0 error(s), 0 warning(s) | "
"unweighted_dtr_n01000","76120","UNKNOWN","UNKNOWN","2026-09-13","STALE CAPTURE CLEARED : the file's content changed after this capture ran, so the row measured a file that no longer exists. Needs recapture. Found by scripts/capture_errors.py's staleness check (content hash ignoring export timestamps, compared against the committed version as of the capture date).","0","0","0","Logix Designer - UnwDTR in unweighted_dtr_n01000.ACD [1756-L81E 35.11]*","Complete - 0 error(s), 0 warning(s) | "
"unweighted_upper_n00010","20960","UNKNOWN","UNKNOWN","2026-09-08","PROCTYPE-UNREAD","0","0","0","Logix Designer - UnwUPPER in unweighted_upper_n00010.ACD [1756-L81E 35.11]",""
"unweighted_upper_n00100","28520","UNKNOWN","UNKNOWN","2026-09-08","PROCTYPE-UNREAD","0","0","0","Logix Designer - UnwUPPER in unweighted_upper_n00100.ACD [1756-L81E 35.11]",""
"unweighted_upper_n01000","104120","UNKNOWN","UNKNOWN","2026-09-08","PROCTYPE-UNREAD","0","0","0","Logix Designer - UnwUPPER in unweighted_upper_n01000.ACD [1756-L81E 35.11]",""
"unweighted_rtos_n00010","20840","UNKNOWN","UNKNOWN","2026-09-08","PROCTYPE-UNREAD","0","0","0","Logix Designer - UnwRTOS in unweighted_rtos_n00010.ACD [1756-L81E 35.11]",""
"unweighted_rtos_n00100","27320","UNKNOWN","UNKNOWN","2026-09-08","PROCTYPE-UNREAD","0","0","0","Logix Designer - UnwRTOS in unweighted_rtos_n00100.ACD [1756-L81E 35.11]",""
"unweighted_rtos_n01000","92120","UNKNOWN","UNKNOWN","2026-09-08","PROCTYPE-UNREAD","0","0","0","Logix Designer - UnwRTOS in unweighted_rtos_n01000.ACD [1756-L81E 35.11]",""
"unweighted_lfu_n00010","20840","UNKNOWN","UNKNOWN","2026-09-08","PROCTYPE-UNREAD","0","0","0","Logix Designer - UnwLFU in unweighted_lfu_n00010.ACD [1756-L81E 35.11]",""
"unweighted_lfu_n00100","27320","UNKNOWN","UNKNOWN","2026-09-08","PROCTYPE-UNREAD","0","0","0","Logix Designer - UnwLFU in unweighted_lfu_n00100.ACD [1756-L81E 35.11]",""
"unweighted_lfu_n01000","92120","UNKNOWN","UNKNOWN","2026-09-08","PROCTYPE-UNREAD","0","0","0","Logix Designer - UnwLFU in unweighted_lfu_n01000.ACD [1756-L81E 35.11]",""
"unweighted_sbrret_t001","20656","UNKNOWN","UNKNOWN","2026-09-08","PROCTYPE-UNREAD","0","0","0","Logix Designer - UnwSbrRet001 in unweighted_sbrret_t001.ACD [1756-L81E 35.11]",""
"unweighted_sbrret_t010","25480","UNKNOWN","UNKNOWN","2026-09-08","PROCTYPE-UNREAD","0","0","0","Logix Designer - UnwSbrRet010 in unweighted_sbrret_t010.ACD [1756-L81E 35.11]",""
"unweighted_sbrret_t050","46920","UNKNOWN","UNKNOWN","2026-09-08","PROCTYPE-UNREAD","0","0","0","Logix Designer - UnwSbrRet050 in unweighted_sbrret_t050.ACD [1756-L81E 35.11]",""
"unweighted_sbrret_t200","127320","UNKNOWN","UNKNOWN","2026-09-08","PROCTYPE-UNREAD","0","0","0","Logix Designer - UnwSbrRet200 in unweighted_sbrret_t200.ACD [1756-L81E 35.11]",""
"instrfirst_crout_x10","21160","1756-L81E","35.05","2026-08-23","","80","0","1","Logix Designer - InstrCroutX10 in instrfirst_crout_x10.ACD [1756-L81E 35.11]",""
"instrfirst_mapc_x10","20904","1756-L81E","35.05","2026-08-23","","20","0","1","Logix Designer - InstrMapcX10 in instrfirst_mapc_x10.ACD [1756-L81E 35.11]",""
"modulesweep_2198_d012_ers3_variant_2conn","29136","5069-L306ER","35.11","2026-08-24","","2","0","0","Logix Designer - ModSweepV_2198D012ERS32c in modulesweep_2198_d012_ers3_variant_2conn.ACD [1756-L81E 35.11]",""
"modulesweep_2198_d020_ers3_variant_2conn","29136","5069-L306ER","35.11","2026-08-24","","2","0","0","Logix Designer - ModSweepV_2198D020ERS32c in modulesweep_2198_d020_ers3_variant_2conn.ACD [1756-L81E 35.11]",""
"modulesweep_2198_d032_ers3_variant_2conn","29136","5069-L306ER","35.11","2026-08-24","","2","0","0","Logix Designer - ModSweepV_2198D032ERS32c in modulesweep_2198_d032_ers3_variant_2conn.ACD [1756-L81E 35.11]",""
"modulesweep_2198_d057_ers3_variant_2conn","29136","5069-L306ER","35.11","2026-08-24","","2","0","0","Logix Designer - ModSweepV_2198D057ERS32c in modulesweep_2198_d057_ers3_variant_2conn.ACD [1756-L81E 35.11]",""
"modulesweep_2198_s086_ers3_variant_2conn","26016","5069-L306ER","35.11","2026-08-24","","2","0","0","Logix Designer - ModSweepV_2198S086ERS32c in modulesweep_2198_s086_ers3_variant_2conn.ACD [1756-L81E 35.11]",""
"modulesweep_2198_s130_ers3","25960","5069-L306ER","35.11","2026-08-24","","2","0","0","Logix Designer - ModSweep_2198S130ERS3 in modulesweep_2198_s130_ers3.ACD [1756-L81E 35.11]",""
"predefprobe_axis_generic","35008","5069-L306ER","35.11","2026-08-29","","1","5","0","Logix Designer - ProbeAxisGeneric in predefprobe_axis_generic.ACD [1756-L81E 35.11]",""
"jsr_target_content_scale_010","19528","5069-L306ER","35.11","2026-08-31","","5","0","0","Logix Designer - JsrTargetContentScale010 in jsr_target_content_scale_010.ACD [1756-L81E 35.11]",""
"jsr_target_content_scale_050","20252","5069-L306ER","35.11","2026-08-31","","26","0","0","Logix Designer - JsrTargetContentScale050 in jsr_target_content_scale_050.ACD [1756-L81E 35.11]",""
"jsr_target_content_scale_100","21148","5069-L306ER","35.11","2026-08-31","","50","0","0","Logix Designer - JsrTargetContentScale100 in jsr_target_content_scale_100.ACD [1756-L81E 35.11]",""
"jsr_target_content_scale_150","22052","5069-L306ER","35.11","2026-08-31","","75","0","0","Logix Designer - JsrTargetContentScale150 in jsr_target_content_scale_150.ACD [1756-L81E 35.11]",""
"jsr_midchain_real_chain","19068","5069-L306ER","35.11","2026-08-31","","6","0","0","Logix Designer - JsrMidchainReal in jsr_midchain_real_chain.ACD [1756-L81E 35.11]",""
"jsr_midchain_leaf_control","18736","5069-L306ER","35.11","2026-08-31","","2","0","0","Logix Designer - JsrMidchainLeafCtl in jsr_midchain_leaf_control.ACD [1756-L81E 35.11]",""
"aoi_logic_scale_010","19676","5069-L306ER","35.11","2026-08-31","","1","0","0","Logix Designer - AoiLogicScale010 in aoi_logic_scale_010.ACD [1756-L81E 35.11]",""
"aoi_logic_scale_050","20620","5069-L306ER","35.11","2026-08-31","","8","0","0","Logix Designer - AoiLogicScale050 in aoi_logic_scale_050.ACD [1756-L81E 35.11]",""
"aoi_logic_scale_100","21776","5069-L306ER","35.11","2026-08-31","","16","0","0","Logix Designer - AoiLogicScale100 in aoi_logic_scale_100.ACD [1756-L81E 35.11]",""
"aoi_multiroutine_control","20620","5069-L306ER","35.11","2026-08-31","","8","0","0","Logix Designer - AoiMultiRoutineCtl in aoi_multiroutine_control.ACD [1756-L81E 35.11]",""
"aoi_multiroutine_real","20912","5069-L306ER","35.11","2026-08-31","","8","0","0","Logix Designer - AoiMultiRoutineReal in aoi_multiroutine_real.ACD [1756-L81E 35.11]",""
"composite_realistic_03_r2","69408","1756-L81E","35.05","2026-08-31","Real capture mapped from OLD filename 'composite_realistic_03' (pre-rename, pre-fix content) -- confirmed predicted_bytes identical before/after the AOI-arg/XIC-OTE fixes (48522 for index 01), so this real capture is still valid for the current _r2 file.","69","0","0","Logix Designer - Composite03 in composite_realistic_03.ACD [1756-L81E 35.11]",""
"composite_realistic_04_r2","64336","1756-L81E","35.05","2026-08-31","Real capture mapped from OLD filename 'composite_realistic_04' (pre-rename, pre-fix content) -- confirmed predicted_bytes identical before/after the AOI-arg/XIC-OTE fixes (48522 for index 01), so this real capture is still valid for the current _r2 file.","70","0","0","Logix Designer - Composite04 in composite_realistic_04.ACD [1756-L81E 35.11]",""
"composite_realistic_05_r2","78228","1756-L81E","35.05","2026-08-31","Real capture mapped from OLD filename 'composite_realistic_05' (pre-rename, pre-fix content) -- confirmed predicted_bytes identical before/after the AOI-arg/XIC-OTE fixes (48522 for index 01), so this real capture is still valid for the current _r2 file.","77","0","0","Logix Designer - Composite05 in composite_realistic_05.ACD [1756-L81E 35.11]",""
"composite_realistic_06_r2","74652","1756-L81E","35.05","2026-08-31","Real capture mapped from OLD filename 'composite_realistic_06' (pre-rename, pre-fix content) -- confirmed predicted_bytes identical before/after the AOI-arg/XIC-OTE fixes (48522 for index 01), so this real capture is still valid for the current _r2 file.","82","0","0","Logix Designer - Composite06 in composite_realistic_06.ACD [1756-L81E 35.11]",""
"composite_realistic_08_r2","91332","1756-L81E","35.05","2026-08-31","Real capture mapped from OLD filename 'composite_realistic_08' (pre-rename, pre-fix content) -- confirmed predicted_bytes identical before/after the AOI-arg/XIC-OTE fixes (48522 for index 01), so this real capture is still valid for the current _r2 file.","90","0","0","Logix Designer - Composite08 in composite_realistic_08.ACD [1756-L81E 35.11]",""
"composite_realistic_09_r2","89316","1756-L81E","35.05","2026-08-31","Real capture mapped from OLD filename 'composite_realistic_09' (pre-rename, pre-fix content) -- confirmed predicted_bytes identical before/after the AOI-arg/XIC-OTE fixes (48522 for index 01), so this real capture is still valid for the current _r2 file.","97","0","0","Logix Designer - Composite09 in composite_realistic_09.ACD [1756-L81E 35.11]",""
"composite_realistic_12_r2","98060","1756-L81E","35.05","2026-08-31","Real capture mapped from OLD filename 'composite_realistic_12' (pre-rename, pre-fix content) -- confirmed predicted_bytes identical before/after the AOI-arg/XIC-OTE fixes (48522 for index 01), so this real capture is still valid for the current _r2 file.","110","0","0","Logix Designer - Composite12 in composite_realistic_12.ACD [1756-L81E 35.11]",""
"composite_realistic_13_r2","104900","1756-L81E","35.05","2026-08-31","Real capture mapped from OLD filename 'composite_realistic_13' (pre-rename, pre-fix content) -- confirmed predicted_bytes identical before/after the AOI-arg/XIC-OTE fixes (48522 for index 01), so this real capture is still valid for the current _r2 file.","117","0","0","Logix Designer - Composite13 in composite_realistic_13.ACD [1756-L81E 35.11]",""
"composite_realistic_14_r2","123372","1756-L81E","35.05","2026-08-31","Real capture mapped from OLD filename 'composite_realistic_14' (pre-rename, pre-fix content) -- confirmed predicted_bytes identical before/after the AOI-arg/XIC-OTE fixes (48522 for index 01), so this real capture is still valid for the current _r2 file.","122","0","0","Logix Designer - Composite14 in composite_realistic_14.ACD [1756-L81E 35.11]",""
"composite_realistic_15_r2","139272","1756-L81E","35.05","2026-08-31","Real capture mapped from OLD filename 'composite_realistic_15' (pre-rename, pre-fix content) -- confirmed predicted_bytes identical before/after the AOI-arg/XIC-OTE fixes (48522 for index 01), so this real capture is still valid for the current _r2 file.","129","0","0","Logix Designer - Composite15 in composite_realistic_15.ACD [1756-L81E 35.11]",""
"composite_realistic_16_r2","119220","1756-L81E","35.05","2026-08-31","Real capture mapped from OLD filename 'composite_realistic_16' (pre-rename, pre-fix content) -- confirmed predicted_bytes identical before/after the AOI-arg/XIC-OTE fixes (48522 for index 01), so this real capture is still valid for the current _r2 file.","130","1","0","Logix Designer - Composite16 in composite_realistic_16.ACD [1756-L81E 35.11]",""
"composite_realistic_17_r2","130812","1756-L81E","35.05","2026-08-31","Real capture mapped from OLD filename 'composite_realistic_17' (pre-rename, pre-fix content) -- confirmed predicted_bytes identical before/after the AOI-arg/XIC-OTE fixes (48522 for index 01), so this real capture is still valid for the current _r2 file.","137","0","0","Logix Designer - Composite17 in composite_realistic_17.ACD [1756-L81E 35.11]",""
"composite_realistic_18_r2","125644","1756-L81E","35.05","2026-08-31","Real capture mapped from OLD filename 'composite_realistic_18' (pre-rename, pre-fix content) -- confirmed predicted_bytes identical before/after the AOI-arg/XIC-OTE fixes (48522 for index 01), so this real capture is still valid for the current _r2 file.","142","0","0","Logix Designer - Composite18 in composite_realistic_18.ACD [1756-L81E 35.11]",""
"composite_realistic_20_r2","132452","1756-L81E","35.05","2026-08-31","Real capture mapped from OLD filename 'composite_realistic_20' (pre-rename, pre-fix content) -- confirmed predicted_bytes identical before/after the AOI-arg/XIC-OTE fixes (48522 for index 01), so this real capture is still valid for the current _r2 file.","150","0","0","Logix Designer - Composite20 in composite_realistic_20.ACD [1756-L81E 35.11]",""
"composite_realistic_21_r2","140716","1756-L81E","35.05","2026-08-31","Real capture mapped from OLD filename 'composite_realistic_21' (pre-rename, pre-fix content) -- confirmed predicted_bytes identical before/after the AOI-arg/XIC-OTE fixes (48522 for index 01), so this real capture is still valid for the current _r2 file.","159","0","0","Logix Designer - Composite21 in composite_realistic_21.ACD [1756-L81E 35.11]",""
"composite_realistic_23_r2","192648","1756-L81E","35.05","2026-08-31","Real capture mapped from OLD filename 'composite_realistic_23' (pre-rename, pre-fix content) -- confirmed predicted_bytes identical before/after the AOI-arg/XIC-OTE fixes (48522 for index 01), so this real capture is still valid for the current _r2 file.","169","0","0","Logix Designer - Composite23 in composite_realistic_23.ACD [1756-L81E 35.11]",""
"composite_realistic_24_r2","146060","1756-L81E","35.05","2026-08-31","Real capture mapped from OLD filename 'composite_realistic_24' (pre-rename, pre-fix content) -- confirmed predicted_bytes identical before/after the AOI-arg/XIC-OTE fixes (48522 for index 01), so this real capture is still valid for the current _r2 file.","170","0","0","Logix Designer - Composite24 in composite_realistic_24.ACD [1756-L81E 35.11]",""
"composite_realistic_25_r2","162028","1756-L81E","35.05","2026-08-31","Real capture mapped from OLD filename 'composite_realistic_25' (pre-rename, pre-fix content) -- confirmed predicted_bytes identical before/after the AOI-arg/XIC-OTE fixes (48522 for index 01), so this real capture is still valid for the current _r2 file.","177","0","0","Logix Designer - Composite25 in composite_realistic_25.ACD [1756-L81E 35.11]",""
"composite_realistic_26_r2","172636","1756-L81E","35.05","2026-08-31","Real capture mapped from OLD filename 'composite_realistic_26' (pre-rename, pre-fix content) -- confirmed predicted_bytes identical before/after the AOI-arg/XIC-OTE fixes (48522 for index 01), so this real capture is still valid for the current _r2 file.","182","0","0","Logix Designer - Composite26 in composite_realistic_26.ACD [1756-L81E 35.11]",""
"composite_realistic_27_r2","205936","1756-L81E","35.05","2026-08-31","Real capture mapped from OLD filename 'composite_realistic_27' (pre-rename, pre-fix content) -- confirmed predicted_bytes identical before/after the AOI-arg/XIC-OTE fixes (48522 for index 01), so this real capture is still valid for the current _r2 file.","189","0","0","Logix Designer - Composite27 in composite_realistic_27.ACD [1756-L81E 35.11]",""
"composite_realistic_28_r2","163668","1756-L81E","35.05","2026-08-31","Real capture mapped from OLD filename 'composite_realistic_28' (pre-rename, pre-fix content) -- confirmed predicted_bytes identical before/after the AOI-arg/XIC-OTE fixes (48522 for index 01), so this real capture is still valid for the current _r2 file.","190","1","0","Logix Designer - Composite28 in composite_realistic_28.ACD [1756-L81E 35.11]",""
"composite_realistic_29_r2","182828","1756-L81E","35.05","2026-08-31","Real capture mapped from OLD filename 'composite_realistic_29' (pre-rename, pre-fix content) -- confirmed predicted_bytes identical before/after the AOI-arg/XIC-OTE fixes (48522 for index 01), so this real capture is still valid for the current _r2 file.","197","0","0","Logix Designer - Composite29 in composite_realistic_29.ACD [1756-L81E 35.11]",""
"composite_realistic_30_r2","177460","1756-L81E","35.05","2026-08-31","Real capture mapped from OLD filename 'composite_realistic_30' (pre-rename, pre-fix content) -- confirmed predicted_bytes identical before/after the AOI-arg/XIC-OTE fixes (48522 for index 01), so this real capture is still valid for the current _r2 file.","202","0","0","Logix Designer - Composite30 in composite_realistic_30.ACD [1756-L81E 35.11]",""
"composite_realistic_33_r2","188604","1756-L81E","35.05","2026-08-31","Real capture mapped from OLD filename 'composite_realistic_33' (pre-rename, pre-fix content) -- confirmed predicted_bytes identical before/after the AOI-arg/XIC-OTE fixes (48522 for index 01), so this real capture is still valid for the current _r2 file.","217","0","0","Logix Designer - Composite33 in composite_realistic_33.ACD [1756-L81E 35.11]",""
"composite_realistic_35_r2","259415","1756-L81E","35.05","2026-08-31","Real capture mapped from OLD filename 'composite_realistic_35' (pre-rename, pre-fix content) -- confirmed predicted_bytes identical before/after the AOI-arg/XIC-OTE fixes (48522 for index 01), so this real capture is still valid for the current _r2 file.","229","0","0","Logix Designer - Composite35 in composite_realistic_35.ACD [1756-L81E 35.11]",""
"composite_realistic_37_r2","210140","1756-L81E","35.05","2026-08-31","Real capture mapped from OLD filename 'composite_realistic_37' (pre-rename, pre-fix content) -- confirmed predicted_bytes identical before/after the AOI-arg/XIC-OTE fixes (48522 for index 01), so this real capture is still valid for the current _r2 file.","237","0","0","Logix Designer - Composite37 in composite_realistic_37.ACD [1756-L81E 35.11]",""
"composite_realistic_38_r2","221292","1756-L81E","35.05","2026-08-31","Real capture mapped from OLD filename 'composite_realistic_38' (pre-rename, pre-fix content) -- confirmed predicted_bytes identical before/after the AOI-arg/XIC-OTE fixes (48522 for index 01), so this real capture is still valid for the current _r2 file.","242","0","0","Logix Designer - Composite38 in composite_realistic_38.ACD [1756-L81E 35.11]",""
"composite_realistic_39_r2","276936","1756-L81E","35.05","2026-08-31","Real capture mapped from OLD filename 'composite_realistic_39' (pre-rename, pre-fix content) -- confirmed predicted_bytes identical before/after the AOI-arg/XIC-OTE fixes (48522 for index 01), so this real capture is still valid for the current _r2 file.","249","0","0","Logix Designer - Composite39 in composite_realistic_39.ACD [1756-L81E 35.11]",""
"composite_realistic_40_r2","201780","1756-L81E","35.05","2026-08-31","Real capture mapped from OLD filename 'composite_realistic_40' (pre-rename, pre-fix content) -- confirmed predicted_bytes identical before/after the AOI-arg/XIC-OTE fixes (48522 for index 01), so this real capture is still valid for the current _r2 file.","250","0","0","Logix Designer - Composite40 in composite_realistic_40.ACD [1756-L81E 35.11]",""
"composite_realistic_41_r2","223744","1756-L81E","35.05","2026-08-31","Real capture mapped from OLD filename 'composite_realistic_41' (pre-rename, pre-fix content) -- confirmed predicted_bytes identical before/after the AOI-arg/XIC-OTE fixes (48522 for index 01), so this real capture is still valid for the current _r2 file.","257","0","0","Logix Designer - Composite41 in composite_realistic_41.ACD [1756-L81E 35.11]",""
"composite_realistic_42_r2","227604","1756-L81E","35.05","2026-08-31","Real capture mapped from OLD filename 'composite_realistic_42' (pre-rename, pre-fix content) -- confirmed predicted_bytes identical before/after the AOI-arg/XIC-OTE fixes (48522 for index 01), so this real capture is still valid for the current _r2 file.","262","0","0","Logix Designer - Composite42 in composite_realistic_42.ACD [1756-L81E 35.11]",""
"composite_realistic_44_r2","274882","1756-L81E","35.05","2026-08-31","","2","0","0","Logix Designer - Composite44 in composite_realistic_44_r2.ACD [1756-L81E 35.11]",""
"composite_realistic_45_r2","239596","1756-L81E","35.05","2026-08-31","Real capture mapped from OLD filename 'composite_realistic_45' (pre-rename, pre-fix content) -- confirmed predicted_bytes identical before/after the AOI-arg/XIC-OTE fixes (48522 for index 01), so this real capture is still valid for the current _r2 file.","277","0","0","Logix Designer - Composite45 in composite_realistic_45.ACD [1756-L81E 35.11]",""
"composite_realistic_49_r2","266468","1756-L81E","35.05","2026-08-31","Real capture mapped from OLD filename 'composite_realistic_49' (pre-rename, pre-fix content) -- confirmed predicted_bytes identical before/after the AOI-arg/XIC-OTE fixes (48522 for index 01), so this real capture is still valid for the current _r2 file.","297","0","0","Logix Designer - Composite49 in composite_realistic_49.ACD [1756-L81E 35.11]",""
"composite_realistic_50_r2","262332","1756-L81E","35.05","2026-08-31","Real capture mapped from OLD filename 'composite_realistic_50' (pre-rename, pre-fix content) -- confirmed predicted_bytes identical before/after the AOI-arg/XIC-OTE fixes (48522 for index 01), so this real capture is still valid for the current _r2 file.","302","0","0","Logix Designer - Composite50 in composite_realistic_50.ACD [1756-L81E 35.11]",""
"composite_realistic_v2_07","150730","5069-L306ER","35.11","2026-09-02","","2","0","0","Logix Designer - Composite07V2 in composite_realistic_v2_07.ACD [1756-L81E 35.11]",""
"composite_realistic_v2_18","172853","5069-L306ER","35.11","2026-09-02","","1","0","0","Logix Designer - Composite18V2 in composite_realistic_v2_18.ACD [1756-L81E 35.11]",""
"composite_realistic_v2_19","183304","5069-L306ER","35.11","2026-09-02","","2","0","0","Logix Designer - Composite19V2 in composite_realistic_v2_19.ACD [1756-L81E 35.11]",""
"composite_realistic_v2_30","185904","5069-L306ER","35.11","2026-09-02","","2","0","0","Logix Designer - Composite30V2 in composite_realistic_v2_30.ACD [1756-L81E 35.11]",""
"composite_realistic_v2_50","317242","5069-L306ER","35.11","2026-09-02","","2","0","0","Logix Designer - Composite50V2 in composite_realistic_v2_50.ACD [1756-L81E 35.11]",""
"modulesweep_193_ecm_etr_a","55985","5069-L306ER","35.11","2026-08-24","","1","0","0","Logix Designer - ModSweep_193ECMETRA in modulesweep_193_ecm_etr_a.ACD [1756-L81E 35.11]",""
"modulesweep_193_ecm_etr_b","55985","5069-L306ER","35.11","2026-08-24","","1","0","0","Logix Designer - ModSweep_193ECMETRB in modulesweep_193_ecm_etr_b.ACD [1756-L81E 35.11]",""
"cptrd_operand_bool","20400","1756-L81E","35.05","2026-09-04","","100","0","0","Logix Designer - CptRdOperandBool in cptrd_operand_bool.ACD [1756-L81E 35.11]",""
"st_instr_concat_n01000","75376","1756-L81E","35.05","2026-09-04","","500","0","0","Logix Designer - RsStInstrCONCAT in st_instr_concat_n01000.ACD [1756-L81E 35.11]",""
"verifinstr_brk_n00010","18672","UNKNOWN","UNKNOWN","2026-09-08","PROCTYPE-UNREAD","0","0","0","Logix Designer - BRKN10 in verifinstr_brk_n00010.ACD [1756-L81E 35.11]",""
"verifinstr_brk_n00100","23712","UNKNOWN","UNKNOWN","2026-09-08","PROCTYPE-UNREAD","0","0","0","Logix Designer - BRKN100 in verifinstr_brk_n00100.ACD [1756-L81E 35.11]",""
"verifinstr_brk_n01000","74112","UNKNOWN","UNKNOWN","2026-09-08","PROCTYPE-UNREAD","0","0","0","Logix Designer - BRKN1000 in verifinstr_brk_n01000.ACD [1756-L81E 35.11]",""
"verifinstr_cos_n00010","18888","UNKNOWN","UNKNOWN","2026-09-08","PROCTYPE-UNREAD","0","0","0","Logix Designer - COSN10 in verifinstr_cos_n00010.ACD [1756-L81E 35.11]",""
"verifinstr_cos_n00100","24288","UNKNOWN","UNKNOWN","2026-09-08","PROCTYPE-UNREAD","0","0","0","Logix Designer - COSN100 in verifinstr_cos_n00100.ACD [1756-L81E 35.11]",""
"verifinstr_cos_n01000","78288","UNKNOWN","UNKNOWN","2026-09-08","PROCTYPE-UNREAD","0","0","0","Logix Designer - COSN1000 in verifinstr_cos_n01000.ACD [1756-L81E 35.11]",""
"verifinstr_log_n00010","18888","UNKNOWN","UNKNOWN","2026-09-08","PROCTYPE-UNREAD","0","0","0","Logix Designer - LOGN10 in verifinstr_log_n00010.ACD [1756-L81E 35.11]",""
"verifinstr_log_n00100","24288","UNKNOWN","UNKNOWN","2026-09-08","PROCTYPE-UNREAD","0","0","0","Logix Designer - LOGN100 in verifinstr_log_n00100.ACD [1756-L81E 35.11]",""
"verifinstr_log_n01000","78288","UNKNOWN","UNKNOWN","2026-09-08","PROCTYPE-UNREAD","0","0","0","Logix Designer - LOGN1000 in verifinstr_log_n01000.ACD [1756-L81E 35.11]",""
"verifinstr_sin_n00010","18888","UNKNOWN","UNKNOWN","2026-09-08","PROCTYPE-UNREAD","0","0","0","Logix Designer - SINN10 in verifinstr_sin_n00010.ACD [1756-L81E 35.11]",""
"verifinstr_sin_n00100","24288","UNKNOWN","UNKNOWN","2026-09-08","PROCTYPE-UNREAD","0","0","0","Logix Designer - SINN100 in verifinstr_sin_n00100.ACD [1756-L81E 35.11]",""
"verifinstr_sin_n01000","78288","UNKNOWN","UNKNOWN","2026-09-08","PROCTYPE-UNREAD","0","0","0","Logix Designer - SINN1000 in verifinstr_sin_n01000.ACD [1756-L81E 35.11]",""
"verifinstr_pid_n00010","19936","UNKNOWN","UNKNOWN","2026-09-08","PROCTYPE-UNREAD","0","0","0","Logix Designer - PIDN10 in verifinstr_pid_n00010.ACD [1756-L81E 35.11]",""
"verifinstr_pid_n00100","33976","UNKNOWN","UNKNOWN","2026-09-08","PROCTYPE-UNREAD","0","0","0","Logix Designer - PIDN100 in verifinstr_pid_n00100.ACD [1756-L81E 35.11]",""
"verifinstr_pid_n01000","174376","UNKNOWN","UNKNOWN","2026-09-08","PROCTYPE-UNREAD","0","0","0","Logix Designer - PIDN1000 in verifinstr_pid_n01000.ACD [1756-L81E 35.11]",""
"verifinstr_fbc_n00010","19480","UNKNOWN","UNKNOWN","2026-09-08","PROCTYPE-UNREAD","0","0","0","Logix Designer - FBCN10 in verifinstr_fbc_n00010.ACD [1756-L81E 35.11]",""
"verifinstr_fbc_n00100","26320","UNKNOWN","UNKNOWN","2026-09-08","PROCTYPE-UNREAD","0","0","0","Logix Designer - FBCN100 in verifinstr_fbc_n00100.ACD [1756-L81E 35.11]",""
"verifinstr_fbc_n01000","94720","UNKNOWN","UNKNOWN","2026-09-08","PROCTYPE-UNREAD","0","0","0","Logix Designer - FBCN1000 in verifinstr_fbc_n01000.ACD [1756-L81E 35.11]",""
"verifinstr_stor_n00010","19168","UNKNOWN","UNKNOWN","2026-09-08","PROCTYPE-UNREAD","0","0","0","Logix Designer - STORN10 in verifinstr_stor_n00010.ACD [1756-L81E 35.11]",""
"verifinstr_stor_n00100","26368","UNKNOWN","UNKNOWN","2026-09-08","PROCTYPE-UNREAD","0","0","0","Logix Designer - STORN100 in verifinstr_stor_n00100.ACD [1756-L81E 35.11]",""
"verifinstr_stor_n01000","98368","UNKNOWN","UNKNOWN","2026-09-08","PROCTYPE-UNREAD","0","0","0","Logix Designer - STORN1000 in verifinstr_stor_n01000.ACD [1756-L81E 35.11]",""
"verifinstr_mcd_n00010","37016","UNKNOWN","UNKNOWN","2026-09-08","PROCTYPE-UNREAD","0","0","0","Logix Designer - MCDN10 in verifinstr_mcd_n00010.ACD [1756-L81E 35.11]",""
"verifinstr_mcd_n00100","53576","UNKNOWN","UNKNOWN","2026-09-08","PROCTYPE-UNREAD","0","0","0","Logix Designer - MCDN100 in verifinstr_mcd_n00100.ACD [1756-L81E 35.11]",""
"verifinstr_mcd_n01000","219176","UNKNOWN","UNKNOWN","2026-09-08","PROCTYPE-UNREAD","0","0","0","Logix Designer - MCDN1000 in verifinstr_mcd_n01000.ACD [1756-L81E 35.11]",""
"verifinstr_mcs_n00010","29112","UNKNOWN","UNKNOWN","2026-09-08","PROCTYPE-UNREAD","0","0","0","Logix Designer - MCSN10 in verifinstr_mcs_n00010.ACD [1756-L81E 35.11]",""
"verifinstr_mcs_n00100","39912","UNKNOWN","UNKNOWN","2026-09-08","PROCTYPE-UNREAD","0","0","0","Logix Designer - MCSN100 in verifinstr_mcs_n00100.ACD [1756-L81E 35.11]",""
"verifinstr_mcs_n01000","147912","UNKNOWN","UNKNOWN","2026-09-08","PROCTYPE-UNREAD","0","0","0","Logix Designer - MCSN1000 in verifinstr_mcs_n01000.ACD [1756-L81E 35.11]",""
"verifinstr_mcsv_n00010","20000","UNKNOWN","UNKNOWN","2026-09-08","PROCTYPE-UNREAD","0","0","0","Logix Designer - MCSVN10 in verifinstr_mcsv_n00010.ACD [1756-L81E 35.11]",""
"verifinstr_mcsv_n00100","28640","UNKNOWN","UNKNOWN","2026-09-08","PROCTYPE-UNREAD","0","0","0","Logix Designer - MCSVN100 in verifinstr_mcsv_n00100.ACD [1756-L81E 35.11]",""
"verifinstr_mcsv_n01000","115040","UNKNOWN","UNKNOWN","2026-09-08","PROCTYPE-UNREAD","0","0","0","Logix Designer - MCSVN1000 in verifinstr_mcsv_n01000.ACD [1756-L81E 35.11]",""
"verifinstr_mag_n00010","53384","UNKNOWN","UNKNOWN","2026-09-08","PROCTYPE-UNREAD","0","0","0","Logix Designer - MAGN10 in verifinstr_mag_n00010.ACD [1756-L81E 35.11]",""
"verifinstr_mag_n00100","64544","UNKNOWN","UNKNOWN","2026-09-08","PROCTYPE-UNREAD","0","0","0","Logix Designer - MAGN100 in verifinstr_mag_n00100.ACD [1756-L81E 35.11]",""
"verifinstr_mag_n01000","176144","UNKNOWN","UNKNOWN","2026-09-08","PROCTYPE-UNREAD","0","0","0","Logix Designer - MAGN1000 in verifinstr_mag_n01000.ACD [1756-L81E 35.11]",""
"defscale_aoidefs_n001","19424","UNKNOWN","UNKNOWN","2026-09-08","PROCTYPE-UNREAD","0","0","0","Logix Designer - AoiDefs1 in defscale_aoidefs_n001.ACD [1756-L81E 35.11]",""
"defscale_aoiinst_n001","20048","UNKNOWN","UNKNOWN","2026-09-08","PROCTYPE-UNREAD","0","0","0","Logix Designer - AoiInst1 in defscale_aoiinst_n001.ACD [1756-L81E 35.11]",""
"defscale_aoidefs_n002","20720","UNKNOWN","UNKNOWN","2026-09-08","PROCTYPE-UNREAD","0","0","0","Logix Designer - AoiDefs2 in defscale_aoidefs_n002.ACD [1756-L81E 35.11]",""
"defscale_aoiinst_n002","21624","UNKNOWN","UNKNOWN","2026-09-08","PROCTYPE-UNREAD","0","0","0","Logix Designer - AoiInst2 in defscale_aoiinst_n002.ACD [1756-L81E 35.11]",""
"defscale_aoidefs_n005","24608","UNKNOWN","UNKNOWN","2026-09-08","PROCTYPE-UNREAD","0","0","0","Logix Designer - AoiDefs5 in defscale_aoidefs_n005.ACD [1756-L81E 35.11]*",""
"defscale_aoiinst_n005","26352","UNKNOWN","UNKNOWN","2026-09-08","PROCTYPE-UNREAD","0","0","0","Logix Designer - AoiInst5 in defscale_aoiinst_n005.ACD [1756-L81E 35.11]",""
"defscale_aoidefs_n010","31088","UNKNOWN","UNKNOWN","2026-09-08","PROCTYPE-UNREAD","0","0","0","Logix Designer - AoiDefs10 in defscale_aoidefs_n010.ACD [1756-L81E 35.11]*",""
"defscale_aoiinst_n010","34232","UNKNOWN","UNKNOWN","2026-09-08","PROCTYPE-UNREAD","0","0","0","Logix Designer - AoiInst10 in defscale_aoiinst_n010.ACD [1756-L81E 35.11]",""
"defscale_aoidefs_n020","44048","UNKNOWN","UNKNOWN","2026-09-08","PROCTYPE-UNREAD","0","0","0","Logix Designer - AoiDefs20 in defscale_aoidefs_n020.ACD [1756-L81E 35.11]",""
"defscale_aoiinst_n020","49992","UNKNOWN","UNKNOWN","2026-09-08","PROCTYPE-UNREAD","0","0","0","Logix Designer - AoiInst20 in defscale_aoiinst_n020.ACD [1756-L81E 35.11]",""
"defscale_aoidefs_n040","69968","UNKNOWN","UNKNOWN","2026-09-08","PROCTYPE-UNREAD","0","0","0","Logix Designer - AoiDefs40 in defscale_aoidefs_n040.ACD [1756-L81E 35.11]",""
"defscale_aoiinst_n040","81512","UNKNOWN","UNKNOWN","2026-09-08","PROCTYPE-UNREAD","0","0","0","Logix Designer - AoiInst40 in defscale_aoiinst_n040.ACD [1756-L81E 35.11]",""
"defscale_aoidefs_n060","95888","UNKNOWN","UNKNOWN","2026-09-08","PROCTYPE-UNREAD","0","0","0","Logix Designer - AoiDefs60 in defscale_aoidefs_n060.ACD [1756-L81E 35.11]",""
"defscale_aoiinst_n060","113032","UNKNOWN","UNKNOWN","2026-09-08","PROCTYPE-UNREAD","0","0","0","Logix Designer - AoiInst60 in defscale_aoiinst_n060.ACD [1756-L81E 35.11]",""
"defscale_udts_n001","18392","UNKNOWN","UNKNOWN","2026-09-08","PROCTYPE-UNREAD","0","0","0","Logix Designer - UdtDefs1 in defscale_udts_n001.ACD [1756-L81E 35.11]",""
"defscale_udttag_n001","18496","UNKNOWN","UNKNOWN","2026-09-08","PROCTYPE-UNREAD","0","0","0","Logix Designer - UdtTag1 in defscale_udttag_n001.ACD [1756-L81E 35.11]",""
"defscale_udts_n002","18656","UNKNOWN","UNKNOWN","2026-09-08","PROCTYPE-UNREAD","0","0","0","Logix Designer - UdtDefs2 in defscale_udts_n002.ACD [1756-L81E 35.11]",""
"defscale_udttag_n002","18864","UNKNOWN","UNKNOWN","2026-09-08","PROCTYPE-UNREAD","0","0","0","Logix Designer - UdtTag2 in defscale_udttag_n002.ACD [1756-L81E 35.11]",""
"defscale_udts_n005","19448","UNKNOWN","UNKNOWN","2026-09-08","PROCTYPE-UNREAD","0","0","0","Logix Designer - UdtDefs5 in defscale_udts_n005.ACD [1756-L81E 35.11]",""
"defscale_udttag_n005","19968","UNKNOWN","UNKNOWN","2026-09-08","PROCTYPE-UNREAD","0","0","0","Logix Designer - UdtTag5 in defscale_udttag_n005.ACD [1756-L81E 35.11]",""
"defscale_udts_n010","20768","UNKNOWN","UNKNOWN","2026-09-08","PROCTYPE-UNREAD","0","0","0","Logix Designer - UdtDefs10 in defscale_udts_n010.ACD [1756-L81E 35.11]",""
"defscale_udttag_n010","21808","UNKNOWN","UNKNOWN","2026-09-08","PROCTYPE-UNREAD","0","0","0","Logix Designer - UdtTag10 in defscale_udttag_n010.ACD [1756-L81E 35.11]*",""
"defscale_udts_n025","24728","UNKNOWN","UNKNOWN","2026-09-08","PROCTYPE-UNREAD","0","0","0","Logix Designer - UdtDefs25 in defscale_udts_n025.ACD [1756-L81E 35.11]",""
"defscale_udttag_n025","27328","UNKNOWN","UNKNOWN","2026-09-08","PROCTYPE-UNREAD","0","0","0","Logix Designer - UdtTag25 in defscale_udttag_n025.ACD [1756-L81E 35.11]*",""
"defscale_udts_n050","31328","UNKNOWN","UNKNOWN","2026-09-08","PROCTYPE-UNREAD","0","0","0","Logix Designer - UdtDefs50 in defscale_udts_n050.ACD [1756-L81E 35.11]",""
"defscale_udttag_n050","36528","UNKNOWN","UNKNOWN","2026-09-08","PROCTYPE-UNREAD","0","0","0","Logix Designer - UdtTag50 in defscale_udttag_n050.ACD [1756-L81E 35.11]*",""
"defscale_udts_n100","44528","UNKNOWN","UNKNOWN","2026-09-08","PROCTYPE-UNREAD","0","0","0","Logix Designer - UdtDefs100 in defscale_udts_n100.ACD [1756-L81E 35.11]",""
"defscale_udttag_n100","54928","UNKNOWN","UNKNOWN","2026-09-08","PROCTYPE-UNREAD","0","0","0","Logix Designer - UdtTag100 in defscale_udttag_n100.ACD [1756-L81E 35.11]",""
"defscale_udts_n200","70928","UNKNOWN","UNKNOWN","2026-09-08","PROCTYPE-UNREAD","0","0","0","Logix Designer - UdtDefs200 in defscale_udts_n200.ACD [1756-L81E 35.11]",""
"defscale_udttag_n200","91728","UNKNOWN","UNKNOWN","2026-09-08","PROCTYPE-UNREAD","0","0","0","Logix Designer - UdtTag200 in defscale_udttag_n200.ACD [1756-L81E 35.11]*",""
"cptnarrow_sint_k0","44800","UNKNOWN","UNKNOWN","2026-09-08","PROCTYPE-UNREAD","0","0","0","Logix Designer - NarrowSINT0 in cptnarrow_sint_k0.ACD [1756-L81E 35.11]",""
"cptnarrow_sint_k1","53200","UNKNOWN","UNKNOWN","2026-09-08","PROCTYPE-UNREAD","0","0","0","Logix Designer - NarrowSINT1 in cptnarrow_sint_k1.ACD [1756-L81E 35.11]",""
"cptnarrow_sint_k2","62000","UNKNOWN","UNKNOWN","2026-09-08","PROCTYPE-UNREAD","0","0","0","Logix Designer - NarrowSINT2 in cptnarrow_sint_k2.ACD [1756-L81E 35.11]",""
"cptnarrow_sint_k3","70400","UNKNOWN","UNKNOWN","2026-09-08","PROCTYPE-UNREAD","0","0","0","Logix Designer - NarrowSINT3 in cptnarrow_sint_k3.ACD [1756-L81E 35.11]",""
"cptnarrow_sint_k4","78800","UNKNOWN","UNKNOWN","2026-09-08","PROCTYPE-UNREAD","0","0","0","Logix Designer - NarrowSINT4 in cptnarrow_sint_k4.ACD [1756-L81E 35.11]",""
"cptnarrow_int_k0","44800","UNKNOWN","UNKNOWN","2026-09-08","PROCTYPE-UNREAD","0","0","0","Logix Designer - NarrowINT0 in cptnarrow_int_k0.ACD [1756-L81E 35.11]*",""
"cptnarrow_int_k1","54400","UNKNOWN","UNKNOWN","2026-09-08","PROCTYPE-UNREAD","0","0","0","Logix Designer - NarrowINT1 in cptnarrow_int_k1.ACD [1756-L81E 35.11]*",""
"cptnarrow_int_k2","64400","UNKNOWN","UNKNOWN","2026-09-08","PROCTYPE-UNREAD","0","0","0","Logix Designer - NarrowINT2 in cptnarrow_int_k2.ACD [1756-L81E 35.11]*",""
"cptnarrow_int_k3","74000","UNKNOWN","UNKNOWN","2026-09-08","PROCTYPE-UNREAD","0","0","0","Logix Designer - NarrowINT3 in cptnarrow_int_k3.ACD [1756-L81E 35.11]",""
"cptnarrow_int_k4","83600","UNKNOWN","UNKNOWN","2026-09-08","PROCTYPE-UNREAD","0","0","0","Logix Designer - NarrowINT4 in cptnarrow_int_k4.ACD [1756-L81E 35.11]",""
"cptarrange_alternating_n03","39200","UNKNOWN","UNKNOWN","2026-09-08","PROCTYPE-UNREAD","0","0","0","Logix Designer - ArrAlte3 in cptarrange_alternating_n03.ACD [1756-L81E 35.11]",""
"cptarrange_grouped_n03","39600","UNKNOWN","UNKNOWN","2026-09-08","PROCTYPE-UNREAD","0","0","0","Logix Designer - ArrGrou3 in cptarrange_grouped_n03.ACD [1756-L81E 35.11]",""
"cptarrange_frontloaded_n03","39200","UNKNOWN","UNKNOWN","2026-09-08","PROCTYPE-UNREAD","0","0","0","Logix Designer - ArrFron3 in cptarrange_frontloaded_n03.ACD [1756-L81E 35.11]",""
"cptarrange_split_n03","39200","UNKNOWN","UNKNOWN","2026-09-08","PROCTYPE-UNREAD","0","0","0","Logix Designer - ArrSpli3 in cptarrange_split_n03.ACD [1756-L81E 35.11]",""
"cptarrange_alternating_n04","43200","UNKNOWN","UNKNOWN","2026-09-08","PROCTYPE-UNREAD","0","0","0","Logix Designer - ArrAlte4 in cptarrange_alternating_n04.ACD(File Copy) [1756-L81E 35.11]*",""
"cptarrange_grouped_n04","43600","UNKNOWN","UNKNOWN","2026-09-08","PROCTYPE-UNREAD","0","0","0","Logix Designer - ArrGrou4 in cptarrange_grouped_n04.ACD [1756-L81E 35.11]",""
"cptarrange_frontloaded_n04","43200","UNKNOWN","UNKNOWN","2026-09-08","PROCTYPE-UNREAD","0","0","0","Logix Designer - ArrFron4 in cptarrange_frontloaded_n04.ACD [1756-L81E 35.11]",""
"cptarrange_split_n04","43200","UNKNOWN","UNKNOWN","2026-09-08","PROCTYPE-UNREAD","0","0","0","Logix Designer - ArrSpli4 in cptarrange_split_n04.ACD [1756-L81E 35.11]",""
"cptarrange_alternating_n05","45600","UNKNOWN","UNKNOWN","2026-09-08","PROCTYPE-UNREAD","0","0","0","Logix Designer - ArrAlte5 in cptarrange_alternating_n05.ACD [1756-L81E 35.11]*",""
"cptarrange_grouped_n05","45600","UNKNOWN","UNKNOWN","2026-09-08","PROCTYPE-UNREAD","0","0","0","Logix Designer - ArrGrou5 in cptarrange_grouped_n05.ACD [1756-L81E 35.11]",""
"cptarrange_frontloaded_n05","45600","UNKNOWN","UNKNOWN","2026-09-08","PROCTYPE-UNREAD","0","0","0","Logix Designer - ArrFron5 in cptarrange_frontloaded_n05.ACD [1756-L81E 35.11]",""
"cptarrange_split_n05","45600","UNKNOWN","UNKNOWN","2026-09-08","PROCTYPE-UNREAD","0","0","0","Logix Designer - ArrSpli5 in cptarrange_split_n05.ACD [1756-L81E 35.11]",""
"cptarrange_alternating_n06","49600","UNKNOWN","UNKNOWN","2026-09-08","PROCTYPE-UNREAD","0","0","0","Logix Designer - ArrAlte6 in cptarrange_alternating_n06.ACD [1756-L81E 35.11]*",""
"cptarrange_grouped_n06","49600","UNKNOWN","UNKNOWN","2026-09-08","PROCTYPE-UNREAD","0","0","0","Logix Designer - ArrGrou6 in cptarrange_grouped_n06.ACD [1756-L81E 35.11]",""
"cptarrange_frontloaded_n06","49600","UNKNOWN","UNKNOWN","2026-09-08","PROCTYPE-UNREAD","0","0","0","Logix Designer - ArrFron6 in cptarrange_frontloaded_n06.ACD [1756-L81E 35.11]",""
"cptarrange_split_n06","49600","UNKNOWN","UNKNOWN","2026-09-08","PROCTYPE-UNREAD","0","0","0","Logix Designer - ArrSpli6 in cptarrange_split_n06.ACD [1756-L81E 35.11]",""
"cptarrange_alternating_n07","52000","UNKNOWN","UNKNOWN","2026-09-08","PROCTYPE-UNREAD","0","0","0","Logix Designer - ArrAlte7 in cptarrange_alternating_n07.ACD [1756-L81E 35.11]*",""
"cptarrange_grouped_n07","52000","UNKNOWN","UNKNOWN","2026-09-08","PROCTYPE-UNREAD","0","0","0","Logix Designer - ArrGrou7 in cptarrange_grouped_n07.ACD [1756-L81E 35.11]",""
"cptarrange_frontloaded_n07","52000","UNKNOWN","UNKNOWN","2026-09-08","PROCTYPE-UNREAD","0","0","0","Logix Designer - ArrFron7 in cptarrange_frontloaded_n07.ACD [1756-L81E 35.11]",""
"cptarrange_split_n07","52400","UNKNOWN","UNKNOWN","2026-09-08","PROCTYPE-UNREAD","0","0","0","Logix Designer - ArrSpli7 in cptarrange_split_n07.ACD [1756-L81E 35.11]",""
"cptarrange_alternating_n08","56000","UNKNOWN","UNKNOWN","2026-09-08","PROCTYPE-UNREAD","0","0","0","Logix Designer - ArrAlte8 in cptarrange_alternating_n08.ACD [1756-L81E 35.11]",""
"cptarrange_grouped_n08","56000","UNKNOWN","UNKNOWN","2026-09-08","PROCTYPE-UNREAD","0","0","0","Logix Designer - ArrGrou8 in cptarrange_grouped_n08.ACD [1756-L81E 35.11]",""
"cptarrange_frontloaded_n08","56000","UNKNOWN","UNKNOWN","2026-09-08","PROCTYPE-UNREAD","0","0","0","Logix Designer - ArrFron8 in cptarrange_frontloaded_n08.ACD [1756-L81E 35.11]",""
"cptarrange_split_n08","56400","UNKNOWN","UNKNOWN","2026-09-08","PROCTYPE-UNREAD","0","0","0","Logix Designer - ArrSpli8 in cptarrange_split_n08.ACD [1756-L81E 35.11]",""
"cptarrange_alternating_n09","58400","UNKNOWN","UNKNOWN","2026-09-08","PROCTYPE-UNREAD","0","0","0","Logix Designer - ArrAlte9 in cptarrange_alternating_n09.ACD [1756-L81E 35.11]",""
"cptarrange_grouped_n09","58400","UNKNOWN","UNKNOWN","2026-09-08","PROCTYPE-UNREAD","0","0","0","Logix Designer - ArrGrou9 in cptarrange_grouped_n09.ACD [1756-L81E 35.11]",""
"cptarrange_frontloaded_n09","58400","UNKNOWN","UNKNOWN","2026-09-08","PROCTYPE-UNREAD","0","0","0","Logix Designer - ArrFron9 in cptarrange_frontloaded_n09.ACD [1756-L81E 35.11]",""
"cptarrange_split_n09","58800","UNKNOWN","UNKNOWN","2026-09-08","PROCTYPE-UNREAD","0","0","0","Logix Designer - ArrSpli9 in cptarrange_split_n09.ACD [1756-L81E 35.11]",""
"cptwide_lint_k1","45152","UNKNOWN","UNKNOWN","2026-09-13","STALE CAPTURE CLEARED : the file's content changed after this capture ran, so the row measured a file that no longer exists. Needs recapture. Found by scripts/capture_errors.py's staleness check (content hash ignoring export timestamps, compared against the committed version as of the capture date).","0","0","0","Logix Designer - WideLINT1 in cptwide_lint_k1.ACD [1756-L81E 35.11]*","Complete - 0 error(s), 0 warning(s) | "
"cptwide_lint_k2","45152","UNKNOWN","UNKNOWN","2026-09-13","STALE CAPTURE CLEARED : the file's content changed after this capture ran, so the row measured a file that no longer exists. Needs recapture. Found by scripts/capture_errors.py's staleness check (content hash ignoring export timestamps, compared against the committed version as of the capture date).","0","0","0","Logix Designer - WideLINT2 in cptwide_lint_k2.ACD [1756-L81E 35.11]*","Complete - 0 error(s), 0 warning(s) | "
"cptwide_lint_k3","45152","UNKNOWN","UNKNOWN","2026-09-13","STALE CAPTURE CLEARED : the file's content changed after this capture ran, so the row measured a file that no longer exists. Needs recapture. Found by scripts/capture_errors.py's staleness check (content hash ignoring export timestamps, compared against the committed version as of the capture date).","0","0","0","Logix Designer - WideLINT3 in cptwide_lint_k3.ACD [1756-L81E 35.11]*","Complete - 0 error(s), 0 warning(s) | "
"cptwide_lint_k4","45152","UNKNOWN","UNKNOWN","2026-09-13","STALE CAPTURE CLEARED : the file's content changed after this capture ran, so the row measured a file that no longer exists. Needs recapture. Found by scripts/capture_errors.py's staleness check (content hash ignoring export timestamps, compared against the committed version as of the capture date).","0","0","0","Logix Designer - WideLINT4 in cptwide_lint_k4.ACD [1756-L81E 35.11]*","Complete - 0 error(s), 0 warning(s) | "
"cptwide_mixed_sint_lint","53552","UNKNOWN","UNKNOWN","2026-09-13","STALE CAPTURE CLEARED : the file's content changed after this capture ran, so the row measured a file that no longer exists. Needs recapture. Found by scripts/capture_errors.py's staleness check (content hash ignoring export timestamps, compared against the committed version as of the capture date).","0","0","0","Logix Designer - MixWidth in cptwide_mixed_sint_lint.ACD [1756-L81E 35.11]*","Complete - 0 error(s), 0 warning(s) | "
"cptrdarrange_alternating_n04","48800","UNKNOWN","UNKNOWN","2026-09-08","PROCTYPE-UNREAD","0","0","0","Logix Designer - RdArrAlte4 in cptrdarrange_alternating_n04.ACD [1756-L81E 35.11]",""
"cptrdarrange_grouped_n04","49200","UNKNOWN","UNKNOWN","2026-09-08","PROCTYPE-UNREAD","0","0","0","Logix Designer - RdArrGrou4 in cptrdarrange_grouped_n04.ACD [1756-L81E 35.11]",""
"cptrdarrange_alternating_n05","52800","UNKNOWN","UNKNOWN","2026-09-08","PROCTYPE-UNREAD","0","0","0","Logix Designer - RdArrAlte5 in cptrdarrange_alternating_n05.ACD [1756-L81E 35.11]",""
"cptrdarrange_grouped_n05","52800","UNKNOWN","UNKNOWN","2026-09-08","PROCTYPE-UNREAD","0","0","0","Logix Designer - RdArrGrou5 in cptrdarrange_grouped_n05.ACD [1756-L81E 35.11]",""
"cptrdarrange_alternating_n06","56800","UNKNOWN","UNKNOWN","2026-09-08","PROCTYPE-UNREAD","0","0","0","Logix Designer - RdArrAlte6 in cptrdarrange_alternating_n06.ACD [1756-L81E 35.11]",""
"cptrdarrange_grouped_n06","56800","UNKNOWN","UNKNOWN","2026-09-08","PROCTYPE-UNREAD","0","0","0","Logix Designer - RdArrGrou6 in cptrdarrange_grouped_n06.ACD [1756-L81E 35.11]",""
"cptrdops_n07","60800","UNKNOWN","UNKNOWN","2026-09-08","PROCTYPE-UNREAD","0","0","0","Logix Designer - RdOps7 in cptrdops_n07.ACD [1756-L81E 35.11]",""
"cptrdops_n09","68800","UNKNOWN","UNKNOWN","2026-09-08","PROCTYPE-UNREAD","0","0","0","Logix Designer - RdOps9 in cptrdops_n09.ACD [1756-L81E 35.11]",""
"cptrdops_n10","72800","UNKNOWN","UNKNOWN","2026-09-08","PROCTYPE-UNREAD","0","0","0","Logix Designer - RdOps10 in cptrdops_n10.ACD [1756-L81E 35.11]",""
"cptrdpow_k2","46800","UNKNOWN","UNKNOWN","2026-09-08","PROCTYPE-UNREAD","0","0","0","Logix Designer - RdPow2 in cptrdpow_k2.ACD [1756-L81E 35.11]",""
"cptrdpow_k3","55600","UNKNOWN","UNKNOWN","2026-09-08","PROCTYPE-UNREAD","0","0","0","Logix Designer - RdPow3 in cptrdpow_k3.ACD [1756-L81E 35.11]",""
"cptrddint_k1","48800","UNKNOWN","UNKNOWN","2026-09-08","PROCTYPE-UNREAD","0","0","0","Logix Designer - RdDint1 in cptrddint_k1.ACD [1756-L81E 35.11]",""
"cptidflit_k1","48800","UNKNOWN","UNKNOWN","2026-09-08","PROCTYPE-UNREAD","0","0","0","Logix Designer - IdFlit1 in cptidflit_k1.ACD [1756-L81E 35.11]",""
"cptidflit_k2","53200","UNKNOWN","UNKNOWN","2026-09-08","PROCTYPE-UNREAD","0","0","0","Logix Designer - IdFlit2 in cptidflit_k2.ACD [1756-L81E 35.11]",""
"cptidflit_k3","66000","UNKNOWN","UNKNOWN","2026-09-08","PROCTYPE-UNREAD","0","0","0","Logix Designer - IdFlit3 in cptidflit_k3.ACD [1756-L81E 35.11]*",""
"daxis_baseline","19576","UNKNOWN","UNKNOWN","2026-09-08","PROCTYPE-UNREAD","0","0","0","Logix Designer - DaxBase in daxis_baseline.ACD [1756-L81E 35.11]",""
"daxis_axis_cip_drive","43472","UNKNOWN","UNKNOWN","2026-09-13","","0","0","0","Logix Designer - DaxAxCIPD in daxis_axis_cip_drive.ACD [1756-L81E 35.11]*","Complete - 0 error(s), 7 warning(s) | "
"daxis_axis_virtual","43472","UNKNOWN","UNKNOWN","2026-09-11","PROCTYPE-UNREAD","0","0","0","Logix Designer - DaxAxVIRT in daxis_axis_virtual.ACD [1756-L81E 35.11]*","Complete - 0 error(s), 7 warning(s) | "
"daxis_axis_servo","43472","UNKNOWN","UNKNOWN","2026-09-11","PROCTYPE-UNREAD","0","0","0","Logix Designer - DaxAxSERV in daxis_axis_servo.ACD [1756-L81E 35.11]*","Complete - 0 error(s), 7 warning(s) | "
"daxis_axisn_k1","43472","UNKNOWN","UNKNOWN","2026-09-11","PROCTYPE-UNREAD","0","0","0","Logix Designer - DaxAxN1 in daxis_axisn_k1.ACD [1756-L81E 35.11]*","Complete - 0 error(s), 7 warning(s) | "
"daxis_axisn_k2","43472","UNKNOWN","UNKNOWN","2026-09-11","PROCTYPE-UNREAD","0","0","0","Logix Designer - DaxAxN2 in daxis_axisn_k2.ACD [1756-L81E 35.11]*","Complete - 0 error(s), 7 warning(s) | "
"daxis_axisn_k3","43472","UNKNOWN","UNKNOWN","2026-09-11","PROCTYPE-UNREAD","0","0","0","Logix Designer - DaxAxN3 in daxis_axisn_k3.ACD [1756-L81E 35.11]*","Complete - 0 error(s), 7 warning(s) | "
"daxis_nest_k0","20832","UNKNOWN","UNKNOWN","2026-09-08","PROCTYPE-UNREAD","0","0","0","Logix Designer - DaxNest0 in daxis_nest_k0.ACD [1756-L81E 35.11]*",""
"daxis_nest_k1","20888","UNKNOWN","UNKNOWN","2026-09-08","PROCTYPE-UNREAD","0","0","0","Logix Designer - DaxNest1 in daxis_nest_k1.ACD [1756-L81E 35.11]",""
"daxis_nest_k2","20920","UNKNOWN","UNKNOWN","2026-09-08","PROCTYPE-UNREAD","0","0","0","Logix Designer - DaxNest2 in daxis_nest_k2.ACD [1756-L81E 35.11]",""
"daxis_nest_k4","21008","UNKNOWN","UNKNOWN","2026-09-08","PROCTYPE-UNREAD","0","0","0","Logix Designer - DaxNest4 in daxis_nest_k4.ACD [1756-L81E 35.11]",""
"daxis_udtaoi_k1","19688","UNKNOWN","UNKNOWN","2026-09-08","PROCTYPE-UNREAD","0","0","0","Logix Designer - DaxUdtAoi1 in daxis_udtaoi_k1.ACD [1756-L81E 35.11]",""
"daxis_udtaoi_k2","19728","UNKNOWN","UNKNOWN","2026-09-08","PROCTYPE-UNREAD","0","0","0","Logix Designer - DaxUdtAoi2 in daxis_udtaoi_k2.ACD [1756-L81E 35.11]",""
"daxis_udtaoi_k4","19784","UNKNOWN","UNKNOWN","2026-09-08","PROCTYPE-UNREAD","0","0","0","Logix Designer - DaxUdtAoi4 in daxis_udtaoi_k4.ACD [1756-L81E 35.11]",""
"daxis_full","47196","UNKNOWN","UNKNOWN","2026-09-11","PROCTYPE-UNREAD","0","0","0","Logix Designer - DaxFull in daxis_full.ACD [1756-L81E 35.11]*","Complete - 0 error(s), 7 warning(s) | "
"mbshape_asbuilt","63452","UNKNOWN","UNKNOWN","2026-09-08","PROCTYPE-UNREAD","0","0","0","Logix Designer - mbshapeasbuilt in mbshape_asbuilt.ACD [1756-L81E 35.11]",""
"mbshape_params_05","58892","UNKNOWN","UNKNOWN","2026-09-08","PROCTYPE-UNREAD","0","0","0","Logix Designer - mbshapeparams05 in mbshape_params_05.ACD [1756-L81E 35.11]",""
"mbshape_params_10","63452","UNKNOWN","UNKNOWN","2026-09-08","PROCTYPE-UNREAD","0","0","0","Logix Designer - mbshapeparams10 in mbshape_params_10.ACD [1756-L81E 35.11]",""
"mbshape_params_20","72660","UNKNOWN","UNKNOWN","2026-09-08","PROCTYPE-UNREAD","0","0","0","Logix Designer - mbshapeparams20 in mbshape_params_20.ACD [1756-L81E 35.11]",""
"mbshape_locals_05","60508","UNKNOWN","UNKNOWN","2026-09-08","PROCTYPE-UNREAD","0","0","0","Logix Designer - mbshapelocals05 in mbshape_locals_05.ACD [1756-L81E 35.11]",""
"mbshape_locals_10","63452","UNKNOWN","UNKNOWN","2026-09-08","PROCTYPE-UNREAD","0","0","0","Logix Designer - mbshapelocals10 in mbshape_locals_10.ACD [1756-L81E 35.11]",""
"mbshape_locals_20","69156","UNKNOWN","UNKNOWN","2026-09-08","PROCTYPE-UNREAD","0","0","0","Logix Designer - mbshapelocals20 in mbshape_locals_20.ACD [1756-L81E 35.11]",""
"mbshape_rungs_05","59972","UNKNOWN","UNKNOWN","2026-09-08","PROCTYPE-UNREAD","0","0","0","Logix Designer - mbshaperungs05 in mbshape_rungs_05.ACD [1756-L81E 35.11]",""
"mbshape_rungs_10","63452","UNKNOWN","UNKNOWN","2026-09-08","PROCTYPE-UNREAD","0","0","0","Logix Designer - mbshaperungs10 in mbshape_rungs_10.ACD [1756-L81E 35.11]",""
"mbshape_rungs_20","70432","UNKNOWN","UNKNOWN","2026-09-08","PROCTYPE-UNREAD","0","0","0","Logix Designer - mbshaperungs20 in mbshape_rungs_20.ACD [1756-L81E 35.11]",""
"mbshape_defs_n05","46276","UNKNOWN","UNKNOWN","2026-09-08","PROCTYPE-UNREAD","0","0","0","Logix Designer - mbshapedefsn05 in mbshape_defs_n05.ACD [1756-L81E 35.11]",""
"mbshape_defs_n19","63148","UNKNOWN","UNKNOWN","2026-09-09","PROCTYPE-UNREAD","0","19","0","Logix Designer - mbshapedefsn19 in mbshape_defs_n19.ACD [1756-L81E 35.11]*",""
"mbshape_defs_n40","89364","UNKNOWN","UNKNOWN","2026-09-08","PROCTYPE-UNREAD","0","0","0","Logix Designer - mbshapedefsn40 in mbshape_defs_n40.ACD [1756-L81E 35.11]",""
"mbshape_axis_k0","63452","UNKNOWN","UNKNOWN","2026-09-08","PROCTYPE-UNREAD","0","0","0","Logix Designer - mbshapeaxisk0 in mbshape_axis_k0.ACD [1756-L81E 35.11]",""
"mbshape_axis_k3","87300","UNKNOWN","UNKNOWN","2026-09-11","PROCTYPE-UNREAD","0","0","0","Logix Designer - mbshapeaxisk3 in mbshape_axis_k3.ACD [1756-L81E 35.11]*","Complete - 0 error(s), 23 warning(s) | "
"aoistr_namelen_c04","19736","UNKNOWN","UNKNOWN","2026-09-08","PROCTYPE-UNREAD","0","0","0","Logix Designer - AoiNameLen04 in aoistr_namelen_c04.ACD [1756-L81E 35.11]",""
"aoistr_namelen_c08","19816","UNKNOWN","UNKNOWN","2026-09-08","PROCTYPE-UNREAD","0","0","0","Logix Designer - AoiNameLen08 in aoistr_namelen_c08.ACD [1756-L81E 35.11]",""
"aoistr_namelen_c12","19896","UNKNOWN","UNKNOWN","2026-09-08","PROCTYPE-UNREAD","0","0","0","Logix Designer - AoiNameLen12 in aoistr_namelen_c12.ACD [1756-L81E 35.11]",""
"aoistr_namelen_c16","19976","UNKNOWN","UNKNOWN","2026-09-08","PROCTYPE-UNREAD","0","0","0","Logix Designer - AoiNameLen16 in aoistr_namelen_c16.ACD [1756-L81E 35.11]",""
"aoistr_namelen_c20","20056","UNKNOWN","UNKNOWN","2026-09-08","PROCTYPE-UNREAD","0","0","0","Logix Designer - AoiNameLen20 in aoistr_namelen_c20.ACD [1756-L81E 35.11]",""
"aoistr_namelen_c28","20216","UNKNOWN","UNKNOWN","2026-09-08","PROCTYPE-UNREAD","0","0","0","Logix Designer - AoiNameLen28 in aoistr_namelen_c28.ACD [1756-L81E 35.11]",""
"aoistr_namelen_c40","20456","UNKNOWN","UNKNOWN","2026-09-08","PROCTYPE-UNREAD","0","0","0","Logix Designer - AoiNameLen40 in aoistr_namelen_c40.ACD [1756-L81E 35.11]",""
"aoistr_desc_l000","19896","UNKNOWN","UNKNOWN","2026-09-08","PROCTYPE-UNREAD","0","0","0","Logix Designer - AoiDesc000 in aoistr_desc_l000.ACD [1756-L81E 35.11]",""
"aoistr_desc_l016","19896","UNKNOWN","UNKNOWN","2026-09-08","PROCTYPE-UNREAD","0","0","0","Logix Designer - AoiDesc016 in aoistr_desc_l016.ACD [1756-L81E 35.11]",""
"aoistr_desc_l064","19896","UNKNOWN","UNKNOWN","2026-09-08","PROCTYPE-UNREAD","0","0","0","Logix Designer - AoiDesc064 in aoistr_desc_l064.ACD [1756-L81E 35.11]*",""
"aoistr_desc_l256","19896","UNKNOWN","UNKNOWN","2026-09-08","PROCTYPE-UNREAD","0","0","0","Logix Designer - AoiDesc256 in aoistr_desc_l256.ACD [1756-L81E 35.11]*",""
"aoistr_desc_all_l064","20480","UNKNOWN","UNKNOWN","2026-09-08","PROCTYPE-UNREAD","0","0","0","Logix Designer - AoiDescAll in aoistr_desc_all_l064.ACD [1756-L81E 35.11]",""
"aoistr_aoidesc_l256","19896","UNKNOWN","UNKNOWN","2026-09-08","PROCTYPE-UNREAD","0","0","0","Logix Designer - AoiDescSelf in aoistr_aoidesc_l256.ACD [1756-L81E 35.11]",""
"aoistr_aoirevnote_l256","19896","UNKNOWN","UNKNOWN","2026-09-08","PROCTYPE-UNREAD","0","0","0","Logix Designer - AoiRevNote in aoistr_aoirevnote_l256.ACD [1756-L81E 35.11]",""
"aoistr_inout_n00","19552","UNKNOWN","UNKNOWN","2026-09-08","PROCTYPE-UNREAD","0","0","0","Logix Designer - AoiInOut00 in aoistr_inout_n00.ACD [1756-L81E 35.11]",""
"aoistr_inout_n04","19552","UNKNOWN","UNKNOWN","2026-09-08","PROCTYPE-UNREAD","0","0","0","Logix Designer - AoiInOut04 in aoistr_inout_n04.ACD [1756-L81E 35.11]",""
"aoistr_inout_n16","19552","UNKNOWN","UNKNOWN","2026-09-08","PROCTYPE-UNREAD","0","0","0","Logix Designer - AoiInOut16 in aoistr_inout_n16.ACD [1756-L81E 35.11]",""
"aoistr_inout_n48","19552","UNKNOWN","UNKNOWN","2026-09-08","PROCTYPE-UNREAD","0","0","0","Logix Designer - AoiInOut48 in aoistr_inout_n48.ACD [1756-L81E 35.11]",""
"aoistr_predef_base_n00","19552","UNKNOWN","UNKNOWN","2026-09-08","PROCTYPE-UNREAD","0","0","0","Logix Designer - AoiPredefBase in aoistr_predef_base_n00.ACD [1756-L81E 35.11]",""
"aoistr_predef_timer_n01","19560","UNKNOWN","UNKNOWN","2026-09-08","PROCTYPE-UNREAD","0","0","0","Logix Designer - AoiPdfTimer01 in aoistr_predef_timer_n01.ACD [1756-L81E 35.11]*",""
"aoistr_predef_timer_n08","19616","UNKNOWN","UNKNOWN","2026-09-08","PROCTYPE-UNREAD","0","0","0","Logix Designer - AoiPdfTimer08 in aoistr_predef_timer_n08.ACD [1756-L81E 35.11]*",""
"aoistr_predef_counter_n01","19560","UNKNOWN","UNKNOWN","2026-09-08","PROCTYPE-UNREAD","0","0","0","Logix Designer - AoiPdfCounte01 in aoistr_predef_counter_n01.ACD [1756-L81E 35.11]",""
"aoistr_predef_counter_n08","19616","UNKNOWN","UNKNOWN","2026-09-08","PROCTYPE-UNREAD","0","0","0","Logix Designer - AoiPdfCounte08 in aoistr_predef_counter_n08.ACD [1756-L81E 35.11]",""
"aoistr_predef_motion_n01","19560","UNKNOWN","UNKNOWN","2026-09-08","PROCTYPE-UNREAD","0","0","0","Logix Designer - AoiPdfMotion01 in aoistr_predef_motion_n01.ACD [1756-L81E 35.11]",""
"aoistr_predef_motion_n08","19648","UNKNOWN","UNKNOWN","2026-09-08","PROCTYPE-UNREAD","0","0","0","Logix Designer - AoiPdfMotion08 in aoistr_predef_motion_n08.ACD [1756-L81E 35.11]",""
"aoistr_predef_string_n01","19632","UNKNOWN","UNKNOWN","2026-09-08","PROCTYPE-UNREAD","0","0","0","Logix Designer - AoiPdfString01 in aoistr_predef_string_n01.ACD [1756-L81E 35.11]*",""
"aoistr_predef_string_n08","20224","UNKNOWN","UNKNOWN","2026-09-08","PROCTYPE-UNREAD","0","0","0","Logix Designer - AoiPdfString08 in aoistr_predef_string_n08.ACD [1756-L81E 35.11]*",""
"aoistr_predef_msg_inout_n01","19552","UNKNOWN","UNKNOWN","2026-09-08","PROCTYPE-UNREAD","0","0","0","Logix Designer - AoiPdfMsg01 in aoistr_predef_msg_inout_n01.ACD [1756-L81E 35.11]",""
"aoistr_predef_msg_inout_n08","19552","UNKNOWN","UNKNOWN","2026-09-08","PROCTYPE-UNREAD","0","0","0","Logix Designer - AoiPdfMsg08 in aoistr_predef_msg_inout_n08.ACD [1756-L81E 35.11]",""
"aoistr_dim_base","19432","UNKNOWN","UNKNOWN","2026-09-08","PROCTYPE-UNREAD","0","0","0","Logix Designer - AoiDimBase in aoistr_dim_base.ACD [1756-L81E 35.11]*",""
"aoistr_dim_local_atomic_d008","19456","UNKNOWN","UNKNOWN","2026-09-08","PROCTYPE-UNREAD","0","0","0","Logix Designer - AoiDimLocal008 in aoistr_dim_local_atomic_d008.ACD [1756-L81E 35.11]",""
"aoistr_dim_local_atomic_d064","19680","UNKNOWN","UNKNOWN","2026-09-08","PROCTYPE-UNREAD","0","0","0","Logix Designer - AoiDimLocal064 in aoistr_dim_local_atomic_d064.ACD [1756-L81E 35.11]",""
"aoistr_dim_local_atomic_d512","21472","UNKNOWN","UNKNOWN","2026-09-08","PROCTYPE-UNREAD","0","0","0","Logix Designer - AoiDimLocal512 in aoistr_dim_local_atomic_d512.ACD [1756-L81E 35.11]",""
"aoistr_dim_local_timer_d008","19520","UNKNOWN","UNKNOWN","2026-09-08","PROCTYPE-UNREAD","0","0","0","Logix Designer - AoiDimTimer008 in aoistr_dim_local_timer_d008.ACD [1756-L81E 35.11]",""
"aoistr_dim_local_timer_d064","20192","UNKNOWN","UNKNOWN","2026-09-08","PROCTYPE-UNREAD","0","0","0","Logix Designer - AoiDimTimer064 in aoistr_dim_local_timer_d064.ACD [1756-L81E 35.11]",""
"aoistr_dim_inout_d008","19432","UNKNOWN","UNKNOWN","2026-09-08","PROCTYPE-UNREAD","0","0","0","Logix Designer - AoiDimInOut008 in aoistr_dim_inout_d008.ACD [1756-L81E 35.11]*",""
"aoistr_dim_inout_d064","19432","UNKNOWN","UNKNOWN","2026-09-08","PROCTYPE-UNREAD","0","0","0","Logix Designer - AoiDimInOut064 in aoistr_dim_inout_d064.ACD [1756-L81E 35.11]*",""
"aoistr_dim_inout_d512","19432","UNKNOWN","UNKNOWN","2026-09-08","PROCTYPE-UNREAD","0","0","0","Logix Designer - AoiDimInOut512 in aoistr_dim_inout_d512.ACD [1756-L81E 35.11]",""
"aoistr_scale_param_n012","19664","UNKNOWN","UNKNOWN","2026-09-08","PROCTYPE-UNREAD","0","0","0","Logix Designer - AoiScaleParam012 in aoistr_scale_param_n012.ACD [1756-L81E 35.11]",""
"aoistr_scale_param_n024","20016","UNKNOWN","UNKNOWN","2026-09-08","PROCTYPE-UNREAD","0","0","0","Logix Designer - AoiScaleParam024 in aoistr_scale_param_n024.ACD [1756-L81E 35.11]",""
"aoistr_scale_param_n048","20712","UNKNOWN","UNKNOWN","2026-09-08","PROCTYPE-UNREAD","0","0","0","Logix Designer - AoiScaleParam048 in aoistr_scale_param_n048.ACD [1756-L81E 35.11]",""
"aoistr_scale_param_n102","22280","UNKNOWN","UNKNOWN","2026-09-08","PROCTYPE-UNREAD","0","0","0","Logix Designer - AoiScaleParam102 in aoistr_scale_param_n102.ACD [1756-L81E 35.11]",""
"aoistr_scale_local_n011","19632","UNKNOWN","UNKNOWN","2026-09-08","PROCTYPE-UNREAD","0","0","0","Logix Designer - AoiScaleLocal011 in aoistr_scale_local_n011.ACD [1756-L81E 35.11]",""
"aoistr_scale_local_n032","20248","UNKNOWN","UNKNOWN","2026-09-08","PROCTYPE-UNREAD","0","0","0","Logix Designer - AoiScaleLocal032 in aoistr_scale_local_n032.ACD [1756-L81E 35.11]",""
"aoistr_scale_local_n064","21176","UNKNOWN","UNKNOWN","2026-09-08","PROCTYPE-UNREAD","0","0","0","Logix Designer - AoiScaleLocal064 in aoistr_scale_local_n064.ACD [1756-L81E 35.11]",""
"aoistr_scale_local_n128","23032","UNKNOWN","UNKNOWN","2026-09-08","PROCTYPE-UNREAD","0","0","0","Logix Designer - AoiScaleLocal128 in aoistr_scale_local_n128.ACD [1756-L81E 35.11]",""
"aoistr_scale_rung_n011","19916","UNKNOWN","UNKNOWN","2026-09-08","PROCTYPE-UNREAD","0","0","0","Logix Designer - AoiScaleRung011 in aoistr_scale_rung_n011.ACD [1756-L81E 35.11]",""
"aoistr_scale_rung_n024","20488","UNKNOWN","UNKNOWN","2026-09-08","PROCTYPE-UNREAD","0","0","0","Logix Designer - AoiScaleRung024 in aoistr_scale_rung_n024.ACD [1756-L81E 35.11]",""
"aoistr_scale_rung_n048","21544","UNKNOWN","UNKNOWN","2026-09-08","PROCTYPE-UNREAD","0","0","0","Logix Designer - AoiScaleRung048 in aoistr_scale_rung_n048.ACD [1756-L81E 35.11]",""
"aoistr_scale_rung_n085","23172","UNKNOWN","UNKNOWN","2026-09-08","PROCTYPE-UNREAD","0","0","0","Logix Designer - AoiScaleRung085 in aoistr_scale_rung_n085.ACD [1756-L81E 35.11]",""
"aoistr_routines_n1","20488","UNKNOWN","UNKNOWN","2026-09-08","PROCTYPE-UNREAD","0","0","0","Logix Designer - AoiRoutines1 in aoistr_routines_n1.ACD [1756-L81E 35.11]",""
"aoistr_routines_n2","20760","UNKNOWN","UNKNOWN","2026-09-08","PROCTYPE-UNREAD","0","0","0","Logix Designer - AoiRoutines2 in aoistr_routines_n2.ACD [1756-L81E 35.11]*",""
"aoistr_routines_n3","21024","UNKNOWN","UNKNOWN","2026-09-08","PROCTYPE-UNREAD","0","0","0","Logix Designer - AoiRoutines3 in aoistr_routines_n3.ACD [1756-L81E 35.11]",""
"aoistr_real_median","22728","UNKNOWN","UNKNOWN","2026-09-08","PROCTYPE-UNREAD","0","0","0","Logix Designer - AoiRealMedian in aoistr_real_median.ACD [1756-L81E 35.11]*",""
"aoistr_real_p90","30244","UNKNOWN","UNKNOWN","2026-09-08","PROCTYPE-UNREAD","0","0","0","Logix Designer - AoiRealP90 in aoistr_real_p90.ACD [1756-L81E 35.11]",""
"aoistr_desc_all_l000","20480","UNKNOWN","UNKNOWN","2026-09-08","PROCTYPE-UNREAD","0","0","0","Logix Designer - AoiDescAllBase in aoistr_desc_all_l000.ACD [1756-L81E 35.11]",""
"asmclose_1756_ob32_rackaliased_n01","21760","UNKNOWN","UNKNOWN","2026-09-08","PROCTYPE-UNREAD","0","0","0","Logix Designer - AsmClo1756OB32rack in asmclose_1756_ob32_rackaliased_n01.ACD [1756-L81E 35.11]",""
"asmclose_1756_ob32_rackaliased_n02","23456","","","2026-09-14","PROCTYPE-UNREAD","0","0","0","Logix Designer - AsmClo1756OB32rack in asmclose_1756_ob32_rackaliased_n02.ACD [1756-L81E 35.11]*","Complete - 0 error(s), 0 warning(s) | "
"asmclose_1756_ob32_rackaliased_n04","26848","","","2026-09-14","PROCTYPE-UNREAD","0","0","0","Logix Designer - AsmClo1756OB32rack in asmclose_1756_ob32_rackaliased_n04.ACD [1756-L81E 35.11]*","Complete - 0 error(s), 0 warning(s) | "
"asmclose_1756_ib32_b_1conn_n01","19840","UNKNOWN","UNKNOWN","2026-09-08","PROCTYPE-UNREAD","0","0","0","Logix Designer - AsmClo1756IB32B1con in asmclose_1756_ib32_b_1conn_n01.ACD [1756-L81E 35.11]",""
"asmclose_1756_ib32_b_1conn_n02","20760","UNKNOWN","UNKNOWN","2026-09-08","PROCTYPE-UNREAD","0","0","0","Logix Designer - AsmClo1756IB32B1con in asmclose_1756_ib32_b_1conn_n02.ACD [1756-L81E 35.11]",""
"asmclose_1756_ib32_b_1conn_n04","22600","UNKNOWN","UNKNOWN","2026-09-08","PROCTYPE-UNREAD","0","0","0","Logix Designer - AsmClo1756IB32B1con in asmclose_1756_ib32_b_1conn_n04.ACD [1756-L81E 35.11]*",""
"predefprobe_fbd_timer","18256","UNKNOWN","UNKNOWN","2026-09-11","","0","0","0","Logix Designer - ProbeFbdTimer in predefprobe_fbd_timer.ACD [1756-L81E 35.11]*",""
"predefprobe_fbd_oneshot","18224","UNKNOWN","UNKNOWN","2026-09-11","","0","0","0","Logix Designer - ProbeFbdOneshot in predefprobe_fbd_oneshot.ACD [1756-L81E 35.11]*",""
"predefprobe_fbd_math","18224","UNKNOWN","UNKNOWN","2026-09-11","","0","0","0","Logix Designer - ProbeFbdMath in predefprobe_fbd_math.ACD [1756-L81E 35.11]*",""
"predefprobe_fbd_boolean_and","18224","UNKNOWN","UNKNOWN","2026-09-11","","0","0","0","Logix Designer - ProbeFbdBooleanAnd in predefprobe_fbd_boolean_and.ACD [1756-L81E 35.11]*",""
"predefprobe_fbd_boolean_or","18224","UNKNOWN","UNKNOWN","2026-09-11","","0","0","0","Logix Designer - ProbeFbdBooleanOr in predefprobe_fbd_boolean_or.ACD [1756-L81E 35.11]*",""
"predefprobe_fbd_boolean_not","18224","UNKNOWN","UNKNOWN","2026-09-11","","0","0","0","Logix Designer - ProbeFbdBooleanNot in predefprobe_fbd_boolean_not.ACD [1756-L81E 35.11]*",""
"predefprobe_scale","18264","UNKNOWN","UNKNOWN","2026-09-11","","0","0","0","Logix Designer - ProbeScale in predefprobe_scale.ACD [1756-L81E 35.11]*",""
"predefprobe_rate_limiter","18304","UNKNOWN","UNKNOWN","2026-09-11","","0","0","0","Logix Designer - ProbeRateLimiter in predefprobe_rate_limiter.ACD [1756-L81E 35.11]*",""
"predefprobe_sfc_step","18240","UNKNOWN","UNKNOWN","2026-09-11","","0","0","0","Logix Designer - ProbeSfcStep in predefprobe_sfc_step.ACD [1756-L81E 35.11]*",""
"predefprobe_sfc_action","18224","UNKNOWN","UNKNOWN","2026-09-11","","0","0","0","Logix Designer - ProbeSfcAction in predefprobe_sfc_action.ACD [1756-L81E 35.11]*",""
"asmclose_440c_cr30_22bbb_a_1conn_n01","23064","UNKNOWN","UNKNOWN","2026-09-08","PROCTYPE-UNREAD","0","0","0","Logix Designer - AsmClo440CCR3022BBBA1con in asmclose_440c_cr30_22bbb_a_1conn_n01.ACD [1756-L81E 35.11]",""
"asmclose_440c_cr30_22bbb_a_1conn_n02","24232","UNKNOWN","UNKNOWN","2026-09-08","PROCTYPE-UNREAD","0","0","0","Logix Designer - AsmClo440CCR3022BBBA1con in asmclose_440c_cr30_22bbb_a_1conn_n02.ACD [1756-L81E 35.11]",""
"asmclose_440c_cr30_22bbb_a_1conn_n04","26568","UNKNOWN","UNKNOWN","2026-09-08","PROCTYPE-UNREAD","0","0","0","Logix Designer - AsmClo440CCR3022BBBA1con in asmclose_440c_cr30_22bbb_a_1conn_n04.ACD [1756-L81E 35.11]",""
"asmclose_1756_ib16if_a_1conn_n01","23120","UNKNOWN","UNKNOWN","2026-09-08","PROCTYPE-UNREAD","0","0","0","Logix Designer - AsmClo1756IB16IFA1con in asmclose_1756_ib16if_a_1conn_n01.ACD [1756-L81E 35.11]",""
"asmclose_1756_ib16if_a_1conn_n02","25904","UNKNOWN","UNKNOWN","2026-09-08","PROCTYPE-UNREAD","0","0","0","Logix Designer - AsmClo1756IB16IFA1con in asmclose_1756_ib16if_a_1conn_n02.ACD [1756-L81E 35.11]",""
"asmclose_1756_ib16if_a_1conn_n04","31472","UNKNOWN","UNKNOWN","2026-09-08","PROCTYPE-UNREAD","0","0","0","Logix Designer - AsmClo1756IB16IFA1con in asmclose_1756_ib16if_a_1conn_n04.ACD [1756-L81E 35.11]",""
"asmclose_powerflex_755_eenet_cm_s_1conn_n01","22240","UNKNOWN","UNKNOWN","2026-09-08","PROCTYPE-UNREAD","0","0","0","Logix Designer - AsmCloPowerFlex755EE1con in asmclose_powerflex_755_eenet_cm_s_1conn_n01.ACD [1756-L81E 35.11]",""
"asmclose_powerflex_755_eenet_cm_s_1conn_n02","25376","UNKNOWN","UNKNOWN","2026-09-08","PROCTYPE-UNREAD","0","0","0","Logix Designer - AsmCloPowerFlex755EE1con in asmclose_powerflex_755_eenet_cm_s_1conn_n02.ACD [1756-L81E 35.11]",""
"asmclose_powerflex_755_eenet_cm_s_1conn_n04","31648","UNKNOWN","UNKNOWN","2026-09-08","PROCTYPE-UNREAD","0","0","0","Logix Designer - AsmCloPowerFlex755EE1con in asmclose_powerflex_755_eenet_cm_s_1conn_n04.ACD [1756-L81E 35.11]",""
"asmclose_842e_cm_m_1conn_n01","22024","UNKNOWN","UNKNOWN","2026-09-08","PROCTYPE-UNREAD","0","0","0","Logix Designer - AsmClo842ECMM1con in asmclose_842e_cm_m_1conn_n01.ACD [1756-L81E 35.11]",""
"asmclose_842e_cm_m_1conn_n02","24920","UNKNOWN","UNKNOWN","2026-09-08","PROCTYPE-UNREAD","0","0","0","Logix Designer - AsmClo842ECMM1con in asmclose_842e_cm_m_1conn_n02.ACD [1756-L81E 35.11]",""
"asmclose_842e_cm_m_1conn_n04","30712","UNKNOWN","UNKNOWN","2026-09-08","PROCTYPE-UNREAD","0","0","0","Logix Designer - AsmClo842ECMM1con in asmclose_842e_cm_m_1conn_n04.ACD [1756-L81E 35.11]",""
"asmclose_1756_en4tr_1conn_n01","21752","UNKNOWN","UNKNOWN","2026-09-08","PROCTYPE-UNREAD","0","0","0","Logix Designer - AsmClo1756EN4TR1con in asmclose_1756_en4tr_1conn_n01.ACD [1756-L81E 35.11]",""
"asmclose_1756_en4tr_1conn_n02","23856","UNKNOWN","UNKNOWN","2026-09-08","PROCTYPE-UNREAD","0","0","0","Logix Designer - AsmClo1756EN4TR1con in asmclose_1756_en4tr_1conn_n02.ACD [1756-L81E 35.11]*",""
"asmclose_1756_en4tr_1conn_n04","28064","UNKNOWN","UNKNOWN","2026-09-08","PROCTYPE-UNREAD","0","0","0","Logix Designer - AsmClo1756EN4TR1con in asmclose_1756_en4tr_1conn_n04.ACD [1756-L81E 35.11]",""
"asmclose_1734_aent_c_1conn_n01","19744","UNKNOWN","UNKNOWN","2026-09-08","PROCTYPE-UNREAD","0","0","0","Logix Designer - AsmClo1734AENTC1con in asmclose_1734_aent_c_1conn_n01.ACD [1756-L81E 35.11]",""
"asmclose_1734_aent_c_1conn_n02","20840","UNKNOWN","UNKNOWN","2026-09-08","PROCTYPE-UNREAD","0","0","0","Logix Designer - AsmClo1734AENTC1con in asmclose_1734_aent_c_1conn_n02.ACD [1756-L81E 35.11]",""
"asmclose_1734_aent_c_1conn_n04","23032","UNKNOWN","UNKNOWN","2026-09-08","PROCTYPE-UNREAD","0","0","0","Logix Designer - AsmClo1734AENTC1con in asmclose_1734_aent_c_1conn_n04.ACD [1756-L81E 35.11]",""
"asmclose_1756_ib16_1conn_n01","19840","UNKNOWN","UNKNOWN","2026-09-08","PROCTYPE-UNREAD","0","0","0","Logix Designer - AsmClo1756IB161con in asmclose_1756_ib16_1conn_n01.ACD [1756-L81E 35.11]",""
"asmclose_1756_ib16_1conn_n02","20760","UNKNOWN","UNKNOWN","2026-09-08","PROCTYPE-UNREAD","0","0","0","Logix Designer - AsmClo1756IB161con in asmclose_1756_ib16_1conn_n02.ACD [1756-L81E 35.11]",""
"asmclose_1756_ib16_1conn_n04","22600","UNKNOWN","UNKNOWN","2026-09-08","PROCTYPE-UNREAD","0","0","0","Logix Designer - AsmClo1756IB161con in asmclose_1756_ib16_1conn_n04.ACD [1756-L81E 35.11]",""
"asmclose_1794_aent_1conn_n01","19776","UNKNOWN","UNKNOWN","2026-09-08","PROCTYPE-UNREAD","0","0","0","Logix Designer - AsmClo1794AENT1con in asmclose_1794_aent_1conn_n01.ACD [1756-L81E 35.11]",""
"asmclose_1794_aent_1conn_n02","20992","UNKNOWN","UNKNOWN","2026-09-08","PROCTYPE-UNREAD","0","0","0","Logix Designer - AsmClo1794AENT1con in asmclose_1794_aent_1conn_n02.ACD [1756-L81E 35.11]",""
"asmclose_1794_aent_1conn_n04","23424","UNKNOWN","UNKNOWN","2026-09-08","PROCTYPE-UNREAD","0","0","0","Logix Designer - AsmClo1794AENT1con in asmclose_1794_aent_1conn_n04.ACD [1756-L81E 35.11]",""
"asmclose_1734_aent_b_1conn_n01","19760","UNKNOWN","UNKNOWN","2026-09-08","PROCTYPE-UNREAD","0","0","0","Logix Designer - AsmClo1734AENTB1con in asmclose_1734_aent_b_1conn_n01.ACD [1756-L81E 35.11]",""
"asmclose_1734_aent_b_1conn_n02","20872","UNKNOWN","UNKNOWN","2026-09-08","PROCTYPE-UNREAD","0","0","0","Logix Designer - AsmClo1734AENTB1con in asmclose_1734_aent_b_1conn_n02.ACD [1756-L81E 35.11]",""
"asmclose_1734_aent_b_1conn_n04","23096","UNKNOWN","UNKNOWN","2026-09-08","PROCTYPE-UNREAD","0","0","0","Logix Designer - AsmClo1734AENTB1con in asmclose_1734_aent_b_1conn_n04.ACD [1756-L81E 35.11]",""
"asmclose_al1222_1conn_n01","18128","UNKNOWN","UNKNOWN","2026-09-08","PROCTYPE-UNREAD","0","0","0","Logix Designer - AsmCloAL12221con in asmclose_al1222_1conn_n01.ACD [1756-L81E 35.11]",""
"asmclose_al1222_1conn_n02","18128","UNKNOWN","UNKNOWN","2026-09-08","PROCTYPE-UNREAD","0","0","0","Logix Designer - AsmCloAL12221con in asmclose_al1222_1conn_n02.ACD [1756-L81E 35.11]",""
"asmclose_al1222_1conn_n04","18128","UNKNOWN","UNKNOWN","2026-09-08","PROCTYPE-UNREAD","0","0","0","Logix Designer - AsmCloAL12221con in asmclose_al1222_1conn_n04.ACD [1756-L81E 35.11]",""
"asmclose_2198_d012_ers3_n01","22752","","","2026-09-14","PROCTYPE-UNREAD","0","0","0","Logix Designer - AsmDrv2198D012ERS3 in asmclose_2198_d012_ers3_n01.ACD [1756-L81E 35.11]*","Complete - 0 error(s), 0 warning(s) | "
"asmclose_2198_d012_ers3_n02","26392","","","2026-09-14","PROCTYPE-UNREAD","0","0","0","Logix Designer - AsmDrv2198D012ERS3 in asmclose_2198_d012_ers3_n02.ACD [1756-L81E 35.11]*","Complete - 0 error(s), 0 warning(s) | "
"asmclose_2198_d012_ers3_n04","33672","","","2026-09-14","PROCTYPE-UNREAD","0","0","0","Logix Designer - AsmDrv2198D012ERS3 in asmclose_2198_d012_ers3_n04.ACD [1756-L81E 35.11]*","Complete - 0 error(s), 0 warning(s) | "
"asmclose_2198_d020_ers3_n01","26760","UNKNOWN","UNKNOWN","2026-09-15","PROCTYPE-UNREAD","0","0","0","Logix Designer - AsmDrv2198D020ERS3 in asmclose_2198_d020_ers3_n01.ACD [1756-L81E 35.11]*","Complete - 0 error(s), 0 warning(s) | "
"asmclose_2198_d020_ers3_n02","30400","UNKNOWN","UNKNOWN","2026-09-15","PROCTYPE-UNREAD","0","0","0","Logix Designer - AsmDrv2198D020ERS3 in asmclose_2198_d020_ers3_n02.ACD [1756-L81E 35.11]*","Complete - 0 error(s), 0 warning(s) | "
"asmclose_2198_d020_ers3_n04","37680","UNKNOWN","UNKNOWN","2026-09-15","PROCTYPE-UNREAD","0","0","0","Logix Designer - AsmDrv2198D020ERS3 in asmclose_2198_d020_ers3_n04.ACD [1756-L81E 35.11]*","Complete - 0 error(s), 0 warning(s) | "
"asmclose_2198_d032_ers3_n01","26760","UNKNOWN","UNKNOWN","2026-09-15","PROCTYPE-UNREAD","0","0","0","Logix Designer - AsmDrv2198D032ERS3 in asmclose_2198_d032_ers3_n01.ACD [1756-L81E 35.11]*","Complete - 0 error(s), 0 warning(s) | "
"asmclose_2198_d032_ers3_n02","30400","UNKNOWN","UNKNOWN","2026-09-15","PROCTYPE-UNREAD","0","0","0","Logix Designer - AsmDrv2198D032ERS3 in asmclose_2198_d032_ers3_n02.ACD [1756-L81E 35.11]*","Complete - 0 error(s), 0 warning(s) | "
"asmclose_2198_d032_ers3_n04","37680","UNKNOWN","UNKNOWN","2026-09-15","PROCTYPE-UNREAD","0","0","0","Logix Designer - AsmDrv2198D032ERS3 in asmclose_2198_d032_ers3_n04.ACD [1756-L81E 35.11]*","Complete - 0 error(s), 0 warning(s) | "
"asmclose_2198_d057_ers3_n01","26760","UNKNOWN","UNKNOWN","2026-09-15","PROCTYPE-UNREAD","0","0","0","Logix Designer - AsmDrv2198D057ERS3 in asmclose_2198_d057_ers3_n01.ACD [1756-L81E 35.11]*","Complete - 0 error(s), 0 warning(s) | "
"asmclose_2198_d057_ers3_n02","30400","UNKNOWN","UNKNOWN","2026-09-15","PROCTYPE-UNREAD","0","0","0","Logix Designer - AsmDrv2198D057ERS3 in asmclose_2198_d057_ers3_n02.ACD [1756-L81E 35.11]*","Complete - 0 error(s), 0 warning(s) | "
"asmclose_2198_d057_ers3_n04","37680","UNKNOWN","UNKNOWN","2026-09-15","PROCTYPE-UNREAD","0","0","0","Logix Designer - AsmDrv2198D057ERS3 in asmclose_2198_d057_ers3_n04.ACD [1756-L81E 35.11]*","Complete - 0 error(s), 0 warning(s) | "
"asmclose_2198_s086_ers3_n01","22752","","","2026-09-14","PROCTYPE-UNREAD","0","0","0","Logix Designer - AsmDrv2198S086ERS3 in asmclose_2198_s086_ers3_n01.ACD [1756-L81E 35.11]*","Complete - 0 error(s), 0 warning(s) | "
"asmclose_2198_s086_ers3_n02","26392","","","2026-09-14","PROCTYPE-UNREAD","0","0","0","Logix Designer - AsmDrv2198S086ERS3 in asmclose_2198_s086_ers3_n02.ACD [1756-L81E 35.11]*","Complete - 0 error(s), 0 warning(s) | "
"asmclose_2198_s086_ers3_n04","33672","","","2026-09-14","PROCTYPE-UNREAD","0","0","0","Logix Designer - AsmDrv2198S086ERS3 in asmclose_2198_s086_ers3_n04.ACD [1756-L81E 35.11]*","Complete - 0 error(s), 0 warning(s) | "
"asmclose_2198_s130_ers3_n01","26496","UNKNOWN","UNKNOWN","2026-09-15","PROCTYPE-UNREAD","0","0","0","Logix Designer - AsmDrv2198S130ERS3 in asmclose_2198_s130_ers3_n01.ACD [1756-L81E 35.11]*","Complete - 0 error(s), 0 warning(s) | "
"asmclose_2198_s130_ers3_n02","29872","UNKNOWN","UNKNOWN","2026-09-15","PROCTYPE-UNREAD","0","0","0","Logix Designer - AsmDrv2198S130ERS3 in asmclose_2198_s130_ers3_n02.ACD [1756-L81E 35.11]*","Complete - 0 error(s), 0 warning(s) | "
"asmclose_2198_s130_ers3_n04","36624","UNKNOWN","UNKNOWN","2026-09-15","PROCTYPE-UNREAD","0","0","0","Logix Designer - AsmDrv2198S130ERS3 in asmclose_2198_s130_ers3_n04.ACD [1756-L81E 35.11]*","Complete - 0 error(s), 0 warning(s) | "
"realprog_08","1147896","5069-L330ERM","35.11","2026-09-08","","0","0","","",""
"fwmatrix_v38_1756_l902ts","20404","UNKNOWN","UNKNOWN","2026-09-11","","0","0","0","Logix Designer - FwMatrix381756L902TS in fwmatrix_v38_1756_l902ts.ACD [1756-L902TS 38.11]*","Complete - 0 error(s), 0 warning(s) | "
"fwmatrix_v38_1756_l905ts","20404","UNKNOWN","UNKNOWN","2026-09-11","","0","0","0","Logix Designer - FwMatrix381756L905TS in fwmatrix_v38_1756_l905ts.ACD [1756-L905TS 38.11]*","Complete - 0 error(s), 0 warning(s) | "
"fwmatrix_v38_1756_l908ts","20404","UNKNOWN","UNKNOWN","2026-09-11","","0","0","0","Logix Designer - FwMatrix381756L908TS in fwmatrix_v38_1756_l908ts.ACD [1756-L908TS 38.11]*","Complete - 0 error(s), 0 warning(s) | "
"fwmatrix_v38_1756_l915ts","20404","UNKNOWN","UNKNOWN","2026-09-11","","0","0","0","Logix Designer - FwMatrix381756L915TS in fwmatrix_v38_1756_l915ts.ACD [1756-L915TS 38.11]*","Complete - 0 error(s), 0 warning(s) | "
"realprog_13","1074245","5069-L320ERMS3","35.05","2026-09-10","","0","0","0","",""
"alarmdef_l81_v35_d1_m00","18696","UNKNOWN","UNKNOWN","2026-09-11","","0","0","0","Logix Designer - AlarmdefL81V35D1M00 in alarmdef_l81_v35_d1_m00.ACD [1756-L81E 35.11]*",""
"alarmdef_l81_v35_d1_m01","18696","UNKNOWN","UNKNOWN","2026-09-11","","0","0","0","Logix Designer - AlarmdefL81V35D1M01 in alarmdef_l81_v35_d1_m01.ACD [1756-L81E 35.11]*",""
"alarmdef_l81_v35_d1_m02","18696","UNKNOWN","UNKNOWN","2026-09-11","","0","0","0","Logix Designer - AlarmdefL81V35D1M02 in alarmdef_l81_v35_d1_m02.ACD [1756-L81E 35.11]*",""
"alarmdef_l81_v35_d1_m04","18696","UNKNOWN","UNKNOWN","2026-09-11","","0","0","0","Logix Designer - AlarmdefL81V35D1M04 in alarmdef_l81_v35_d1_m04.ACD [1756-L81E 35.11]*",""
"alarmdef_l81_v35_d1_m08","18696","UNKNOWN","UNKNOWN","2026-09-11","","0","0","0","Logix Designer - AlarmdefL81V35D1M08 in alarmdef_l81_v35_d1_m08.ACD [1756-L81E 35.11]*",""
"alarmdef_l81_v35_d1_m16","18696","UNKNOWN","UNKNOWN","2026-09-11","","0","0","0","Logix Designer - AlarmdefL81V35D1M16 in alarmdef_l81_v35_d1_m16.ACD [1756-L81E 35.11]*",""
"alarmdef_l81_v35_d02_m1","18592","UNKNOWN","UNKNOWN","2026-09-11","","0","0","0","Logix Designer - AlarmdefL81V35D02M1 in alarmdef_l81_v35_d02_m1.ACD [1756-L81E 35.11]*",""
"alarmdef_l81_v35_d04_m1","19056","UNKNOWN","UNKNOWN","2026-09-11","","0","0","0","Logix Designer - AlarmdefL81V35D04M1 in alarmdef_l81_v35_d04_m1.ACD [1756-L81E 35.11]*",""
"alarmdef_l81_v35_d08_m1","19984","UNKNOWN","UNKNOWN","2026-09-11","","0","0","0","Logix Designer - AlarmdefL81V35D08M1 in alarmdef_l81_v35_d08_m1.ACD [1756-L81E 35.11]*",""
"alarmdef_l81_v35_inst_t00","18696","UNKNOWN","UNKNOWN","2026-09-11","","0","0","0","Logix Designer - AlarmdefL81V35InstT00 in alarmdef_l81_v35_inst_t00.ACD [1756-L81E 35.11]*",""
"alarmdef_l81_v35_inst_t01","18792","UNKNOWN","UNKNOWN","2026-09-11","","0","0","0","Logix Designer - AlarmdefL81V35InstT01 in alarmdef_l81_v35_inst_t01.ACD [1756-L81E 35.11]*",""
"alarmdef_l81_v35_noinst_t01","18792","UNKNOWN","UNKNOWN","2026-09-11","","0","0","0","Logix Designer - AlarmdefL81V35NoinstT01 in alarmdef_l81_v35_noinst_t01.ACD [1756-L81E 35.11]*",""
"alarmdef_l81_v35_inst_t04","19080","UNKNOWN","UNKNOWN","2026-09-11","","0","0","0","Logix Designer - AlarmdefL81V35InstT04 in alarmdef_l81_v35_inst_t04.ACD [1756-L81E 35.11]*",""
"alarmdef_l81_v35_noinst_t04","19080","UNKNOWN","UNKNOWN","2026-09-11","","0","0","0","Logix Designer - AlarmdefL81V35NoinstT04 in alarmdef_l81_v35_noinst_t04.ACD [1756-L81E 35.11]*",""
"alarmdef_l81_v35_inst_t16","20232","UNKNOWN","UNKNOWN","2026-09-11","","0","0","0","Logix Designer - AlarmdefL81V35InstT16 in alarmdef_l81_v35_inst_t16.ACD [1756-L81E 35.11]*",""
"alarmdef_l81_v35_noinst_t16","20232","UNKNOWN","UNKNOWN","2026-09-11","","0","0","0","Logix Designer - AlarmdefL81V35NoinstT16 in alarmdef_l81_v35_noinst_t16.ACD [1756-L81E 35.11]*",""
"alarmdef_l81_v35_msg_none","18696","UNKNOWN","UNKNOWN","2026-09-11","","0","0","0","Logix Designer - AlarmdefL81V35MsgNone in alarmdef_l81_v35_msg_none.ACD [1756-L81E 35.11]*",""
"alarmdef_l81_v35_msg_s","18696","UNKNOWN","UNKNOWN","2026-09-11","","0","0","0","Logix Designer - AlarmdefL81V35MsgS in alarmdef_l81_v35_msg_s.ACD [1756-L81E 35.11]*",""
"alarmdef_l81_v35_msg_m","18696","UNKNOWN","UNKNOWN","2026-09-11","","0","0","0","Logix Designer - AlarmdefL81V35MsgM in alarmdef_l81_v35_msg_m.ACD [1756-L81E 35.11]*",""
"alarmdef_l81_v35_msg_l","18696","UNKNOWN","UNKNOWN","2026-09-11","","0","0","0","Logix Designer - AlarmdefL81V35MsgL in alarmdef_l81_v35_msg_l.ACD [1756-L81E 35.11]*",""
"alarmdef_l81_v38_d1_m00","18696","UNKNOWN","UNKNOWN","2026-09-11","","0","0","0","Logix Designer - AlarmdefL81V38D1M00 in alarmdef_l81_v38_d1_m00.ACD [1756-L81E 38.11]*",""
"alarmdef_l81_v38_d1_m01","18696","UNKNOWN","UNKNOWN","2026-09-11","","0","0","0","Logix Designer - AlarmdefL81V38D1M01 in alarmdef_l81_v38_d1_m01.ACD [1756-L81E 38.11]*",""
"alarmdef_l81_v38_d1_m02","18696","UNKNOWN","UNKNOWN","2026-09-11","","0","0","0","Logix Designer - AlarmdefL81V38D1M02 in alarmdef_l81_v38_d1_m02.ACD [1756-L81E 38.11]*",""
"alarmdef_l81_v38_d1_m04","18696","UNKNOWN","UNKNOWN","2026-09-11","","0","0","0","Logix Designer - AlarmdefL81V38D1M04 in alarmdef_l81_v38_d1_m04.ACD [1756-L81E 38.11]*",""
"alarmdef_l81_v38_d1_m08","18696","UNKNOWN","UNKNOWN","2026-09-11","","0","0","0","Logix Designer - AlarmdefL81V38D1M08 in alarmdef_l81_v38_d1_m08.ACD [1756-L81E 38.11]*",""
"alarmdef_l81_v38_d1_m16","18696","UNKNOWN","UNKNOWN","2026-09-11","","0","0","0","Logix Designer - AlarmdefL81V38D1M16 in alarmdef_l81_v38_d1_m16.ACD [1756-L81E 38.11]*",""
"alarmdef_l81_v38_d02_m1","18592","UNKNOWN","UNKNOWN","2026-09-11","","0","0","0","Logix Designer - AlarmdefL81V38D02M1 in alarmdef_l81_v38_d02_m1.ACD [1756-L81E 38.11]*",""
"alarmdef_l81_v38_d04_m1","19056","UNKNOWN","UNKNOWN","2026-09-11","","0","0","0","Logix Designer - AlarmdefL81V38D04M1 in alarmdef_l81_v38_d04_m1.ACD [1756-L81E 38.11]*",""
"alarmdef_l81_v38_d08_m1","19984","UNKNOWN","UNKNOWN","2026-09-11","","0","0","0","Logix Designer - AlarmdefL81V38D08M1 in alarmdef_l81_v38_d08_m1.ACD [1756-L81E 38.11]*",""
"alarmdef_l81_v38_inst_t00","18696","UNKNOWN","UNKNOWN","2026-09-11","","0","0","0","Logix Designer - AlarmdefL81V38InstT00 in alarmdef_l81_v38_inst_t00.ACD [1756-L81E 38.11]*",""
"alarmdef_l81_v38_inst_t01","18792","UNKNOWN","UNKNOWN","2026-09-11","","0","0","0","Logix Designer - AlarmdefL81V38InstT01 in alarmdef_l81_v38_inst_t01.ACD [1756-L81E 38.11]*",""
"alarmdef_l81_v38_noinst_t01","18792","UNKNOWN","UNKNOWN","2026-09-11","","0","0","0","Logix Designer - AlarmdefL81V38NoinstT01 in alarmdef_l81_v38_noinst_t01.ACD [1756-L81E 38.11]*",""
"alarmdef_l81_v38_inst_t04","19080","UNKNOWN","UNKNOWN","2026-09-11","","0","0","0","Logix Designer - AlarmdefL81V38InstT04 in alarmdef_l81_v38_inst_t04.ACD [1756-L81E 38.11]*",""
"alarmdef_l81_v38_noinst_t04","19080","UNKNOWN","UNKNOWN","2026-09-11","","0","0","0","Logix Designer - AlarmdefL81V38NoinstT04 in alarmdef_l81_v38_noinst_t04.ACD [1756-L81E 38.11]*",""
"alarmdef_l81_v38_inst_t16","20232","UNKNOWN","UNKNOWN","2026-09-11","","0","0","0","Logix Designer - AlarmdefL81V38InstT16 in alarmdef_l81_v38_inst_t16.ACD [1756-L81E 38.11]*",""
"alarmdef_l81_v38_noinst_t16","20232","UNKNOWN","UNKNOWN","2026-09-11","","0","0","0","Logix Designer - AlarmdefL81V38NoinstT16 in alarmdef_l81_v38_noinst_t16.ACD [1756-L81E 38.11]*",""
"alarmdef_l81_v38_msg_none","18696","UNKNOWN","UNKNOWN","2026-09-11","","0","0","0","Logix Designer - AlarmdefL81V38MsgNone in alarmdef_l81_v38_msg_none.ACD [1756-L81E 38.11]*",""
"alarmdef_l81_v38_msg_s","18696","UNKNOWN","UNKNOWN","2026-09-11","","0","0","0","Logix Designer - AlarmdefL81V38MsgS in alarmdef_l81_v38_msg_s.ACD [1756-L81E 38.11]*",""
"alarmdef_l81_v38_msg_m","18696","UNKNOWN","UNKNOWN","2026-09-11","","0","0","0","Logix Designer - AlarmdefL81V38MsgM in alarmdef_l81_v38_msg_m.ACD [1756-L81E 38.11]*",""
"alarmdef_l81_v38_msg_l","18696","UNKNOWN","UNKNOWN","2026-09-11","","0","0","0","Logix Designer - AlarmdefL81V38MsgL in alarmdef_l81_v38_msg_l.ACD [1756-L81E 38.11]*",""
"csarrbase_len01_n010","19456","UNKNOWN","UNKNOWN","2026-09-11","","0","0","0","Logix Designer - CsArrBaseLen01 in csarrbase_len01_n010.ACD [1756-L81E 35.11]*",""
"csarrbase_len02_n010","19456","UNKNOWN","UNKNOWN","2026-09-11","","0","0","0","Logix Designer - CsArrBaseLen02 in csarrbase_len02_n010.ACD [1756-L81E 35.11]*",""
"csarrbase_len03_n010","19456","UNKNOWN","UNKNOWN","2026-09-11","","0","0","0","Logix Designer - CsArrBaseLen03 in csarrbase_len03_n010.ACD [1756-L81E 35.11]*",""
"csarrbase_len04_n010","19456","UNKNOWN","UNKNOWN","2026-09-11","","0","0","0","Logix Designer - CsArrBaseLen04 in csarrbase_len04_n010.ACD [1756-L81E 35.11]*",""
"csarrbase_len05_n010","19464","UNKNOWN","UNKNOWN","2026-09-11","","0","0","0","Logix Designer - CsArrBaseLen05 in csarrbase_len05_n010.ACD [1756-L81E 35.11]*",""
"csarrbase_len06_n010","19464","UNKNOWN","UNKNOWN","2026-09-11","","0","0","0","Logix Designer - CsArrBaseLen06 in csarrbase_len06_n010.ACD [1756-L81E 35.11]*",""
"csarrbase_len07_n010","19464","UNKNOWN","UNKNOWN","2026-09-11","","0","0","0","Logix Designer - CsArrBaseLen07 in csarrbase_len07_n010.ACD [1756-L81E 35.11]*",""
"csarrbase_len08_n010","19464","UNKNOWN","UNKNOWN","2026-09-11","","0","0","0","Logix Designer - CsArrBaseLen08 in csarrbase_len08_n010.ACD [1756-L81E 35.11]*",""
"csarrbase_len09_n010","19464","UNKNOWN","UNKNOWN","2026-09-11","","0","0","0","Logix Designer - CsArrBaseLen09 in csarrbase_len09_n010.ACD [1756-L81E 35.11]*","Complete - 0 error(s), 0 warning(s) | "
"csarrbase_len10_n010","19464","UNKNOWN","UNKNOWN","2026-09-11","","0","0","0","Logix Designer - CsArrBaseLen10 in csarrbase_len10_n010.ACD [1756-L81E 35.11]*",""
"csarrbase_len11_n010","19464","UNKNOWN","UNKNOWN","2026-09-11","","0","0","0","Logix Designer - CsArrBaseLen11 in csarrbase_len11_n010.ACD [1756-L81E 35.11]*",""
"csarrbase_len12_n010","19464","UNKNOWN","UNKNOWN","2026-09-11","","0","0","0","Logix Designer - CsArrBaseLen12 in csarrbase_len12_n010.ACD [1756-L81E 35.11]*",""
"csarrbase_len13_n010","19472","UNKNOWN","UNKNOWN","2026-09-11","","0","0","0","Logix Designer - CsArrBaseLen13 in csarrbase_len13_n010.ACD [1756-L81E 35.11]*",""
"csarrbase_len14_n010","19472","UNKNOWN","UNKNOWN","2026-09-11","","0","0","0","Logix Designer - CsArrBaseLen14 in csarrbase_len14_n010.ACD [1756-L81E 35.11]*",""
"csarrbase_len15_n010","19472","UNKNOWN","UNKNOWN","2026-09-11","","0","0","0","Logix Designer - CsArrBaseLen15 in csarrbase_len15_n010.ACD [1756-L81E 35.11]*",""
"csarrbase_len16_n010","19472","UNKNOWN","UNKNOWN","2026-09-11","","0","0","0","Logix Designer - CsArrBaseLen16 in csarrbase_len16_n010.ACD [1756-L81E 35.11]*",""
"csarrbase_len17_n010","19472","UNKNOWN","UNKNOWN","2026-09-11","","0","0","0","Logix Designer - CsArrBaseLen17 in csarrbase_len17_n010.ACD [1756-L81E 35.11]*",""
"csarrbase_len18_n010","19472","UNKNOWN","UNKNOWN","2026-09-11","","0","0","0","Logix Designer - CsArrBaseLen18 in csarrbase_len18_n010.ACD [1756-L81E 35.11]*",""
"csarrbase_len19_n010","19472","UNKNOWN","UNKNOWN","2026-09-11","","0","0","0","Logix Designer - CsArrBaseLen19 in csarrbase_len19_n010.ACD [1756-L81E 35.11]*",""
"csarrbase_len20_n010","19472","UNKNOWN","UNKNOWN","2026-09-11","","0","0","0","Logix Designer - CsArrBaseLen20 in csarrbase_len20_n010.ACD [1756-L81E 35.11]*",""
"csarrbase_len21_n010","19480","UNKNOWN","UNKNOWN","2026-09-11","","0","0","0","Logix Designer - CsArrBaseLen21 in csarrbase_len21_n010.ACD [1756-L81E 35.11]*",""
"csarrbase_len22_n010","19480","UNKNOWN","UNKNOWN","2026-09-11","","0","0","0","Logix Designer - CsArrBaseLen22 in csarrbase_len22_n010.ACD [1756-L81E 35.11]*",""
"csarrbase_len23_n010","19480","UNKNOWN","UNKNOWN","2026-09-11","","0","0","0","Logix Designer - CsArrBaseLen23 in csarrbase_len23_n010.ACD [1756-L81E 35.11]*",""
"csarrbase_len24_n010","19480","UNKNOWN","UNKNOWN","2026-09-11","","0","0","0","Logix Designer - CsArrBaseLen24 in csarrbase_len24_n010.ACD [1756-L81E 35.11]*",""
"csarrbase_len28_n010","19480","UNKNOWN","UNKNOWN","2026-09-11","","0","0","0","Logix Designer - CsArrBaseLen28 in csarrbase_len28_n010.ACD [1756-L81E 35.11]*",""
"csarrbase_len32_n010","19488","UNKNOWN","UNKNOWN","2026-09-11","","0","0","0","Logix Designer - CsArrBaseLen32 in csarrbase_len32_n010.ACD [1756-L81E 35.11]*",""
"csarrbase_len36_n010","19488","UNKNOWN","UNKNOWN","2026-09-11","","0","0","0","Logix Designer - CsArrBaseLen36 in csarrbase_len36_n010.ACD [1756-L81E 35.11]*",""
"csarrbase_len40_n010","19496","UNKNOWN","UNKNOWN","2026-09-11","","0","0","0","Logix Designer - CsArrBaseLen40 in csarrbase_len40_n010.ACD [1756-L81E 35.11]*",""
"csarrbase_ctl_len04_scalar","18520","UNKNOWN","UNKNOWN","2026-09-11","","0","0","0","Logix Designer - CsArrCtlLen04 in csarrbase_ctl_len04_scalar.ACD [1756-L81E 35.11]*",""
"csarrbase_ctl_len08_scalar","18528","UNKNOWN","UNKNOWN","2026-09-11","","0","0","0","Logix Designer - CsArrCtlLen08 in csarrbase_ctl_len08_scalar.ACD [1756-L81E 35.11]*",""
"csarrbase_ctl_len11_scalar","18528","UNKNOWN","UNKNOWN","2026-09-11","","0","0","0","Logix Designer - CsArrCtlLen11 in csarrbase_ctl_len11_scalar.ACD [1756-L81E 35.11]*",""
"csarrbase_ctl_len13_scalar","18536","UNKNOWN","UNKNOWN","2026-09-11","","0","0","0","Logix Designer - CsArrCtlLen13 in csarrbase_ctl_len13_scalar.ACD [1756-L81E 35.11]*",""
"csarrbase_ctl_len16_scalar","18536","UNKNOWN","UNKNOWN","2026-09-11","","0","0","0","Logix Designer - CsArrCtlLen16 in csarrbase_ctl_len16_scalar.ACD [1756-L81E 35.11]*",""
"csarrbase_ctl_len24_scalar","18544","UNKNOWN","UNKNOWN","2026-09-11","","0","0","0","Logix Designer - CsArrCtlLen24 in csarrbase_ctl_len24_scalar.ACD [1756-L81E 35.11]*",""
"csarrbase_ctl_len32_scalar","18552","UNKNOWN","UNKNOWN","2026-09-11","","0","0","0","Logix Designer - CsArrCtlLen32 in csarrbase_ctl_len32_scalar.ACD [1756-L81E 35.11]*",""
"csarrbase_ctl_len40_scalar","18560","UNKNOWN","UNKNOWN","2026-09-11","","0","0","0","Logix Designer - CsArrCtlLen40 in csarrbase_ctl_len40_scalar.ACD [1756-L81E 35.11]*",""
"csarrcount_len13_n0001","18536","UNKNOWN","UNKNOWN","2026-09-11","","0","0","0","Logix Designer - CsArrCountN1 in csarrcount_len13_n0001.ACD [1756-L81E 35.11]*",""
"csarrcount_len13_n0002","18640","UNKNOWN","UNKNOWN","2026-09-11","","0","0","0","Logix Designer - CsArrCountN2 in csarrcount_len13_n0002.ACD [1756-L81E 35.11]*",""
"csarrcount_len13_n0003","18744","UNKNOWN","UNKNOWN","2026-09-11","","0","0","0","Logix Designer - CsArrCountN3 in csarrcount_len13_n0003.ACD [1756-L81E 35.11]*",""
"csarrcount_len13_n0004","18848","UNKNOWN","UNKNOWN","2026-09-11","","0","0","0","Logix Designer - CsArrCountN4 in csarrcount_len13_n0004.ACD [1756-L81E 35.11]*",""
"csarrcount_len13_n0005","18952","UNKNOWN","UNKNOWN","2026-09-11","","0","0","0","Logix Designer - CsArrCountN5 in csarrcount_len13_n0005.ACD [1756-L81E 35.11]*",""
"csarrcount_len13_n0006","19056","UNKNOWN","UNKNOWN","2026-09-11","","0","0","0","Logix Designer - CsArrCountN6 in csarrcount_len13_n0006.ACD [1756-L81E 35.11]*",""
"csarrcount_len13_n0007","19160","UNKNOWN","UNKNOWN","2026-09-11","","0","0","0","Logix Designer - CsArrCountN7 in csarrcount_len13_n0007.ACD [1756-L81E 35.11]*",""
"csarrcount_len13_n0008","19264","UNKNOWN","UNKNOWN","2026-09-11","","0","0","0","Logix Designer - CsArrCountN8 in csarrcount_len13_n0008.ACD [1756-L81E 35.11]*",""
"csarrcount_len13_n0016","20096","UNKNOWN","UNKNOWN","2026-09-11","","0","0","0","Logix Designer - CsArrCountN16 in csarrcount_len13_n0016.ACD [1756-L81E 35.11]*",""
"csarrcount_len13_n0025","21032","UNKNOWN","UNKNOWN","2026-09-11","","0","0","0","Logix Designer - CsArrCountN25 in csarrcount_len13_n0025.ACD [1756-L81E 35.11]*",""
"csarrcount_len13_n0050","23632","UNKNOWN","UNKNOWN","2026-09-11","","0","0","0","Logix Designer - CsArrCountN50 in csarrcount_len13_n0050.ACD [1756-L81E 35.11]*",""
"csarrcount_len13_n0100","28832","UNKNOWN","UNKNOWN","2026-09-11","","0","0","0","Logix Designer - CsArrCountN100 in csarrcount_len13_n0100.ACD [1756-L81E 35.11]*",""
"csarrcount_len13_n0161","35176","UNKNOWN","UNKNOWN","2026-09-11","","0","0","0","Logix Designer - CsArrCountN161 in csarrcount_len13_n0161.ACD [1756-L81E 35.11]*",""
"csarrcount_len13_n0200","39232","UNKNOWN","UNKNOWN","2026-09-11","","0","0","0","Logix Designer - CsArrCountN200 in csarrcount_len13_n0200.ACD [1756-L81E 35.11]*",""
"csarrcount_len13_n0255","44952","UNKNOWN","UNKNOWN","2026-09-11","","0","0","0","Logix Designer - CsArrCountN255 in csarrcount_len13_n0255.ACD [1756-L81E 35.11]*",""
"csarrcount_len13_n0400","60032","UNKNOWN","UNKNOWN","2026-09-11","","0","0","0","Logix Designer - CsArrCountN400 in csarrcount_len13_n0400.ACD [1756-L81E 35.11]*",""
"csarrcount_len13_n0512","71680","UNKNOWN","UNKNOWN","2026-09-11","","0","0","0","Logix Designer - CsArrCountN512 in csarrcount_len13_n0512.ACD [1756-L81E 35.11]*",""
"csarrcount_len13_n1000","122432","UNKNOWN","UNKNOWN","2026-09-11","","0","0","0","Logix Designer - CsArrCountN1000 in csarrcount_len13_n1000.ACD [1756-L81E 35.11]*",""
"csarrcount_len11_n0001","18528","UNKNOWN","UNKNOWN","2026-09-11","","0","0","0","Logix Designer - CsArrLen11N1 in csarrcount_len11_n0001.ACD [1756-L81E 35.11]*",""
"csarrcount_len11_n0016","20088","UNKNOWN","UNKNOWN","2026-09-11","","0","0","0","Logix Designer - CsArrLen11N16 in csarrcount_len11_n0016.ACD [1756-L81E 35.11]*",""
"csarrcount_len11_n0100","28824","UNKNOWN","UNKNOWN","2026-09-11","","0","0","0","Logix Designer - CsArrLen11N100 in csarrcount_len11_n0100.ACD [1756-L81E 35.11]*",""
"csarrcount_len11_n0255","44944","UNKNOWN","UNKNOWN","2026-09-11","","0","0","0","Logix Designer - CsArrLen11N255 in csarrcount_len11_n0255.ACD [1756-L81E 35.11]*","Complete - 0 error(s), 0 warning(s) | "
"csarrcount_len11_n0512","71672","UNKNOWN","UNKNOWN","2026-09-11","","0","0","0","Logix Designer - CsArrLen11N512 in csarrcount_len11_n0512.ACD [1756-L81E 35.11]*",""
"csarrmaxlen_m0049_n010","18992","UNKNOWN","UNKNOWN","2026-09-11","","0","0","0","Logix Designer - CsArrMaxLen49 in csarrmaxlen_m0049_n010.ACD [1756-L81E 35.11]*","Complete - 0 error(s), 0 warning(s) | "
"csarrmaxlen_m0050_n010","18992","UNKNOWN","UNKNOWN","2026-09-11","","0","0","0","Logix Designer - CsArrMaxLen50 in csarrmaxlen_m0050_n010.ACD [1756-L81E 35.11]*",""
"csarrmaxlen_m0051_n010","18992","UNKNOWN","UNKNOWN","2026-09-11","","0","0","0","Logix Designer - CsArrMaxLen51 in csarrmaxlen_m0051_n010.ACD [1756-L81E 35.11]*",""
"csarrmaxlen_m0082_n010","19312","UNKNOWN","UNKNOWN","2026-09-11","","0","0","0","Logix Designer - CsArrMaxLen82 in csarrmaxlen_m0082_n010.ACD [1756-L81E 35.11]*",""
"csarrmaxlen_m0100_n010","19472","UNKNOWN","UNKNOWN","2026-09-11","","0","0","0","Logix Designer - CsArrMaxLen100 in csarrmaxlen_m0100_n010.ACD [1756-L81E 35.11]*",""
"csarrmaxlen_m0101_n010","19512","UNKNOWN","UNKNOWN","2026-09-11","","0","0","0","Logix Designer - CsArrMaxLen101 in csarrmaxlen_m0101_n010.ACD [1756-L81E 35.11]*",""
"csarrmaxlen_m0128_n010","19752","UNKNOWN","UNKNOWN","2026-09-11","","0","0","0","Logix Designer - CsArrMaxLen128 in csarrmaxlen_m0128_n010.ACD [1756-L81E 35.11]*",""
"csarrmaxlen_m0200_n010","20472","UNKNOWN","UNKNOWN","2026-09-11","","0","0","0","Logix Designer - CsArrMaxLen200 in csarrmaxlen_m0200_n010.ACD [1756-L81E 35.11]*",""
"csarrmaxlen_m0255_n010","21032","UNKNOWN","UNKNOWN","2026-09-11","","0","0","0","Logix Designer - CsArrMaxLen255 in csarrmaxlen_m0255_n010.ACD [1756-L81E 35.11]*",""
"csarrmaxlen_m0500_n010","23472","UNKNOWN","UNKNOWN","2026-09-11","","0","0","0","Logix Designer - CsArrMaxLen500 in csarrmaxlen_m0500_n010.ACD [1756-L81E 35.11]*",""
"csarrmaxlen_m1000_n010","28472","UNKNOWN","UNKNOWN","2026-09-11","","0","0","0","Logix Designer - CsArrMaxLen1000 in csarrmaxlen_m1000_n010.ACD [1756-L81E 35.11]*",""
"strarrcount_n0128","29480","UNKNOWN","UNKNOWN","2026-09-11","","0","0","0","Logix Designer - StrArrCountN128 in strarrcount_n0128.ACD [1756-L81E 35.11]*",""
"strarrcount_n0161","32384","UNKNOWN","UNKNOWN","2026-09-11","","0","0","0","Logix Designer - StrArrCountN161 in strarrcount_n0161.ACD [1756-L81E 35.11]*",""
"strarrcount_n0200","35816","UNKNOWN","UNKNOWN","2026-09-11","","0","0","0","Logix Designer - StrArrCountN200 in strarrcount_n0200.ACD [1756-L81E 35.11]*",""
"strarrcount_n0255","40656","UNKNOWN","UNKNOWN","2026-09-11","","0","0","0","Logix Designer - StrArrCountN255 in strarrcount_n0255.ACD [1756-L81E 35.11]*",""
"strarrcount_n0400","53416","UNKNOWN","UNKNOWN","2026-09-11","","0","0","0","Logix Designer - StrArrCountN400 in strarrcount_n0400.ACD [1756-L81E 35.11]*",""
"strarrcount_n0512","63272","UNKNOWN","UNKNOWN","2026-09-11","","0","0","0","Logix Designer - StrArrCountN512 in strarrcount_n0512.ACD [1756-L81E 35.11]*","Complete - 0 error(s), 0 warning(s) | "
"strarrcount_n1000","106216","UNKNOWN","UNKNOWN","2026-09-11","","0","0","0","Logix Designer - StrArrCountN1000 in strarrcount_n1000.ACD [1756-L81E 35.11]*","Complete - 0 error(s), 0 warning(s) | "
"alarmdef_l81_d02_m1","18592","UNKNOWN","UNKNOWN","2026-09-10","PROCTYPE-UNREAD","0","0","0","Logix Designer - AlarmdefL81D02M1 in alarmdef_l81_d02_m1.ACD [1756-L81E 38.11]*","Complete - 0 error(s), 0 warning(s) | "
"alarmdef_l81_d04_m1","19056","UNKNOWN","UNKNOWN","2026-09-11","PROCTYPE-UNREAD","0","0","0","Logix Designer - AlarmdefL81D04M1 in alarmdef_l81_d04_m1.ACD [1756-L81E 38.11]*","Complete - 0 error(s), 0 warning(s) | "
"alarmdef_l81_d08_m1","19984","UNKNOWN","UNKNOWN","2026-09-11","PROCTYPE-UNREAD","0","0","0","Logix Designer - AlarmdefL81D08M1 in alarmdef_l81_d08_m1.ACD [1756-L81E 38.11]*","Complete - 0 error(s), 0 warning(s) | "
"alarmdef_l81_d1_m00","18696","UNKNOWN","UNKNOWN","2026-09-11","PROCTYPE-UNREAD","0","0","0","Logix Designer - AlarmdefL81D1M00 in alarmdef_l81_d1_m00.ACD [1756-L81E 38.11]*","Complete - 0 error(s), 0 warning(s) | "
"alarmdef_l81_d1_m01","18696","UNKNOWN","UNKNOWN","2026-09-11","PROCTYPE-UNREAD","0","0","0","Logix Designer - AlarmdefL81D1M01 in alarmdef_l81_d1_m01.ACD [1756-L81E 38.11]*","Complete - 0 error(s), 0 warning(s) | "
"alarmdef_l81_d1_m02","18696","UNKNOWN","UNKNOWN","2026-09-11","PROCTYPE-UNREAD","0","0","0","Logix Designer - AlarmdefL81D1M02 in alarmdef_l81_d1_m02.ACD [1756-L81E 38.11]*","Complete - 0 error(s), 0 warning(s) | "
"alarmdef_l81_d1_m04","18696","UNKNOWN","UNKNOWN","2026-09-11","PROCTYPE-UNREAD","0","0","0","Logix Designer - AlarmdefL81D1M04 in alarmdef_l81_d1_m04.ACD [1756-L81E 38.11]*","Complete - 0 error(s), 0 warning(s) | "
"alarmdef_l81_d1_m08","18696","UNKNOWN","UNKNOWN","2026-09-11","PROCTYPE-UNREAD","0","0","0","Logix Designer - AlarmdefL81D1M08 in alarmdef_l81_d1_m08.ACD [1756-L81E 38.11]*","Complete - 0 error(s), 0 warning(s) | "
"alarmdef_l81_d1_m16","18696","UNKNOWN","UNKNOWN","2026-09-11","PROCTYPE-UNREAD","0","0","0","Logix Designer - AlarmdefL81D1M16 in alarmdef_l81_d1_m16.ACD [1756-L81E 38.11]*","Complete - 0 error(s), 0 warning(s) | "
"alarmdef_l81_inst_t00","18696","UNKNOWN","UNKNOWN","2026-09-11","PROCTYPE-UNREAD","0","0","0","Logix Designer - AlarmdefL81InstT00 in alarmdef_l81_inst_t00.ACD [1756-L81E 38.11]*","Complete - 0 error(s), 0 warning(s) | "
"alarmdef_l81_msg_l","18696","UNKNOWN","UNKNOWN","2026-09-11","PROCTYPE-UNREAD","0","0","0","Logix Designer - AlarmdefL81MsgL in alarmdef_l81_msg_l.ACD [1756-L81E 38.11]*","Complete - 0 error(s), 0 warning(s) | "
"alarmdef_l81_msg_m","18696","UNKNOWN","UNKNOWN","2026-09-11","PROCTYPE-UNREAD","0","0","0","Logix Designer - AlarmdefL81MsgM in alarmdef_l81_msg_m.ACD [1756-L81E 38.11]*","Complete - 0 error(s), 0 warning(s) | "
"alarmdef_l81_msg_none","18696","UNKNOWN","UNKNOWN","2026-09-11","PROCTYPE-UNREAD","0","0","0","Logix Designer - AlarmdefL81MsgNone in alarmdef_l81_msg_none.ACD [1756-L81E 38.11]*","Complete - 0 error(s), 0 warning(s) | "
"alarmdef_l81_msg_s","18696","UNKNOWN","UNKNOWN","2026-09-11","PROCTYPE-UNREAD","0","0","0","Logix Designer - AlarmdefL81MsgS in alarmdef_l81_msg_s.ACD [1756-L81E 38.11]*","Complete - 0 error(s), 0 warning(s) | "
"alarmdef_l902ts_d02_m1","20868","UNKNOWN","UNKNOWN","2026-09-11","PROCTYPE-UNREAD","0","0","0","Logix Designer - AlarmdefL902tsD02M1 in alarmdef_l902ts_d02_m1.ACD [1756-L902TS 38.11]*","Complete - 0 error(s), 0 warning(s) | "
"alarmdef_l902ts_d04_m1","21332","UNKNOWN","UNKNOWN","2026-09-11","PROCTYPE-UNREAD","0","0","0","Logix Designer - AlarmdefL902tsD04M1 in alarmdef_l902ts_d04_m1.ACD [1756-L902TS 38.11]*","Complete - 0 error(s), 0 warning(s) | "
"alarmdef_l902ts_d08_m1","22260","UNKNOWN","UNKNOWN","2026-09-11","PROCTYPE-UNREAD","0","0","0","Logix Designer - AlarmdefL902tsD08M1 in alarmdef_l902ts_d08_m1.ACD [1756-L902TS 38.11]*","Complete - 0 error(s), 0 warning(s) | "
"alarmdef_l902ts_d1_m00","20972","UNKNOWN","UNKNOWN","2026-09-11","PROCTYPE-UNREAD","0","0","0","Logix Designer - AlarmdefL902tsD1M00 in alarmdef_l902ts_d1_m00.ACD [1756-L902TS 38.11]*","Complete - 0 error(s), 0 warning(s) | "
"alarmdef_l902ts_d1_m01","20972","UNKNOWN","UNKNOWN","2026-09-11","PROCTYPE-UNREAD","0","0","0","Logix Designer - AlarmdefL902tsD1M01 in alarmdef_l902ts_d1_m01.ACD [1756-L902TS 38.11]*","Complete - 0 error(s), 0 warning(s) | "
"alarmdef_l902ts_d1_m02","20972","UNKNOWN","UNKNOWN","2026-09-11","PROCTYPE-UNREAD","0","0","0","Logix Designer - AlarmdefL902tsD1M02 in alarmdef_l902ts_d1_m02.ACD [1756-L902TS 38.11]*","Complete - 0 error(s), 0 warning(s) | "
"alarmdef_l902ts_d1_m04","20972","UNKNOWN","UNKNOWN","2026-09-11","PROCTYPE-UNREAD","0","0","0","Logix Designer - AlarmdefL902tsD1M04 in alarmdef_l902ts_d1_m04.ACD [1756-L902TS 38.11]*","Complete - 0 error(s), 0 warning(s) | "
"alarmdef_l902ts_d1_m08","20972","UNKNOWN","UNKNOWN","2026-09-11","PROCTYPE-UNREAD","0","0","0","Logix Designer - AlarmdefL902tsD1M08 in alarmdef_l902ts_d1_m08.ACD [1756-L902TS 38.11]*","Complete - 0 error(s), 0 warning(s) | "
"alarmdef_l902ts_d1_m16","20972","UNKNOWN","UNKNOWN","2026-09-11","PROCTYPE-UNREAD","0","0","0","Logix Designer - AlarmdefL902tsD1M16 in alarmdef_l902ts_d1_m16.ACD [1756-L902TS 38.11]*","Complete - 0 error(s), 0 warning(s) | "
"alarmdef_l902ts_inst_t00","20972","UNKNOWN","UNKNOWN","2026-09-11","PROCTYPE-UNREAD","0","0","0","Logix Designer - AlarmdefL902tsInstT00 in alarmdef_l902ts_inst_t00.ACD [1756-L902TS 38.11]*","Complete - 0 error(s), 0 warning(s) | "
"alarmdef_l902ts_msg_l","20972","UNKNOWN","UNKNOWN","2026-09-11","PROCTYPE-UNREAD","0","0","0","Logix Designer - AlarmdefL902tsMsgL in alarmdef_l902ts_msg_l.ACD [1756-L902TS 38.11]*","Complete - 0 error(s), 0 warning(s) | "
"alarmdef_l902ts_msg_m","20972","UNKNOWN","UNKNOWN","2026-09-11","PROCTYPE-UNREAD","0","0","0","Logix Designer - AlarmdefL902tsMsgM in alarmdef_l902ts_msg_m.ACD [1756-L902TS 38.11]*","Complete - 0 error(s), 0 warning(s) | "
"alarmdef_l902ts_msg_none","20972","UNKNOWN","UNKNOWN","2026-09-11","PROCTYPE-UNREAD","0","0","0","Logix Designer - AlarmdefL902tsMsgNone in alarmdef_l902ts_msg_none.ACD [1756-L902TS 38.11]*","Complete - 0 error(s), 0 warning(s) | "
"alarmdef_l902ts_msg_s","20972","UNKNOWN","UNKNOWN","2026-09-11","PROCTYPE-UNREAD","0","0","0","Logix Designer - AlarmdefL902tsMsgS in alarmdef_l902ts_msg_s.ACD [1756-L902TS 38.11]*","Complete - 0 error(s), 0 warning(s) | "
"alarmsep_u01_b01_alarm","18360","UNKNOWN","UNKNOWN","2026-09-11","PROCTYPE-UNREAD","0","0","0","Logix Designer - AlarmsepU01B01Alarm in alarmsep_u01_b01_alarm.ACD [1756-L81E 35.11]*","Complete - 0 error(s), 0 warning(s) | "
"alarmsep_u01_b01_noalarm","18360","UNKNOWN","UNKNOWN","2026-09-11","PROCTYPE-UNREAD","0","0","0","Logix Designer - AlarmsepU01B01Noalarm in alarmsep_u01_b01_noalarm.ACD [1756-L81E 35.11]*","Complete - 0 error(s), 0 warning(s) | "
"alarmsep_u01_b02_alarm","18384","UNKNOWN","UNKNOWN","2026-09-11","PROCTYPE-UNREAD","0","0","0","Logix Designer - AlarmsepU01B02Alarm in alarmsep_u01_b02_alarm.ACD [1756-L81E 35.11]*","Complete - 0 error(s), 0 warning(s) | "
"alarmsep_u01_b02_noalarm","18384","UNKNOWN","UNKNOWN","2026-09-11","PROCTYPE-UNREAD","0","0","0","Logix Designer - AlarmsepU01B02Noalarm in alarmsep_u01_b02_noalarm.ACD [1756-L81E 35.11]*","Complete - 0 error(s), 0 warning(s) | "
"alarmsep_u01_b04_alarm","18424","UNKNOWN","UNKNOWN","2026-09-11","PROCTYPE-UNREAD","0","0","0","Logix Designer - AlarmsepU01B04Alarm in alarmsep_u01_b04_alarm.ACD [1756-L81E 35.11]*","Complete - 0 error(s), 0 warning(s) | "
"alarmsep_u01_b04_noalarm","18424","UNKNOWN","UNKNOWN","2026-09-11","PROCTYPE-UNREAD","0","0","0","Logix Designer - AlarmsepU01B04Noalarm in alarmsep_u01_b04_noalarm.ACD [1756-L81E 35.11]*","Complete - 0 error(s), 0 warning(s) | "
"alarmsep_u01_b08_alarm","18504","UNKNOWN","UNKNOWN","2026-09-11","PROCTYPE-UNREAD","0","0","0","Logix Designer - AlarmsepU01B08Alarm in alarmsep_u01_b08_alarm.ACD [1756-L81E 35.11]*","Complete - 0 error(s), 0 warning(s) | "
"alarmsep_u01_b08_noalarm","18504","UNKNOWN","UNKNOWN","2026-09-11","PROCTYPE-UNREAD","0","0","0","Logix Designer - AlarmsepU01B08Noalarm in alarmsep_u01_b08_noalarm.ACD [1756-L81E 35.11]*","Complete - 0 error(s), 0 warning(s) | "
"alarmsep_u01_b16_alarm","18696","UNKNOWN","UNKNOWN","2026-09-11","PROCTYPE-UNREAD","0","0","0","Logix Designer - AlarmsepU01B16Alarm in alarmsep_u01_b16_alarm.ACD [1756-L81E 35.11]*","Complete - 0 error(s), 0 warning(s) | "
"alarmsep_u01_b16_noalarm","18696","UNKNOWN","UNKNOWN","2026-09-11","PROCTYPE-UNREAD","0","0","0","Logix Designer - AlarmsepU01B16Noalarm in alarmsep_u01_b16_noalarm.ACD [1756-L81E 35.11]*","Complete - 0 error(s), 0 warning(s) | "
"alarmsep_u02_b01_alarm","18592","UNKNOWN","UNKNOWN","2026-09-11","PROCTYPE-UNREAD","0","0","0","Logix Designer - AlarmsepU02B01Alarm in alarmsep_u02_b01_alarm.ACD [1756-L81E 35.11]*","Complete - 0 error(s), 0 warning(s) | "
"alarmsep_u02_b01_noalarm","18592","UNKNOWN","UNKNOWN","2026-09-11","PROCTYPE-UNREAD","0","0","0","Logix Designer - AlarmsepU02B01Noalarm in alarmsep_u02_b01_noalarm.ACD [1756-L81E 35.11]*","Complete - 0 error(s), 0 warning(s) | "
"alarmsep_u02_b02_alarm","18640","UNKNOWN","UNKNOWN","2026-09-11","PROCTYPE-UNREAD","0","0","0","Logix Designer - AlarmsepU02B02Alarm in alarmsep_u02_b02_alarm.ACD [1756-L81E 35.11]*","Complete - 0 error(s), 0 warning(s) | "
"alarmsep_u02_b02_noalarm","18640","UNKNOWN","UNKNOWN","2026-09-11","PROCTYPE-UNREAD","0","0","0","Logix Designer - AlarmsepU02B02Noalarm in alarmsep_u02_b02_noalarm.ACD [1756-L81E 35.11]*","Complete - 0 error(s), 0 warning(s) | "
"alarmsep_u02_b04_alarm","18720","UNKNOWN","UNKNOWN","2026-09-11","PROCTYPE-UNREAD","0","0","0","Logix Designer - AlarmsepU02B04Alarm in alarmsep_u02_b04_alarm.ACD [1756-L81E 35.11]*","Complete - 0 error(s), 0 warning(s) | "
"alarmsep_u02_b04_noalarm","18720","UNKNOWN","UNKNOWN","2026-09-11","PROCTYPE-UNREAD","0","0","0","Logix Designer - AlarmsepU02B04Noalarm in alarmsep_u02_b04_noalarm.ACD [1756-L81E 35.11]*","Complete - 0 error(s), 0 warning(s) | "
"alarmsep_u02_b08_alarm","18880","UNKNOWN","UNKNOWN","2026-09-11","PROCTYPE-UNREAD","0","0","0","Logix Designer - AlarmsepU02B08Alarm in alarmsep_u02_b08_alarm.ACD [1756-L81E 35.11]*","Complete - 0 error(s), 0 warning(s) | "
"alarmsep_u02_b08_noalarm","18880","UNKNOWN","UNKNOWN","2026-09-11","PROCTYPE-UNREAD","0","0","0","Logix Designer - AlarmsepU02B08Noalarm in alarmsep_u02_b08_noalarm.ACD [1756-L81E 35.11]*","Complete - 0 error(s), 0 warning(s) | "
"alarmsep_u02_b16_alarm","19264","UNKNOWN","UNKNOWN","2026-09-11","PROCTYPE-UNREAD","0","0","0","Logix Designer - AlarmsepU02B16Alarm in alarmsep_u02_b16_alarm.ACD [1756-L81E 35.11]*","Complete - 0 error(s), 0 warning(s) | "
"alarmsep_u02_b16_noalarm","19264","UNKNOWN","UNKNOWN","2026-09-11","PROCTYPE-UNREAD","0","0","0","Logix Designer - AlarmsepU02B16Noalarm in alarmsep_u02_b16_noalarm.ACD [1756-L81E 35.11]*","Complete - 0 error(s), 0 warning(s) | "
"alarmsep_u04_b01_alarm","19056","UNKNOWN","UNKNOWN","2026-09-11","PROCTYPE-UNREAD","0","0","0","Logix Designer - AlarmsepU04B01Alarm in alarmsep_u04_b01_alarm.ACD [1756-L81E 35.11]*","Complete - 0 error(s), 0 warning(s) | "
"alarmsep_u04_b01_noalarm","19056","UNKNOWN","UNKNOWN","2026-09-11","PROCTYPE-UNREAD","0","0","0","Logix Designer - AlarmsepU04B01Noalarm in alarmsep_u04_b01_noalarm.ACD [1756-L81E 35.11]*","Complete - 0 error(s), 0 warning(s) | "
"alarmsep_u04_b02_alarm","19152","UNKNOWN","UNKNOWN","2026-09-11","PROCTYPE-UNREAD","0","0","0","Logix Designer - AlarmsepU04B02Alarm in alarmsep_u04_b02_alarm.ACD [1756-L81E 35.11]*","Complete - 0 error(s), 0 warning(s) | "
"alarmsep_u04_b02_noalarm","19152","UNKNOWN","UNKNOWN","2026-09-11","PROCTYPE-UNREAD","0","0","0","Logix Designer - AlarmsepU04B02Noalarm in alarmsep_u04_b02_noalarm.ACD [1756-L81E 35.11]*","Complete - 0 error(s), 0 warning(s) | "
"alarmsep_u04_b04_alarm","19312","UNKNOWN","UNKNOWN","2026-09-11","PROCTYPE-UNREAD","0","0","0","Logix Designer - AlarmsepU04B04Alarm in alarmsep_u04_b04_alarm.ACD [1756-L81E 35.11]*","Complete - 0 error(s), 0 warning(s) | "
"alarmsep_u04_b04_noalarm","19312","UNKNOWN","UNKNOWN","2026-09-11","PROCTYPE-UNREAD","0","0","0","Logix Designer - AlarmsepU04B04Noalarm in alarmsep_u04_b04_noalarm.ACD [1756-L81E 35.11]*","Complete - 0 error(s), 0 warning(s) | "
"alarmsep_u04_b08_alarm","19632","UNKNOWN","UNKNOWN","2026-09-11","PROCTYPE-UNREAD","0","0","0","Logix Designer - AlarmsepU04B08Alarm in alarmsep_u04_b08_alarm.ACD [1756-L81E 35.11]*","Complete - 0 error(s), 0 warning(s) | "
"alarmsep_u04_b08_noalarm","19632","UNKNOWN","UNKNOWN","2026-09-11","PROCTYPE-UNREAD","0","0","0","Logix Designer - AlarmsepU04B08Noalarm in alarmsep_u04_b08_noalarm.ACD [1756-L81E 35.11]*","Complete - 0 error(s), 0 warning(s) | "
"alarmsep_u04_b16_alarm","20400","UNKNOWN","UNKNOWN","2026-09-11","PROCTYPE-UNREAD","0","0","0","Logix Designer - AlarmsepU04B16Alarm in alarmsep_u04_b16_alarm.ACD [1756-L81E 35.11]*","Complete - 0 error(s), 0 warning(s) | "
"alarmsep_u04_b16_noalarm","20400","UNKNOWN","UNKNOWN","2026-09-11","PROCTYPE-UNREAD","0","0","0","Logix Designer - AlarmsepU04B16Noalarm in alarmsep_u04_b16_noalarm.ACD [1756-L81E 35.11]*","Complete - 0 error(s), 0 warning(s) | "
"alarmsep_u04_b04_def1","19312","UNKNOWN","UNKNOWN","2026-09-11","PROCTYPE-UNREAD","0","0","0","Logix Designer - AlarmsepU04B04Def1 in alarmsep_u04_b04_def1.ACD [1756-L81E 35.11]*","Complete - 0 error(s), 0 warning(s) | "
"alarmsep_u04_b04_def2","19312","UNKNOWN","UNKNOWN","2026-09-11","PROCTYPE-UNREAD","0","0","0","Logix Designer - AlarmsepU04B04Def2 in alarmsep_u04_b04_def2.ACD [1756-L81E 35.11]*","Complete - 0 error(s), 0 warning(s) | "
"alarmsep_u04_b04_def3","19312","UNKNOWN","UNKNOWN","2026-09-11","PROCTYPE-UNREAD","0","0","0","Logix Designer - AlarmsepU04B04Def3 in alarmsep_u04_b04_def3.ACD [1756-L81E 35.11]*","Complete - 0 error(s), 0 warning(s) | "
"realprog_25","4634308","1756-L83ES","35.13","2026-09-11","Real customer program. NOT a generated sample and NOT gitignored content -- the L5X lives in samples/local/ (untracked); this row records only the measured numbers. Whole-controller export, real Capacity reading. These are the North Star rows: the <1% target is defined on files exactly like this.","0","","","",""
"realprog_26","1763760","1756-L81E","35.13","2026-09-11","Real customer program. NOT a generated sample and NOT gitignored content -- the L5X lives in samples/local/ (untracked); this row records only the measured numbers. Whole-controller export, real Capacity reading. These are the North Star rows: the <1% target is defined on files exactly like this.","0","","","",""
"realprog_30","3129275","5069-L330ERM","32.14","2026-09-11","Real customer program. NOT a generated sample and NOT gitignored content -- the L5X lives in samples/local/ (untracked); this row records only the measured numbers. Whole-controller export, real Capacity reading. These are the North Star rows: the <1% target is defined on files exactly like this.","0","","","",""
"realprog_29","1362000","5069-L330ERM","35.11","2026-09-11","Real customer program. NOT a generated sample and NOT gitignored content -- the L5X lives in samples/local/ (untracked); this row records only the measured numbers. Whole-controller export, real Capacity reading. These are the North Star rows: the <1% target is defined on files exactly like this.","0","","","",""
"realprog_14","2362176","1756-L81E","35.11","2026-09-11","Real customer program. NOT a generated sample and NOT gitignored content -- the L5X lives in samples/local/ (untracked); this row records only the measured numbers. Whole-controller export, real Capacity reading. These are the North Star rows: the <1% target is defined on files exactly like this.","0","","","",""
"subrtn_shell_r001","18408","UNKNOWN","UNKNOWN","2026-09-11","PROCTYPE-UNREAD","0","0","0","Logix Designer - SubrtnShellR001 in subrtn_shell_r001.ACD [1756-L81E 35.11]*","Complete - 0 error(s), 1 warning(s) | "
"subrtn_sbronly_r001","18408","UNKNOWN","UNKNOWN","2026-09-11","PROCTYPE-UNREAD","0","0","0","Logix Designer - SubrtnSbronlyR001 in subrtn_sbronly_r001.ACD [1756-L81E 35.11]*","Complete - 0 error(s), 1 warning(s) | "
"subrtn_shell_r005","19528","UNKNOWN","UNKNOWN","2026-09-11","PROCTYPE-UNREAD","0","0","0","Logix Designer - SubrtnShellR005 in subrtn_shell_r005.ACD [1756-L81E 35.11]*","Complete - 0 error(s), 5 warning(s) | "
"subrtn_sbronly_r005","19528","UNKNOWN","UNKNOWN","2026-09-11","PROCTYPE-UNREAD","0","0","0","Logix Designer - SubrtnSbronlyR005 in subrtn_sbronly_r005.ACD [1756-L81E 35.11]*","Complete - 0 error(s), 5 warning(s) | "
"subrtn_shell_r025","25128","UNKNOWN","UNKNOWN","2026-09-11","PROCTYPE-UNREAD","0","0","0","Logix Designer - SubrtnShellR025 in subrtn_shell_r025.ACD [1756-L81E 35.11]*","Complete - 0 error(s), 25 warning(s) | "
"subrtn_sbronly_r025","25128","UNKNOWN","UNKNOWN","2026-09-11","PROCTYPE-UNREAD","0","0","0","Logix Designer - SubrtnSbronlyR025 in subrtn_sbronly_r025.ACD [1756-L81E 35.11]*","Complete - 0 error(s), 25 warning(s) | "
"subrtn_shell_r100","46128","UNKNOWN","UNKNOWN","2026-09-11","PROCTYPE-UNREAD","0","0","0","Logix Designer - SubrtnShellR100 in subrtn_shell_r100.ACD [1756-L81E 35.11]*","Complete - 0 error(s), 100 warning(s) | "
"subrtn_sbronly_r100","46128","UNKNOWN","UNKNOWN","2026-09-11","PROCTYPE-UNREAD","0","0","0","Logix Designer - SubrtnSbronlyR100 in subrtn_sbronly_r100.ACD [1756-L81E 35.11]*","Complete - 0 error(s), 100 warning(s) | "
"subrtn_sbrret_r001","18424","UNKNOWN","UNKNOWN","2026-09-11","PROCTYPE-UNREAD","0","0","0","Logix Designer - SubrtnSbrretR001 in subrtn_sbrret_r001.ACD [1756-L81E 35.11]*","Complete - 0 error(s), 1 warning(s) | "
"subrtn_sbrret_r005","19608","UNKNOWN","UNKNOWN","2026-09-11","PROCTYPE-UNREAD","0","0","0","Logix Designer - SubrtnSbrretR005 in subrtn_sbrret_r005.ACD [1756-L81E 35.11]*","Complete - 0 error(s), 5 warning(s) | "
"subrtn_sbrret_r025","25528","UNKNOWN","UNKNOWN","2026-09-11","PROCTYPE-UNREAD","0","0","0","Logix Designer - SubrtnSbrretR025 in subrtn_sbrret_r025.ACD [1756-L81E 35.11]*","Complete - 0 error(s), 25 warning(s) | "
"subrtn_sbrret_r100","47728","UNKNOWN","UNKNOWN","2026-09-11","PROCTYPE-UNREAD","0","0","0","Logix Designer - SubrtnSbrretR100 in subrtn_sbrret_r100.ACD [1756-L81E 35.11]*","Complete - 0 error(s), 100 warning(s) | "
"forloop_ctl_r001","18552","UNKNOWN","UNKNOWN","2026-09-11","PROCTYPE-UNREAD","0","0","0","Logix Designer - ForloopCtlR001 in forloop_ctl_r001.ACD [1756-L81E 35.11]*","Complete - 0 error(s), 0 warning(s) | "
"forloop_for_r001","18560","UNKNOWN","UNKNOWN","2026-09-11","PROCTYPE-UNREAD","0","0","0","Logix Designer - ForloopForR001 in forloop_for_r001.ACD [1756-L81E 35.11]*","Complete - 0 error(s), 0 warning(s) | "
"forloop_ctl_r005","19960","UNKNOWN","UNKNOWN","2026-09-11","PROCTYPE-UNREAD","0","0","0","Logix Designer - ForloopCtlR005 in forloop_ctl_r005.ACD [1756-L81E 35.11]*","Complete - 0 error(s), 0 warning(s) | "
"forloop_for_r005","20000","UNKNOWN","UNKNOWN","2026-09-11","PROCTYPE-UNREAD","0","0","0","Logix Designer - ForloopForR005 in forloop_for_r005.ACD [1756-L81E 35.11]*","Complete - 0 error(s), 0 warning(s) | "
"forloop_ctl_r025","27000","UNKNOWN","UNKNOWN","2026-09-11","PROCTYPE-UNREAD","0","0","0","Logix Designer - ForloopCtlR025 in forloop_ctl_r025.ACD [1756-L81E 35.11]*","Complete - 0 error(s), 0 warning(s) | "
"forloop_for_r025","27200","UNKNOWN","UNKNOWN","2026-09-11","PROCTYPE-UNREAD","0","0","0","Logix Designer - ForloopForR025 in forloop_for_r025.ACD [1756-L81E 35.11]*","Complete - 0 error(s), 0 warning(s) | "
"forloop_ctl_r100","53400","UNKNOWN","UNKNOWN","2026-09-11","PROCTYPE-UNREAD","0","0","0","Logix Designer - ForloopCtlR100 in forloop_ctl_r100.ACD [1756-L81E 35.11]*","Complete - 0 error(s), 0 warning(s) | "
"forloop_for_r100","54200","UNKNOWN","UNKNOWN","2026-09-11","PROCTYPE-UNREAD","0","0","0","Logix Designer - ForloopForR100 in forloop_for_r100.ACD [1756-L81E 35.11]*","Complete - 0 error(s), 0 warning(s) | "
"camx_tag_cam_n002","18240","UNKNOWN","UNKNOWN","2026-09-11","PROCTYPE-UNREAD","0","0","0","Logix Designer - CamxTagCamN002 in camx_tag_cam_n002.ACD [1756-L81E 35.11]*","Complete - 0 error(s), 0 warning(s) | "
"camx_tag_cam_n010","18336","UNKNOWN","UNKNOWN","2026-09-11","PROCTYPE-UNREAD","0","0","0","Logix Designer - CamxTagCamN010 in camx_tag_cam_n010.ACD [1756-L81E 35.11]*","Complete - 0 error(s), 0 warning(s) | "
"camx_tag_cam_n011","18352","UNKNOWN","UNKNOWN","2026-09-11","PROCTYPE-UNREAD","0","0","0","Logix Designer - CamxTagCamN011 in camx_tag_cam_n011.ACD [1756-L81E 35.11]*","Complete - 0 error(s), 0 warning(s) | "
"camx_tag_cam_n030","18576","UNKNOWN","UNKNOWN","2026-09-11","PROCTYPE-UNREAD","0","0","0","Logix Designer - CamxTagCamN030 in camx_tag_cam_n030.ACD [1756-L81E 35.11]*","Complete - 0 error(s), 0 warning(s) | "
"camx_tag_cam_n100","19416","UNKNOWN","UNKNOWN","2026-09-11","PROCTYPE-UNREAD","0","0","0","Logix Designer - CamxTagCamN100 in camx_tag_cam_n100.ACD [1756-L81E 35.11]*","Complete - 0 error(s), 0 warning(s) | "
"camx_tag_prof_n002","18328","UNKNOWN","UNKNOWN","2026-09-11","PROCTYPE-UNREAD","0","0","0","Logix Designer - CamxTagProfN002 in camx_tag_prof_n002.ACD [1756-L81E 35.11]*","Complete - 0 error(s), 0 warning(s) | "
"camx_tag_prof_n010","18776","UNKNOWN","UNKNOWN","2026-09-11","PROCTYPE-UNREAD","0","0","0","Logix Designer - CamxTagProfN010 in camx_tag_prof_n010.ACD [1756-L81E 35.11]*","Complete - 0 error(s), 0 warning(s) | "
"camx_tag_prof_n011","18832","UNKNOWN","UNKNOWN","2026-09-11","PROCTYPE-UNREAD","0","0","0","Logix Designer - CamxTagProfN011 in camx_tag_prof_n011.ACD [1756-L81E 35.11]*","Complete - 0 error(s), 0 warning(s) | "
"camx_tag_prof_n030","19896","UNKNOWN","UNKNOWN","2026-09-11","PROCTYPE-UNREAD","0","0","0","Logix Designer - CamxTagProfN030 in camx_tag_prof_n030.ACD [1756-L81E 35.11]*","Complete - 0 error(s), 0 warning(s) | "
"camx_tag_prof_n100","23816","UNKNOWN","UNKNOWN","2026-09-11","PROCTYPE-UNREAD","0","0","0","Logix Designer - CamxTagProfN100 in camx_tag_prof_n100.ACD [1756-L81E 35.11]*","Complete - 0 error(s), 0 warning(s) | "
"camx_member_cam_d04","18456","UNKNOWN","UNKNOWN","2026-09-11","PROCTYPE-UNREAD","0","0","0","Logix Designer - CamxMemberCamD04 in camx_member_cam_d04.ACD [1756-L81E 35.11]*","Complete - 0 error(s), 0 warning(s) | "
"camx_member_cam_d10","18528","UNKNOWN","UNKNOWN","2026-09-11","PROCTYPE-UNREAD","0","0","0","Logix Designer - CamxMemberCamD10 in camx_member_cam_d10.ACD [1756-L81E 35.11]*","Complete - 0 error(s), 0 warning(s) | "
"camx_member_cam_d20","18648","UNKNOWN","UNKNOWN","2026-09-11","PROCTYPE-UNREAD","0","0","0","Logix Designer - CamxMemberCamD20 in camx_member_cam_d20.ACD [1756-L81E 35.11]*","Complete - 0 error(s), 0 warning(s) | "
"camx_member_cam_d30","18768","UNKNOWN","UNKNOWN","2026-09-11","PROCTYPE-UNREAD","0","0","0","Logix Designer - CamxMemberCamD30 in camx_member_cam_d30.ACD [1756-L81E 35.11]*","Complete - 0 error(s), 0 warning(s) | "
"camx_member_prof_d04","18632","UNKNOWN","UNKNOWN","2026-09-11","PROCTYPE-UNREAD","0","0","0","Logix Designer - CamxMemberProfD04 in camx_member_prof_d04.ACD [1756-L81E 35.11]*","Complete - 0 error(s), 0 warning(s) | "
"camx_member_prof_d10","18968","UNKNOWN","UNKNOWN","2026-09-11","PROCTYPE-UNREAD","0","0","0","Logix Designer - CamxMemberProfD10 in camx_member_prof_d10.ACD [1756-L81E 35.11]*","Complete - 0 error(s), 0 warning(s) | "
"camx_member_prof_d20","19528","UNKNOWN","UNKNOWN","2026-09-11","PROCTYPE-UNREAD","0","0","0","Logix Designer - CamxMemberProfD20 in camx_member_prof_d20.ACD [1756-L81E 35.11]*","Complete - 0 error(s), 0 warning(s) | "
"camx_member_prof_d30","20088","UNKNOWN","UNKNOWN","2026-09-11","PROCTYPE-UNREAD","0","0","0","Logix Designer - CamxMemberProfD30 in camx_member_prof_d30.ACD [1756-L81E 35.11]*","Complete - 0 error(s), 0 warning(s) | "
"camx_mixed_d10","19104","UNKNOWN","UNKNOWN","2026-09-11","PROCTYPE-UNREAD","0","0","0","Logix Designer - CamxMixedD10 in camx_mixed_d10.ACD [1756-L81E 35.11]*","Complete - 0 error(s), 0 warning(s) | "
"camx_mixed_d20","19784","UNKNOWN","UNKNOWN","2026-09-11","PROCTYPE-UNREAD","0","0","0","Logix Designer - CamxMixedD20 in camx_mixed_d20.ACD [1756-L81E 35.11]*","Complete - 0 error(s), 0 warning(s) | "
"camx_nested_i01","19296","UNKNOWN","UNKNOWN","2026-09-11","PROCTYPE-UNREAD","0","0","0","Logix Designer - CamxNestedI01 in camx_nested_i01.ACD [1756-L81E 35.11]*","Complete - 0 error(s), 0 warning(s) | "
"camx_nested_i05","22096","UNKNOWN","UNKNOWN","2026-09-11","PROCTYPE-UNREAD","0","0","0","Logix Designer - CamxNestedI05 in camx_nested_i05.ACD [1756-L81E 35.11]*","Complete - 0 error(s), 0 warning(s) | "
"camx_udtarray_n05","21832","UNKNOWN","UNKNOWN","2026-09-11","PROCTYPE-UNREAD","0","0","0","Logix Designer - CamxUdtarrayN05 in camx_udtarray_n05.ACD [1756-L81E 35.11]*","Complete - 0 error(s), 0 warning(s) | "
"camx_multitag_cam_t05","19208","UNKNOWN","UNKNOWN","2026-09-11","PROCTYPE-UNREAD","0","0","0","Logix Designer - CamxMultitagCamT05 in camx_multitag_cam_t05.ACD [1756-L81E 35.11]*","Complete - 0 error(s), 0 warning(s) | "
"camx_multitag_prof_t05","21408","UNKNOWN","UNKNOWN","2026-09-11","PROCTYPE-UNREAD","0","0","0","Logix Designer - CamxMultitagProfT05 in camx_multitag_prof_t05.ACD [1756-L81E 35.11]*","Complete - 0 error(s), 0 warning(s) | "
"camx_scalar_cam","18424","UNKNOWN","UNKNOWN","2026-09-11","PROCTYPE-UNREAD","0","0","0","Logix Designer - CamxScalarCam in camx_scalar_cam.ACD [1756-L81E 35.11]*","Complete - 0 error(s), 0 warning(s) | "
"camx_scalar_prof","18464","UNKNOWN","UNKNOWN","2026-09-11","PROCTYPE-UNREAD","0","0","0","Logix Designer - CamxScalarProf in camx_scalar_prof.ACD [1756-L81E 35.11]*","Complete - 0 error(s), 0 warning(s) | "
"pioconn_enhdata_n01","22160","UNKNOWN","UNKNOWN","2026-09-13","","0","0","0","Logix Designer - PioEnhDataN01 in pioconn_enhdata_n01.ACD [1756-L81E 35.11]*","Complete - 0 error(s), 0 warning(s) | "
"pioconn_enhdata_n02","23008","UNKNOWN","UNKNOWN","2026-09-13","","0","0","0","Logix Designer - PioEnhDataN02 in pioconn_enhdata_n02.ACD [1756-L81E 35.11]*","Complete - 0 error(s), 0 warning(s) | "
"pioconn_enhdata_n04","24720","UNKNOWN","UNKNOWN","2026-09-13","","0","0","0","Logix Designer - PioEnhDataN04 in pioconn_enhdata_n04.ACD [1756-L81E 35.11]*","Complete - 0 error(s), 0 warning(s) | "
"pioconn_enhdata_n08","28160","UNKNOWN","UNKNOWN","2026-09-13","","0","0","0","Logix Designer - PioEnhDataN08 in pioconn_enhdata_n08.ACD [1756-L81E 35.11]*","Complete - 0 error(s), 0 warning(s) | "
"pioconn_enhdata_n16","35008","UNKNOWN","UNKNOWN","2026-09-13","","0","0","0","Logix Designer - PioEnhDataN16 in pioconn_enhdata_n16.ACD [1756-L81E 35.11]*","Complete - 0 error(s), 0 warning(s) | "
"pioconn_enhanced_n01","22160","UNKNOWN","UNKNOWN","2026-09-13","","0","0","0","Logix Designer - PioEnhN01 in pioconn_enhanced_n01.ACD [1756-L81E 35.11]*","Complete - 0 error(s), 0 warning(s) | "
"pioconn_enhanced_n02","22720","UNKNOWN","UNKNOWN","2026-09-13","","0","0","0","Logix Designer - PioEnhN02 in pioconn_enhanced_n02.ACD [1756-L81E 35.11]*","Complete - 0 error(s), 0 warning(s) | "
"pioconn_enhanced_n04","23848","UNKNOWN","UNKNOWN","2026-09-13","","0","0","0","Logix Designer - PioEnhN04 in pioconn_enhanced_n04.ACD [1756-L81E 35.11]*","Complete - 0 error(s), 0 warning(s) | "
"pioconn_enhanced_n08","26136","UNKNOWN","UNKNOWN","2026-09-13","","0","0","0","Logix Designer - PioEnhN08 in pioconn_enhanced_n08.ACD [1756-L81E 35.11]*","Complete - 0 error(s), 0 warning(s) | "
"pioconn_enhanced_n16","30680","UNKNOWN","UNKNOWN","2026-09-13","","0","0","0","Logix Designer - PioEnhN16 in pioconn_enhanced_n16.ACD [1756-L81E 35.11]*","Complete - 0 error(s), 0 warning(s) | "
"pioconn_optimized_n01","20872","UNKNOWN","UNKNOWN","2026-09-13","","0","0","0","Logix Designer - PioOptN01 in pioconn_optimized_n01.ACD [1756-L81E 35.11]*","Complete - 0 error(s), 0 warning(s) | "
"pioconn_optimized_n02","21352","UNKNOWN","UNKNOWN","2026-09-13","","0","0","0","Logix Designer - PioOptN02 in pioconn_optimized_n02.ACD [1756-L81E 35.11]*","Complete - 0 error(s), 0 warning(s) | "
"pioconn_optimized_n04","22328","UNKNOWN","UNKNOWN","2026-09-13","","0","0","0","Logix Designer - PioOptN04 in pioconn_optimized_n04.ACD [1756-L81E 35.11]*","Complete - 0 error(s), 0 warning(s) | "
"pioconn_optimized_n08","24296","UNKNOWN","UNKNOWN","2026-09-13","","0","0","0","Logix Designer - PioOptN08 in pioconn_optimized_n08.ACD [1756-L81E 35.11]*","Complete - 0 error(s), 0 warning(s) | "
"pioconn_optimized_n16","28200","UNKNOWN","UNKNOWN","2026-09-13","","0","0","0","Logix Designer - PioOptN16 in pioconn_optimized_n16.ACD [1756-L81E 35.11]*","Complete - 0 error(s), 0 warning(s) | "
"pioname_enhanced_named_n08","26648","UNKNOWN","UNKNOWN","2026-09-13","","0","0","0","Logix Designer - PioEnhNm08 in pioname_enhanced_named_n08.ACD [1756-L81E 35.11]*","Complete - 0 error(s), 0 warning(s) | "
"pioname_enhdata_named_n08","28672","UNKNOWN","UNKNOWN","2026-09-13","","0","0","0","Logix Designer - PioEnhDataNm08 in pioname_enhdata_named_n08.ACD [1756-L81E 35.11]*","Complete - 0 error(s), 0 warning(s) | "
"pioname_optimized_named_n08","24808","UNKNOWN","UNKNOWN","2026-09-13","","0","0","0","Logix Designer - PioOptNm08 in pioname_optimized_named_n08.ACD [1756-L81E 35.11]*","Complete - 0 error(s), 0 warning(s) | "
"pioname_enhdata_len05_n08","28672","UNKNOWN","UNKNOWN","2026-09-13","","0","0","0","Logix Designer - PioNmLen05 in pioname_enhdata_len05_n08.ACD [1756-L81E 35.11]*","Complete - 0 error(s), 0 warning(s) | "
"pioname_enhdata_len08_n08","28672","UNKNOWN","UNKNOWN","2026-09-13","","0","0","0","Logix Designer - PioNmLen08 in pioname_enhdata_len08_n08.ACD [1756-L81E 35.11]*","Complete - 0 error(s), 0 warning(s) | "
"pioname_enhdata_len16_n08","28736","UNKNOWN","UNKNOWN","2026-09-13","","0","0","0","Logix Designer - PioNmLen16 in pioname_enhdata_len16_n08.ACD [1756-L81E 35.11]*","Complete - 0 error(s), 0 warning(s) | "
"pioname_enhdata_len24_n08","28800","UNKNOWN","UNKNOWN","2026-09-13","","0","0","0","Logix Designer - PioNmLen24 in pioname_enhdata_len24_n08.ACD [1756-L81E 35.11]*","Complete - 0 error(s), 0 warning(s) | "
"pioname_enhdata_len32_n08","28864","UNKNOWN","UNKNOWN","2026-09-13","","0","0","0","Logix Designer - PioNmLen32 in pioname_enhdata_len32_n08.ACD [1756-L81E 35.11]*","Complete - 0 error(s), 0 warning(s) | "
"pioname_enhdata_named_n01","22224","UNKNOWN","UNKNOWN","2026-09-13","","0","0","0","Logix Designer - PioNmCnt01 in pioname_enhdata_named_n01.ACD [1756-L81E 35.11]*","Complete - 0 error(s), 0 warning(s) | "
"pioname_enhdata_named_n02","23136","UNKNOWN","UNKNOWN","2026-09-13","","0","0","0","Logix Designer - PioNmCnt02 in pioname_enhdata_named_n02.ACD [1756-L81E 35.11]*","Complete - 0 error(s), 0 warning(s) | "
"pioname_enhdata_named_n04","24976","UNKNOWN","UNKNOWN","2026-09-13","","0","0","0","Logix Designer - PioNmCnt04 in pioname_enhdata_named_n04.ACD [1756-L81E 35.11]*","Complete - 0 error(s), 0 warning(s) | "
"pioname_enhdata_named_n16","36032","UNKNOWN","UNKNOWN","2026-09-13","","0","0","0","Logix Designer - PioNmCnt16 in pioname_enhdata_named_n16.ACD [1756-L81E 35.11]*","Complete - 0 error(s), 0 warning(s) | "
"udtmn_bool_short_b01","18352","UNKNOWN","UNKNOWN","2026-09-13","","0","0","0","Logix Designer - UdtMemNam in udtmn_bool_short_b01.ACD [1756-L81E 35.11]*","Complete - 0 error(s), 0 warning(s) | "
"udtmn_bool_short_b02","18368","UNKNOWN","UNKNOWN","2026-09-13","","0","0","0","Logix Designer - UdtMemNam in udtmn_bool_short_b02.ACD [1756-L81E 35.11]*","Complete - 0 error(s), 0 warning(s) | "
"udtmn_bool_short_b04","18400","UNKNOWN","UNKNOWN","2026-09-13","","0","0","0","Logix Designer - UdtMemNam in udtmn_bool_short_b04.ACD [1756-L81E 35.11]*","Complete - 0 error(s), 0 warning(s) | "
"udtmn_bool_short_b08","18456","UNKNOWN","UNKNOWN","2026-09-13","","0","0","0","Logix Designer - UdtMemNam in udtmn_bool_short_b08.ACD [1756-L81E 35.11]*","Complete - 0 error(s), 0 warning(s) | "
"udtmn_bool_short_b16","18616","UNKNOWN","UNKNOWN","2026-09-13","","0","0","0","Logix Designer - UdtMemNam in udtmn_bool_short_b16.ACD [1756-L81E 35.11]*","Complete - 0 error(s), 0 warning(s) | "
"udtmn_bool_l07_b01","18360","UNKNOWN","UNKNOWN","2026-09-13","","0","0","0","Logix Designer - UdtMemNam in udtmn_bool_l07_b01.ACD [1756-L81E 35.11]*","Complete - 0 error(s), 0 warning(s) | "
"udtmn_bool_l07_b02","18376","UNKNOWN","UNKNOWN","2026-09-13","","0","0","0","Logix Designer - UdtMemNam in udtmn_bool_l07_b02.ACD [1756-L81E 35.11]*","Complete - 0 error(s), 0 warning(s) | "
"udtmn_bool_l07_b04","18416","UNKNOWN","UNKNOWN","2026-09-13","","0","0","0","Logix Designer - UdtMemNam in udtmn_bool_l07_b04.ACD [1756-L81E 35.11]*","Complete - 0 error(s), 0 warning(s) | "
"udtmn_bool_l07_b08","18496","UNKNOWN","UNKNOWN","2026-09-13","","0","0","0","Logix Designer - UdtMemNam in udtmn_bool_l07_b08.ACD [1756-L81E 35.11]*","Complete - 0 error(s), 0 warning(s) | "
"udtmn_bool_l07_b16","18696","UNKNOWN","UNKNOWN","2026-09-13","","0","0","0","Logix Designer - UdtMemNam in udtmn_bool_l07_b16.ACD [1756-L81E 35.11]*","Complete - 0 error(s), 0 warning(s) | "
"udtmn_bool_len02_b04","18400","UNKNOWN","UNKNOWN","2026-09-13","","0","0","0","Logix Designer - UdtMemNam in udtmn_bool_len02_b04.ACD [1756-L81E 35.11]*","Complete - 0 error(s), 0 warning(s) | "
"udtmn_bool_len04_b04","18408","UNKNOWN","UNKNOWN","2026-09-13","","0","0","0","Logix Designer - UdtMemNam in udtmn_bool_len04_b04.ACD [1756-L81E 35.11]*","Complete - 0 error(s), 0 warning(s) | "
"udtmn_bool_len08_b04","18424","UNKNOWN","UNKNOWN","2026-09-13","","0","0","0","Logix Designer - UdtMemNam in udtmn_bool_len08_b04.ACD [1756-L81E 35.11]*","Complete - 0 error(s), 0 warning(s) | "
"udtmn_bool_len12_b04","18440","UNKNOWN","UNKNOWN","2026-09-13","","0","0","0","Logix Designer - UdtMemNam in udtmn_bool_len12_b04.ACD [1756-L81E 35.11]*","Complete - 0 error(s), 0 warning(s) | "
"udtmn_bool_len16_b04","18456","UNKNOWN","UNKNOWN","2026-09-13","","0","0","0","Logix Designer - UdtMemNam in udtmn_bool_len16_b04.ACD [1756-L81E 35.11]*","Complete - 0 error(s), 0 warning(s) | "
"udtmn_bool_len24_b04","18488","UNKNOWN","UNKNOWN","2026-09-13","","0","0","0","Logix Designer - UdtMemNam in udtmn_bool_len24_b04.ACD [1756-L81E 35.11]*","Complete - 0 error(s), 0 warning(s) | "
"udtmn_bool_len32_b04","18520","UNKNOWN","UNKNOWN","2026-09-13","","0","0","0","Logix Designer - UdtMemNam in udtmn_bool_len32_b04.ACD [1756-L81E 35.11]*","Complete - 0 error(s), 0 warning(s) | "
"udtmn_dint_len02_n04","18360","UNKNOWN","UNKNOWN","2026-09-13","","0","0","0","Logix Designer - UdtMemNam in udtmn_dint_len02_n04.ACD [1756-L81E 35.11]*","Complete - 0 error(s), 0 warning(s) | "
"udtmn_dint_len07_n04","18384","UNKNOWN","UNKNOWN","2026-09-13","","0","0","0","Logix Designer - UdtMemNam in udtmn_dint_len07_n04.ACD [1756-L81E 35.11]*","Complete - 0 error(s), 0 warning(s) | "
"udtmn_dint_len16_n04","18416","UNKNOWN","UNKNOWN","2026-09-13","","0","0","0","Logix Designer - UdtMemNam in udtmn_dint_len16_n04.ACD [1756-L81E 35.11]*","Complete - 0 error(s), 0 warning(s) | "
"udtmn_dint_len32_n04","18480","UNKNOWN","UNKNOWN","2026-09-13","","0","0","0","Logix Designer - UdtMemNam in udtmn_dint_len32_n04.ACD [1756-L81E 35.11]*","Complete - 0 error(s), 0 warning(s) | "
"udtmn_bool_len02_b16","18616","UNKNOWN","UNKNOWN","2026-09-13","","0","0","0","Logix Designer - UdtMemNam in udtmn_bool_len02_b16.ACD [1756-L81E 35.11]*","Complete - 0 error(s), 0 warning(s) | "
"udtmn_bool_len07_b16","18696","UNKNOWN","UNKNOWN","2026-09-13","","0","0","0","Logix Designer - UdtMemNam in udtmn_bool_len07_b16.ACD [1756-L81E 35.11]*","Complete - 0 error(s), 0 warning(s) | "
"udtmn_bool_len16_b16","18840","UNKNOWN","UNKNOWN","2026-09-13","","0","0","0","Logix Designer - UdtMemNam in udtmn_bool_len16_b16.ACD [1756-L81E 35.11]*","Complete - 0 error(s), 0 warning(s) | "
"aoilt_swap_timer_n01","19560","UNKNOWN","UNKNOWN","2026-09-13","","0","0","0","Logix Designer - AoiLtTimer01 in aoilt_swap_timer_n01.ACD [1756-L81E 35.11]*","Complete - 0 error(s), 0 warning(s) | "
"aoilt_swap_timer_n02","19568","UNKNOWN","UNKNOWN","2026-09-13","","0","0","0","Logix Designer - AoiLtTimer02 in aoilt_swap_timer_n02.ACD [1756-L81E 35.11]*","Complete - 0 error(s), 0 warning(s) | "
"aoilt_swap_timer_n03","19576","UNKNOWN","UNKNOWN","2026-09-13","","0","0","0","Logix Designer - AoiLtTimer03 in aoilt_swap_timer_n03.ACD [1756-L81E 35.11]*","Complete - 0 error(s), 0 warning(s) | "
"aoilt_swap_timer_n04","19584","UNKNOWN","UNKNOWN","2026-09-13","","0","0","0","Logix Designer - AoiLtTimer04 in aoilt_swap_timer_n04.ACD [1756-L81E 35.11]*","Complete - 0 error(s), 0 warning(s) | "
"aoilt_swap_timer_n05","19592","UNKNOWN","UNKNOWN","2026-09-13","","0","0","0","Logix Designer - AoiLtTimer05 in aoilt_swap_timer_n05.ACD [1756-L81E 35.11]*","Complete - 0 error(s), 0 warning(s) | "
"aoilt_swap_timer_n06","19600","UNKNOWN","UNKNOWN","2026-09-13","","0","0","0","Logix Designer - AoiLtTimer06 in aoilt_swap_timer_n06.ACD [1756-L81E 35.11]*","Complete - 0 error(s), 0 warning(s) | "
"aoilt_swap_timer_n07","19608","UNKNOWN","UNKNOWN","2026-09-13","","0","0","0","Logix Designer - AoiLtTimer07 in aoilt_swap_timer_n07.ACD [1756-L81E 35.11]*","Complete - 0 error(s), 0 warning(s) | "
"aoilt_swap_timer_n08","19616","UNKNOWN","UNKNOWN","2026-09-13","","0","0","0","Logix Designer - AoiLtTimer08 in aoilt_swap_timer_n08.ACD [1756-L81E 35.11]*","Complete - 0 error(s), 0 warning(s) | "
"aoilt_swap_counter_n01","19560","UNKNOWN","UNKNOWN","2026-09-13","","0","0","0","Logix Designer - AoiLtCounte01 in aoilt_swap_counter_n01.ACD [1756-L81E 35.11]*","Complete - 0 error(s), 0 warning(s) | "
"aoilt_swap_counter_n02","19568","UNKNOWN","UNKNOWN","2026-09-13","","0","0","0","Logix Designer - AoiLtCounte02 in aoilt_swap_counter_n02.ACD [1756-L81E 35.11]*","Complete - 0 error(s), 0 warning(s) | "
"aoilt_swap_counter_n03","19576","UNKNOWN","UNKNOWN","2026-09-13","","0","0","0","Logix Designer - AoiLtCounte03 in aoilt_swap_counter_n03.ACD [1756-L81E 35.11]*","Complete - 0 error(s), 0 warning(s) | "
"aoilt_swap_counter_n04","19584","UNKNOWN","UNKNOWN","2026-09-13","","0","0","0","Logix Designer - AoiLtCounte04 in aoilt_swap_counter_n04.ACD [1756-L81E 35.11]*","Complete - 0 error(s), 0 warning(s) | "
"aoilt_swap_counter_n05","19592","UNKNOWN","UNKNOWN","2026-09-13","","0","0","0","Logix Designer - AoiLtCounte05 in aoilt_swap_counter_n05.ACD [1756-L81E 35.11]*","Complete - 0 error(s), 0 warning(s) | "
"aoilt_swap_counter_n06","19600","UNKNOWN","UNKNOWN","2026-09-13","","0","0","0","Logix Designer - AoiLtCounte06 in aoilt_swap_counter_n06.ACD [1756-L81E 35.11]*","Complete - 0 error(s), 0 warning(s) | "
"aoilt_swap_counter_n07","19608","UNKNOWN","UNKNOWN","2026-09-13","","0","0","0","Logix Designer - AoiLtCounte07 in aoilt_swap_counter_n07.ACD [1756-L81E 35.11]*","Complete - 0 error(s), 0 warning(s) | "
"aoilt_swap_counter_n08","19616","UNKNOWN","UNKNOWN","2026-09-13","","0","0","0","Logix Designer - AoiLtCounte08 in aoilt_swap_counter_n08.ACD [1756-L81E 35.11]*","Complete - 0 error(s), 0 warning(s) | "
"aoilt_swap_motion_n01","19560","UNKNOWN","UNKNOWN","2026-09-13","","0","0","0","Logix Designer - AoiLtMotion01 in aoilt_swap_motion_n01.ACD [1756-L81E 35.11]*","Complete - 0 error(s), 0 warning(s) | "
"aoilt_swap_motion_n02","19576","UNKNOWN","UNKNOWN","2026-09-13","","0","0","0","Logix Designer - AoiLtMotion02 in aoilt_swap_motion_n02.ACD [1756-L81E 35.11]*","Complete - 0 error(s), 0 warning(s) | "
"aoilt_swap_motion_n03","19584","UNKNOWN","UNKNOWN","2026-09-13","","0","0","0","Logix Designer - AoiLtMotion03 in aoilt_swap_motion_n03.ACD [1756-L81E 35.11]*","Complete - 0 error(s), 0 warning(s) | "
"aoilt_swap_motion_n04","19600","UNKNOWN","UNKNOWN","2026-09-13","","0","0","0","Logix Designer - AoiLtMotion04 in aoilt_swap_motion_n04.ACD [1756-L81E 35.11]*","Complete - 0 error(s), 0 warning(s) | "
"aoilt_swap_motion_n05","19608","UNKNOWN","UNKNOWN","2026-09-13","","0","0","0","Logix Designer - AoiLtMotion05 in aoilt_swap_motion_n05.ACD [1756-L81E 35.11]*","Complete - 0 error(s), 0 warning(s) | "
"aoilt_swap_motion_n06","19624","UNKNOWN","UNKNOWN","2026-09-13","","0","0","0","Logix Designer - AoiLtMotion06 in aoilt_swap_motion_n06.ACD [1756-L81E 35.11]*","Complete - 0 error(s), 0 warning(s) | "
"aoilt_swap_motion_n07","19632","UNKNOWN","UNKNOWN","2026-09-13","","0","0","0","Logix Designer - AoiLtMotion07 in aoilt_swap_motion_n07.ACD [1756-L81E 35.11]*","Complete - 0 error(s), 0 warning(s) | "
"aoilt_swap_motion_n08","19648","UNKNOWN","UNKNOWN","2026-09-13","","0","0","0","Logix Designer - AoiLtMotion08 in aoilt_swap_motion_n08.ACD [1756-L81E 35.11]*","Complete - 0 error(s), 0 warning(s) | "
"aoilt_swap_string_n01","19632","UNKNOWN","UNKNOWN","2026-09-13","","0","0","0","Logix Designer - AoiLtString01 in aoilt_swap_string_n01.ACD [1756-L81E 35.11]*","Complete - 0 error(s), 0 warning(s) | "
"aoilt_swap_string_n02","19720","UNKNOWN","UNKNOWN","2026-09-13","","0","0","0","Logix Designer - AoiLtString02 in aoilt_swap_string_n02.ACD [1756-L81E 35.11]*","Complete - 0 error(s), 0 warning(s) | "
"aoilt_swap_string_n03","19800","UNKNOWN","UNKNOWN","2026-09-13","","0","0","0","Logix Designer - AoiLtString03 in aoilt_swap_string_n03.ACD [1756-L81E 35.11]*","Complete - 0 error(s), 0 warning(s) | "
"aoilt_swap_string_n04","19888","UNKNOWN","UNKNOWN","2026-09-13","","0","0","0","Logix Designer - AoiLtString04 in aoilt_swap_string_n04.ACD [1756-L81E 35.11]*","Complete - 0 error(s), 0 warning(s) | "
"aoilt_swap_string_n05","19968","UNKNOWN","UNKNOWN","2026-09-13","","0","0","0","Logix Designer - AoiLtString05 in aoilt_swap_string_n05.ACD [1756-L81E 35.11]*","Complete - 0 error(s), 0 warning(s) | "
"aoilt_swap_string_n06","20056","UNKNOWN","UNKNOWN","2026-09-13","","0","0","0","Logix Designer - AoiLtString06 in aoilt_swap_string_n06.ACD [1756-L81E 35.11]*","Complete - 0 error(s), 0 warning(s) | "
"aoilt_swap_string_n07","20136","UNKNOWN","UNKNOWN","2026-09-13","","0","0","0","Logix Designer - AoiLtString07 in aoilt_swap_string_n07.ACD [1756-L81E 35.11]*","Complete - 0 error(s), 0 warning(s) | "
"aoilt_swap_string_n08","20224","UNKNOWN","UNKNOWN","2026-09-13","","0","0","0","Logix Designer - AoiLtString08 in aoilt_swap_string_n08.ACD [1756-L81E 35.11]*","Complete - 0 error(s), 0 warning(s) | "
"aoilt_swap_real_n01","19552","UNKNOWN","UNKNOWN","2026-09-13","","0","0","0","Logix Designer - AoiLtReal01 in aoilt_swap_real_n01.ACD [1756-L81E 35.11]*","Complete - 0 error(s), 0 warning(s) | "
"aoilt_swap_real_n02","19552","UNKNOWN","UNKNOWN","2026-09-13","","0","0","0","Logix Designer - AoiLtReal02 in aoilt_swap_real_n02.ACD [1756-L81E 35.11]*","Complete - 0 error(s), 0 warning(s) | "
"aoilt_swap_real_n03","19552","UNKNOWN","UNKNOWN","2026-09-13","","0","0","0","Logix Designer - AoiLtReal03 in aoilt_swap_real_n03.ACD [1756-L81E 35.11]*","Complete - 0 error(s), 0 warning(s) | "
"aoilt_swap_real_n04","19552","UNKNOWN","UNKNOWN","2026-09-13","","0","0","0","Logix Designer - AoiLtReal04 in aoilt_swap_real_n04.ACD [1756-L81E 35.11]*","Complete - 0 error(s), 0 warning(s) | "
"aoilt_swap_real_n05","19552","UNKNOWN","UNKNOWN","2026-09-13","","0","0","0","Logix Designer - AoiLtReal05 in aoilt_swap_real_n05.ACD [1756-L81E 35.11]*","Complete - 0 error(s), 0 warning(s) | "
"aoilt_swap_real_n06","19552","UNKNOWN","UNKNOWN","2026-09-13","","0","0","0","Logix Designer - AoiLtReal06 in aoilt_swap_real_n06.ACD [1756-L81E 35.11]*","Complete - 0 error(s), 0 warning(s) | "
"aoilt_swap_real_n07","19552","UNKNOWN","UNKNOWN","2026-09-13","","0","0","0","Logix Designer - AoiLtReal07 in aoilt_swap_real_n07.ACD [1756-L81E 35.11]*","Complete - 0 error(s), 0 warning(s) | "
"aoilt_swap_real_n08","19552","UNKNOWN","UNKNOWN","2026-09-13","","0","0","0","Logix Designer - AoiLtReal08 in aoilt_swap_real_n08.ACD [1756-L81E 35.11]*","Complete - 0 error(s), 0 warning(s) | "
"aoilt_dim_dint_d0002","19552","UNKNOWN","UNKNOWN","2026-09-13","","0","0","0","Logix Designer - AoiLtADin0002 in aoilt_dim_dint_d0002.ACD [1756-L81E 35.11]*","Complete - 0 error(s), 0 warning(s) | "
"aoilt_dim_dint_d0004","19560","UNKNOWN","UNKNOWN","2026-09-13","","0","0","0","Logix Designer - AoiLtADin0004 in aoilt_dim_dint_d0004.ACD [1756-L81E 35.11]*","Complete - 0 error(s), 0 warning(s) | "
"aoilt_dim_dint_d0016","19608","UNKNOWN","UNKNOWN","2026-09-13","","0","0","0","Logix Designer - AoiLtADin0016 in aoilt_dim_dint_d0016.ACD [1756-L81E 35.11]*","Complete - 0 error(s), 0 warning(s) | "
"aoilt_dim_dint_d0032","19672","UNKNOWN","UNKNOWN","2026-09-13","","0","0","0","Logix Designer - AoiLtADin0032 in aoilt_dim_dint_d0032.ACD [1756-L81E 35.11]*","Complete - 0 error(s), 0 warning(s) | "
"aoilt_dim_dint_d0128","20056","UNKNOWN","UNKNOWN","2026-09-13","","0","0","0","Logix Designer - AoiLtADin0128 in aoilt_dim_dint_d0128.ACD [1756-L81E 35.11]*","Complete - 0 error(s), 0 warning(s) | "
"aoilt_dim_dint_d0256","20568","UNKNOWN","UNKNOWN","2026-09-13","","0","0","0","Logix Designer - AoiLtADin0256 in aoilt_dim_dint_d0256.ACD [1756-L81E 35.11]*","Complete - 0 error(s), 0 warning(s) | "
"aoilt_dim_dint_d1024","23640","UNKNOWN","UNKNOWN","2026-09-13","","0","0","0","Logix Designer - AoiLtADin1024 in aoilt_dim_dint_d1024.ACD [1756-L81E 35.11]*","Complete - 0 error(s), 0 warning(s) | "
"aoilt_dim_timer_d0002","19568","UNKNOWN","UNKNOWN","2026-09-13","","0","0","0","Logix Designer - AoiLtATim0002 in aoilt_dim_timer_d0002.ACD [1756-L81E 35.11]*","Complete - 0 error(s), 0 warning(s) | "
"aoilt_dim_timer_d0004","19592","UNKNOWN","UNKNOWN","2026-09-13","","0","0","0","Logix Designer - AoiLtATim0004 in aoilt_dim_timer_d0004.ACD [1756-L81E 35.11]*","Complete - 0 error(s), 0 warning(s) | "
"aoilt_dim_timer_d0016","19736","UNKNOWN","UNKNOWN","2026-09-13","","0","0","0","Logix Designer - AoiLtATim0016 in aoilt_dim_timer_d0016.ACD [1756-L81E 35.11]*","Complete - 0 error(s), 0 warning(s) | "
"aoilt_dim_timer_d0032","19928","UNKNOWN","UNKNOWN","2026-09-13","","0","0","0","Logix Designer - AoiLtATim0032 in aoilt_dim_timer_d0032.ACD [1756-L81E 35.11]*","Complete - 0 error(s), 0 warning(s) | "
"aoilt_dim_timer_d0128","21080","UNKNOWN","UNKNOWN","2026-09-13","","0","0","0","Logix Designer - AoiLtATim0128 in aoilt_dim_timer_d0128.ACD [1756-L81E 35.11]*","Complete - 0 error(s), 0 warning(s) | "
"aoilt_dim_timer_d0256","22616","UNKNOWN","UNKNOWN","2026-09-13","","0","0","0","Logix Designer - AoiLtATim0256 in aoilt_dim_timer_d0256.ACD [1756-L81E 35.11]*","Complete - 0 error(s), 0 warning(s) | "
"aoilt_dim_timer_d1024","31832","UNKNOWN","UNKNOWN","2026-09-13","","0","0","0","Logix Designer - AoiLtATim1024 in aoilt_dim_timer_d1024.ACD [1756-L81E 35.11]*","Complete - 0 error(s), 0 warning(s) | "
"addit_dn_ln","18392","UNKNOWN","UNKNOWN","2026-09-13","","0","0","0","Logix Designer - AddProbe in addit_dn_ln.ACD [1756-L81E 35.11]*","Complete - 0 error(s), 0 warning(s) | "
"addit_dn_lm","47176","UNKNOWN","UNKNOWN","2026-09-13","","0","0","0","Logix Designer - AddProbe in addit_dn_lm.ACD [1756-L81E 35.11]*","Complete - 0 error(s), 1 warning(s) | "
"addit_dn_lh","306376","UNKNOWN","UNKNOWN","2026-09-13","","0","0","0","Logix Designer - AddProbe in addit_dn_lh.ACD [1756-L81E 35.11]*","Complete - 0 error(s), 1 warning(s) | "
"addit_dm_ln","23872","UNKNOWN","UNKNOWN","2026-09-13","","0","0","0","Logix Designer - AddProbe in addit_dm_ln.ACD [1756-L81E 35.11]*","Complete - 0 error(s), 0 warning(s) | "
"addit_dm_lm","52656","UNKNOWN","UNKNOWN","2026-09-13","","0","0","0","Logix Designer - AddProbe in addit_dm_lm.ACD [1756-L81E 35.11]*","Complete - 0 error(s), 1 warning(s) | "
"addit_dm_lh","311856","UNKNOWN","UNKNOWN","2026-09-13","","0","0","0","Logix Designer - AddProbe in addit_dm_lh.ACD [1756-L81E 35.11]*","Complete - 0 error(s), 1 warning(s) | "
"addit_dh_ln","69952","UNKNOWN","UNKNOWN","2026-09-13","","0","0","0","Logix Designer - AddProbe in addit_dh_ln.ACD [1756-L81E 35.11]*","Complete - 0 error(s), 0 warning(s) | "
"addit_dh_lm","98736","UNKNOWN","UNKNOWN","2026-09-13","","0","0","0","Logix Designer - AddProbe in addit_dh_lm.ACD [1756-L81E 35.11]*","Complete - 0 error(s), 1 warning(s) | "
"addit_dh_lh","357936","UNKNOWN","UNKNOWN","2026-09-13","","0","0","0","Logix Designer - AddProbe in addit_dh_lh.ACD [1756-L81E 35.11]*","Complete - 0 error(s), 1 warning(s) | "
"addit_dn_am","25016","UNKNOWN","UNKNOWN","2026-09-13","","0","0","0","Logix Designer - AddProbe in addit_dn_am.ACD [1756-L81E 35.11]*","Complete - 0 error(s), 0 warning(s) | "
"addit_dn_ah","71096","UNKNOWN","UNKNOWN","2026-09-13","","0","0","0","Logix Designer - AddProbe in addit_dn_ah.ACD [1756-L81E 35.11]*","Complete - 0 error(s), 0 warning(s) | "
"addit_dm_am","30496","UNKNOWN","UNKNOWN","2026-09-13","","0","0","0","Logix Designer - AddProbe in addit_dm_am.ACD [1756-L81E 35.11]*","Complete - 0 error(s), 0 warning(s) | "
"addit_dm_ah","76576","UNKNOWN","UNKNOWN","2026-09-13","","0","0","0","Logix Designer - AddProbe in addit_dm_ah.ACD [1756-L81E 35.11]*","Complete - 0 error(s), 0 warning(s) | "
"addit_dh_am","76576","UNKNOWN","UNKNOWN","2026-09-13","","0","0","0","Logix Designer - AddProbe in addit_dh_am.ACD [1756-L81E 35.11]*","Complete - 0 error(s), 0 warning(s) | "
"addit_dh_ah","122656","UNKNOWN","UNKNOWN","2026-09-13","","0","0","0","Logix Designer - AddProbe in addit_dh_ah.ACD [1756-L81E 35.11]*","Complete - 0 error(s), 0 warning(s) | "
"addit_dn_mm","22808","UNKNOWN","UNKNOWN","2026-09-13","","0","0","0","Logix Designer - AddProbe in addit_dn_mm.ACD [1756-L81E 35.11]*","Complete - 0 error(s), 0 warning(s) | "
"addit_dn_mh","33656","UNKNOWN","UNKNOWN","2026-09-13","","0","0","0","Logix Designer - AddProbe in addit_dn_mh.ACD [1756-L81E 35.11]*","Complete - 0 error(s), 0 warning(s) | "
"addit_dm_mm","28288","UNKNOWN","UNKNOWN","2026-09-13","","0","0","0","Logix Designer - AddProbe in addit_dm_mm.ACD [1756-L81E 35.11]*","Complete - 0 error(s), 0 warning(s) | "
"addit_dm_mh","39136","UNKNOWN","UNKNOWN","2026-09-13","","0","0","0","Logix Designer - AddProbe in addit_dm_mh.ACD [1756-L81E 35.11]*","Complete - 0 error(s), 0 warning(s) | "
"addit_dh_mm","74368","UNKNOWN","UNKNOWN","2026-09-13","","0","0","0","Logix Designer - AddProbe in addit_dh_mm.ACD [1756-L81E 35.11]*","Complete - 0 error(s), 0 warning(s) | "
"addit_dh_mh","85216","UNKNOWN","UNKNOWN","2026-09-13","","0","0","0","Logix Designer - AddProbe in addit_dh_mh.ACD [1756-L81E 35.11]*","Complete - 0 error(s), 0 warning(s) | "
"addit_lm_am","53816","UNKNOWN","UNKNOWN","2026-09-13","","0","0","0","Logix Designer - AddProbe in addit_lm_am.ACD [1756-L81E 35.11]*","Complete - 0 error(s), 1 warning(s) | "
"addit_lm_ah","99896","UNKNOWN","UNKNOWN","2026-09-13","","0","0","0","Logix Designer - AddProbe in addit_lm_ah.ACD [1756-L81E 35.11]*","Complete - 0 error(s), 1 warning(s) | "
"addit_lh_am","313016","UNKNOWN","UNKNOWN","2026-09-13","","0","0","0","Logix Designer - AddProbe in addit_lh_am.ACD [1756-L81E 35.11]*","Complete - 0 error(s), 1 warning(s) | "
"addit_lh_ah","359096","UNKNOWN","UNKNOWN","2026-09-13","","0","0","0","Logix Designer - AddProbe in addit_lh_ah.ACD [1756-L81E 35.11]*","Complete - 0 error(s), 1 warning(s) | "
"addit_lm_mm","51592","UNKNOWN","UNKNOWN","2026-09-13","","0","0","0","Logix Designer - AddProbe in addit_lm_mm.ACD [1756-L81E 35.11]*","Complete - 0 error(s), 1 warning(s) | "
"addit_lm_mh","62440","UNKNOWN","UNKNOWN","2026-09-13","","0","0","0","Logix Designer - AddProbe in addit_lm_mh.ACD [1756-L81E 35.11]*","Complete - 0 error(s), 1 warning(s) | "
"addit_lh_mm","310792","UNKNOWN","UNKNOWN","2026-09-13","","0","0","0","Logix Designer - AddProbe in addit_lh_mm.ACD [1756-L81E 35.11]*","Complete - 0 error(s), 1 warning(s) | "
"addit_lh_mh","321640","UNKNOWN","UNKNOWN","2026-09-13","","0","0","0","Logix Designer - AddProbe in addit_lh_mh.ACD [1756-L81E 35.11]*","Complete - 0 error(s), 1 warning(s) | "
"addit_am_mm","29432","UNKNOWN","UNKNOWN","2026-09-13","","0","0","0","Logix Designer - AddProbe in addit_am_mm.ACD [1756-L81E 35.11]*","Complete - 0 error(s), 0 warning(s) | "
"addit_am_mh","40280","UNKNOWN","UNKNOWN","2026-09-13","","0","0","0","Logix Designer - AddProbe in addit_am_mh.ACD [1756-L81E 35.11]*","Complete - 0 error(s), 0 warning(s) | "
"addit_ah_mm","75512","UNKNOWN","UNKNOWN","2026-09-13","","0","0","0","Logix Designer - AddProbe in addit_ah_mm.ACD [1756-L81E 35.11]*","Complete - 0 error(s), 0 warning(s) | "
"addit_ah_mh","86360","UNKNOWN","UNKNOWN","2026-09-13","","0","0","0","Logix Designer - AddProbe in addit_ah_mh.ACD [1756-L81E 35.11]*","Complete - 0 error(s), 0 warning(s) | "
"stx_ops00_dint","59376","UNKNOWN","UNKNOWN","2026-09-13","","0","0","0","Logix Designer - StxOps00D in stx_ops00_dint.ACD [1756-L81E 35.11]*","Complete - 0 error(s), 0 warning(s) | "
"stx_ops01_dint","63376","UNKNOWN","UNKNOWN","2026-09-13","","0","0","0","Logix Designer - StxOps01D in stx_ops01_dint.ACD [1756-L81E 35.11]*","Complete - 0 error(s), 0 warning(s) | "
"stx_ops02_dint","171376","UNKNOWN","UNKNOWN","2026-09-13","","0","0","0","Logix Designer - StxOps02D in stx_ops02_dint.ACD [1756-L81E 35.11]*","Complete - 0 error(s), 0 warning(s) | "
"stx_ops03_dint","195376","UNKNOWN","UNKNOWN","2026-09-13","","0","0","0","Logix Designer - StxOps03D in stx_ops03_dint.ACD [1756-L81E 35.11]*","Complete - 0 error(s), 0 warning(s) | "
"stx_ops04_dint","219376","UNKNOWN","UNKNOWN","2026-09-13","","0","0","0","Logix Designer - StxOps04D in stx_ops04_dint.ACD [1756-L81E 35.11]*","Complete - 0 error(s), 0 warning(s) | "
"stx_ops05_dint","243376","UNKNOWN","UNKNOWN","2026-09-13","","0","0","0","Logix Designer - StxOps05D in stx_ops05_dint.ACD [1756-L81E 35.11]*","Complete - 0 error(s), 0 warning(s) | "
"stx_ops06_dint","267376","UNKNOWN","UNKNOWN","2026-09-13","","0","0","0","Logix Designer - StxOps06D in stx_ops06_dint.ACD [1756-L81E 35.11]*","Complete - 0 error(s), 0 warning(s) | "
"stx_ops08_dint","315376","UNKNOWN","UNKNOWN","2026-09-13","","0","0","0","Logix Designer - StxOps08D in stx_ops08_dint.ACD [1756-L81E 35.11]*","Complete - 0 error(s), 0 warning(s) | "
"stx_ops10_dint","363376","UNKNOWN","UNKNOWN","2026-09-13","","0","0","0","Logix Designer - StxOps10D in stx_ops10_dint.ACD [1756-L81E 35.11]*","Complete - 0 error(s), 0 warning(s) | "
"stx_ops12_dint","411376","UNKNOWN","UNKNOWN","2026-09-13","","0","0","0","Logix Designer - StxOps12D in stx_ops12_dint.ACD [1756-L81E 35.11]*","Complete - 0 error(s), 0 warning(s) | "
"stx_ops00_real","83376","UNKNOWN","UNKNOWN","2026-09-13","","0","0","0","Logix Designer - StxOps00R in stx_ops00_real.ACD [1756-L81E 35.11]*","Complete - 0 error(s), 0 warning(s) | "
"stx_ops01_real","79376","UNKNOWN","UNKNOWN","2026-09-13","","0","0","0","Logix Designer - StxOps01R in stx_ops01_real.ACD [1756-L81E 35.11]*","Complete - 0 error(s), 0 warning(s) | "
"stx_ops02_real","227376","UNKNOWN","UNKNOWN","2026-09-13","","0","0","0","Logix Designer - StxOps02R in stx_ops02_real.ACD [1756-L81E 35.11]*","Complete - 0 error(s), 0 warning(s) | "
"stx_ops03_real","267376","UNKNOWN","UNKNOWN","2026-09-13","","0","0","0","Logix Designer - StxOps03R in stx_ops03_real.ACD [1756-L81E 35.11]*","Complete - 0 error(s), 0 warning(s) | "
"stx_ops04_real","307376","UNKNOWN","UNKNOWN","2026-09-13","","0","0","0","Logix Designer - StxOps04R in stx_ops04_real.ACD [1756-L81E 35.11]*","Complete - 0 error(s), 0 warning(s) | "
"stx_ops05_real","347376","UNKNOWN","UNKNOWN","2026-09-13","","0","0","0","Logix Designer - StxOps05R in stx_ops05_real.ACD [1756-L81E 35.11]*","Complete - 0 error(s), 0 warning(s) | "
"stx_ops06_real","387376","UNKNOWN","UNKNOWN","2026-09-13","","0","0","0","Logix Designer - StxOps06R in stx_ops06_real.ACD [1756-L81E 35.11]*","Complete - 0 error(s), 0 warning(s) | "
"stx_ops08_real","467376","UNKNOWN","UNKNOWN","2026-09-13","","0","0","0","Logix Designer - StxOps08R in stx_ops08_real.ACD [1756-L81E 35.11]*","Complete - 0 error(s), 0 warning(s) | "
"stx_ops10_real","547376","UNKNOWN","UNKNOWN","2026-09-13","","0","0","0","Logix Designer - StxOps10R in stx_ops10_real.ACD [1756-L81E 35.11]*","Complete - 0 error(s), 0 warning(s) | "
"stx_ops12_real","627376","UNKNOWN","UNKNOWN","2026-09-13","","0","0","0","Logix Designer - StxOps12R in stx_ops12_real.ACD [1756-L81E 35.11]*","Complete - 0 error(s), 0 warning(s) | "
"stx_opkind_add","219376","UNKNOWN","UNKNOWN","2026-09-13","","0","0","0","Logix Designer - StxOpKindAdd in stx_opkind_add.ACD [1756-L81E 35.11]*","Complete - 0 error(s), 0 warning(s) | "
"stx_opkind_mul","283376","UNKNOWN","UNKNOWN","2026-09-13","","0","0","0","Logix Designer - StxOpKindMul in stx_opkind_mul.ACD [1756-L81E 35.11]*","Complete - 0 error(s), 0 warning(s) | "
"stx_opkind_div","283376","UNKNOWN","UNKNOWN","2026-09-13","","0","0","0","Logix Designer - StxOpKindDiv in stx_opkind_div.ACD [1756-L81E 35.11]*","Complete - 0 error(s), 0 warning(s) | "
"stx_opkind_mod","283376","UNKNOWN","UNKNOWN","2026-09-13","","0","0","0","Logix Designer - StxOpKindMod in stx_opkind_mod.ACD [1756-L81E 35.11]*","Complete - 0 error(s), 0 warning(s) | "
"stx_opkind_and","219376","UNKNOWN","UNKNOWN","2026-09-13","","0","0","0","Logix Designer - StxOpKindAnd in stx_opkind_and.ACD [1756-L81E 35.11]*","Complete - 0 error(s), 0 warning(s) | "
"stx_opkind_xor","219376","UNKNOWN","UNKNOWN","2026-09-13","","0","0","0","Logix Designer - StxOpKindXor in stx_opkind_xor.ACD [1756-L81E 35.11]*","Complete - 0 error(s), 0 warning(s) | "
"stx_call_aoi_p01","177048","UNKNOWN","UNKNOWN","2026-09-13","","0","0","0","Logix Designer - StxCallP01 in stx_call_aoi_p01.ACD [1756-L81E 35.11]*","Complete - 0 error(s), 1 warning(s) | "
"stx_call_aoi_p02","193080","UNKNOWN","UNKNOWN","2026-09-13","","0","0","0","Logix Designer - StxCallP02 in stx_call_aoi_p02.ACD [1756-L81E 35.11]*","Complete - 0 error(s), 1 warning(s) | "
"stx_call_aoi_p04","225136","UNKNOWN","UNKNOWN","2026-09-13","","0","0","0","Logix Designer - StxCallP04 in stx_call_aoi_p04.ACD [1756-L81E 35.11]*","Complete - 0 error(s), 1 warning(s) | "
"stx_call_aoi_p08","289240","UNKNOWN","UNKNOWN","2026-09-13","","0","0","0","Logix Designer - StxCallP08 in stx_call_aoi_p08.ACD [1756-L81E 35.11]*","Complete - 0 error(s), 1 warning(s) | "
"platform_plateql81_d0000","18128","UNKNOWN","UNKNOWN","2026-09-13","","0","0","0","Logix Designer - PlatEqL81D0000 in platform_plateql81_d0000.ACD [1756-L81E 35.11]*","Complete - 0 error(s), 0 warning(s) | "
"platform_plateql81_d0025","25108","UNKNOWN","UNKNOWN","2026-09-13","","0","0","0","Logix Designer - PlatEqL81D0025 in platform_plateql81_d0025.ACD [1756-L81E 35.11]*","Complete - 0 error(s), 1 warning(s) | "
"platform_plateql81_d0100","44608","UNKNOWN","UNKNOWN","2026-09-13","","0","0","0","Logix Designer - PlatEqL81D0100 in platform_plateql81_d0100.ACD [1756-L81E 35.11]*","Complete - 0 error(s), 1 warning(s) | "
"platform_plateql81_d0400","122608","UNKNOWN","UNKNOWN","2026-09-13","","0","0","0","Logix Designer - PlatEqL81D0400 in platform_plateql81_d0400.ACD [1756-L81E 35.11]*","Complete - 0 error(s), 1 warning(s) | "
"platform_plateql81_d1600","434608","UNKNOWN","UNKNOWN","2026-09-13","","0","0","0","Logix Designer - PlatEqL81D1600 in platform_plateql81_d1600.ACD [1756-L81E 35.11]*","Complete - 0 error(s), 1 warning(s) | "
"platform_plateql306_d0000","18160","UNKNOWN","UNKNOWN","2026-09-13","","0","0","0","Logix Designer - PlatEqL306D0000 in platform_plateql306_d0000.ACD [5069-L306ER 35.11]*","Complete - 0 error(s), 0 warning(s) | "
"platform_plateql306_d0025","25140","UNKNOWN","UNKNOWN","2026-09-13","","0","0","0","Logix Designer - PlatEqL306D0025 in platform_plateql306_d0025.ACD [5069-L306ER 35.11]*","Complete - 0 error(s), 1 warning(s) | "
"platform_plateql306_d0100","44640","UNKNOWN","UNKNOWN","2026-09-13","","0","0","0","Logix Designer - PlatEqL306D0100 in platform_plateql306_d0100.ACD [5069-L306ER 35.11]*","Complete - 0 error(s), 1 warning(s) | "
"platform_plateql306_d0400","122640","UNKNOWN","UNKNOWN","2026-09-13","","0","0","0","Logix Designer - PlatEqL306D0400 in platform_plateql306_d0400.ACD [5069-L306ER 35.11]*","Complete - 0 error(s), 1 warning(s) | "
"platform_plateql306_d1600","434640","UNKNOWN","UNKNOWN","2026-09-13","","0","0","0","Logix Designer - PlatEqL306D1600 in platform_plateql306_d1600.ACD [5069-L306ER 35.11]*","Complete - 0 error(s), 1 warning(s) | "
"asmclose_2198_d012_ers3_n08","52240","","","2026-09-14","PROCTYPE-UNREAD","0","0","0","Logix Designer - AsmDrv2198D012ERS3 in asmclose_2198_d012_ers3_n08.ACD [1756-L81E 35.11]*","Complete - 0 error(s), 0 warning(s) | "
"asmclose_2198_d020_ers3_n08","52240","UNKNOWN","UNKNOWN","2026-09-15","PROCTYPE-UNREAD","0","0","0","Logix Designer - AsmDrv2198D020ERS3 in asmclose_2198_d020_ers3_n08.ACD [1756-L81E 35.11]*","Complete - 0 error(s), 0 warning(s) | "
"asmclose_2198_d032_ers3_n08","52240","UNKNOWN","UNKNOWN","2026-09-15","PROCTYPE-UNREAD","0","0","0","Logix Designer - AsmDrv2198D032ERS3 in asmclose_2198_d032_ers3_n08.ACD [1756-L81E 35.11]*","Complete - 0 error(s), 0 warning(s) | "
"asmclose_2198_d057_ers3_n08","52240","UNKNOWN","UNKNOWN","2026-09-15","PROCTYPE-UNREAD","0","0","0","Logix Designer - AsmDrv2198D057ERS3 in asmclose_2198_d057_ers3_n08.ACD [1756-L81E 35.11]*","Complete - 0 error(s), 0 warning(s) | "
"asmclose_2198_s086_ers3_n08","48232","","","2026-09-14","PROCTYPE-UNREAD","0","0","0","Logix Designer - AsmDrv2198S086ERS3 in asmclose_2198_s086_ers3_n08.ACD [1756-L81E 35.11]*","Complete - 0 error(s), 0 warning(s) | "
"asmclose_2198_s130_ers3_n08","50128","UNKNOWN","UNKNOWN","2026-09-15","PROCTYPE-UNREAD","0","0","0","Logix Designer - AsmDrv2198S130ERS3 in asmclose_2198_s130_ers3_n08.ACD [1756-L81E 35.11]*","Complete - 0 error(s), 0 warning(s) | "
"asmclose_440c_cr30_22bbb_a_1conn_n08","31240","UNKNOWN","UNKNOWN","2026-09-13","","0","0","0","Logix Designer - AsmClo440CCR3022BBBA1con in asmclose_440c_cr30_22bbb_a_1conn_n08.ACD [1756-L81E 35.11]*","Complete - 0 error(s), 0 warning(s) | "
"asmclose_1756_ib16if_a_1conn_n08","42608","UNKNOWN","UNKNOWN","2026-09-13","","0","0","0","Logix Designer - AsmClo1756IB16IFA1con in asmclose_1756_ib16if_a_1conn_n08.ACD [1756-L81E 35.11]*","Complete - 0 error(s), 0 warning(s) | "
"asmclose_powerflex_755_eenet_cm_s_1conn_n08","44192","UNKNOWN","UNKNOWN","2026-09-13","","0","0","0","Logix Designer - AsmCloPowerFlex755EE1con in asmclose_powerflex_755_eenet_cm_s_1conn_n08.ACD [1756-L81E 35.11]*","Complete - 0 error(s), 0 warning(s) | "
"asmclose_842e_cm_m_1conn_n08","42296","UNKNOWN","UNKNOWN","2026-09-13","","0","0","0","Logix Designer - AsmClo842ECMM1con in asmclose_842e_cm_m_1conn_n08.ACD [1756-L81E 35.11]*","Complete - 0 error(s), 0 warning(s) | "
"asmclose_1756_en4tr_1conn_n08","36480","UNKNOWN","UNKNOWN","2026-09-13","","0","0","0","Logix Designer - AsmClo1756EN4TR1con in asmclose_1756_en4tr_1conn_n08.ACD [1756-L81E 35.11]*","Complete - 0 error(s), 0 warning(s) | "
"asmclose_1734_aent_c_1conn_n08","27416","UNKNOWN","UNKNOWN","2026-09-13","","0","0","0","Logix Designer - AsmClo1734AENTC1con in asmclose_1734_aent_c_1conn_n08.ACD [1756-L81E 35.11]*","Complete - 0 error(s), 0 warning(s) | "
"asmclose_1756_ib32_b_1conn_n08","26280","UNKNOWN","UNKNOWN","2026-09-13","","0","0","0","Logix Designer - AsmClo1756IB32B1con in asmclose_1756_ib32_b_1conn_n08.ACD [1756-L81E 35.11]*","Complete - 0 error(s), 0 warning(s) | "
"asmclose_1756_ib16_1conn_n08","26280","UNKNOWN","UNKNOWN","2026-09-13","","0","0","0","Logix Designer - AsmClo1756IB161con in asmclose_1756_ib16_1conn_n08.ACD [1756-L81E 35.11]*","Complete - 0 error(s), 0 warning(s) | "
"asmclose_1794_aent_1conn_n08","28288","UNKNOWN","UNKNOWN","2026-09-13","","0","0","0","Logix Designer - AsmClo1794AENT1con in asmclose_1794_aent_1conn_n08.ACD [1756-L81E 35.11]*","Complete - 0 error(s), 0 warning(s) | "
"asmclose_1734_aent_b_1conn_n08","27544","UNKNOWN","UNKNOWN","2026-09-13","","0","0","0","Logix Designer - AsmClo1734AENTB1con in asmclose_1734_aent_b_1conn_n08.ACD [1756-L81E 35.11]*","Complete - 0 error(s), 0 warning(s) | "
"asmclose_al1222_1conn_n08","18128","UNKNOWN","UNKNOWN","2026-09-13","","0","0","0","Logix Designer - AsmCloAL12221con in asmclose_al1222_1conn_n08.ACD [1756-L81E 35.11]*","Complete - 0 error(s), 0 warning(s) | "
"modmarg_mixq1_x1","25136","UNKNOWN","UNKNOWN","2026-09-13","","0","0","0","Logix Designer - ModMargMixQ1X1 in modmarg_mixq1_x1.ACD [1756-L81E 35.11]*","Complete - 0 error(s), 0 warning(s) | "
"modmarg_mixq1_x2","29376","UNKNOWN","UNKNOWN","2026-09-13","","0","0","0","Logix Designer - ModMargMixQ1X2 in modmarg_mixq1_x2.ACD [1756-L81E 35.11]*","Complete - 0 error(s), 0 warning(s) | "
"modmarg_mixq1_x2rev","29376","UNKNOWN","UNKNOWN","2026-09-13","","0","0","0","Logix Designer - ModMargMixQ1X2Rev in modmarg_mixq1_x2rev.ACD [1756-L81E 35.11]*","Complete - 0 error(s), 0 warning(s) | "
"modmarg_mixq2_x1","33832","UNKNOWN","UNKNOWN","2026-09-13","","0","0","0","Logix Designer - ModMargMixQ2X1 in modmarg_mixq2_x1.ACD [1756-L81E 35.11]*","Complete - 0 error(s), 0 warning(s) | "
"modmarg_mixq2_x2","42048","UNKNOWN","UNKNOWN","2026-09-13","","0","0","0","Logix Designer - ModMargMixQ2X2 in modmarg_mixq2_x2.ACD [1756-L81E 35.11]*","Complete - 0 error(s), 0 warning(s) | "
"modmarg_mixq2_x2rev","42048","UNKNOWN","UNKNOWN","2026-09-13","","0","0","0","Logix Designer - ModMargMixQ2X2Rev in modmarg_mixq2_x2rev.ACD [1756-L81E 35.11]*","Complete - 0 error(s), 0 warning(s) | "
"modmarg_mixq3_x1","32320","UNKNOWN","UNKNOWN","2026-09-13","","0","0","0","Logix Designer - ModMargMixQ3X1 in modmarg_mixq3_x1.ACD [1756-L81E 35.11]*","Complete - 0 error(s), 0 warning(s) | "
"modmarg_mixq3_x2","39416","UNKNOWN","UNKNOWN","2026-09-13","","0","0","0","Logix Designer - ModMargMixQ3X2 in modmarg_mixq3_x2.ACD [1756-L81E 35.11]*","Complete - 0 error(s), 0 warning(s) | "
"modmarg_mixq3_x2rev","39416","UNKNOWN","UNKNOWN","2026-09-13","","0","0","0","Logix Designer - ModMargMixQ3X2Rev in modmarg_mixq3_x2rev.ACD [1756-L81E 35.11]*","Complete - 0 error(s), 0 warning(s) | "
"modmarg_drvaxis_2198_d012_ers3_n01","46632","","","2026-09-14","PROCTYPE-UNREAD","1","4","0","Logix Designer - MMDrvAx2198D012ERS3N01 in modmarg_drvaxis_2198_d012_ers3_n01.ACD [1756-L81E 35.11]","Error: Drv1: Primary Bus Sharing Group 1 contains a module configured as Shared DC or Shared DC/DC with no module configured as Shared AC/DC or Shared DC - Non-CIP Converter. | Complete - 1 error(s), 4 warning(s) | "
"modmarg_drvaxis_2198_d012_ers3_n02","72992","","","2026-09-14","PROCTYPE-UNREAD","2","8","0","Logix Designer - MMDrvAx2198D012ERS3N02 in modmarg_drvaxis_2198_d012_ers3_n02.ACD [1756-L81E 35.11]","Error: Drv1: Primary Bus Sharing Group 1 contains a module configured as Shared DC or Shared DC/DC with no module configured as Shared AC/DC or Shared DC - Non-CIP Converter. | Error: Drv2: Primary Bus Sharing Group 1 contains a module configured as Shared DC or Shared DC/DC with no module configure"
"modmarg_drvaxis_2198_d012_ers3_n04","125712","","","2026-09-14","PROCTYPE-UNREAD","4","16","0","Logix Designer - MMDrvAx2198D012ERS3N04 in modmarg_drvaxis_2198_d012_ers3_n04.ACD [1756-L81E 35.11]","Error: Drv3: Primary Bus Sharing Group 1 contains a module configured as Shared DC or Shared DC/DC with no module configured as Shared AC/DC or Shared DC - Non-CIP Converter. | Error: Drv1: Primary Bus Sharing Group 1 contains a module configured as Shared DC or Shared DC/DC with no module configure"
"modmarg_drvaxis_2198_d012_ers3_n08","231152","","","2026-09-14","PROCTYPE-UNREAD","8","32","0","Logix Designer - MMDrvAx2198D012ERS3N08 in modmarg_drvaxis_2198_d012_ers3_n08.ACD [1756-L81E 35.11]","Error: Drv6: Primary Bus Sharing Group 1 contains a module configured as Shared DC or Shared DC/DC with no module configured as Shared AC/DC or Shared DC - Non-CIP Converter. | Error: Drv8: Primary Bus Sharing Group 1 contains a module configured as Shared DC or Shared DC/DC with no module configure"
"modmarg_drvaxis_2198_s086_ers3_n01","46632","","","2026-09-14","PROCTYPE-UNREAD","1","4","0","Logix Designer - MMDrvAx2198S086ERS3N01 in modmarg_drvaxis_2198_s086_ers3_n01.ACD [1756-L81E 35.11]","Error: Drv1: Primary Bus Sharing Group 1 contains a module configured as Shared DC or Shared DC/DC with no module configured as Shared AC/DC or Shared DC - Non-CIP Converter. | Complete - 1 error(s), 4 warning(s) | "
"modmarg_drvaxis_2198_s086_ers3_n02","72992","","","2026-09-14","PROCTYPE-UNREAD","2","8","0","Logix Designer - MMDrvAx2198S086ERS3N02 in modmarg_drvaxis_2198_s086_ers3_n02.ACD [1756-L81E 35.11]","Error: Drv1: Primary Bus Sharing Group 1 contains a module configured as Shared DC or Shared DC/DC with no module configured as Shared AC/DC or Shared DC - Non-CIP Converter. | Error: Drv2: Primary Bus Sharing Group 1 contains a module configured as Shared DC or Shared DC/DC with no module configure"
"modmarg_ob32chain_n01","21760","UNKNOWN","UNKNOWN","2026-09-13","","0","0","0","Logix Designer - ModMargOb32N01 in modmarg_ob32chain_n01.ACD [1756-L81E 35.11]*","Complete - 0 error(s), 0 warning(s) | "
"modmarg_ob32chain_n02","24080","UNKNOWN","UNKNOWN","2026-09-13","","0","0","0","Logix Designer - ModMargOb32N02 in modmarg_ob32chain_n02.ACD [1756-L81E 35.11]*","Complete - 0 error(s), 0 warning(s) | "
"modmarg_ob32chain_n04","28720","UNKNOWN","UNKNOWN","2026-09-13","","0","0","0","Logix Designer - ModMargOb32N04 in modmarg_ob32chain_n04.ACD [1756-L81E 35.11]*","Complete - 0 error(s), 0 warning(s) | "
"modmarg_ob32chain_n08","38000","UNKNOWN","UNKNOWN","2026-09-13","","0","0","0","Logix Designer - ModMargOb32N08 in modmarg_ob32chain_n08.ACD [1756-L81E 35.11]*","Complete - 0 error(s), 0 warning(s) | "
"dscale2_aoi_d001_t001_call","20040","UNKNOWN","UNKNOWN","2026-09-13","","0","0","0","Logix Designer - Dscale2AoiT001 in dscale2_aoi_d001_t001_call.ACD [1756-L81E 35.11]*","Complete - 0 error(s), 0 warning(s) | "
"dscale2_aoi_d001_t001_nocall","19528","UNKNOWN","UNKNOWN","2026-09-13","","0","0","0","Logix Designer - Dscale2AoiNc001 in dscale2_aoi_d001_t001_nocall.ACD [1756-L81E 35.11]*","Complete - 0 error(s), 0 warning(s) | "
"dscale2_aoi_d001_t002_call","20312","UNKNOWN","UNKNOWN","2026-09-13","","0","0","0","Logix Designer - Dscale2AoiT002 in dscale2_aoi_d001_t002_call.ACD [1756-L81E 35.11]*","Complete - 0 error(s), 0 warning(s) | "
"dscale2_aoi_d001_t005_call","21128","UNKNOWN","UNKNOWN","2026-09-13","","0","0","0","Logix Designer - Dscale2AoiT005 in dscale2_aoi_d001_t005_call.ACD [1756-L81E 35.11]*","Complete - 0 error(s), 0 warning(s) | "
"dscale2_aoi_d001_t005_nocall","19944","UNKNOWN","UNKNOWN","2026-09-13","","0","0","0","Logix Designer - Dscale2AoiNc005 in dscale2_aoi_d001_t005_nocall.ACD [1756-L81E 35.11]*","Complete - 0 error(s), 0 warning(s) | "
"dscale2_aoi_d001_t010_call","22488","UNKNOWN","UNKNOWN","2026-09-13","","0","0","0","Logix Designer - Dscale2AoiT010 in dscale2_aoi_d001_t010_call.ACD [1756-L81E 35.11]*","Complete - 0 error(s), 0 warning(s) | "
"dscale2_aoi_d001_t020_call","25208","UNKNOWN","UNKNOWN","2026-09-13","","0","0","0","Logix Designer - Dscale2AoiT020 in dscale2_aoi_d001_t020_call.ACD [1756-L81E 35.11]*","Complete - 0 error(s), 0 warning(s) | "
"dscale2_aoi_d001_t020_nocall","21504","UNKNOWN","UNKNOWN","2026-09-13","","0","0","0","Logix Designer - Dscale2AoiNc020 in dscale2_aoi_d001_t020_nocall.ACD [1756-L81E 35.11]*","Complete - 0 error(s), 0 warning(s) | "
"dscale2_aoi_d001_t040_call","30648","UNKNOWN","UNKNOWN","2026-09-13","","0","0","0","Logix Designer - Dscale2AoiT040 in dscale2_aoi_d001_t040_call.ACD [1756-L81E 35.11]*","Complete - 0 error(s), 0 warning(s) | "
"dscale2_aoi_d001_t060_call","36088","UNKNOWN","UNKNOWN","2026-09-13","","0","0","0","Logix Designer - Dscale2AoiT060 in dscale2_aoi_d001_t060_call.ACD [1756-L81E 35.11]*","Complete - 0 error(s), 0 warning(s) | "
"dscale2_aoi_d001_t060_nocall","25664","UNKNOWN","UNKNOWN","2026-09-13","","0","0","0","Logix Designer - Dscale2AoiNc060 in dscale2_aoi_d001_t060_nocall.ACD [1756-L81E 35.11]*","Complete - 0 error(s), 0 warning(s) | "
"dscale2_aoi_d001_t100_call","46968","UNKNOWN","UNKNOWN","2026-09-13","","0","0","0","Logix Designer - Dscale2AoiT100 in dscale2_aoi_d001_t100_call.ACD [1756-L81E 35.11]*","Complete - 0 error(s), 0 warning(s) | "
"dscale2_aoi_d001_t001_c005","20712","UNKNOWN","UNKNOWN","2026-09-13","","0","0","0","Logix Designer - Dscale2AoiC005 in dscale2_aoi_d001_t001_c005.ACD [1756-L81E 35.11]*","Complete - 0 error(s), 1 warning(s) | "
"dscale2_aoi_d001_t001_c020","23232","UNKNOWN","UNKNOWN","2026-09-13","","0","0","0","Logix Designer - Dscale2AoiC020 in dscale2_aoi_d001_t001_c020.ACD [1756-L81E 35.11]*","Complete - 0 error(s), 1 warning(s) | "
"dscale2_aoi_d001_t001_c060","29952","UNKNOWN","UNKNOWN","2026-09-13","","0","0","0","Logix Designer - Dscale2AoiC060 in dscale2_aoi_d001_t001_c060.ACD [1756-L81E 35.11]*","Complete - 0 error(s), 1 warning(s) | "
"dscale2_aoi_d005_t005_nocall","25168","UNKNOWN","UNKNOWN","2026-09-13","","0","0","0","Logix Designer - Dscale2AoiD005Nc in dscale2_aoi_d005_t005_nocall.ACD [1756-L81E 35.11]*","Complete - 0 error(s), 0 warning(s) | "
"dscale2_aoi_d020_t020_nocall","46288","UNKNOWN","UNKNOWN","2026-09-13","","0","0","0","Logix Designer - Dscale2AoiD020Nc in dscale2_aoi_d020_t020_nocall.ACD [1756-L81E 35.11]*","Complete - 0 error(s), 0 warning(s) | "
"dscale2_aoi_d060_t060_nocall","102608","UNKNOWN","UNKNOWN","2026-09-13","","0","0","0","Logix Designer - Dscale2AoiD060Nc in dscale2_aoi_d060_t060_nocall.ACD [1756-L81E 35.11]*","Complete - 0 error(s), 0 warning(s) | "
"dscale2_aoi_arr002","19552","UNKNOWN","UNKNOWN","2026-09-13","","0","0","0","Logix Designer - Dscale2AoiArr002 in dscale2_aoi_arr002.ACD [1756-L81E 35.11]*","Complete - 0 error(s), 0 warning(s) | "
"dscale2_aoi_arr010","19712","UNKNOWN","UNKNOWN","2026-09-13","","0","0","0","Logix Designer - Dscale2AoiArr010 in dscale2_aoi_arr010.ACD [1756-L81E 35.11]*","Complete - 0 error(s), 0 warning(s) | "
"dscale2_aoi_arr050","20512","UNKNOWN","UNKNOWN","2026-09-13","","0","0","0","Logix Designer - Dscale2AoiArr050 in dscale2_aoi_arr050.ACD [1756-L81E 35.11]*","Complete - 0 error(s), 0 warning(s) | "
"dscale2_udt_u001_t001","18496","UNKNOWN","UNKNOWN","2026-09-13","","0","0","0","Logix Designer - Dscale2Udt001T001 in dscale2_udt_u001_t001.ACD [1756-L81E 35.11]*","Complete - 0 error(s), 0 warning(s) | "
"dscale2_udt_u001_t002","18600","UNKNOWN","UNKNOWN","2026-09-13","","0","0","0","Logix Designer - Dscale2Udt001T002 in dscale2_udt_u001_t002.ACD [1756-L81E 35.11]*","Complete - 0 error(s), 0 warning(s) | "
"dscale2_udt_u001_t005","18912","UNKNOWN","UNKNOWN","2026-09-13","","0","0","0","Logix Designer - Dscale2Udt001T005 in dscale2_udt_u001_t005.ACD [1756-L81E 35.11]*","Complete - 0 error(s), 0 warning(s) | "
"dscale2_udt_u001_t010","19432","UNKNOWN","UNKNOWN","2026-09-13","","0","0","0","Logix Designer - Dscale2Udt001T010 in dscale2_udt_u001_t010.ACD [1756-L81E 35.11]*","Complete - 0 error(s), 0 warning(s) | "
"dscale2_udt_u001_t025","20992","UNKNOWN","UNKNOWN","2026-09-13","","0","0","0","Logix Designer - Dscale2Udt001T025 in dscale2_udt_u001_t025.ACD [1756-L81E 35.11]*","Complete - 0 error(s), 0 warning(s) | "
"dscale2_udt_u001_t050","23592","UNKNOWN","UNKNOWN","2026-09-13","","0","0","0","Logix Designer - Dscale2Udt001T050 in dscale2_udt_u001_t050.ACD [1756-L81E 35.11]*","Complete - 0 error(s), 0 warning(s) | "
"dscale2_udt_u001_t100","28792","UNKNOWN","UNKNOWN","2026-09-13","","0","0","0","Logix Designer - Dscale2Udt001T100 in dscale2_udt_u001_t100.ACD [1756-L81E 35.11]*","Complete - 0 error(s), 0 warning(s) | "
"dscale2_udt_u001_t200","39192","UNKNOWN","UNKNOWN","2026-09-13","","0","0","0","Logix Designer - Dscale2Udt001T200 in dscale2_udt_u001_t200.ACD [1756-L81E 35.11]*","Complete - 0 error(s), 0 warning(s) | "
"dscale2_udt_u001_t500","70392","UNKNOWN","UNKNOWN","2026-09-13","","0","0","0","Logix Designer - Dscale2Udt001T500 in dscale2_udt_u001_t500.ACD [1756-L81E 35.11]*","Complete - 0 error(s), 0 warning(s) | "
"dscale2_udt_u005_t001","19968","UNKNOWN","UNKNOWN","2026-09-13","","0","0","0","Logix Designer - Dscale2Udt005T001 in dscale2_udt_u005_t001.ACD [1756-L81E 35.11]*","Complete - 0 error(s), 0 warning(s) | "
"dscale2_udt_u005_t010","24648","UNKNOWN","UNKNOWN","2026-09-13","","0","0","0","Logix Designer - Dscale2Udt005T010 in dscale2_udt_u005_t010.ACD [1756-L81E 35.11]*","Complete - 0 error(s), 0 warning(s) | "
"dscale2_udt_u005_t050","45448","UNKNOWN","UNKNOWN","2026-09-13","","0","0","0","Logix Designer - Dscale2Udt005T050 in dscale2_udt_u005_t050.ACD [1756-L81E 35.11]*","Complete - 0 error(s), 0 warning(s) | "
"dscale2_udt_u025_t001","27328","UNKNOWN","UNKNOWN","2026-09-13","","0","0","0","Logix Designer - Dscale2Udt025T001 in dscale2_udt_u025_t001.ACD [1756-L81E 35.11]*","Complete - 0 error(s), 0 warning(s) | "
"dscale2_udt_u025_t010","50728","UNKNOWN","UNKNOWN","2026-09-13","","0","0","0","Logix Designer - Dscale2Udt025T010 in dscale2_udt_u025_t010.ACD [1756-L81E 35.11]*","Complete - 0 error(s), 0 warning(s) | "
"dscale2_udt_arr002","18504","UNKNOWN","UNKNOWN","2026-09-13","","0","0","0","Logix Designer - Dscale2UdtArr002 in dscale2_udt_arr002.ACD [1756-L81E 35.11]*","Complete - 0 error(s), 0 warning(s) | "
"dscale2_udt_arr010","18600","UNKNOWN","UNKNOWN","2026-09-13","","0","0","0","Logix Designer - Dscale2UdtArr010 in dscale2_udt_arr010.ACD [1756-L81E 35.11]*","Complete - 0 error(s), 0 warning(s) | "
"dscale2_udt_arr100","19680","UNKNOWN","UNKNOWN","2026-09-13","","0","0","0","Logix Designer - Dscale2UdtArr100 in dscale2_udt_arr100.ACD [1756-L81E 35.11]*","Complete - 0 error(s), 0 warning(s) | "
"dscale2_udt_arr500","24480","UNKNOWN","UNKNOWN","2026-09-13","","0","0","0","Logix Designer - Dscale2UdtArr500 in dscale2_udt_arr500.ACD [1756-L81E 35.11]*","Complete - 0 error(s), 0 warning(s) | "
"udtmn2_bool_len02_b04_t01","18488","UNKNOWN","UNKNOWN","2026-09-13","","0","0","0","Logix Designer - UdtMn2T02T01 in udtmn2_bool_len02_b04_t01.ACD [1756-L81E 35.11]*","Complete - 0 error(s), 0 warning(s) | "
"udtmn2_bool_len02_b04_t05","18840","UNKNOWN","UNKNOWN","2026-09-13","","0","0","0","Logix Designer - UdtMn2T02T05 in udtmn2_bool_len02_b04_t05.ACD [1756-L81E 35.11]*","Complete - 0 error(s), 0 warning(s) | "
"udtmn2_bool_len02_b04_t25","20600","UNKNOWN","UNKNOWN","2026-09-13","","0","0","0","Logix Designer - UdtMn2T02T25 in udtmn2_bool_len02_b04_t25.ACD [1756-L81E 35.11]*","Complete - 0 error(s), 0 warning(s) | "
"udtmn2_bool_len16_b04_t01","18544","UNKNOWN","UNKNOWN","2026-09-13","","0","0","0","Logix Designer - UdtMn2T16T01 in udtmn2_bool_len16_b04_t01.ACD [1756-L81E 35.11]*","Complete - 0 error(s), 0 warning(s) | "
"udtmn2_bool_len16_b04_t05","18896","UNKNOWN","UNKNOWN","2026-09-13","","0","0","0","Logix Designer - UdtMn2T16T05 in udtmn2_bool_len16_b04_t05.ACD [1756-L81E 35.11]*","Complete - 0 error(s), 0 warning(s) | "
"udtmn2_bool_len16_b04_t25","20656","UNKNOWN","UNKNOWN","2026-09-13","","0","0","0","Logix Designer - UdtMn2T16T25 in udtmn2_bool_len16_b04_t25.ACD [1756-L81E 35.11]*","Complete - 0 error(s), 0 warning(s) | "
"udtmn2_bool_len32_b04_t01","18608","UNKNOWN","UNKNOWN","2026-09-13","","0","0","0","Logix Designer - UdtMn2T32T01 in udtmn2_bool_len32_b04_t01.ACD [1756-L81E 35.11]*","Complete - 0 error(s), 0 warning(s) | "
"udtmn2_bool_len32_b04_t05","18960","UNKNOWN","UNKNOWN","2026-09-13","","0","0","0","Logix Designer - UdtMn2T32T05 in udtmn2_bool_len32_b04_t05.ACD [1756-L81E 35.11]*","Complete - 0 error(s), 0 warning(s) | "
"udtmn2_bool_len32_b04_t25","20720","UNKNOWN","UNKNOWN","2026-09-13","","0","0","0","Logix Designer - UdtMn2T32T25 in udtmn2_bool_len32_b04_t25.ACD [1756-L81E 35.11]*","Complete - 0 error(s), 0 warning(s) | "
"udtmn2_dint_len02_n04_t01","18456","UNKNOWN","UNKNOWN","2026-09-13","","0","0","0","Logix Designer - UdtMn2U02T01 in udtmn2_dint_len02_n04_t01.ACD [1756-L81E 35.11]*","Complete - 0 error(s), 0 warning(s) | "
"udtmn2_dint_len02_n04_t25","20760","UNKNOWN","UNKNOWN","2026-09-13","","0","0","0","Logix Designer - UdtMn2U02T25 in udtmn2_dint_len02_n04_t25.ACD [1756-L81E 35.11]*","Complete - 0 error(s), 0 warning(s) | "
"udtmn2_dint_len32_n04_t01","18576","UNKNOWN","UNKNOWN","2026-09-13","","0","0","0","Logix Designer - UdtMn2U32T01 in udtmn2_dint_len32_n04_t01.ACD [1756-L81E 35.11]*","Complete - 0 error(s), 0 warning(s) | "
"udtmn2_dint_len32_n04_t25","20880","UNKNOWN","UNKNOWN","2026-09-13","","0","0","0","Logix Designer - UdtMn2U32T25 in udtmn2_dint_len32_n04_t25.ACD [1756-L81E 35.11]*","Complete - 0 error(s), 0 warning(s) | "
"udtmn2_nest_len02","18592","UNKNOWN","UNKNOWN","2026-09-13","","0","0","0","Logix Designer - UdtMn2Nest02 in udtmn2_nest_len02.ACD [1756-L81E 35.11]*","Complete - 0 error(s), 0 warning(s) | "
"udtmn2_nest_len32","18832","UNKNOWN","UNKNOWN","2026-09-13","","0","0","0","Logix Designer - UdtMn2Nest32 in udtmn2_nest_len32.ACD [1756-L81E 35.11]*","Complete - 0 error(s), 0 warning(s) | "
"udtmn2_bool_len32_b04_arr010","18648","UNKNOWN","UNKNOWN","2026-09-13","","0","0","0","Logix Designer - UdtMn2Arr010 in udtmn2_bool_len32_b04_arr010.ACD [1756-L81E 35.11]*","Complete - 0 error(s), 0 warning(s) | "
"udtmn2_bool_len32_b04_arr100","19008","UNKNOWN","UNKNOWN","2026-09-13","","0","0","0","Logix Designer - UdtMn2Arr100 in udtmn2_bool_len32_b04_arr100.ACD [1756-L81E 35.11]*","Complete - 0 error(s), 0 warning(s) | "
"udtmn2_aoi_plen02","19416","UNKNOWN","UNKNOWN","2026-09-13","","0","0","0","Logix Designer - UdtMn2AoiP02 in udtmn2_aoi_plen02.ACD [1756-L81E 35.11]*","Complete - 0 error(s), 0 warning(s) | "
"udtmn2_aoi_llen02","19432","UNKNOWN","UNKNOWN","2026-09-13","","0","0","0","Logix Designer - UdtMn2AoiL02 in udtmn2_aoi_llen02.ACD [1756-L81E 35.11]*","Complete - 0 error(s), 0 warning(s) | "
"udtmn2_aoi_plen16","19472","UNKNOWN","UNKNOWN","2026-09-13","","0","0","0","Logix Designer - UdtMn2AoiP16 in udtmn2_aoi_plen16.ACD [1756-L81E 35.11]*","Complete - 0 error(s), 0 warning(s) | "
"udtmn2_aoi_llen16","19488","UNKNOWN","UNKNOWN","2026-09-13","","0","0","0","Logix Designer - UdtMn2AoiL16 in udtmn2_aoi_llen16.ACD [1756-L81E 35.11]*","Complete - 0 error(s), 0 warning(s) | "
"udtmn2_aoi_plen32","19536","UNKNOWN","UNKNOWN","2026-09-13","","0","0","0","Logix Designer - UdtMn2AoiP32 in udtmn2_aoi_plen32.ACD [1756-L81E 35.11]*","Complete - 0 error(s), 0 warning(s) | "
"udtmn2_aoi_llen32","19552","UNKNOWN","UNKNOWN","2026-09-13","","0","0","0","Logix Designer - UdtMn2AoiL32 in udtmn2_aoi_llen32.ACD [1756-L81E 35.11]*","Complete - 0 error(s), 0 warning(s) | "
"albool_n00001_def_only","19336","UNKNOWN","UNKNOWN","2026-09-13","","0","0","0","Logix Designer - ArrLocBoolN1AOI in albool_n00001_def_only.ACD [1756-L81E 35.11]*","Complete - 0 error(s), 0 warning(s) | "
"albool_n00008_def_only","19336","UNKNOWN","UNKNOWN","2026-09-13","","0","0","0","Logix Designer - ArrLocBoolN8AOI in albool_n00008_def_only.ACD [1756-L81E 35.11]*","Complete - 0 error(s), 0 warning(s) | "
"albool_n00016_def_only","19344","UNKNOWN","UNKNOWN","2026-09-13","","0","0","0","Logix Designer - ArrLocBoolN16AOI in albool_n00016_def_only.ACD [1756-L81E 35.11]*","Complete - 0 error(s), 0 warning(s) | "
"albool_n00032_def_only","19344","UNKNOWN","UNKNOWN","2026-09-13","","0","0","0","Logix Designer - ArrLocBoolN32AOI in albool_n00032_def_only.ACD [1756-L81E 35.11]*","Complete - 0 error(s), 0 warning(s) | "
"albool_n00033_def_only","19352","UNKNOWN","UNKNOWN","2026-09-13","","0","0","0","Logix Designer - ArrLocBoolN33AOI in albool_n00033_def_only.ACD [1756-L81E 35.11]*","Complete - 0 error(s), 0 warning(s) | "
"albool_n00050_def_only","19352","UNKNOWN","UNKNOWN","2026-09-13","","0","0","0","Logix Designer - ArrLocBoolN50AOI in albool_n00050_def_only.ACD [1756-L81E 35.11]*","Complete - 0 error(s), 0 warning(s) | "
"albool_n00064_def_only","19352","UNKNOWN","UNKNOWN","2026-09-13","","0","0","0","Logix Designer - ArrLocBoolN64AOI in albool_n00064_def_only.ACD [1756-L81E 35.11]*","Complete - 0 error(s), 0 warning(s) | "
"albool_n00065_def_only","19352","UNKNOWN","UNKNOWN","2026-09-13","","0","0","0","Logix Designer - ArrLocBoolN65AOI in albool_n00065_def_only.ACD [1756-L81E 35.11]*","Complete - 0 error(s), 0 warning(s) | "
"almult_n04_def_only","20200","UNKNOWN","UNKNOWN","2026-09-13","","0","0","0","Logix Designer - ArrLocMult4AOI in almult_n04_def_only.ACD [1756-L81E 35.11]*","Complete - 0 error(s), 0 warning(s) | "
"almult_n06_def_only","20640","UNKNOWN","UNKNOWN","2026-09-13","","0","0","0","Logix Designer - ArrLocMult6AOI in almult_n06_def_only.ACD [1756-L81E 35.11]*","Complete - 0 error(s), 0 warning(s) | "
"almult_n08_def_only","21080","UNKNOWN","UNKNOWN","2026-09-13","","0","0","0","Logix Designer - ArrLocMult8AOI in almult_n08_def_only.ACD [1756-L81E 35.11]*","Complete - 0 error(s), 0 warning(s) | "
"altype_motion_instruction_n00010_def_only","19512","UNKNOWN","UNKNOWN","2026-09-13","","0","0","0","Logix Designer - ArrLocMotionInstruAOI in altype_motion_instruction_n00010_def_only.ACD [1756-L81E 35.11]*","Complete - 0 error(s), 0 warning(s) | "
"altype_cam_profile_n00010_def_only","19904","UNKNOWN","UNKNOWN","2026-09-13","","0","0","0","Logix Designer - ArrLocCamProfileAOI in altype_cam_profile_n00010_def_only.ACD [1756-L81E 35.11]*","Complete - 0 error(s), 0 warning(s) | "
"altype_string_n00010_def_only","20216","UNKNOWN","UNKNOWN","2026-09-13","","0","0","0","Logix Designer - ArrLocStringAOI in altype_string_n00010_def_only.ACD [1756-L81E 35.11]*","Complete - 0 error(s), 0 warning(s) | "
"altype_timer_n00010_def_only","19456","UNKNOWN","UNKNOWN","2026-09-13","","0","0","0","Logix Designer - ArrLocTimerAOI in altype_timer_n00010_def_only.ACD [1756-L81E 35.11]*","Complete - 0 error(s), 0 warning(s) | "
"altype_counter_n00010_def_only","19464","UNKNOWN","UNKNOWN","2026-09-13","","0","0","0","Logix Designer - ArrLocCounterAOI in altype_counter_n00010_def_only.ACD [1756-L81E 35.11]*","Complete - 0 error(s), 0 warning(s) | "
"altype_control_n00010_def_only","19464","UNKNOWN","UNKNOWN","2026-09-13","","0","0","0","Logix Designer - ArrLocControlAOI in altype_control_n00010_def_only.ACD [1756-L81E 35.11]*","Complete - 0 error(s), 0 warning(s) | "
"aldim_n00024_def_only","19432","UNKNOWN","UNKNOWN","2026-09-13","","0","0","0","Logix Designer - ArrLocNbrN24AOI in aldim_n00024_def_only.ACD [1756-L81E 35.11]*","Complete - 0 error(s), 0 warning(s) | "
"aldim_n00025_def_only","19432","UNKNOWN","UNKNOWN","2026-09-13","","0","0","0","Logix Designer - ArrLocNbrN25AOI in aldim_n00025_def_only.ACD [1756-L81E 35.11]*","Complete - 0 error(s), 0 warning(s) | "
"aldim_n00026_def_only","19440","UNKNOWN","UNKNOWN","2026-09-13","","0","0","0","Logix Designer - ArrLocNbrN26AOI in aldim_n00026_def_only.ACD [1756-L81E 35.11]*","Complete - 0 error(s), 0 warning(s) | "
"axmarg_virtual_n01","36168","UNKNOWN","UNKNOWN","2026-09-13","","0","0","0","Logix Designer - AxMargVirt01 in axmarg_virtual_n01.ACD [1756-L81E 35.11]*","Complete - 0 error(s), 0 warning(s) | "
"axmarg_virtual_n02","53048","UNKNOWN","UNKNOWN","2026-09-13","","0","0","0","Logix Designer - AxMargVirt02 in axmarg_virtual_n02.ACD [1756-L81E 35.11]*","Complete - 0 error(s), 0 warning(s) | "
"axmarg_virtual_n04","86808","UNKNOWN","UNKNOWN","2026-09-13","","0","0","0","Logix Designer - AxMargVirt04 in axmarg_virtual_n04.ACD [1756-L81E 35.11]*","Complete - 0 error(s), 0 warning(s) | "
"axmarg_virtual_n08","154328","UNKNOWN","UNKNOWN","2026-09-13","","0","0","0","Logix Designer - AxMargVirt08 in axmarg_virtual_n08.ACD [1756-L81E 35.11]*","Complete - 0 error(s), 0 warning(s) | "
"axmarg_virtual_n12","221848","UNKNOWN","UNKNOWN","2026-09-13","","0","0","0","Logix Designer - AxMargVirt12 in axmarg_virtual_n12.ACD [1756-L81E 35.11]*","Complete - 0 error(s), 0 warning(s) | "
"axmarg_virtual_n16","289368","UNKNOWN","UNKNOWN","2026-09-13","","0","0","0","Logix Designer - AxMargVirt16 in axmarg_virtual_n16.ACD [1756-L81E 35.11]*","Complete - 0 error(s), 0 warning(s) | "
"axmarg_virtual_n20","356888","UNKNOWN","UNKNOWN","2026-09-13","","0","0","0","Logix Designer - AxMargVirt20 in axmarg_virtual_n20.ACD [1756-L81E 35.11]*","Complete - 0 error(s), 0 warning(s) | "
"axmarg_1cat_n02","96080","UNKNOWN","UNKNOWN","2026-09-15","PROCTYPE-UNREAD","0","8","0","Logix Designer - axmarg_1cat_n02 [1756-L81E 35.11]*","Complete - 0 error(s), 8 warning(s) | "
"axmarg_1cat_n04","145160","UNKNOWN","UNKNOWN","2026-09-15","PROCTYPE-UNREAD","0","16","0","Logix Designer - axmarg_1cat_n04 [1756-L81E 35.11]*","Complete - 0 error(s), 16 warning(s) | "
"axmarg_1cat_n08","243320","UNKNOWN","UNKNOWN","2026-09-15","PROCTYPE-UNREAD","0","32","0","Logix Designer - axmarg_1cat_n08 [1756-L81E 35.11]*","Complete - 0 error(s), 32 warning(s) | "
"axmarg_1cat_n12","341480","UNKNOWN","UNKNOWN","2026-09-15","PROCTYPE-UNREAD","0","48","0","Logix Designer - axmarg_1cat_n12 [1756-L81E 35.11]*","Complete - 0 error(s), 48 warning(s) | "
"axmarg_1cat_n20","537800","UNKNOWN","UNKNOWN","2026-09-15","PROCTYPE-UNREAD","0","80","0","Logix Designer - axmarg_1cat_n20 [1756-L81E 35.11]*","Complete - 0 error(s), 80 warning(s) | "
"axmarg_ncat_n08_1cat","243320","","","2026-09-14","PROCTYPE-UNREAD","8","32","0","Logix Designer - axmarg_ncat_n08_1cat [1756-L81E 35.11]","Error: Drv02: Primary Bus Sharing Group 3 contains a module configured as Shared DC or Shared DC/DC with no module configured as Shared AC/DC or Shared DC - Non-CIP Converter. | Error: Drv04: Primary Bus Sharing Group 3 contains a module configured as Shared DC or Shared DC/DC with no module configu"
"axmarg_ncat_n08_2cat","243320","UNKNOWN","UNKNOWN","2026-09-15","PROCTYPE-UNREAD","4","32","0","Logix Designer - axmarg_ncat_n08_2cat [1756-L81E 35.11]","Error: Drv01: Primary Bus Sharing Group 3 contains a module configured as Shared DC or Shared DC/DC with no module configured as Shared AC/DC or Shared DC - Non-CIP Converter. | Error: Drv03: Primary Bus Sharing Group 3 contains a module configured as Shared DC or Shared DC/DC with no module configu"
"axmarg_ncat_n08_4cat","243320","UNKNOWN","UNKNOWN","2026-09-15","PROCTYPE-UNREAD","2","32","0","Logix Designer - axmarg_ncat_n08_4cat [1756-L81E 35.11]","Error: Drv01: Primary Bus Sharing Group 3 contains a module configured as Shared DC or Shared DC/DC with no module configured as Shared AC/DC or Shared DC - Non-CIP Converter. | Error: Drv01: Primary Bus Sharing Group 3 contains a module configured as Shared DC or Shared DC/DC with no module configu"
"axmarg_mixed_n08","378360","UNKNOWN","UNKNOWN","2026-09-15","PROCTYPE-UNREAD","0","32","0","Logix Designer - AxMargMix08 in axmarg_mixed_n08.ACD [1756-L81E 35.11]*","Complete - 0 error(s), 32 warning(s) | "
"uwclose_event_n00010","20232","UNKNOWN","UNKNOWN","2026-09-15","PROCTYPE-UNREAD","0","0","0","Logix Designer - UwCloseEvent0010 in uwclose_event_n00010.ACD [1756-L81E 35.11]*","Complete - 0 error(s), 0 warning(s) | "
"uwclose_event_n00100","25272","UNKNOWN","UNKNOWN","2026-09-15","PROCTYPE-UNREAD","0","0","0","Logix Designer - UwCloseEvent0100 in uwclose_event_n00100.ACD [1756-L81E 35.11]*","Complete - 0 error(s), 0 warning(s) | "
"uwclose_event_n01000","75672","UNKNOWN","UNKNOWN","2026-09-15","PROCTYPE-UNREAD","0","0","0","Logix Designer - UwCloseEvent1000 in uwclose_event_n01000.ACD [1756-L81E 35.11]*","Complete - 0 error(s), 0 warning(s) | "
"genem_in002","20152","UNKNOWN","UNKNOWN","2026-09-13","","0","0","0","Logix Designer - genemin002 in genem_in002.ACD [1756-L81E 35.11]*","Complete - 0 error(s), 0 warning(s) | "
"genem_in004","20152","UNKNOWN","UNKNOWN","2026-09-13","","0","0","0","Logix Designer - genemin004 in genem_in004.ACD [1756-L81E 35.11]*","Complete - 0 error(s), 0 warning(s) | "
"genem_in010","20184","UNKNOWN","UNKNOWN","2026-09-13","","0","0","0","Logix Designer - genemin010 in genem_in010.ACD [1756-L81E 35.11]*","Complete - 0 error(s), 0 warning(s) | "
"genem_in032","20256","UNKNOWN","UNKNOWN","2026-09-13","","0","0","0","Logix Designer - genemin032 in genem_in032.ACD [1756-L81E 35.11]*","Complete - 0 error(s), 0 warning(s) | "
"genem_in064","20384","UNKNOWN","UNKNOWN","2026-09-13","","0","0","0","Logix Designer - genemin064 in genem_in064.ACD [1756-L81E 35.11]*","Complete - 0 error(s), 0 warning(s) | "
"genem_in128","20640","UNKNOWN","UNKNOWN","2026-09-13","","0","0","0","Logix Designer - genemin128 in genem_in128.ACD [1756-L81E 35.11]*","Complete - 0 error(s), 0 warning(s) | "
"genem_in256","21152","UNKNOWN","UNKNOWN","2026-09-13","","0","0","0","Logix Designer - genemin256 in genem_in256.ACD [1756-L81E 35.11]*","Complete - 0 error(s), 0 warning(s) | "
"genem_in450","21944","UNKNOWN","UNKNOWN","2026-09-13","","0","0","0","Logix Designer - genemin450 in genem_in450.ACD [1756-L81E 35.11]*","Complete - 0 error(s), 0 warning(s) | "
"genem_out002","20152","UNKNOWN","UNKNOWN","2026-09-13","","0","0","0","Logix Designer - genemout002 in genem_out002.ACD [1756-L81E 35.11]*","Complete - 0 error(s), 0 warning(s) | "
"genem_out004","20152","UNKNOWN","UNKNOWN","2026-09-13","","0","0","0","Logix Designer - genemout004 in genem_out004.ACD [1756-L81E 35.11]*","Complete - 0 error(s), 0 warning(s) | "
"genem_out008","20160","UNKNOWN","UNKNOWN","2026-09-13","","0","0","0","Logix Designer - genemout008 in genem_out008.ACD [1756-L81E 35.11]*","Complete - 0 error(s), 0 warning(s) | "
"genem_out016","20192","UNKNOWN","UNKNOWN","2026-09-13","","0","0","0","Logix Designer - genemout016 in genem_out016.ACD [1756-L81E 35.11]*","Complete - 0 error(s), 0 warning(s) | "
"genem_out032","20256","UNKNOWN","UNKNOWN","2026-09-13","","0","0","0","Logix Designer - genemout032 in genem_out032.ACD [1756-L81E 35.11]*","Complete - 0 error(s), 0 warning(s) | "
"genem_out064","20384","UNKNOWN","UNKNOWN","2026-09-13","","0","0","0","Logix Designer - genemout064 in genem_out064.ACD [1756-L81E 35.11]*","Complete - 0 error(s), 0 warning(s) | "
"genem_n01","20184","UNKNOWN","UNKNOWN","2026-09-13","","0","0","0","Logix Designer - genemn01 in genem_n01.ACD [1756-L81E 35.11]*","Complete - 0 error(s), 0 warning(s) | "
"genem_n02","21560","UNKNOWN","UNKNOWN","2026-09-13","","0","0","0","Logix Designer - genemn02 in genem_n02.ACD [1756-L81E 35.11]*","Complete - 0 error(s), 0 warning(s) | "
"genem_n04","24312","UNKNOWN","UNKNOWN","2026-09-13","","0","0","0","Logix Designer - genemn04 in genem_n04.ACD [1756-L81E 35.11]*","Complete - 0 error(s), 0 warning(s) | "
"genem_n08","29816","UNKNOWN","UNKNOWN","2026-09-13","","0","0","0","Logix Designer - genemn08 in genem_n08.ACD [1756-L81E 35.11]*","Complete - 0 error(s), 0 warning(s) | "
"genem_noconn","24096","","","2026-09-14","PROCTYPE-UNREAD","0","0","0","Logix Designer - genemnoconn in genem_noconn.ACD [1756-L81E 35.11]*","Complete - 0 error(s), 0 warning(s) | "
"genem_dtint_008","20160","UNKNOWN","UNKNOWN","2026-09-13","","0","0","0","Logix Designer - genemdtint008 in genem_dtint_008.ACD [1756-L81E 35.11]*","Complete - 0 error(s), 0 warning(s) | "
"genem_dtint_064","20384","UNKNOWN","UNKNOWN","2026-09-13","","0","0","0","Logix Designer - genemdtint064 in genem_dtint_064.ACD [1756-L81E 35.11]*","Complete - 0 error(s), 0 warning(s) | "
"genem_dtdint_064","20384","","","2026-09-14","PROCTYPE-UNREAD","0","0","0","Logix Designer - genemdtdint064 in genem_dtdint_064.ACD [1756-L81E 35.11]*","Complete - 0 error(s), 0 warning(s) | "
"genem_dtreal_064","20384","","","2026-09-14","PROCTYPE-UNREAD","0","0","0","Logix Designer - genemdtreal064 in genem_dtreal_064.ACD [1756-L81E 35.11]*","Complete - 0 error(s), 0 warning(s) | "
"genem_dtint_450","21944","UNKNOWN","UNKNOWN","2026-09-13","","0","0","0","Logix Designer - genemdtint450 in genem_dtint_450.ACD [1756-L81E 35.11]*","Complete - 0 error(s), 0 warning(s) | "
"cptpos_m1_n09","51552","UNKNOWN","UNKNOWN","2026-09-13","","0","0","0","Logix Designer - CptPosM1 in cptpos_m1_n09.ACD [1756-L81E 35.11]*","Complete - 0 error(s), 0 warning(s) | "
"cptpos_m2_n09","51552","UNKNOWN","UNKNOWN","2026-09-13","","0","0","0","Logix Designer - CptPosM2 in cptpos_m2_n09.ACD [1756-L81E 35.11]*","Complete - 0 error(s), 0 warning(s) | "
"cptpos_m3_n09","51952","UNKNOWN","UNKNOWN","2026-09-13","","0","0","0","Logix Designer - CptPosM3 in cptpos_m3_n09.ACD [1756-L81E 35.11]*","Complete - 0 error(s), 0 warning(s) | "
"cptpos_m4_n09","51552","UNKNOWN","UNKNOWN","2026-09-13","","0","0","0","Logix Designer - CptPosM4 in cptpos_m4_n09.ACD [1756-L81E 35.11]*","Complete - 0 error(s), 0 warning(s) | "
"cptpos_m5_n09","51552","UNKNOWN","UNKNOWN","2026-09-13","","0","0","0","Logix Designer - CptPosM5 in cptpos_m5_n09.ACD [1756-L81E 35.11]*","Complete - 0 error(s), 0 warning(s) | "
"cptpos_m6_n09","51552","UNKNOWN","UNKNOWN","2026-09-13","","0","0","0","Logix Designer - CptPosM6 in cptpos_m6_n09.ACD [1756-L81E 35.11]*","Complete - 0 error(s), 0 warning(s) | "
"cptpos_m7_n09","51552","UNKNOWN","UNKNOWN","2026-09-13","","0","0","0","Logix Designer - CptPosM7 in cptpos_m7_n09.ACD [1756-L81E 35.11]*","Complete - 0 error(s), 0 warning(s) | "
"cptpos_m8_n09","51552","UNKNOWN","UNKNOWN","2026-09-13","","0","0","0","Logix Designer - CptPosM8 in cptpos_m8_n09.ACD [1756-L81E 35.11]*","Complete - 0 error(s), 0 warning(s) | "
"cptpos_add_n09","49952","UNKNOWN","UNKNOWN","2026-09-13","","0","0","0","Logix Designer - CptPosAdd in cptpos_add_n09.ACD [1756-L81E 35.11]*","Complete - 0 error(s), 0 warning(s) | "
"cptdest_ddintodint_n00010","22632","UNKNOWN","UNKNOWN","2026-09-13","","0","0","0","Logix Designer - CptDdiOdi10 in cptdest_ddintodint_n00010.ACD [1756-L81E 35.11]*","Complete - 0 error(s), 0 warning(s) | "
"cptdest_ddintodint_n00100","39552","UNKNOWN","UNKNOWN","2026-09-13","","0","0","0","Logix Designer - CptDdiOdi100 in cptdest_ddintodint_n00100.ACD [1756-L81E 35.11]*","Complete - 0 error(s), 0 warning(s) | "
"cptdest_ddintodint_n01000","208752","UNKNOWN","UNKNOWN","2026-09-13","","0","0","0","Logix Designer - CptDdiOdi1000 in cptdest_ddintodint_n01000.ACD [1756-L81E 35.11]*","Complete - 0 error(s), 0 warning(s) | "
"cptdest_ddintoreal_n00010","23112","UNKNOWN","UNKNOWN","2026-09-13","","0","0","0","Logix Designer - CptDdiOre10 in cptdest_ddintoreal_n00010.ACD [1756-L81E 35.11]*","Complete - 0 error(s), 0 warning(s) | "
"cptdest_ddintoreal_n00100","44352","UNKNOWN","UNKNOWN","2026-09-13","","0","0","0","Logix Designer - CptDdiOre100 in cptdest_ddintoreal_n00100.ACD [1756-L81E 35.11]*","Complete - 0 error(s), 0 warning(s) | "
"cptdest_ddintoreal_n01000","256752","UNKNOWN","UNKNOWN","2026-09-13","","0","0","0","Logix Designer - CptDdiOre1000 in cptdest_ddintoreal_n01000.ACD [1756-L81E 35.11]*","Complete - 0 error(s), 0 warning(s) | "
"cptdest_drealodint_n00010","24832","UNKNOWN","UNKNOWN","2026-09-13","","0","0","0","Logix Designer - CptDreOdi10 in cptdest_drealodint_n00010.ACD [1756-L81E 35.11]*","Complete - 0 error(s), 0 warning(s) | "
"cptdest_drealodint_n00100","61552","UNKNOWN","UNKNOWN","2026-09-13","","0","0","0","Logix Designer - CptDreOdi100 in cptdest_drealodint_n00100.ACD [1756-L81E 35.11]*","Complete - 0 error(s), 0 warning(s) | "
"cptdest_drealodint_n01000","428752","UNKNOWN","UNKNOWN","2026-09-13","","0","0","0","Logix Designer - CptDreOdi1000 in cptdest_drealodint_n01000.ACD [1756-L81E 35.11]*","Complete - 0 error(s), 0 warning(s) | "
"cptdest_drealoreal_n00010","23192","UNKNOWN","UNKNOWN","2026-09-13","","0","0","0","Logix Designer - CptDreOre10 in cptdest_drealoreal_n00010.ACD [1756-L81E 35.11]*","Complete - 0 error(s), 0 warning(s) | "
"cptdest_drealoreal_n00100","45152","UNKNOWN","UNKNOWN","2026-09-13","","0","0","0","Logix Designer - CptDreOre100 in cptdest_drealoreal_n00100.ACD [1756-L81E 35.11]*","Complete - 0 error(s), 0 warning(s) | "
"cptdest_drealoreal_n01000","264752","UNKNOWN","UNKNOWN","2026-09-13","","0","0","0","Logix Designer - CptDreOre1000 in cptdest_drealoreal_n01000.ACD [1756-L81E 35.11]*","Complete - 0 error(s), 0 warning(s) | "
"alarmbits_b08_t01","18600","UNKNOWN","UNKNOWN","2026-09-13","","0","0","0","Logix Designer - AlarmBits08T01 in alarmbits_b08_t01.ACD [1756-L81E 35.11]*","Complete - 0 error(s), 0 warning(s) | "
"alarmbits_b08_t04","18888","UNKNOWN","UNKNOWN","2026-09-13","","0","0","0","Logix Designer - AlarmBits08T04 in alarmbits_b08_t04.ACD [1756-L81E 35.11]*","Complete - 0 error(s), 0 warning(s) | "
"alarmbits_b08_t16","20040","UNKNOWN","UNKNOWN","2026-09-13","","0","0","0","Logix Designer - AlarmBits08T16 in alarmbits_b08_t16.ACD [1756-L81E 35.11]*","Complete - 0 error(s), 0 warning(s) | "
"alarmbits_b16_t01","18792","UNKNOWN","UNKNOWN","2026-09-13","","0","0","0","Logix Designer - AlarmBits16T01 in alarmbits_b16_t01.ACD [1756-L81E 35.11]*","Complete - 0 error(s), 0 warning(s) | "
"alarmbits_b16_t04","19080","UNKNOWN","UNKNOWN","2026-09-13","","0","0","0","Logix Designer - AlarmBits16T04 in alarmbits_b16_t04.ACD [1756-L81E 35.11]*","Complete - 0 error(s), 0 warning(s) | "
"alarmbits_b16_t16","20232","UNKNOWN","UNKNOWN","2026-09-13","","0","0","0","Logix Designer - AlarmBits16T16 in alarmbits_b16_t16.ACD [1756-L81E 35.11]*","Complete - 0 error(s), 0 warning(s) | "
"alarmbits_b32_t01","19184","UNKNOWN","UNKNOWN","2026-09-13","","0","0","0","Logix Designer - AlarmBits32T01 in alarmbits_b32_t01.ACD [1756-L81E 35.11]*","Complete - 0 error(s), 0 warning(s) | "
"alarmbits_b32_t04","19472","UNKNOWN","UNKNOWN","2026-09-13","","0","0","0","Logix Designer - AlarmBits32T04 in alarmbits_b32_t04.ACD [1756-L81E 35.11]*","Complete - 0 error(s), 0 warning(s) | "
"alarmbits_b32_t16","20624","UNKNOWN","UNKNOWN","2026-09-13","","0","0","0","Logix Designer - AlarmBits32T16 in alarmbits_b32_t16.ACD [1756-L81E 35.11]*","Complete - 0 error(s), 0 warning(s) | "
"alarmbits_b64_t01","19960","UNKNOWN","UNKNOWN","2026-09-13","","0","0","0","Logix Designer - AlarmBits64T01 in alarmbits_b64_t01.ACD [1756-L81E 35.11]*","Complete - 0 error(s), 0 warning(s) | "
"alarmbits_b64_t04","20248","UNKNOWN","UNKNOWN","2026-09-13","","0","0","0","Logix Designer - AlarmBits64T04 in alarmbits_b64_t04.ACD [1756-L81E 35.11]*","Complete - 0 error(s), 0 warning(s) | "
"alarmbits_b64_t16","21400","UNKNOWN","UNKNOWN","2026-09-13","","0","0","0","Logix Designer - AlarmBits64T16 in alarmbits_b64_t16.ACD [1756-L81E 35.11]*","Complete - 0 error(s), 0 warning(s) | "
"pool23_dint04","18480","UNKNOWN","UNKNOWN","2026-09-13","","0","0","0","Logix Designer - Pool23Dint04 in pool23_dint04.ACD [1756-L81E 35.11]*","Complete - 0 error(s), 0 warning(s) | "
"pool23_real06","18656","UNKNOWN","UNKNOWN","2026-09-13","","0","0","0","Logix Designer - Pool23Real06 in pool23_real06.ACD [1756-L81E 35.11]*","Complete - 0 error(s), 0 warning(s) | "
"pool23_bool03","18392","UNKNOWN","UNKNOWN","2026-09-13","","0","0","0","Logix Designer - Pool23Bool03 in pool23_bool03.ACD [1756-L81E 35.11]*","Complete - 0 error(s), 0 warning(s) | "
"pool23_arr20","18296","UNKNOWN","UNKNOWN","2026-09-13","","0","0","0","Logix Designer - Pool23Arr20 in pool23_arr20.ACD [1756-L81E 35.11]*","Complete - 0 error(s), 0 warning(s) | "
"pool23_control","18224","UNKNOWN","UNKNOWN","2026-09-13","","0","0","0","Logix Designer - Pool23Control in pool23_control.ACD [1756-L81E 35.11]*","Complete - 0 error(s), 0 warning(s) | "
"pool23_strarr02","18392","UNKNOWN","UNKNOWN","2026-09-13","","0","0","0","Logix Designer - Pool23Strarr02 in pool23_strarr02.ACD [1756-L81E 35.11]*","Complete - 0 error(s), 0 warning(s) | "
"pool23_str82x2","18464","UNKNOWN","UNKNOWN","2026-09-13","","0","0","0","Logix Designer - Pool23Str82X2 in pool23_str82x2.ACD [1756-L81E 35.11]*","Complete - 0 error(s), 0 warning(s) | "
"pool23_full","20136","UNKNOWN","UNKNOWN","2026-09-13","","0","0","0","Logix Designer - Pool23Full in pool23_full.ACD [1756-L81E 35.11]*","Complete - 0 error(s), 0 warning(s) | "
"pool23_full_rungs","20320","UNKNOWN","UNKNOWN","2026-09-13","","0","0","0","Logix Designer - Pool23FullRungs in pool23_full_rungs.ACD [1756-L81E 35.11]*","Complete - 0 error(s), 1 warning(s) | "
"aoimix_t32_b00_n02","20376","UNKNOWN","UNKNOWN","2026-09-13","","0","0","0","Logix Designer - AoiMixT32B00 in aoimix_t32_b00_n02.ACD [1756-L81E 35.11]*","Complete - 0 error(s), 0 warning(s) | "
"aoimix_t32_b00_n03","20512","UNKNOWN","UNKNOWN","2026-09-13","","0","0","0","Logix Designer - AoiMixT32B00 in aoimix_t32_b00_n03.ACD [1756-L81E 35.11]*","Complete - 0 error(s), 0 warning(s) | "
"aoimix_t32_b02_n02","20352","UNKNOWN","UNKNOWN","2026-09-13","","0","0","0","Logix Designer - AoiMixT32B02 in aoimix_t32_b02_n02.ACD [1756-L81E 35.11]*","Complete - 0 error(s), 0 warning(s) | "
"aoimix_t32_b02_n03","20480","UNKNOWN","UNKNOWN","2026-09-13","","0","0","0","Logix Designer - AoiMixT32B02 in aoimix_t32_b02_n03.ACD [1756-L81E 35.11]*","Complete - 0 error(s), 0 warning(s) | "
"aoimix_t32_b04_n02","20328","UNKNOWN","UNKNOWN","2026-09-13","","0","0","0","Logix Designer - AoiMixT32B04 in aoimix_t32_b04_n02.ACD [1756-L81E 35.11]*","Complete - 0 error(s), 0 warning(s) | "
"aoimix_t32_b04_n03","20448","UNKNOWN","UNKNOWN","2026-09-13","","0","0","0","Logix Designer - AoiMixT32B04 in aoimix_t32_b04_n03.ACD [1756-L81E 35.11]*","Complete - 0 error(s), 0 warning(s) | "
"aoimix_t32_b08_n02","20272","UNKNOWN","UNKNOWN","2026-09-13","","0","0","0","Logix Designer - AoiMixT32B08 in aoimix_t32_b08_n02.ACD [1756-L81E 35.11]*","Complete - 0 error(s), 0 warning(s) | "
"aoimix_t32_b08_n03","20376","UNKNOWN","UNKNOWN","2026-09-13","","0","0","0","Logix Designer - AoiMixT32B08 in aoimix_t32_b08_n03.ACD [1756-L81E 35.11]*","Complete - 0 error(s), 0 warning(s) | "
"aoimix_t32_b12_n02","20224","UNKNOWN","UNKNOWN","2026-09-13","","0","0","0","Logix Designer - AoiMixT32B12 in aoimix_t32_b12_n02.ACD [1756-L81E 35.11]*","Complete - 0 error(s), 0 warning(s) | "
"aoimix_t32_b12_n03","20312","UNKNOWN","UNKNOWN","2026-09-13","","0","0","0","Logix Designer - AoiMixT32B12 in aoimix_t32_b12_n03.ACD [1756-L81E 35.11]*","Complete - 0 error(s), 0 warning(s) | "
"aoimix_t32_b16_n02","20176","UNKNOWN","UNKNOWN","2026-09-13","","0","0","0","Logix Designer - AoiMixT32B16 in aoimix_t32_b16_n02.ACD [1756-L81E 35.11]*","Complete - 0 error(s), 0 warning(s) | "
"aoimix_t32_b16_n03","20248","UNKNOWN","UNKNOWN","2026-09-13","","0","0","0","Logix Designer - AoiMixT32B16 in aoimix_t32_b16_n03.ACD [1756-L81E 35.11]*","Complete - 0 error(s), 0 warning(s) | "
"aoimix_t32_b20_n02","20128","UNKNOWN","UNKNOWN","2026-09-13","","0","0","0","Logix Designer - AoiMixT32B20 in aoimix_t32_b20_n02.ACD [1756-L81E 35.11]*","Complete - 0 error(s), 0 warning(s) | "
"aoimix_t32_b20_n03","20184","UNKNOWN","UNKNOWN","2026-09-13","","0","0","0","Logix Designer - AoiMixT32B20 in aoimix_t32_b20_n03.ACD [1756-L81E 35.11]*","Complete - 0 error(s), 0 warning(s) | "
"aoimix_t32_b24_n02","20080","UNKNOWN","UNKNOWN","2026-09-13","","0","0","0","Logix Designer - AoiMixT32B24 in aoimix_t32_b24_n02.ACD [1756-L81E 35.11]*","Complete - 0 error(s), 0 warning(s) | "
"aoimix_t32_b24_n03","20120","UNKNOWN","UNKNOWN","2026-09-13","","0","0","0","Logix Designer - AoiMixT32B24 in aoimix_t32_b24_n03.ACD [1756-L81E 35.11]*","Complete - 0 error(s), 0 warning(s) | "
"aoimix_t32_b28_n02","20040","UNKNOWN","UNKNOWN","2026-09-13","","0","0","0","Logix Designer - AoiMixT32B28 in aoimix_t32_b28_n02.ACD [1756-L81E 35.11]*","Complete - 0 error(s), 0 warning(s) | "
"aoimix_t32_b28_n03","20064","UNKNOWN","UNKNOWN","2026-09-13","","0","0","0","Logix Designer - AoiMixT32B28 in aoimix_t32_b28_n03.ACD [1756-L81E 35.11]*","Complete - 0 error(s), 0 warning(s) | "
"aoimix_t32_b30_n02","20016","UNKNOWN","UNKNOWN","2026-09-13","","0","0","0","Logix Designer - AoiMixT32B30 in aoimix_t32_b30_n02.ACD [1756-L81E 35.11]*","Complete - 0 error(s), 0 warning(s) | "
"aoimix_t32_b30_n03","20032","UNKNOWN","UNKNOWN","2026-09-13","","0","0","0","Logix Designer - AoiMixT32B30 in aoimix_t32_b30_n03.ACD [1756-L81E 35.11]*","Complete - 0 error(s), 0 warning(s) | "
"aoimix_t32_b32_n02","20024","UNKNOWN","UNKNOWN","2026-09-13","","0","0","0","Logix Designer - AoiMixT32B32 in aoimix_t32_b32_n02.ACD [1756-L81E 35.11]*","Complete - 0 error(s), 0 warning(s) | "
"aoimix_t32_b32_n03","20032","UNKNOWN","UNKNOWN","2026-09-13","","0","0","0","Logix Designer - AoiMixT32B32 in aoimix_t32_b32_n03.ACD [1756-L81E 35.11]*","Complete - 0 error(s), 0 warning(s) | "
"aoimix_t08_b00_n02","19664","UNKNOWN","UNKNOWN","2026-09-13","","0","0","0","Logix Designer - AoiMixT08B00 in aoimix_t08_b00_n02.ACD [1756-L81E 35.11]*","Complete - 0 error(s), 0 warning(s) | "
"aoimix_t08_b00_n03","19704","UNKNOWN","UNKNOWN","2026-09-13","","0","0","0","Logix Designer - AoiMixT08B00 in aoimix_t08_b00_n03.ACD [1756-L81E 35.11]*","Complete - 0 error(s), 0 warning(s) | "
"aoimix_t08_b04_n02","19616","UNKNOWN","UNKNOWN","2026-09-13","","0","0","0","Logix Designer - AoiMixT08B04 in aoimix_t08_b04_n02.ACD [1756-L81E 35.11]*","Complete - 0 error(s), 0 warning(s) | "
"aoimix_t08_b04_n03","19640","UNKNOWN","UNKNOWN","2026-09-13","","0","0","0","Logix Designer - AoiMixT08B04 in aoimix_t08_b04_n03.ACD [1756-L81E 35.11]*","Complete - 0 error(s), 0 warning(s) | "
"aoimix_t08_b08_n02","19568","UNKNOWN","UNKNOWN","2026-09-13","","0","0","0","Logix Designer - AoiMixT08B08 in aoimix_t08_b08_n02.ACD [1756-L81E 35.11]*","Complete - 0 error(s), 0 warning(s) | "
"aoimix_t08_b08_n03","19576","UNKNOWN","UNKNOWN","2026-09-13","","0","0","0","Logix Designer - AoiMixT08B08 in aoimix_t08_b08_n03.ACD [1756-L81E 35.11]*","Complete - 0 error(s), 0 warning(s) | "
"aoimix_t64_b00_n02","21336","UNKNOWN","UNKNOWN","2026-09-13","","0","0","0","Logix Designer - AoiMixT64B00 in aoimix_t64_b00_n02.ACD [1756-L81E 35.11]*","Complete - 0 error(s), 0 warning(s) | "
"aoimix_t64_b00_n03","21600","UNKNOWN","UNKNOWN","2026-09-13","","0","0","0","Logix Designer - AoiMixT64B00 in aoimix_t64_b00_n03.ACD [1756-L81E 35.11]*","Complete - 0 error(s), 0 warning(s) | "
"aoimix_t64_b32_n02","20976","UNKNOWN","UNKNOWN","2026-09-13","","0","0","0","Logix Designer - AoiMixT64B32 in aoimix_t64_b32_n02.ACD [1756-L81E 35.11]*","Complete - 0 error(s), 0 warning(s) | "
"aoimix_t64_b32_n03","21112","UNKNOWN","UNKNOWN","2026-09-13","","0","0","0","Logix Designer - AoiMixT64B32 in aoimix_t64_b32_n03.ACD [1756-L81E 35.11]*","Complete - 0 error(s), 0 warning(s) | "
"aoimix_t64_b64_n02","20640","UNKNOWN","UNKNOWN","2026-09-13","","0","0","0","Logix Designer - AoiMixT64B64 in aoimix_t64_b64_n02.ACD [1756-L81E 35.11]*","Complete - 0 error(s), 0 warning(s) | "
"aoimix_t64_b64_n03","20656","UNKNOWN","UNKNOWN","2026-09-13","","0","0","0","Logix Designer - AoiMixT64B64 in aoimix_t64_b64_n03.ACD [1756-L81E 35.11]*","Complete - 0 error(s), 0 warning(s) | "
"aoialgn_bc30_n02","19952","UNKNOWN","UNKNOWN","2026-09-13","","0","0","0","Logix Designer - AoiAlgnBc30 in aoialgn_bc30_n02.ACD [1756-L81E 35.11]*","Complete - 0 error(s), 0 warning(s) | "
"aoialgn_bc30_n04","19960","UNKNOWN","UNKNOWN","2026-09-13","","0","0","0","Logix Designer - AoiAlgnBc30 in aoialgn_bc30_n04.ACD [1756-L81E 35.11]*","Complete - 0 error(s), 0 warning(s) | "
"aoialgn_bc30_n08","19976","UNKNOWN","UNKNOWN","2026-09-13","","0","0","0","Logix Designer - AoiAlgnBc30 in aoialgn_bc30_n08.ACD [1756-L81E 35.11]*","Complete - 0 error(s), 0 warning(s) | "
"aoialgn_bc31_n02","20000","UNKNOWN","UNKNOWN","2026-09-13","","0","0","0","Logix Designer - AoiAlgnBc31 in aoialgn_bc31_n02.ACD [1756-L81E 35.11]*","Complete - 0 error(s), 0 warning(s) | "
"aoialgn_bc31_n04","20016","UNKNOWN","UNKNOWN","2026-09-13","","0","0","0","Logix Designer - AoiAlgnBc31 in aoialgn_bc31_n04.ACD [1756-L81E 35.11]*","Complete - 0 error(s), 0 warning(s) | "
"aoialgn_bc31_n08","20048","UNKNOWN","UNKNOWN","2026-09-13","","0","0","0","Logix Designer - AoiAlgnBc31 in aoialgn_bc31_n08.ACD [1756-L81E 35.11]*","Complete - 0 error(s), 0 warning(s) | "
"aoialgn_bc32_n02","20016","UNKNOWN","UNKNOWN","2026-09-13","","0","0","0","Logix Designer - AoiAlgnBc32 in aoialgn_bc32_n02.ACD [1756-L81E 35.11]*","Complete - 0 error(s), 0 warning(s) | "
"aoialgn_bc32_n04","20032","UNKNOWN","UNKNOWN","2026-09-13","","0","0","0","Logix Designer - AoiAlgnBc32 in aoialgn_bc32_n04.ACD [1756-L81E 35.11]*","Complete - 0 error(s), 0 warning(s) | "
"aoialgn_bc32_n08","20064","UNKNOWN","UNKNOWN","2026-09-13","","0","0","0","Logix Designer - AoiAlgnBc32 in aoialgn_bc32_n08.ACD [1756-L81E 35.11]*","Complete - 0 error(s), 0 warning(s) | "
"aoialgn_bc33_n02","20040","UNKNOWN","UNKNOWN","2026-09-13","","0","0","0","Logix Designer - AoiAlgnBc33 in aoialgn_bc33_n02.ACD [1756-L81E 35.11]*","Complete - 0 error(s), 0 warning(s) | "
"aoialgn_bc33_n04","20056","UNKNOWN","UNKNOWN","2026-09-13","","0","0","0","Logix Designer - AoiAlgnBc33 in aoialgn_bc33_n04.ACD [1756-L81E 35.11]*","Complete - 0 error(s), 0 warning(s) | "
"aoialgn_bc33_n08","20088","UNKNOWN","UNKNOWN","2026-09-13","","0","0","0","Logix Designer - AoiAlgnBc33 in aoialgn_bc33_n08.ACD [1756-L81E 35.11]*","Complete - 0 error(s), 0 warning(s) | "
"aoialgn_bc62_n02","20560","UNKNOWN","UNKNOWN","2026-09-13","","0","0","0","Logix Designer - AoiAlgnBc62 in aoialgn_bc62_n02.ACD [1756-L81E 35.11]*","Complete - 0 error(s), 0 warning(s) | "
"aoialgn_bc62_n04","20576","UNKNOWN","UNKNOWN","2026-09-13","","0","0","0","Logix Designer - AoiAlgnBc62 in aoialgn_bc62_n04.ACD [1756-L81E 35.11]*","Complete - 0 error(s), 0 warning(s) | "
"aoialgn_bc62_n08","20608","UNKNOWN","UNKNOWN","2026-09-13","","0","0","0","Logix Designer - AoiAlgnBc62 in aoialgn_bc62_n08.ACD [1756-L81E 35.11]*","Complete - 0 error(s), 0 warning(s) | "
"aoialgn_bc63_n02","20616","UNKNOWN","UNKNOWN","2026-09-13","","0","0","0","Logix Designer - AoiAlgnBc63 in aoialgn_bc63_n02.ACD [1756-L81E 35.11]*","Complete - 0 error(s), 0 warning(s) | "
"aoialgn_bc63_n04","20640","UNKNOWN","UNKNOWN","2026-09-13","","0","0","0","Logix Designer - AoiAlgnBc63 in aoialgn_bc63_n04.ACD [1756-L81E 35.11]*","Complete - 0 error(s), 0 warning(s) | "
"aoialgn_bc63_n08","20688","UNKNOWN","UNKNOWN","2026-09-13","","0","0","0","Logix Designer - AoiAlgnBc63 in aoialgn_bc63_n08.ACD [1756-L81E 35.11]*","Complete - 0 error(s), 0 warning(s) | "
"aoialgn_bc64_n02","20632","UNKNOWN","UNKNOWN","2026-09-13","","0","0","0","Logix Designer - AoiAlgnBc64 in aoialgn_bc64_n02.ACD [1756-L81E 35.11]*","Complete - 0 error(s), 0 warning(s) | "
"aoialgn_bc64_n04","20656","UNKNOWN","UNKNOWN","2026-09-13","","0","0","0","Logix Designer - AoiAlgnBc64 in aoialgn_bc64_n04.ACD [1756-L81E 35.11]*","Complete - 0 error(s), 0 warning(s) | "
"aoialgn_bc64_n08","20704","UNKNOWN","UNKNOWN","2026-09-13","","0","0","0","Logix Designer - AoiAlgnBc64 in aoialgn_bc64_n08.ACD [1756-L81E 35.11]*","Complete - 0 error(s), 0 warning(s) | "
"aoialgn_bc65_n02","20656","UNKNOWN","UNKNOWN","2026-09-13","","0","0","0","Logix Designer - AoiAlgnBc65 in aoialgn_bc65_n02.ACD [1756-L81E 35.11]*","Complete - 0 error(s), 0 warning(s) | "
"aoialgn_bc65_n04","20680","UNKNOWN","UNKNOWN","2026-09-13","","0","0","0","Logix Designer - AoiAlgnBc65 in aoialgn_bc65_n04.ACD [1756-L81E 35.11]*","Complete - 0 error(s), 0 warning(s) | "
"aoialgn_bc65_n08","20728","UNKNOWN","UNKNOWN","2026-09-13","","0","0","0","Logix Designer - AoiAlgnBc65 in aoialgn_bc65_n08.ACD [1756-L81E 35.11]*","Complete - 0 error(s), 0 warning(s) | "
"aoialgn_bc94_n02","21176","UNKNOWN","UNKNOWN","2026-09-13","","0","0","0","Logix Designer - AoiAlgnBc94 in aoialgn_bc94_n02.ACD [1756-L81E 35.11]*","Complete - 0 error(s), 0 warning(s) | "
"aoialgn_bc94_n04","21200","UNKNOWN","UNKNOWN","2026-09-13","","0","0","0","Logix Designer - AoiAlgnBc94 in aoialgn_bc94_n04.ACD [1756-L81E 35.11]*","Complete - 0 error(s), 0 warning(s) | "
"aoialgn_bc94_n08","21248","UNKNOWN","UNKNOWN","2026-09-13","","0","0","0","Logix Designer - AoiAlgnBc94 in aoialgn_bc94_n08.ACD [1756-L81E 35.11]*","Complete - 0 error(s), 0 warning(s) | "
"aoialgn_bc95_n02","21224","UNKNOWN","UNKNOWN","2026-09-13","","0","0","0","Logix Designer - AoiAlgnBc95 in aoialgn_bc95_n02.ACD [1756-L81E 35.11]*","Complete - 0 error(s), 0 warning(s) | "
"aoialgn_bc95_n04","21256","UNKNOWN","UNKNOWN","2026-09-13","","0","0","0","Logix Designer - AoiAlgnBc95 in aoialgn_bc95_n04.ACD [1756-L81E 35.11]*","Complete - 0 error(s), 0 warning(s) | "
"aoialgn_bc95_n08","21320","UNKNOWN","UNKNOWN","2026-09-13","","0","0","0","Logix Designer - AoiAlgnBc95 in aoialgn_bc95_n08.ACD [1756-L81E 35.11]*","Complete - 0 error(s), 0 warning(s) | "
"aoialgn_bc96_n02","21240","UNKNOWN","UNKNOWN","2026-09-13","","0","0","0","Logix Designer - AoiAlgnBc96 in aoialgn_bc96_n02.ACD [1756-L81E 35.11]*","Complete - 0 error(s), 0 warning(s) | "
"aoialgn_bc96_n04","21272","UNKNOWN","UNKNOWN","2026-09-13","","0","0","0","Logix Designer - AoiAlgnBc96 in aoialgn_bc96_n04.ACD [1756-L81E 35.11]*","Complete - 0 error(s), 0 warning(s) | "
"aoialgn_bc96_n08","21336","UNKNOWN","UNKNOWN","2026-09-13","","0","0","0","Logix Designer - AoiAlgnBc96 in aoialgn_bc96_n08.ACD [1756-L81E 35.11]*","Complete - 0 error(s), 0 warning(s) | "
"aoialgn_bc97_n02","21264","UNKNOWN","UNKNOWN","2026-09-13","","0","0","0","Logix Designer - AoiAlgnBc97 in aoialgn_bc97_n02.ACD [1756-L81E 35.11]*","Complete - 0 error(s), 0 warning(s) | "
"aoialgn_bc97_n04","21296","UNKNOWN","UNKNOWN","2026-09-13","","0","0","0","Logix Designer - AoiAlgnBc97 in aoialgn_bc97_n04.ACD [1756-L81E 35.11]*","Complete - 0 error(s), 0 warning(s) | "
"aoialgn_bc97_n08","21360","UNKNOWN","UNKNOWN","2026-09-13","","0","0","0","Logix Designer - AoiAlgnBc97 in aoialgn_bc97_n08.ACD [1756-L81E 35.11]*","Complete - 0 error(s), 0 warning(s) | "
"aoialgn_un_s01_def_only","19336","UNKNOWN","UNKNOWN","2026-09-13","","0","0","0","Logix Designer - AoiAlgnUnS01 in aoialgn_un_s01_def_only.ACD [1756-L81E 35.11]*","Complete - 0 error(s), 0 warning(s) | "
"aoialgn_un_s01_n02","19456","UNKNOWN","UNKNOWN","2026-09-13","","0","0","0","Logix Designer - AoiAlgnUnS01 in aoialgn_un_s01_n02.ACD [1756-L81E 35.11]*","Complete - 0 error(s), 0 warning(s) | "
"aoialgn_un_s01_n03","19464","UNKNOWN","UNKNOWN","2026-09-13","","0","0","0","Logix Designer - AoiAlgnUnS01 in aoialgn_un_s01_n03.ACD [1756-L81E 35.11]*","Complete - 0 error(s), 0 warning(s) | "
"aoialgn_un_s02_def_only","19352","UNKNOWN","UNKNOWN","2026-09-13","","0","0","0","Logix Designer - AoiAlgnUnS02 in aoialgn_un_s02_def_only.ACD [1756-L81E 35.11]*","Complete - 0 error(s), 0 warning(s) | "
"aoialgn_un_s02_n02","19472","UNKNOWN","UNKNOWN","2026-09-13","","0","0","0","Logix Designer - AoiAlgnUnS02 in aoialgn_un_s02_n02.ACD [1756-L81E 35.11]*","Complete - 0 error(s), 0 warning(s) | "
"aoialgn_un_s02_n03","19480","UNKNOWN","UNKNOWN","2026-09-13","","0","0","0","Logix Designer - AoiAlgnUnS02 in aoialgn_un_s02_n03.ACD [1756-L81E 35.11]*","Complete - 0 error(s), 0 warning(s) | "
"aoialgn_un_s03_def_only","19368","UNKNOWN","UNKNOWN","2026-09-13","","0","0","0","Logix Designer - AoiAlgnUnS03 in aoialgn_un_s03_def_only.ACD [1756-L81E 35.11]*","Complete - 0 error(s), 0 warning(s) | "
"aoialgn_un_s03_n02","19488","UNKNOWN","UNKNOWN","2026-09-13","","0","0","0","Logix Designer - AoiAlgnUnS03 in aoialgn_un_s03_n02.ACD [1756-L81E 35.11]*","Complete - 0 error(s), 0 warning(s) | "
"aoialgn_un_s03_n03","19496","UNKNOWN","UNKNOWN","2026-09-13","","0","0","0","Logix Designer - AoiAlgnUnS03 in aoialgn_un_s03_n03.ACD [1756-L81E 35.11]*","Complete - 0 error(s), 0 warning(s) | "
"aoialgn_un_s05_def_only","19408","UNKNOWN","UNKNOWN","2026-09-13","","0","0","0","Logix Designer - AoiAlgnUnS05 in aoialgn_un_s05_def_only.ACD [1756-L81E 35.11]*","Complete - 0 error(s), 0 warning(s) | "
"aoialgn_un_s05_n02","19536","UNKNOWN","UNKNOWN","2026-09-13","","0","0","0","Logix Designer - AoiAlgnUnS05 in aoialgn_un_s05_n02.ACD [1756-L81E 35.11]*","Complete - 0 error(s), 0 warning(s) | "
"aoialgn_un_s05_n03","19552","UNKNOWN","UNKNOWN","2026-09-13","","0","0","0","Logix Designer - AoiAlgnUnS05 in aoialgn_un_s05_n03.ACD [1756-L81E 35.11]*","Complete - 0 error(s), 0 warning(s) | "
"aoialgn_un_s01i01_def_only","19352","UNKNOWN","UNKNOWN","2026-09-13","","0","0","0","Logix Designer - AoiAlgnUnS01I01 in aoialgn_un_s01i01_def_only.ACD [1756-L81E 35.11]*","Complete - 0 error(s), 0 warning(s) | "
"aoialgn_un_s01i01_n02","19472","UNKNOWN","UNKNOWN","2026-09-13","","0","0","0","Logix Designer - AoiAlgnUnS01I01 in aoialgn_un_s01i01_n02.ACD [1756-L81E 35.11]*","Complete - 0 error(s), 0 warning(s) | "
"aoialgn_un_s01i01_n03","19480","UNKNOWN","UNKNOWN","2026-09-13","","0","0","0","Logix Designer - AoiAlgnUnS01I01 in aoialgn_un_s01i01_n03.ACD [1756-L81E 35.11]*","Complete - 0 error(s), 0 warning(s) | "
"aoialgn_un_s03i01_def_only","19400","UNKNOWN","UNKNOWN","2026-09-13","","0","0","0","Logix Designer - AoiAlgnUnS03I01 in aoialgn_un_s03i01_def_only.ACD [1756-L81E 35.11]*","Complete - 0 error(s), 0 warning(s) | "
"aoialgn_un_s03i01_n02","19528","UNKNOWN","UNKNOWN","2026-09-13","","0","0","0","Logix Designer - AoiAlgnUnS03I01 in aoialgn_un_s03i01_n02.ACD [1756-L81E 35.11]*","Complete - 0 error(s), 0 warning(s) | "
"aoialgn_un_s03i01_n03","19544","UNKNOWN","UNKNOWN","2026-09-13","","0","0","0","Logix Designer - AoiAlgnUnS03I01 in aoialgn_un_s03i01_n03.ACD [1756-L81E 35.11]*","Complete - 0 error(s), 0 warning(s) | "
"aoialgn_un_s01i03_def_only","19400","UNKNOWN","UNKNOWN","2026-09-13","","0","0","0","Logix Designer - AoiAlgnUnS01I03 in aoialgn_un_s01i03_def_only.ACD [1756-L81E 35.11]*","Complete - 0 error(s), 0 warning(s) | "
"aoialgn_un_s01i03_n02","19528","UNKNOWN","UNKNOWN","2026-09-13","","0","0","0","Logix Designer - AoiAlgnUnS01I03 in aoialgn_un_s01i03_n02.ACD [1756-L81E 35.11]*","Complete - 0 error(s), 0 warning(s) | "
"aoialgn_un_s01i03_n03","19544","UNKNOWN","UNKNOWN","2026-09-13","","0","0","0","Logix Designer - AoiAlgnUnS01I03 in aoialgn_un_s01i03_n03.ACD [1756-L81E 35.11]*","Complete - 0 error(s), 0 warning(s) | "
"aoialgn_un_i01_def_only","19336","UNKNOWN","UNKNOWN","2026-09-13","","0","0","0","Logix Designer - AoiAlgnUnI01 in aoialgn_un_i01_def_only.ACD [1756-L81E 35.11]*","Complete - 0 error(s), 0 warning(s) | "
"aoialgn_un_i01_n02","19456","UNKNOWN","UNKNOWN","2026-09-13","","0","0","0","Logix Designer - AoiAlgnUnI01 in aoialgn_un_i01_n02.ACD [1756-L81E 35.11]*","Complete - 0 error(s), 0 warning(s) | "
"aoialgn_un_i01_n03","19464","UNKNOWN","UNKNOWN","2026-09-13","","0","0","0","Logix Designer - AoiAlgnUnI01 in aoialgn_un_i01_n03.ACD [1756-L81E 35.11]*","Complete - 0 error(s), 0 warning(s) | "
"aoialgn_un_i03_def_only","19376","UNKNOWN","UNKNOWN","2026-09-13","","0","0","0","Logix Designer - AoiAlgnUnI03 in aoialgn_un_i03_def_only.ACD [1756-L81E 35.11]*","Complete - 0 error(s), 0 warning(s) | "
"aoialgn_un_i03_n02","19504","UNKNOWN","UNKNOWN","2026-09-13","","0","0","0","Logix Designer - AoiAlgnUnI03 in aoialgn_un_i03_n02.ACD [1756-L81E 35.11]*","Complete - 0 error(s), 0 warning(s) | "
"aoialgn_un_i03_n03","19520","UNKNOWN","UNKNOWN","2026-09-13","","0","0","0","Logix Designer - AoiAlgnUnI03 in aoialgn_un_i03_n03.ACD [1756-L81E 35.11]*","Complete - 0 error(s), 0 warning(s) | "
"aoialgn_def_mc10_b00","19536","UNKNOWN","UNKNOWN","2026-09-13","","0","0","0","Logix Designer - AoiAlgnDefMC10B00 in aoialgn_def_mc10_b00.ACD [1756-L81E 35.11]*","Complete - 0 error(s), 0 warning(s) | "
"aoialgn_def_mc10_b05","19512","UNKNOWN","UNKNOWN","2026-09-13","","0","0","0","Logix Designer - AoiAlgnDefMC10B05 in aoialgn_def_mc10_b05.ACD [1756-L81E 35.11]*","Complete - 0 error(s), 0 warning(s) | "
"aoialgn_def_mc10_b10","19496","UNKNOWN","UNKNOWN","2026-09-13","","0","0","0","Logix Designer - AoiAlgnDefMC10B10 in aoialgn_def_mc10_b10.ACD [1756-L81E 35.11]*","Complete - 0 error(s), 0 warning(s) | "
"aoialgn_def_mc20_b02","19744","UNKNOWN","UNKNOWN","2026-09-13","","0","0","0","Logix Designer - AoiAlgnDefMC20B02 in aoialgn_def_mc20_b02.ACD [1756-L81E 35.11]*","Complete - 0 error(s), 0 warning(s) | "
"aoialgn_def_mc20_b18","19680","UNKNOWN","UNKNOWN","2026-09-13","","0","0","0","Logix Designer - AoiAlgnDefMC20B18 in aoialgn_def_mc20_b18.ACD [1756-L81E 35.11]*","Complete - 0 error(s), 0 warning(s) | "
"aoialgn_def_mc60_b30","20504","UNKNOWN","UNKNOWN","2026-09-13","","0","0","0","Logix Designer - AoiAlgnDefMC60B30 in aoialgn_def_mc60_b30.ACD [1756-L81E 35.11]*","Complete - 0 error(s), 0 warning(s) | "
"aoialgn_def_mc60_b54","20432","UNKNOWN","UNKNOWN","2026-09-13","","0","0","0","Logix Designer - AoiAlgnDefMC60B54 in aoialgn_def_mc60_b54.ACD [1756-L81E 35.11]*","Complete - 0 error(s), 0 warning(s) | "
"aoialgn_def_mc60_b60","20416","UNKNOWN","UNKNOWN","2026-09-13","","0","0","0","Logix Designer - AoiAlgnDefMC60B60 in aoialgn_def_mc60_b60.ACD [1756-L81E 35.11]*","Complete - 0 error(s), 0 warning(s) | "
"cmpfl_f0_op1","19912","UNKNOWN","UNKNOWN","2026-09-13","","0","0","0","Logix Designer - ExprCloseout in cmpfl_f0_op1.ACD [1756-L81E 35.11]*","Complete - 0 error(s), 0 warning(s) | "
"cmpfl_f1_op1","20032","UNKNOWN","UNKNOWN","2026-09-13","","0","0","0","Logix Designer - ExprCloseout in cmpfl_f1_op1.ACD [1756-L81E 35.11]*","Complete - 0 error(s), 0 warning(s) | "
"cmpfl_f2_op1","19992","UNKNOWN","UNKNOWN","2026-09-13","","0","0","0","Logix Designer - ExprCloseout in cmpfl_f2_op1.ACD [1756-L81E 35.11]*","Complete - 0 error(s), 0 warning(s) | "
"cmpfl_f3_op1","20040","UNKNOWN","UNKNOWN","2026-09-13","","0","0","0","Logix Designer - ExprCloseout in cmpfl_f3_op1.ACD [1756-L81E 35.11]*","Complete - 0 error(s), 0 warning(s) | "
"cmpfl_f2_op2_mul","20076","UNKNOWN","UNKNOWN","2026-09-13","","0","0","0","Logix Designer - ExprCloseout in cmpfl_f2_op2_mul.ACD [1756-L81E 35.11]*","Complete - 0 error(s), 0 warning(s) | "
"cmpfl_f1_op2_mul","20116","UNKNOWN","UNKNOWN","2026-09-13","","0","0","0","Logix Designer - ExprCloseout in cmpfl_f1_op2_mul.ACD [1756-L81E 35.11]*","Complete - 0 error(s), 0 warning(s) | "
"cmpfl_f1_op2_add","20116","UNKNOWN","UNKNOWN","2026-09-13","","0","0","0","Logix Designer - ExprCloseout in cmpfl_f1_op2_add.ACD [1756-L81E 35.11]*","Complete - 0 error(s), 0 warning(s) | "
"cmpfl_f1_op0","19948","UNKNOWN","UNKNOWN","2026-09-13","","0","0","0","Logix Designer - ExprCloseout in cmpfl_f1_op0.ACD [1756-L81E 35.11]*","Complete - 0 error(s), 0 warning(s) | "
"cmpfl_realtag_op0","19892","UNKNOWN","UNKNOWN","2026-09-13","","0","0","0","Logix Designer - ExprCloseout in cmpfl_realtag_op0.ACD [1756-L81E 35.11]*","Complete - 0 error(s), 0 warning(s) | "
"cmpfl_realtag_op1","19944","UNKNOWN","UNKNOWN","2026-09-13","","0","0","0","Logix Designer - ExprCloseout in cmpfl_realtag_op1.ACD [1756-L81E 35.11]*","Complete - 0 error(s), 0 warning(s) | "
"cmpfl_realtag_op2","19988","UNKNOWN","UNKNOWN","2026-09-13","","0","0","0","Logix Designer - ExprCloseout in cmpfl_realtag_op2.ACD [1756-L81E 35.11]*","Complete - 0 error(s), 0 warning(s) | "
"cmpfl_realtag_op1_mul","19944","UNKNOWN","UNKNOWN","2026-09-13","","0","0","0","Logix Designer - ExprCloseout in cmpfl_realtag_op1_mul.ACD [1756-L81E 35.11]*","Complete - 0 error(s), 0 warning(s) | "
"cmpfl_realmix_op1","20028","UNKNOWN","UNKNOWN","2026-09-13","","0","0","0","Logix Designer - ExprCloseout in cmpfl_realmix_op1.ACD [1756-L81E 35.11]*","Complete - 0 error(s), 0 warning(s) | "
"cpttier_k3_t1x3_n001","19956","UNKNOWN","UNKNOWN","2026-09-13","","0","0","0","Logix Designer - ExprCloseout in cpttier_k3_t1x3_n001.ACD [1756-L81E 35.11]*","Complete - 0 error(s), 0 warning(s) | "
"cpttier_k3_t1x3_n100","36984","UNKNOWN","UNKNOWN","2026-09-13","","0","0","0","Logix Designer - ExprCloseout in cpttier_k3_t1x3_n100.ACD [1756-L81E 35.11]*","Complete - 0 error(s), 0 warning(s) | "
"cpttier_k3_t1x2_t2x1_n001","19976","UNKNOWN","UNKNOWN","2026-09-13","","0","0","0","Logix Designer - ExprCloseout in cpttier_k3_t1x2_t2x1_n001.ACD [1756-L81E 35.11]*","Complete - 0 error(s), 0 warning(s) | "
"cpttier_k3_t1x2_t2x1_n100","38984","UNKNOWN","UNKNOWN","2026-09-13","","0","0","0","Logix Designer - ExprCloseout in cpttier_k3_t1x2_t2x1_n100.ACD [1756-L81E 35.11]*","Complete - 0 error(s), 0 warning(s) | "
"cpttier_k3_t1x1_t2x2_n001","19988","UNKNOWN","UNKNOWN","2026-09-13","","0","0","0","Logix Designer - ExprCloseout in cpttier_k3_t1x1_t2x2_n001.ACD [1756-L81E 35.11]*","Complete - 0 error(s), 0 warning(s) | "
"cpttier_k3_t1x1_t2x2_n100","40184","UNKNOWN","UNKNOWN","2026-09-13","","0","0","0","Logix Designer - ExprCloseout in cpttier_k3_t1x1_t2x2_n100.ACD [1756-L81E 35.11]*","Complete - 0 error(s), 0 warning(s) | "
"cpttier_k3_t2x3_n001","20004","UNKNOWN","UNKNOWN","2026-09-13","","0","0","0","Logix Designer - ExprCloseout in cpttier_k3_t2x3_n001.ACD [1756-L81E 35.11]*","Complete - 0 error(s), 0 warning(s) | "
"cpttier_k3_t2x3_n100","41784","UNKNOWN","UNKNOWN","2026-09-13","","0","0","0","Logix Designer - ExprCloseout in cpttier_k3_t2x3_n100.ACD [1756-L81E 35.11]*","Complete - 0 error(s), 0 warning(s) | "
"cpttier_k3_nested_t1x2_t2x1_n001","19976","UNKNOWN","UNKNOWN","2026-09-13","","0","0","0","Logix Designer - ExprCloseout in cpttier_k3_nested_t1x2_t2x1_n001.ACD [1756-L81E 35.11]*","Complete - 0 error(s), 0 warning(s) | "
"cpttier_k3_nested_t1x2_t2x1_n100","38984","UNKNOWN","UNKNOWN","2026-09-13","","0","0","0","Logix Designer - ExprCloseout in cpttier_k3_nested_t1x2_t2x1_n100.ACD [1756-L81E 35.11]*","Complete - 0 error(s), 0 warning(s) | "
"cpttier_k3_nested_t1x1_t2x2_n001","19992","UNKNOWN","UNKNOWN","2026-09-13","","0","0","0","Logix Designer - ExprCloseout in cpttier_k3_nested_t1x1_t2x2_n001.ACD [1756-L81E 35.11]*","Complete - 0 error(s), 0 warning(s) | "
"cpttier_k3_nested_t1x1_t2x2_n100","40584","UNKNOWN","UNKNOWN","2026-09-13","","0","0","0","Logix Designer - ExprCloseout in cpttier_k3_nested_t1x1_t2x2_n100.ACD [1756-L81E 35.11]*","Complete - 0 error(s), 0 warning(s) | "
"cpttier_k4_t1x4_n001","19980","UNKNOWN","UNKNOWN","2026-09-13","","0","0","0","Logix Designer - ExprCloseout in cpttier_k4_t1x4_n001.ACD [1756-L81E 35.11]*","Complete - 0 error(s), 0 warning(s) | "
"cpttier_k4_t1x4_n100","39384","UNKNOWN","UNKNOWN","2026-09-13","","0","0","0","Logix Designer - ExprCloseout in cpttier_k4_t1x4_n100.ACD [1756-L81E 35.11]*","Complete - 0 error(s), 0 warning(s) | "
"cpttier_k4_t1x3_t2x1_n001","19996","UNKNOWN","UNKNOWN","2026-09-13","","0","0","0","Logix Designer - ExprCloseout in cpttier_k4_t1x3_t2x1_n001.ACD [1756-L81E 35.11]*","Complete - 0 error(s), 0 warning(s) | "
"cpttier_k4_t1x3_t2x1_n100","40984","UNKNOWN","UNKNOWN","2026-09-13","","0","0","0","Logix Designer - ExprCloseout in cpttier_k4_t1x3_t2x1_n100.ACD [1756-L81E 35.11]*","Complete - 0 error(s), 0 warning(s) | "
"cpttier_k4_t1x2_t2x2_n001","20016","UNKNOWN","UNKNOWN","2026-09-13","","0","0","0","Logix Designer - ExprCloseout in cpttier_k4_t1x2_t2x2_n001.ACD [1756-L81E 35.11]*","Complete - 0 error(s), 0 warning(s) | "
"cpttier_k4_t1x2_t2x2_n100","42984","UNKNOWN","UNKNOWN","2026-09-13","","0","0","0","Logix Designer - ExprCloseout in cpttier_k4_t1x2_t2x2_n100.ACD [1756-L81E 35.11]*","Complete - 0 error(s), 0 warning(s) | "
"cpttier_k4_t1x1_t2x3_n001","20028","UNKNOWN","UNKNOWN","2026-09-13","","0","0","0","Logix Designer - ExprCloseout in cpttier_k4_t1x1_t2x3_n001.ACD [1756-L81E 35.11]*","Complete - 0 error(s), 0 warning(s) | "
"cpttier_k4_t1x1_t2x3_n100","44184","UNKNOWN","UNKNOWN","2026-09-13","","0","0","0","Logix Designer - ExprCloseout in cpttier_k4_t1x1_t2x3_n100.ACD [1756-L81E 35.11]*","Complete - 0 error(s), 0 warning(s) | "
"cpttier_k4_t2x4_n001","20044","UNKNOWN","UNKNOWN","2026-09-13","","0","0","0","Logix Designer - ExprCloseout in cpttier_k4_t2x4_n001.ACD [1756-L81E 35.11]*","Complete - 0 error(s), 0 warning(s) | "
"cpttier_k4_t2x4_n100","45784","UNKNOWN","UNKNOWN","2026-09-13","","0","0","0","Logix Designer - ExprCloseout in cpttier_k4_t2x4_n100.ACD [1756-L81E 35.11]*","Complete - 0 error(s), 0 warning(s) | "
"cptpow_p1_n001","19988","UNKNOWN","UNKNOWN","2026-09-13","","0","0","0","Logix Designer - ExprCloseout in cptpow_p1_n001.ACD [1756-L81E 35.11]*","Complete - 0 error(s), 0 warning(s) | "
"cptpow_p1_n100","40184","UNKNOWN","UNKNOWN","2026-09-13","","0","0","0","Logix Designer - ExprCloseout in cptpow_p1_n100.ACD [1756-L81E 35.11]*","Complete - 0 error(s), 0 warning(s) | "
"cptpow_p2_n001","20120","UNKNOWN","UNKNOWN","2026-09-13","","0","0","0","Logix Designer - ExprCloseout in cptpow_p2_n001.ACD [1756-L81E 35.11]*","Complete - 0 error(s), 0 warning(s) | "
"cptpow_p2_n100","53384","UNKNOWN","UNKNOWN","2026-09-13","","0","0","0","Logix Designer - ExprCloseout in cptpow_p2_n100.ACD [1756-L81E 35.11]*","Complete - 0 error(s), 0 warning(s) | "
"cptpow_p2_adjacent_n001","20036","UNKNOWN","UNKNOWN","2026-09-13","","0","0","0","Logix Designer - ExprCloseout in cptpow_p2_adjacent_n001.ACD [1756-L81E 35.11]*","Complete - 0 error(s), 0 warning(s) | "
"cptpow_p2_adjacent_n100","44984","UNKNOWN","UNKNOWN","2026-09-13","","0","0","0","Logix Designer - ExprCloseout in cptpow_p2_adjacent_n100.ACD [1756-L81E 35.11]*","Complete - 0 error(s), 0 warning(s) | "
"cptpow_p3_n001","20252","UNKNOWN","UNKNOWN","2026-09-13","","0","0","0","Logix Designer - ExprCloseout in cptpow_p3_n001.ACD [1756-L81E 35.11]*","Complete - 0 error(s), 0 warning(s) | "
"cptpow_p3_n100","66584","UNKNOWN","UNKNOWN","2026-09-13","","0","0","0","Logix Designer - ExprCloseout in cptpow_p3_n100.ACD [1756-L81E 35.11]*","Complete - 0 error(s), 0 warning(s) | "
"cptpow_p1_t1x1_n001","20072","UNKNOWN","UNKNOWN","2026-09-13","","0","0","0","Logix Designer - ExprCloseout in cptpow_p1_t1x1_n001.ACD [1756-L81E 35.11]*","Complete - 0 error(s), 0 warning(s) | "
"cptpow_p1_t1x1_n100","48584","UNKNOWN","UNKNOWN","2026-09-13","","0","0","0","Logix Designer - ExprCloseout in cptpow_p1_t1x1_n100.ACD [1756-L81E 35.11]*","Complete - 0 error(s), 0 warning(s) | "
"cptpow_p1_t2x1_n001","20072","UNKNOWN","UNKNOWN","2026-09-13","","0","0","0","Logix Designer - ExprCloseout in cptpow_p1_t2x1_n001.ACD [1756-L81E 35.11]*","Complete - 0 error(s), 0 warning(s) | "
"cptpow_p1_t2x1_n100","48584","UNKNOWN","UNKNOWN","2026-09-13","","0","0","0","Logix Designer - ExprCloseout in cptpow_p1_t2x1_n100.ACD [1756-L81E 35.11]*","Complete - 0 error(s), 0 warning(s) | "
"identnamelen_prog_c01","25688","UNKNOWN","UNKNOWN","2026-09-13","","0","0","0","Logix Designer - IdentNameClose in identnamelen_prog_c01.ACD [1756-L81E 35.11]*","Complete - 0 error(s), 0 warning(s) | "
"identnamelen_prog_c02","25688","UNKNOWN","UNKNOWN","2026-09-13","","0","0","0","Logix Designer - IdentNameClose in identnamelen_prog_c02.ACD [1756-L81E 35.11]*","Complete - 0 error(s), 0 warning(s) | "
"identnamelen_prog_c03","25688","UNKNOWN","UNKNOWN","2026-09-13","","0","0","0","Logix Designer - IdentNameClose in identnamelen_prog_c03.ACD [1756-L81E 35.11]*","Complete - 0 error(s), 0 warning(s) | "
"identnamelen_prog_c04","25688","UNKNOWN","UNKNOWN","2026-09-13","","0","0","0","Logix Designer - IdentNameClose in identnamelen_prog_c04.ACD [1756-L81E 35.11]*","Complete - 0 error(s), 0 warning(s) | "
"identnamelen_prog_c05","25688","UNKNOWN","UNKNOWN","2026-09-13","","0","0","0","Logix Designer - IdentNameClose in identnamelen_prog_c05.ACD [1756-L81E 35.11]*","Complete - 0 error(s), 0 warning(s) | "
"identnamelen_prog_c06","25688","UNKNOWN","UNKNOWN","2026-09-13","","0","0","0","Logix Designer - IdentNameClose in identnamelen_prog_c06.ACD [1756-L81E 35.11]*","Complete - 0 error(s), 0 warning(s) | "
"identnamelen_prog_c07","25688","UNKNOWN","UNKNOWN","2026-09-13","","0","0","0","Logix Designer - IdentNameClose in identnamelen_prog_c07.ACD [1756-L81E 35.11]*","Complete - 0 error(s), 0 warning(s) | "
"identnamelen_prog_c08","25768","UNKNOWN","UNKNOWN","2026-09-13","","0","0","0","Logix Designer - IdentNameClose in identnamelen_prog_c08.ACD [1756-L81E 35.11]*","Complete - 0 error(s), 0 warning(s) | "
"identnamelen_prog_c09","25768","UNKNOWN","UNKNOWN","2026-09-13","","0","0","0","Logix Designer - IdentNameClose in identnamelen_prog_c09.ACD [1756-L81E 35.11]*","Complete - 0 error(s), 0 warning(s) | "
"identnamelen_prog_c10","25768","UNKNOWN","UNKNOWN","2026-09-13","","0","0","0","Logix Designer - IdentNameClose in identnamelen_prog_c10.ACD [1756-L81E 35.11]*","Complete - 0 error(s), 0 warning(s) | "
"identnamelen_prog_c11","25768","UNKNOWN","UNKNOWN","2026-09-13","","0","0","0","Logix Designer - IdentNameClose in identnamelen_prog_c11.ACD [1756-L81E 35.11]*","Complete - 0 error(s), 0 warning(s) | "
"identnamelen_prog_c12","25768","UNKNOWN","UNKNOWN","2026-09-13","","0","0","0","Logix Designer - IdentNameClose in identnamelen_prog_c12.ACD [1756-L81E 35.11]*","Complete - 0 error(s), 0 warning(s) | "
"identnamelen_rtn_c01","20928","UNKNOWN","UNKNOWN","2026-09-13","","0","0","0","Logix Designer - IdentNameRoutine in identnamelen_rtn_c01.ACD [1756-L81E 35.11]*","Complete - 0 error(s), 10 warning(s) | "
"identnamelen_rtn_c04","20928","UNKNOWN","UNKNOWN","2026-09-13","","0","0","0","Logix Designer - IdentNameRoutine in identnamelen_rtn_c04.ACD [1756-L81E 35.11]*","Complete - 0 error(s), 10 warning(s) | "
"identnamelen_rtn_c08","21008","UNKNOWN","UNKNOWN","2026-09-13","","0","0","0","Logix Designer - IdentNameRoutine in identnamelen_rtn_c08.ACD [1756-L81E 35.11]*","Complete - 0 error(s), 10 warning(s) | "
"identnamelen_rtn_c12","21008","UNKNOWN","UNKNOWN","2026-09-13","","0","0","0","Logix Designer - IdentNameRoutine in identnamelen_rtn_c12.ACD [1756-L81E 35.11]*","Complete - 0 error(s), 10 warning(s) | "
"identnamelen_rtn_c16","21088","UNKNOWN","UNKNOWN","2026-09-13","","0","0","0","Logix Designer - IdentNameRoutine in identnamelen_rtn_c16.ACD [1756-L81E 35.11]*","Complete - 0 error(s), 10 warning(s) | "
"identnamelen_rtn_c32","21248","UNKNOWN","UNKNOWN","2026-09-13","","0","0","0","Logix Designer - IdentNameRoutine in identnamelen_rtn_c32.ACD [1756-L81E 35.11]*","Complete - 0 error(s), 10 warning(s) | "
"identnamelen_rtn_c40","21328","UNKNOWN","UNKNOWN","2026-09-13","","0","0","0","Logix Designer - IdentNameRoutine in identnamelen_rtn_c40.ACD [1756-L81E 35.11]*","Complete - 0 error(s), 10 warning(s) | "
"identnamelen_task_c04","25528","UNKNOWN","UNKNOWN","2026-09-15","PROCTYPE-UNREAD","0","0","0","Logix Designer - IdentNameTask in identnamelen_task_c04.ACD [1756-L81E 35.11]*","Complete - 0 error(s), 0 warning(s) | "
"identnamelen_task_c08","25528","UNKNOWN","UNKNOWN","2026-09-15","PROCTYPE-UNREAD","0","0","0","Logix Designer - IdentNameTask in identnamelen_task_c08.ACD [1756-L81E 35.11]*","Complete - 0 error(s), 0 warning(s) | "
"identnamelen_task_c16","25568","UNKNOWN","UNKNOWN","2026-09-15","PROCTYPE-UNREAD","0","0","0","Logix Designer - IdentNameTask in identnamelen_task_c16.ACD [1756-L81E 35.11]*","Complete - 0 error(s), 0 warning(s) | "
"identnamelen_task_c32","25648","UNKNOWN","UNKNOWN","2026-09-15","PROCTYPE-UNREAD","0","0","0","Logix Designer - IdentNameTask in identnamelen_task_c32.ACD [1756-L81E 35.11]*","Complete - 0 error(s), 0 warning(s) | "
"identnamelen_task_c40","25688","UNKNOWN","UNKNOWN","2026-09-15","PROCTYPE-UNREAD","0","0","0","Logix Designer - IdentNameTask in identnamelen_task_c40.ACD [1756-L81E 35.11]*","Complete - 0 error(s), 0 warning(s) | "
"aoishape_mov_n01","19472","UNKNOWN","UNKNOWN","2026-09-13","","0","0","0","Logix Designer - AoiShpMovN01 in aoishape_mov_n01.ACD [1756-L81E 35.11]*","Complete - 0 error(s), 0 warning(s) | "
"aoishape_mov_n05","19632","UNKNOWN","UNKNOWN","2026-09-13","","0","0","0","Logix Designer - AoiShpMovN05 in aoishape_mov_n05.ACD [1756-L81E 35.11]*","Complete - 0 error(s), 0 warning(s) | "
"aoishape_mov_n10","19832","UNKNOWN","UNKNOWN","2026-09-13","","0","0","0","Logix Designer - AoiShpMovN10 in aoishape_mov_n10.ACD [1756-L81E 35.11]*","Complete - 0 error(s), 0 warning(s) | "
"aoishape_xicote_n01","19452","UNKNOWN","UNKNOWN","2026-09-13","","0","0","0","Logix Designer - AoiShpXicoteN01 in aoishape_xicote_n01.ACD [1756-L81E 35.11]*","Complete - 0 error(s), 0 warning(s) | "
"aoishape_xicote_n05","19532","UNKNOWN","UNKNOWN","2026-09-13","","0","0","0","Logix Designer - AoiShpXicoteN05 in aoishape_xicote_n05.ACD [1756-L81E 35.11]*","Complete - 0 error(s), 1 warning(s) | "
"aoishape_xicote_n10","19632","UNKNOWN","UNKNOWN","2026-09-13","","0","0","0","Logix Designer - AoiShpXicoteN10 in aoishape_xicote_n10.ACD [1756-L81E 35.11]*","Complete - 0 error(s), 1 warning(s) | "
"aoishape_clr_n01","19468","UNKNOWN","UNKNOWN","2026-09-13","","0","0","0","Logix Designer - AoiShpClrN01 in aoishape_clr_n01.ACD [1756-L81E 35.11]*","Complete - 0 error(s), 0 warning(s) | "
"aoishape_clr_n05","19612","UNKNOWN","UNKNOWN","2026-09-13","","0","0","0","Logix Designer - AoiShpClrN05 in aoishape_clr_n05.ACD [1756-L81E 35.11]*","Complete - 0 error(s), 0 warning(s) | "
"aoishape_clr_n10","19792","UNKNOWN","UNKNOWN","2026-09-13","","0","0","0","Logix Designer - AoiShpClrN10 in aoishape_clr_n10.ACD [1756-L81E 35.11]*","Complete - 0 error(s), 0 warning(s) | "
"aoishape_add_n01","19476","UNKNOWN","UNKNOWN","2026-09-13","","0","0","0","Logix Designer - AoiShpAddN01 in aoishape_add_n01.ACD [1756-L81E 35.11]*","Complete - 0 error(s), 0 warning(s) | "
"aoishape_add_n05","19652","UNKNOWN","UNKNOWN","2026-09-13","","0","0","0","Logix Designer - AoiShpAddN05 in aoishape_add_n05.ACD [1756-L81E 35.11]*","Complete - 0 error(s), 0 warning(s) | "
"aoishape_add_n10","19872","UNKNOWN","UNKNOWN","2026-09-13","","0","0","0","Logix Designer - AoiShpAddN10 in aoishape_add_n10.ACD [1756-L81E 35.11]*","Complete - 0 error(s), 0 warning(s) | "
"aoishape_equote_n01","19468","UNKNOWN","UNKNOWN","2026-09-13","","0","0","0","Logix Designer - AoiShpEquoteN01 in aoishape_equote_n01.ACD [1756-L81E 35.11]*","Complete - 0 error(s), 0 warning(s) | "
"aoishape_equote_n05","19612","UNKNOWN","UNKNOWN","2026-09-13","","0","0","0","Logix Designer - AoiShpEquoteN05 in aoishape_equote_n05.ACD [1756-L81E 35.11]*","Complete - 0 error(s), 1 warning(s) | "
"aoishape_equote_n10","19792","UNKNOWN","UNKNOWN","2026-09-13","","0","0","0","Logix Designer - AoiShpEquoteN10 in aoishape_equote_n10.ACD [1756-L81E 35.11]*","Complete - 0 error(s), 1 warning(s) | "
"aoishape_control_empty","19424","UNKNOWN","UNKNOWN","2026-09-13","","0","0","0","Logix Designer - AoiShpEmpty in aoishape_control_empty.ACD [1756-L81E 35.11]*","Complete - 0 error(s), 0 warning(s) | "
"aoishape_control_mix13","19872","UNKNOWN","UNKNOWN","2026-09-13","","0","0","0","Logix Designer - AoiShpMix13 in aoishape_control_mix13.ACD [1756-L81E 35.11]*","Complete - 0 error(s), 1 warning(s) | "
"v3abl_control","1714095","UNKNOWN","UNKNOWN","2026-09-13","","0","0","0","Logix Designer - Composite3_12 in v3abl_control.ACD [1756-L81E 35.11]*","Complete - 0 error(s), 26 warning(s) | "
"v3abl_noaoi","1710591","UNKNOWN","UNKNOWN","2026-09-13","","0","0","0","Logix Designer - Composite3_12 in v3abl_noaoi.ACD [1756-L81E 35.11]*","Complete - 0 error(s), 10 warning(s) | "
"v3abl_nomodules","1714464","UNKNOWN","UNKNOWN","2026-09-13","","0","0","0","Logix Designer - Composite3_12 in v3abl_nomodules.ACD [1756-L81E 35.11]*","Complete - 0 error(s), 26 warning(s) | "
"v3abl_noprograms","1748759","UNKNOWN","UNKNOWN","2026-09-13","","0","0","0","Logix Designer - Composite3_12 in v3abl_noprograms.ACD [1756-L81E 35.11]*","Complete - 0 error(s), 26 warning(s) | "
"v3abl_norungs","1701891","UNKNOWN","UNKNOWN","2026-09-13","","0","0","0","Logix Designer - Composite3_12 in v3abl_norungs.ACD [1756-L81E 35.11]*","Complete - 0 error(s), 27 warning(s) | "
"v3abl_nostrings","1714095","UNKNOWN","UNKNOWN","2026-09-13","","0","0","0","Logix Designer - Composite3_12 in v3abl_nostrings.ACD [1756-L81E 35.11]*","Complete - 0 error(s), 26 warning(s) | "
"v3abl_minudt","1714351","UNKNOWN","UNKNOWN","2026-09-13","","0","0","0","Logix Designer - Composite3_12 in v3abl_minudt.ACD [1756-L81E 35.11]*","Complete - 0 error(s), 26 warning(s) | "
"v3abl_minarrays","1686379","UNKNOWN","UNKNOWN","2026-09-13","","","0","0","Logix Designer - Composite3_12 in v3abl_minarrays.ACD [1756-L81E 35.11]","Error: Rung 1, XIC, Operand 0: Referenced tag is undefined. | Error: Rung 1, OTE, Operand 0: Referenced tag is undefined. | Error: Rung 3, OTE, Operand 0: Referenced tag is undefined. | Error: Rung 5, XIC, Operand 0: Referenced tag is undefined. | Error: Rung 5, OTE, Operand 0: Referenced tag is und"
"ntag_tnd_n00010","19056","UNKNOWN","UNKNOWN","2026-09-13","","0","0","0","Logix Designer - NonTagSweep in ntag_tnd_n00010.ACD [1756-L81E 35.11]*","Complete - 0 error(s), 10 warning(s) | "
"ntag_tnd_n00050","20016","UNKNOWN","UNKNOWN","2026-09-13","","0","0","0","Logix Designer - NonTagSweep in ntag_tnd_n00050.ACD [1756-L81E 35.11]*","Complete - 0 error(s), 50 warning(s) | "
"ntag_tnd_n00100","21216","UNKNOWN","UNKNOWN","2026-09-13","","0","0","0","Logix Designer - NonTagSweep in ntag_tnd_n00100.ACD [1756-L81E 35.11]*","Complete - 0 error(s), 100 warning(s) | "
"ntag_tnd_n01000","42816","UNKNOWN","UNKNOWN","2026-09-13","","0","0","0","Logix Designer - NonTagSweep in ntag_tnd_n01000.ACD [1756-L81E 35.11]*","Complete - 0 error(s), 1000 warning(s) | "
"ntag_tnd_n05000","138816","UNKNOWN","UNKNOWN","2026-09-13","","0","0","0","Logix Designer - NonTagSweep in ntag_tnd_n05000.ACD [1756-L81E 35.11]*","Complete - 0 error(s), 5000 warning(s) | "
"ntag_uid_n00010","19216","UNKNOWN","UNKNOWN","2026-09-13","","0","0","0","Logix Designer - NonTagSweep in ntag_uid_n00010.ACD [1756-L81E 35.11]*","Complete - 0 error(s), 0 warning(s) | "
"ntag_uid_n00050","20816","UNKNOWN","UNKNOWN","2026-09-13","","0","0","0","Logix Designer - NonTagSweep in ntag_uid_n00050.ACD [1756-L81E 35.11]*","Complete - 0 error(s), 0 warning(s) | "
"ntag_uid_n00100","22816","UNKNOWN","UNKNOWN","2026-09-13","","0","0","0","Logix Designer - NonTagSweep in ntag_uid_n00100.ACD [1756-L81E 35.11]*","Complete - 0 error(s), 0 warning(s) | "
"ntag_uid_n01000","58816","UNKNOWN","UNKNOWN","2026-09-13","","0","0","0","Logix Designer - NonTagSweep in ntag_uid_n01000.ACD [1756-L81E 35.11]*","Complete - 0 error(s), 0 warning(s) | "
"ntag_uid_n05000","218816","UNKNOWN","UNKNOWN","2026-09-13","","0","0","0","Logix Designer - NonTagSweep in ntag_uid_n05000.ACD [1756-L81E 35.11]*","Complete - 0 error(s), 0 warning(s) | "
"ntag_uie_n00010","19216","UNKNOWN","UNKNOWN","2026-09-13","","0","0","0","Logix Designer - NonTagSweep in ntag_uie_n00010.ACD [1756-L81E 35.11]*","Complete - 0 error(s), 0 warning(s) | "
"ntag_uie_n00050","20816","UNKNOWN","UNKNOWN","2026-09-13","","0","0","0","Logix Designer - NonTagSweep in ntag_uie_n00050.ACD [1756-L81E 35.11]*","Complete - 0 error(s), 0 warning(s) | "
"ntag_uie_n00100","22816","UNKNOWN","UNKNOWN","2026-09-13","","0","0","0","Logix Designer - NonTagSweep in ntag_uie_n00100.ACD [1756-L81E 35.11]*","Complete - 0 error(s), 0 warning(s) | "
"ntag_uie_n01000","58816","UNKNOWN","UNKNOWN","2026-09-13","","0","0","0","Logix Designer - NonTagSweep in ntag_uie_n01000.ACD [1756-L81E 35.11]*","Complete - 0 error(s), 0 warning(s) | "
"ntag_uie_n05000","218816","UNKNOWN","UNKNOWN","2026-09-13","","0","0","0","Logix Designer - NonTagSweep in ntag_uie_n05000.ACD [1756-L81E 35.11]*","Complete - 0 error(s), 0 warning(s) | "
"ntag_mcr_n00010","18976","UNKNOWN","UNKNOWN","2026-09-13","","0","0","0","Logix Designer - NonTagSweep in ntag_mcr_n00010.ACD [1756-L81E 35.11]*","Complete - 0 error(s), 0 warning(s) | "
"ntag_mcr_n00050","19616","UNKNOWN","UNKNOWN","2026-09-13","","0","0","0","Logix Designer - NonTagSweep in ntag_mcr_n00050.ACD [1756-L81E 35.11]*","Complete - 0 error(s), 0 warning(s) | "
"ntag_mcr_n00100","20416","UNKNOWN","UNKNOWN","2026-09-13","","0","0","0","Logix Designer - NonTagSweep in ntag_mcr_n00100.ACD [1756-L81E 35.11]*","Complete - 0 error(s), 0 warning(s) | "
"ntag_mcr_n01000","34816","UNKNOWN","UNKNOWN","2026-09-13","","0","0","0","Logix Designer - NonTagSweep in ntag_mcr_n01000.ACD [1756-L81E 35.11]*","Complete - 0 error(s), 0 warning(s) | "
"ntag_mcr_n05000","98816","UNKNOWN","UNKNOWN","2026-09-13","","0","0","0","Logix Designer - NonTagSweep in ntag_mcr_n05000.ACD [1756-L81E 35.11]*","Complete - 0 error(s), 0 warning(s) | "
"ntag_uidpair_n00001","18884","UNKNOWN","UNKNOWN","2026-09-13","","0","0","0","Logix Designer - NonTagSweep in ntag_uidpair_n00001.ACD [1756-L81E 35.11]*","Complete - 0 error(s), 0 warning(s) | "
"ntag_uidpair_n00010","19496","UNKNOWN","UNKNOWN","2026-09-13","","0","0","0","Logix Designer - NonTagSweep in ntag_uidpair_n00010.ACD [1756-L81E 35.11]*","Complete - 0 error(s), 0 warning(s) | "
"ntag_uidpair_n00100","25616","UNKNOWN","UNKNOWN","2026-09-13","","0","0","0","Logix Designer - NonTagSweep in ntag_uidpair_n00100.ACD [1756-L81E 35.11]*","Complete - 0 error(s), 0 warning(s) | "
"ntag_uidpair_n01000","86816","UNKNOWN","UNKNOWN","2026-09-13","","0","0","0","Logix Designer - NonTagSweep in ntag_uidpair_n01000.ACD [1756-L81E 35.11]*","Complete - 0 error(s), 0 warning(s) | "
"ntag_uidpair_withbody_n00100","28816","UNKNOWN","UNKNOWN","2026-09-13","","0","0","0","Logix Designer - NonTagSweep in ntag_uidpair_withbody_n00100.ACD [1756-L81E 35.11]*","Complete - 0 error(s), 1 warning(s) | "
"aoidshape_tname_len08","19384","","","2026-09-14","PROCTYPE-UNREAD","0","0","0","Logix Designer - AoiDefShapeProbe in aoidshape_tname_len08.ACD [1756-L81E 35.11]*","Complete - 0 error(s), 0 warning(s) | "
"aoidshape_tname_len09","19384","","","2026-09-14","PROCTYPE-UNREAD","0","0","0","Logix Designer - AoiDefShapeProbe in aoidshape_tname_len09.ACD [1756-L81E 35.11]*","Complete - 0 error(s), 0 warning(s) | "
"aoidshape_tname_len10","19384","","","2026-09-14","PROCTYPE-UNREAD","0","0","0","Logix Designer - AoiDefShapeProbe in aoidshape_tname_len10.ACD [1756-L81E 35.11]*","Complete - 0 error(s), 0 warning(s) | "
"aoidshape_tname_len11","19384","","","2026-09-14","PROCTYPE-UNREAD","0","0","0","Logix Designer - AoiDefShapeProbe in aoidshape_tname_len11.ACD [1756-L81E 35.11]*","Complete - 0 error(s), 0 warning(s) | "
"aoidshape_tname_len12","19392","","","2026-09-14","PROCTYPE-UNREAD","0","0","0","Logix Designer - AoiDefShapeProbe in aoidshape_tname_len12.ACD [1756-L81E 35.11]*","Complete - 0 error(s), 0 warning(s) | "
"aoidshape_tname_len13","19392","","","2026-09-14","PROCTYPE-UNREAD","0","0","0","Logix Designer - AoiDefShapeProbe in aoidshape_tname_len13.ACD [1756-L81E 35.11]*","Complete - 0 error(s), 0 warning(s) | "
"aoidshape_tname_len14","19392","","","2026-09-14","PROCTYPE-UNREAD","0","0","0","Logix Designer - AoiDefShapeProbe in aoidshape_tname_len14.ACD [1756-L81E 35.11]*","Complete - 0 error(s), 0 warning(s) | "
"aoidshape_tname_len15","19400","","","2026-09-14","PROCTYPE-UNREAD","0","0","0","Logix Designer - AoiDefShapeProbe in aoidshape_tname_len15.ACD [1756-L81E 35.11]*","Complete - 0 error(s), 0 warning(s) | "
"aoidshape_tname_len16","19400","","","2026-09-14","PROCTYPE-UNREAD","0","0","0","Logix Designer - AoiDefShapeProbe in aoidshape_tname_len16.ACD [1756-L81E 35.11]*","Complete - 0 error(s), 0 warning(s) | "
"aoidshape_tname_len17","19400","","","2026-09-14","PROCTYPE-UNREAD","0","0","0","Logix Designer - AoiDefShapeProbe in aoidshape_tname_len17.ACD [1756-L81E 35.11]*","Complete - 0 error(s), 0 warning(s) | "
"aoidshape_tname_len18","19400","","","2026-09-14","PROCTYPE-UNREAD","0","0","0","Logix Designer - AoiDefShapeProbe in aoidshape_tname_len18.ACD [1756-L81E 35.11]*","Complete - 0 error(s), 0 warning(s) | "
"aoidshape_tname_len19","19400","","","2026-09-14","PROCTYPE-UNREAD","0","0","0","Logix Designer - AoiDefShapeProbe in aoidshape_tname_len19.ACD [1756-L81E 35.11]*","Complete - 0 error(s), 0 warning(s) | "
"aoidshape_tname_len20","19408","","","2026-09-14","PROCTYPE-UNREAD","0","0","0","Logix Designer - AoiDefShapeProbe in aoidshape_tname_len20.ACD [1756-L81E 35.11]*","Complete - 0 error(s), 0 warning(s) | "
"aoidshape_tname_len21","19408","","","2026-09-14","PROCTYPE-UNREAD","0","0","0","Logix Designer - AoiDefShapeProbe in aoidshape_tname_len21.ACD [1756-L81E 35.11]*","Complete - 0 error(s), 0 warning(s) | "
"aoidshape_tname_len22","19408","","","2026-09-14","PROCTYPE-UNREAD","0","0","0","Logix Designer - AoiDefShapeProbe in aoidshape_tname_len22.ACD [1756-L81E 35.11]*","Complete - 0 error(s), 0 warning(s) | "
"aoidshape_tname_len23","19416","","","2026-09-14","PROCTYPE-UNREAD","0","0","0","Logix Designer - AoiDefShapeProbe in aoidshape_tname_len23.ACD [1756-L81E 35.11]*","Complete - 0 error(s), 0 warning(s) | "
"aoidshape_tname_len24","19416","","","2026-09-14","PROCTYPE-UNREAD","0","0","0","Logix Designer - AoiDefShapeProbe in aoidshape_tname_len24.ACD [1756-L81E 35.11]*","Complete - 0 error(s), 0 warning(s) | "
"aoidshape_tname_len25","19416","","","2026-09-14","PROCTYPE-UNREAD","0","0","0","Logix Designer - AoiDefShapeProbe in aoidshape_tname_len25.ACD [1756-L81E 35.11]*","Complete - 0 error(s), 0 warning(s) | "
"aoidshape_tname_len26","19416","","","2026-09-14","PROCTYPE-UNREAD","0","0","0","Logix Designer - AoiDefShapeProbe in aoidshape_tname_len26.ACD [1756-L81E 35.11]*","Complete - 0 error(s), 0 warning(s) | "
"aoidshape_tname_len27","19416","","","2026-09-14","PROCTYPE-UNREAD","0","0","0","Logix Designer - AoiDefShapeProbe in aoidshape_tname_len27.ACD [1756-L81E 35.11]*","Complete - 0 error(s), 0 warning(s) | "
"aoidshape_tname_len28","19424","","","2026-09-14","PROCTYPE-UNREAD","0","0","0","Logix Designer - AoiDefShapeProbe in aoidshape_tname_len28.ACD [1756-L81E 35.11]*","Complete - 0 error(s), 0 warning(s) | "
"aoidshape_tname_len29","19424","","","2026-09-14","PROCTYPE-UNREAD","0","0","0","Logix Designer - AoiDefShapeProbe in aoidshape_tname_len29.ACD [1756-L81E 35.11]*","Complete - 0 error(s), 0 warning(s) | "
"aoidshape_tname_len30","19424","","","2026-09-14","PROCTYPE-UNREAD","0","0","0","Logix Designer - AoiDefShapeProbe in aoidshape_tname_len30.ACD [1756-L81E 35.11]*","Complete - 0 error(s), 0 warning(s) | "
"aoidshape_tname_len31","19432","","","2026-09-14","PROCTYPE-UNREAD","0","0","0","Logix Designer - AoiDefShapeProbe in aoidshape_tname_len31.ACD [1756-L81E 35.11]*","Complete - 0 error(s), 0 warning(s) | "
"aoidshape_tname_len32","19432","","","2026-09-14","PROCTYPE-UNREAD","0","0","0","Logix Designer - AoiDefShapeProbe in aoidshape_tname_len32.ACD [1756-L81E 35.11]*","Complete - 0 error(s), 0 warning(s) | "
"aoidshape_pool_c06","19392","","","2026-09-14","PROCTYPE-UNREAD","0","0","0","Logix Designer - AoiDefShapeProbe in aoidshape_pool_c06.ACD [1756-L81E 35.11]*","Complete - 0 error(s), 0 warning(s) | "
"aoidshape_pool_c07","19392","","","2026-09-14","PROCTYPE-UNREAD","0","0","0","Logix Designer - AoiDefShapeProbe in aoidshape_pool_c07.ACD [1756-L81E 35.11]*","Complete - 0 error(s), 0 warning(s) | "
"aoidshape_pool_c08","19392","","","2026-09-14","PROCTYPE-UNREAD","0","0","0","Logix Designer - AoiDefShapeProbe in aoidshape_pool_c08.ACD [1756-L81E 35.11]*","Complete - 0 error(s), 0 warning(s) | "
"aoidshape_pool_c09","19392","","","2026-09-14","PROCTYPE-UNREAD","0","0","0","Logix Designer - AoiDefShapeProbe in aoidshape_pool_c09.ACD [1756-L81E 35.11]*","Complete - 0 error(s), 0 warning(s) | "
"aoidshape_pool_c10","19392","","","2026-09-14","PROCTYPE-UNREAD","0","0","0","Logix Designer - AoiDefShapeProbe in aoidshape_pool_c10.ACD [1756-L81E 35.11]*","Complete - 0 error(s), 0 warning(s) | "
"aoidshape_pool_c11","19400","","","2026-09-14","PROCTYPE-UNREAD","0","0","0","Logix Designer - AoiDefShapeProbe in aoidshape_pool_c11.ACD [1756-L81E 35.11]*","Complete - 0 error(s), 0 warning(s) | "
"aoidshape_pool_c12","19400","","","2026-09-14","PROCTYPE-UNREAD","0","0","0","Logix Designer - AoiDefShapeProbe in aoidshape_pool_c12.ACD [1756-L81E 35.11]*","Complete - 0 error(s), 0 warning(s) | "
"aoidshape_pool_c13","19400","","","2026-09-14","PROCTYPE-UNREAD","0","0","0","Logix Designer - AoiDefShapeProbe in aoidshape_pool_c13.ACD [1756-L81E 35.11]*","Complete - 0 error(s), 0 warning(s) | "
"aoidshape_pool_c14","19400","","","2026-09-14","PROCTYPE-UNREAD","0","0","0","Logix Designer - AoiDefShapeProbe in aoidshape_pool_c14.ACD [1756-L81E 35.11]*","Complete - 0 error(s), 0 warning(s) | "
"aoidshape_pool_c15","19400","","","2026-09-14","PROCTYPE-UNREAD","0","0","0","Logix Designer - AoiDefShapeProbe in aoidshape_pool_c15.ACD [1756-L81E 35.11]*","Complete - 0 error(s), 0 warning(s) | "
"aoidshape_pool_c16","19400","","","2026-09-14","PROCTYPE-UNREAD","0","0","0","Logix Designer - AoiDefShapeProbe in aoidshape_pool_c16.ACD [1756-L81E 35.11]*","Complete - 0 error(s), 0 warning(s) | "
"aoidshape_pool_c17","19400","","","2026-09-14","PROCTYPE-UNREAD","0","0","0","Logix Designer - AoiDefShapeProbe in aoidshape_pool_c17.ACD [1756-L81E 35.11]*","Complete - 0 error(s), 0 warning(s) | "
"aoidshape_pool_c18","19400","","","2026-09-14","PROCTYPE-UNREAD","0","0","0","Logix Designer - AoiDefShapeProbe in aoidshape_pool_c18.ACD [1756-L81E 35.11]*","Complete - 0 error(s), 0 warning(s) | "
"aoidshape_pool_c19","19408","","","2026-09-14","PROCTYPE-UNREAD","0","0","0","Logix Designer - AoiDefShapeProbe in aoidshape_pool_c19.ACD [1756-L81E 35.11]*","Complete - 0 error(s), 0 warning(s) | "
"aoidshape_pool_c20","19408","","","2026-09-14","PROCTYPE-UNREAD","0","0","0","Logix Designer - AoiDefShapeProbe in aoidshape_pool_c20.ACD [1756-L81E 35.11]*","Complete - 0 error(s), 0 warning(s) | "
"aoidshape_pool_c21","19408","","","2026-09-14","PROCTYPE-UNREAD","0","0","0","Logix Designer - AoiDefShapeProbe in aoidshape_pool_c21.ACD [1756-L81E 35.11]*","Complete - 0 error(s), 0 warning(s) | "
"aoidshape_count_n01","19320","","","2026-09-14","PROCTYPE-UNREAD","0","0","0","Logix Designer - AoiDefShapeProbe in aoidshape_count_n01.ACD [1756-L81E 35.11]*","Complete - 0 error(s), 0 warning(s) | "
"aoidshape_count_n02","19344","","","2026-09-14","PROCTYPE-UNREAD","0","0","0","Logix Designer - AoiDefShapeProbe in aoidshape_count_n02.ACD [1756-L81E 35.11]*","Complete - 0 error(s), 0 warning(s) | "
"aoidshape_count_n03","19360","","","2026-09-14","PROCTYPE-UNREAD","0","0","0","Logix Designer - AoiDefShapeProbe in aoidshape_count_n03.ACD [1756-L81E 35.11]*","Complete - 0 error(s), 0 warning(s) | "
"aoidshape_count_n04","19384","","","2026-09-14","PROCTYPE-UNREAD","0","0","0","Logix Designer - AoiDefShapeProbe in aoidshape_count_n04.ACD [1756-L81E 35.11]*","Complete - 0 error(s), 0 warning(s) | "
"aoidshape_count_n05","19392","","","2026-09-14","PROCTYPE-UNREAD","0","0","0","Logix Designer - AoiDefShapeProbe in aoidshape_count_n05.ACD [1756-L81E 35.11]*","Complete - 0 error(s), 0 warning(s) | "
"aoidshape_count_n06","19416","","","2026-09-14","PROCTYPE-UNREAD","0","0","0","Logix Designer - AoiDefShapeProbe in aoidshape_count_n06.ACD [1756-L81E 35.11]*","Complete - 0 error(s), 0 warning(s) | "
"aoidshape_count_n07","19432","","","2026-09-14","PROCTYPE-UNREAD","0","0","0","Logix Designer - AoiDefShapeProbe in aoidshape_count_n07.ACD [1756-L81E 35.11]*","Complete - 0 error(s), 0 warning(s) | "
"aoidshape_count_n08","19456","","","2026-09-14","PROCTYPE-UNREAD","0","0","0","Logix Designer - AoiDefShapeProbe in aoidshape_count_n08.ACD [1756-L81E 35.11]*","Complete - 0 error(s), 0 warning(s) | "
"aoidshape_order_boolsfirst","19672","","","2026-09-14","PROCTYPE-UNREAD","0","0","0","Logix Designer - AoiDefShapeProbe in aoidshape_order_boolsfirst.ACD [1756-L81E 35.11]*","Complete - 0 error(s), 0 warning(s) | "
"aoidshape_order_dintsfirst","19672","","","2026-09-14","PROCTYPE-UNREAD","0","0","0","Logix Designer - AoiDefShapeProbe in aoidshape_order_dintsfirst.ACD [1756-L81E 35.11]*","Complete - 0 error(s), 0 warning(s) | "
"aoidshape_order_alternating","19672","","","2026-09-14","PROCTYPE-UNREAD","0","0","0","Logix Designer - AoiDefShapeProbe in aoidshape_order_alternating.ACD [1756-L81E 35.11]*","Complete - 0 error(s), 0 warning(s) | "
"aoidshape_order_pairs","19672","","","2026-09-14","PROCTYPE-UNREAD","0","0","0","Logix Designer - AoiDefShapeProbe in aoidshape_order_pairs.ACD [1756-L81E 35.11]*","Complete - 0 error(s), 0 warning(s) | "
"aoidshape_order_blocks5","19672","","","2026-09-14","PROCTYPE-UNREAD","0","0","0","Logix Designer - AoiDefShapeProbe in aoidshape_order_blocks5.ACD [1756-L81E 35.11]*","Complete - 0 error(s), 0 warning(s) | "
"srout_ote_k01_n01000","38288","","","2026-09-14","PROCTYPE-UNREAD","0","1","0","Logix Designer - SeriesOutProbe in srout_ote_k01_n01000.ACD [1756-L81E 35.11]*","Complete - 0 error(s), 1 warning(s) | "
"srout_ote_k02_n01000","42376","","","2026-09-14","PROCTYPE-UNREAD","0","2","0","Logix Designer - SeriesOutProbe in srout_ote_k02_n01000.ACD [1756-L81E 35.11]*","Complete - 0 error(s), 2 warning(s) | "
"srout_ote_k03_n01000","46464","","","2026-09-14","PROCTYPE-UNREAD","0","3","0","Logix Designer - SeriesOutProbe in srout_ote_k03_n01000.ACD [1756-L81E 35.11]*","Complete - 0 error(s), 3 warning(s) | "
"srout_ote_k04_n01000","50552","","","2026-09-14","PROCTYPE-UNREAD","0","4","0","Logix Designer - SeriesOutProbe in srout_ote_k04_n01000.ACD [1756-L81E 35.11]*","Complete - 0 error(s), 4 warning(s) | "
"srout_ote_k05_n01000","54640","","","2026-09-14","PROCTYPE-UNREAD","0","5","0","Logix Designer - SeriesOutProbe in srout_ote_k05_n01000.ACD [1756-L81E 35.11]*","Complete - 0 error(s), 5 warning(s) | "
"srout_ote_k06_n01000","58728","","","2026-09-14","PROCTYPE-UNREAD","0","6","0","Logix Designer - SeriesOutProbe in srout_ote_k06_n01000.ACD [1756-L81E 35.11]*","Complete - 0 error(s), 6 warning(s) | "
"srout_ote_k07_n01000","62816","","","2026-09-14","PROCTYPE-UNREAD","0","7","0","Logix Designer - SeriesOutProbe in srout_ote_k07_n01000.ACD [1756-L81E 35.11]*","Complete - 0 error(s), 7 warning(s) | "
"srout_ote_k08_n01000","66904","","","2026-09-14","PROCTYPE-UNREAD","0","8","0","Logix Designer - SeriesOutProbe in srout_ote_k08_n01000.ACD [1756-L81E 35.11]*","Complete - 0 error(s), 8 warning(s) | "
"srout_oteuniq_k02_n00200","58200","","","2026-09-14","PROCTYPE-UNREAD","0","0","0","Logix Designer - SeriesOutProbe in srout_oteuniq_k02_n00200.ACD [1756-L81E 35.11]*","Complete - 0 error(s), 0 warning(s) | "
"srout_oteuniq_k04_n00200","95000","","","2026-09-14","PROCTYPE-UNREAD","0","0","0","Logix Designer - SeriesOutProbe in srout_oteuniq_k04_n00200.ACD [1756-L81E 35.11]*","Complete - 0 error(s), 0 warning(s) | "
"srout_oteuniq_k08_n00200","168600","","","2026-09-14","PROCTYPE-UNREAD","0","0","0","Logix Designer - SeriesOutProbe in srout_oteuniq_k08_n00200.ACD [1756-L81E 35.11]*","Complete - 0 error(s), 0 warning(s) | "
"srout_branch_k02_n01000","54376","","","2026-09-14","PROCTYPE-UNREAD","0","2","0","Logix Designer - SeriesOutProbe in srout_branch_k02_n01000.ACD [1756-L81E 35.11]*","Complete - 0 error(s), 2 warning(s) | "
"srout_branch_k04_n01000","70552","","","2026-09-14","PROCTYPE-UNREAD","0","4","0","Logix Designer - SeriesOutProbe in srout_branch_k04_n01000.ACD [1756-L81E 35.11]*","Complete - 0 error(s), 4 warning(s) | "
"srout_branch_k08_n01000","102904","","","2026-09-14","PROCTYPE-UNREAD","0","8","0","Logix Designer - SeriesOutProbe in srout_branch_k08_n01000.ACD [1756-L81E 35.11]*","Complete - 0 error(s), 8 warning(s) | "
"srout_mixed_k04_n01000","110552","","","2026-09-14","PROCTYPE-UNREAD","0","1","0","Logix Designer - SeriesOutProbe in srout_mixed_k04_n01000.ACD [1756-L81E 35.11]*","Complete - 0 error(s), 1 warning(s) | "
"srout_same_k04_n01000","50552","","","2026-09-14","PROCTYPE-UNREAD","0","4","0","Logix Designer - SeriesOutProbe in srout_same_k04_n01000.ACD [1756-L81E 35.11]*","Complete - 0 error(s), 4 warning(s) | "
"udtslot_s01_t050","23120","","","2026-09-15","PROCTYPE-UNREAD","0","0","0","Logix Designer - UdtSlotProbe in udtslot_s01_t050.ACD [1756-L81E 35.11]*","Complete - 0 error(s), 0 warning(s) | "
"udtslot_s01_t400","56720","","","2026-09-15","PROCTYPE-UNREAD","0","0","0","Logix Designer - UdtSlotProbe in udtslot_s01_t400.ACD [1756-L81E 35.11]*","Complete - 0 error(s), 0 warning(s) | "
"udtslot_s02_t050","23136","","","2026-09-15","PROCTYPE-UNREAD","0","0","0","Logix Designer - UdtSlotProbe in udtslot_s02_t050.ACD [1756-L81E 35.11]*","Complete - 0 error(s), 0 warning(s) | "
"udtslot_s02_t400","56736","","","2026-09-15","PROCTYPE-UNREAD","0","0","0","Logix Designer - UdtSlotProbe in udtslot_s02_t400.ACD [1756-L81E 35.11]*","Complete - 0 error(s), 0 warning(s) | "
"udtslot_s03_t050","23152","","","2026-09-15","PROCTYPE-UNREAD","0","0","0","Logix Designer - UdtSlotProbe in udtslot_s03_t050.ACD [1756-L81E 35.11]*","Complete - 0 error(s), 0 warning(s) | "
"udtslot_s03_t400","56752","","","2026-09-15","PROCTYPE-UNREAD","0","0","0","Logix Designer - UdtSlotProbe in udtslot_s03_t400.ACD [1756-L81E 35.11]*","Complete - 0 error(s), 0 warning(s) | "
"udtslot_s04_t050","23168","","","2026-09-15","PROCTYPE-UNREAD","0","0","0","Logix Designer - UdtSlotProbe in udtslot_s04_t050.ACD [1756-L81E 35.11]*","Complete - 0 error(s), 0 warning(s) | "
"udtslot_s04_t400","56768","","","2026-09-15","PROCTYPE-UNREAD","0","0","0","Logix Designer - UdtSlotProbe in udtslot_s04_t400.ACD [1756-L81E 35.11]*","Complete - 0 error(s), 0 warning(s) | "
"udtslot_s05_t050","23184","","","2026-09-15","PROCTYPE-UNREAD","0","0","0","Logix Designer - UdtSlotProbe in udtslot_s05_t050.ACD [1756-L81E 35.11]*","Complete - 0 error(s), 0 warning(s) | "
"udtslot_s05_t400","56784","","","2026-09-15","PROCTYPE-UNREAD","0","0","0","Logix Designer - UdtSlotProbe in udtslot_s05_t400.ACD [1756-L81E 35.11]*","Complete - 0 error(s), 0 warning(s) | "
"udtslot_s06_t050","23200","","","2026-09-15","PROCTYPE-UNREAD","0","0","0","Logix Designer - UdtSlotProbe in udtslot_s06_t050.ACD [1756-L81E 35.11]*","Complete - 0 error(s), 0 warning(s) | "
"udtslot_s06_t400","56800","","","2026-09-15","PROCTYPE-UNREAD","0","0","0","Logix Designer - UdtSlotProbe in udtslot_s06_t400.ACD [1756-L81E 35.11]*","Complete - 0 error(s), 0 warning(s) | "
"udtslot_s07_t050","23216","","","2026-09-15","PROCTYPE-UNREAD","0","0","0","Logix Designer - UdtSlotProbe in udtslot_s07_t050.ACD [1756-L81E 35.11]*","Complete - 0 error(s), 0 warning(s) | "
"udtslot_s07_t400","56816","","","2026-09-15","PROCTYPE-UNREAD","0","0","0","Logix Designer - UdtSlotProbe in udtslot_s07_t400.ACD [1756-L81E 35.11]*","Complete - 0 error(s), 0 warning(s) | "
"udtslot_s08_t050","23232","","","2026-09-15","PROCTYPE-UNREAD","0","0","0","Logix Designer - UdtSlotProbe in udtslot_s08_t050.ACD [1756-L81E 35.11]*","Complete - 0 error(s), 0 warning(s) | "
"udtslot_s08_t400","56832","","","2026-09-15","PROCTYPE-UNREAD","0","0","0","Logix Designer - UdtSlotProbe in udtslot_s08_t400.ACD [1756-L81E 35.11]*","Complete - 0 error(s), 0 warning(s) | "
"udtslot_s09_t050","23648","","","2026-09-15","PROCTYPE-UNREAD","0","0","0","Logix Designer - UdtSlotProbe in udtslot_s09_t050.ACD [1756-L81E 35.11]*","Complete - 0 error(s), 0 warning(s) | "
"udtslot_s09_t400","60048","","","2026-09-15","PROCTYPE-UNREAD","0","0","0","Logix Designer - UdtSlotProbe in udtslot_s09_t400.ACD [1756-L81E 35.11]*","Complete - 0 error(s), 0 warning(s) | "
"udtslot_s10_t050","23664","","","2026-09-15","PROCTYPE-UNREAD","0","0","0","Logix Designer - UdtSlotProbe in udtslot_s10_t050.ACD [1756-L81E 35.11]*","Complete - 0 error(s), 0 warning(s) | "
"udtslot_s10_t400","60064","","","2026-09-15","PROCTYPE-UNREAD","0","0","0","Logix Designer - UdtSlotProbe in udtslot_s10_t400.ACD [1756-L81E 35.11]*","Complete - 0 error(s), 0 warning(s) | "
"udtslot_s11_t050","23680","","","2026-09-15","PROCTYPE-UNREAD","0","0","0","Logix Designer - UdtSlotProbe in udtslot_s11_t050.ACD [1756-L81E 35.11]*","Complete - 0 error(s), 0 warning(s) | "
"udtslot_s11_t400","60080","","","2026-09-15","PROCTYPE-UNREAD","0","0","0","Logix Designer - UdtSlotProbe in udtslot_s11_t400.ACD [1756-L81E 35.11]*","Complete - 0 error(s), 0 warning(s) | "
"udtslot_s12_t050","23696","","","2026-09-15","PROCTYPE-UNREAD","0","0","0","Logix Designer - UdtSlotProbe in udtslot_s12_t050.ACD [1756-L81E 35.11]*","Complete - 0 error(s), 0 warning(s) | "
"udtslot_s12_t400","60096","","","2026-09-15","PROCTYPE-UNREAD","0","0","0","Logix Designer - UdtSlotProbe in udtslot_s12_t400.ACD [1756-L81E 35.11]*","Complete - 0 error(s), 0 warning(s) | "
"udtslot_s13_t050","23712","","","2026-09-15","PROCTYPE-UNREAD","0","0","0","Logix Designer - UdtSlotProbe in udtslot_s13_t050.ACD [1756-L81E 35.11]*","Complete - 0 error(s), 0 warning(s) | "
"udtslot_s13_t400","60112","","","2026-09-15","PROCTYPE-UNREAD","0","0","0","Logix Designer - UdtSlotProbe in udtslot_s13_t400.ACD [1756-L81E 35.11]*","Complete - 0 error(s), 0 warning(s) | "
"udtslot_s14_t050","23728","","","2026-09-15","PROCTYPE-UNREAD","0","0","0","Logix Designer - UdtSlotProbe in udtslot_s14_t050.ACD [1756-L81E 35.11]*","Complete - 0 error(s), 0 warning(s) | "
"udtslot_s14_t400","60128","","","2026-09-15","PROCTYPE-UNREAD","0","0","0","Logix Designer - UdtSlotProbe in udtslot_s14_t400.ACD [1756-L81E 35.11]*","Complete - 0 error(s), 0 warning(s) | "
"udtslot_s15_t050","23744","","","2026-09-15","PROCTYPE-UNREAD","0","0","0","Logix Designer - UdtSlotProbe in udtslot_s15_t050.ACD [1756-L81E 35.11]*","Complete - 0 error(s), 0 warning(s) | "
"udtslot_s15_t400","60144","","","2026-09-15","PROCTYPE-UNREAD","0","0","0","Logix Designer - UdtSlotProbe in udtslot_s15_t400.ACD [1756-L81E 35.11]*","Complete - 0 error(s), 0 warning(s) | "
"udtslot_s16_t050","23760","","","2026-09-15","PROCTYPE-UNREAD","0","0","0","Logix Designer - UdtSlotProbe in udtslot_s16_t050.ACD [1756-L81E 35.11]*","Complete - 0 error(s), 0 warning(s) | "
"udtslot_s16_t400","60160","","","2026-09-15","PROCTYPE-UNREAD","0","0","0","Logix Designer - UdtSlotProbe in udtslot_s16_t400.ACD [1756-L81E 35.11]*","Complete - 0 error(s), 0 warning(s) | "
"udtslot_d01_t050","23120","","","2026-09-15","PROCTYPE-UNREAD","0","0","0","Logix Designer - UdtSlotProbe in udtslot_d01_t050.ACD [1756-L81E 35.11]*","Complete - 0 error(s), 0 warning(s) | "
"udtslot_d01_t400","56720","","","2026-09-15","PROCTYPE-UNREAD","0","0","0","Logix Designer - UdtSlotProbe in udtslot_d01_t400.ACD [1756-L81E 35.11]*","Complete - 0 error(s), 0 warning(s) | "
"udtslot_d02_t050","23136","","","2026-09-15","PROCTYPE-UNREAD","0","0","0","Logix Designer - UdtSlotProbe in udtslot_d02_t050.ACD [1756-L81E 35.11]*","Complete - 0 error(s), 0 warning(s) | "
"udtslot_d02_t400","56736","","","2026-09-15","PROCTYPE-UNREAD","0","0","0","Logix Designer - UdtSlotProbe in udtslot_d02_t400.ACD [1756-L81E 35.11]*","Complete - 0 error(s), 0 warning(s) | "
"udtslot_d03_t050","23552","","","2026-09-15","PROCTYPE-UNREAD","0","0","0","Logix Designer - UdtSlotProbe in udtslot_d03_t050.ACD [1756-L81E 35.11]*","Complete - 0 error(s), 0 warning(s) | "
"udtslot_d03_t400","59952","","","2026-09-15","PROCTYPE-UNREAD","0","0","0","Logix Designer - UdtSlotProbe in udtslot_d03_t400.ACD [1756-L81E 35.11]*","Complete - 0 error(s), 0 warning(s) | "
"udtslot_d04_t050","23568","","","2026-09-15","PROCTYPE-UNREAD","0","0","0","Logix Designer - UdtSlotProbe in udtslot_d04_t050.ACD [1756-L81E 35.11]*","Complete - 0 error(s), 0 warning(s) | "
"udtslot_d04_t400","59968","","","2026-09-15","PROCTYPE-UNREAD","0","0","0","Logix Designer - UdtSlotProbe in udtslot_d04_t400.ACD [1756-L81E 35.11]*","Complete - 0 error(s), 0 warning(s) | "
"udtslot_d05_t050","23984","","","2026-09-15","PROCTYPE-UNREAD","0","0","0","Logix Designer - UdtSlotProbe in udtslot_d05_t050.ACD [1756-L81E 35.11]*","Complete - 0 error(s), 0 warning(s) | "
"udtslot_d05_t400","63184","","","2026-09-15","PROCTYPE-UNREAD","0","0","0","Logix Designer - UdtSlotProbe in udtslot_d05_t400.ACD [1756-L81E 35.11]*","Complete - 0 error(s), 0 warning(s) | "
"udtslot_d06_t050","24000","","","2026-09-15","PROCTYPE-UNREAD","0","0","0","Logix Designer - UdtSlotProbe in udtslot_d06_t050.ACD [1756-L81E 35.11]*","Complete - 0 error(s), 0 warning(s) | "
"udtslot_d06_t400","63200","","","2026-09-15","PROCTYPE-UNREAD","0","0","0","Logix Designer - UdtSlotProbe in udtslot_d06_t400.ACD [1756-L81E 35.11]*","Complete - 0 error(s), 0 warning(s) | "
"udtslot_d08_t050","24432","","","2026-09-15","PROCTYPE-UNREAD","0","0","0","Logix Designer - UdtSlotProbe in udtslot_d08_t050.ACD [1756-L81E 35.11]*","Complete - 0 error(s), 0 warning(s) | "
"udtslot_d08_t400","66432","","","2026-09-15","PROCTYPE-UNREAD","0","0","0","Logix Designer - UdtSlotProbe in udtslot_d08_t400.ACD [1756-L81E 35.11]*","Complete - 0 error(s), 0 warning(s) | "
"udtslot_d10_t050","24864","","","2026-09-15","PROCTYPE-UNREAD","0","0","0","Logix Designer - UdtSlotProbe in udtslot_d10_t050.ACD [1756-L81E 35.11]*","Complete - 0 error(s), 0 warning(s) | "
"udtslot_d10_t400","69664","","","2026-09-15","PROCTYPE-UNREAD","0","0","0","Logix Designer - UdtSlotProbe in udtslot_d10_t400.ACD [1756-L81E 35.11]*","Complete - 0 error(s), 0 warning(s) | "
"udtslot_arr_s03_n050","18648","","","2026-09-15","PROCTYPE-UNREAD","0","0","0","Logix Designer - UdtSlotProbe in udtslot_arr_s03_n050.ACD [1756-L81E 35.11]*","Complete - 0 error(s), 0 warning(s) | "
"udtslot_arr_s03_n400","20048","","","2026-09-15","PROCTYPE-UNREAD","0","0","0","Logix Designer - UdtSlotProbe in udtslot_arr_s03_n400.ACD [1756-L81E 35.11]*","Complete - 0 error(s), 0 warning(s) | "
"udtslot_arr_s05_n050","18880","","","2026-09-15","PROCTYPE-UNREAD","0","0","0","Logix Designer - UdtSlotProbe in udtslot_arr_s05_n050.ACD [1756-L81E 35.11]*","Complete - 0 error(s), 0 warning(s) | "
"udtslot_arr_s05_n400","21680","","","2026-09-15","PROCTYPE-UNREAD","0","0","0","Logix Designer - UdtSlotProbe in udtslot_arr_s05_n400.ACD [1756-L81E 35.11]*","Complete - 0 error(s), 0 warning(s) | "
"stc_prem1_add","63376","","","2026-09-14","PROCTYPE-UNREAD","0","0","0","Logix Designer - StcPrem1Add in stc_prem1_add.ACD [1756-L81E 35.11]*","Complete - 0 error(s), 0 warning(s) | "
"stc_prem1_sub","63376","","","2026-09-14","PROCTYPE-UNREAD","0","0","0","Logix Designer - StcPrem1Sub in stc_prem1_sub.ACD [1756-L81E 35.11]*","Complete - 0 error(s), 0 warning(s) | "
"stc_prem1_mul","79376","","","2026-09-14","PROCTYPE-UNREAD","0","0","0","Logix Designer - StcPrem1Mul in stc_prem1_mul.ACD [1756-L81E 35.11]*","Complete - 0 error(s), 0 warning(s) | "
"stc_prem1_div","79376","","","2026-09-14","PROCTYPE-UNREAD","0","0","0","Logix Designer - StcPrem1Div in stc_prem1_div.ACD [1756-L81E 35.11]*","Complete - 0 error(s), 0 warning(s) | "
"stc_prem1_mod","79376","","","2026-09-14","PROCTYPE-UNREAD","0","0","0","Logix Designer - StcPrem1Mod in stc_prem1_mod.ACD [1756-L81E 35.11]*","Complete - 0 error(s), 0 warning(s) | "
"stc_prem1_pow","227376","","","2026-09-14","PROCTYPE-UNREAD","0","0","0","Logix Designer - StcPrem1Pow in stc_prem1_pow.ACD [1756-L81E 35.11]*","Complete - 0 error(s), 0 warning(s) | "
"stc_prem1_and","147376","","","2026-09-14","PROCTYPE-UNREAD","0","0","0","Logix Designer - StcPrem1And in stc_prem1_and.ACD [1756-L81E 35.11]*","Complete - 0 error(s), 0 warning(s) | "
"stc_prem1_or","147376","","","2026-09-14","PROCTYPE-UNREAD","0","0","0","Logix Designer - StcPrem1Or in stc_prem1_or.ACD [1756-L81E 35.11]*","Complete - 0 error(s), 0 warning(s) | "
"stc_prem1_xor","147376","","","2026-09-14","PROCTYPE-UNREAD","0","0","0","Logix Designer - StcPrem1Xor in stc_prem1_xor.ACD [1756-L81E 35.11]*","Complete - 0 error(s), 0 warning(s) | "
"stc_premreal_add","307376","","","2026-09-14","PROCTYPE-UNREAD","0","0","0","Logix Designer - StcPremRealAdd in stc_premreal_add.ACD [1756-L81E 35.11]*","Complete - 0 error(s), 0 warning(s) | "
"stc_premreal_mul","307376","","","2026-09-15","PROCTYPE-UNREAD","0","0","0","Logix Designer - StcPremRealMul in stc_premreal_mul.ACD [1756-L81E 35.11]*","Complete - 0 error(s), 0 warning(s) | "
"stc_premreal_pow","339376","","","2026-09-15","PROCTYPE-UNREAD","0","0","0","Logix Designer - StcPremRealPow in stc_premreal_pow.ACD [1756-L81E 35.11]*","Complete - 0 error(s), 0 warning(s) | "
"stc_opkind_pow","371376","","","2026-09-14","PROCTYPE-UNREAD","0","0","0","Logix Designer - StcOpkindPow in stc_opkind_pow.ACD [1756-L81E 35.11]*","Complete - 0 error(s), 0 warning(s) | "
"stc_opkind_or","219376","","","2026-09-14","PROCTYPE-UNREAD","0","0","0","Logix Designer - StcOpkindOr in stc_opkind_or.ACD [1756-L81E 35.11]*","Complete - 0 error(s), 0 warning(s) | "
"stc_conv_sint","263904","","","2026-09-14","PROCTYPE-UNREAD","0","0","0","Logix Designer - StcConvSint in stc_conv_sint.ACD [1756-L81E 35.11]*","Complete - 0 error(s), 0 warning(s) | "
"stc_conv_int","287904","","","2026-09-14","PROCTYPE-UNREAD","0","0","0","Logix Designer - StcConvInt in stc_conv_int.ACD [1756-L81E 35.11]*","Complete - 0 error(s), 0 warning(s) | "
"stc_conv_lint","79904","","","2026-09-14","PROCTYPE-UNREAD","0","0","0","Logix Designer - StcConvLint in stc_conv_lint.ACD [1756-L81E 35.11]*","Complete - 0 error(s), 0 warning(s) | "
"stc_conv_mixed","219904","","","2026-09-14","PROCTYPE-UNREAD","0","0","0","Logix Designer - StcConvMixed in stc_conv_mixed.ACD [1756-L81E 35.11]*","Complete - 0 error(s), 0 warning(s) | "
"stc_callone_n00010","25504","","","2026-09-14","PROCTYPE-UNREAD","0","0","0","Logix Designer - StcCallOne10 in stc_callone_n00010.ACD [1756-L81E 35.11]*","Complete - 0 error(s), 0 warning(s) | "
"stc_callone_n00100","29104","","","2026-09-14","PROCTYPE-UNREAD","0","0","0","Logix Designer - StcCallOne100 in stc_callone_n00100.ACD [1756-L81E 35.11]*","Complete - 0 error(s), 0 warning(s) | "
"stc_callone_n01000","65104","","","2026-09-14","PROCTYPE-UNREAD","0","0","0","Logix Designer - StcCallOne1000 in stc_callone_n01000.ACD [1756-L81E 35.11]*","Complete - 0 error(s), 0 warning(s) | "
"aoierr_mix050","20704","","","2026-09-14","PROCTYPE-UNREAD","0","1","0","Logix Designer - AoiErrMix050 in aoierr_mix050.ACD [1756-L81E 35.11]*","Complete - 0 error(s), 1 warning(s) | "
"aoierr_mix100","21956","","","2026-09-14","PROCTYPE-UNREAD","0","1","0","Logix Designer - AoiErrMix100 in aoierr_mix100.ACD [1756-L81E 35.11]*","Complete - 0 error(s), 1 warning(s) | "
"aoierr_tworoutine","21004","","","2026-09-14","PROCTYPE-UNREAD","0","1","0","Logix Designer - AoiErrTworoutine in aoierr_tworoutine.ACD [1756-L81E 35.11]*","Complete - 0 error(s), 1 warning(s) | "
"closeout_en2t_n01","18568","","","2026-09-15","PROCTYPE-UNREAD","0","0","0","Logix Designer - CloseEn2tN01 in closeout_en2t_n01.ACD [1756-L81E 35.11]*","Complete - 0 error(s), 0 warning(s) | "
"closeout_en2t_n02","19016","","","2026-09-15","PROCTYPE-UNREAD","0","0","0","Logix Designer - CloseEn2tN02 in closeout_en2t_n02.ACD [1756-L81E 35.11]*","Complete - 0 error(s), 0 warning(s) | "
"closeout_en2t_n04","19912","","","2026-09-15","PROCTYPE-UNREAD","0","0","0","Logix Designer - CloseEn2tN04 in closeout_en2t_n04.ACD [1756-L81E 35.11]*","Complete - 0 error(s), 0 warning(s) | "
"closeout_en2t_n08","21704","","","2026-09-15","PROCTYPE-UNREAD","0","0","0","Logix Designer - CloseEn2tN08 in closeout_en2t_n08.ACD [1756-L81E 35.11]*","Complete - 0 error(s), 0 warning(s) | "
"closeout_unit_udttag_n100","30448","","","2026-09-15","PROCTYPE-UNREAD","0","0","0","Logix Designer - CloseUnitUdttag in closeout_unit_udttag_n100.ACD [1756-L81E 35.11]*","Complete - 0 error(s), 0 warning(s) | "
"closeout_unit_dinttag_n100","27728","","","2026-09-15","PROCTYPE-UNREAD","0","0","0","Logix Designer - CloseUnitDinttag in closeout_unit_dinttag_n100.ACD [1756-L81E 35.11]*","Complete - 0 error(s), 0 warning(s) | "
"closeout_unit_rung_n100","22784","","","2026-09-15","PROCTYPE-UNREAD","0","1","0","Logix Designer - CloseUnitRung in closeout_unit_rung_n100.ACD [1756-L81E 35.11]*","Complete - 0 error(s), 1 warning(s) | "
"closeout_cptmix_ddintoreal_m1","54560","","","2026-09-14","PROCTYPE-UNREAD","0","0","0","Logix Designer - CloseCptDRM1 in closeout_cptmix_ddintoreal_m1.ACD [1756-L81E 35.11]*","Complete - 0 error(s), 0 warning(s) | "
"closeout_cptmix_ddintoreal_m2","50560","","","2026-09-14","PROCTYPE-UNREAD","0","0","0","Logix Designer - CloseCptDRM2 in closeout_cptmix_ddintoreal_m2.ACD [1756-L81E 35.11]*","Complete - 0 error(s), 0 warning(s) | "
"closeout_cptmix_drealodint_m1","46960","","","2026-09-14","PROCTYPE-UNREAD","0","0","0","Logix Designer - CloseCptRDM1 in closeout_cptmix_drealodint_m1.ACD [1756-L81E 35.11]*","Complete - 0 error(s), 0 warning(s) | "
"closeout_cptmix_drealodint_m2","51360","","","2026-09-14","PROCTYPE-UNREAD","0","0","0","Logix Designer - CloseCptRDM2 in closeout_cptmix_drealodint_m2.ACD [1756-L81E 35.11]*","Complete - 0 error(s), 0 warning(s) | "
"sroutc_c01_k01_n01000","38288","UNKNOWN","UNKNOWN","2026-09-18","PROCTYPE-UNREAD","0","1","0","Logix Designer - SroutC01K01 in sroutc_c01_k01_n01000.ACD [1756-L81E 35.11]*","Complete - 0 error(s), 1 warning(s) | "
"sroutc_c01_k02_n01000","42376","UNKNOWN","UNKNOWN","2026-09-18","PROCTYPE-UNREAD","0","2","0","Logix Designer - SroutC01K02 in sroutc_c01_k02_n01000.ACD [1756-L81E 35.11]*","Complete - 0 error(s), 2 warning(s) | "
"sroutc_c01_k04_n01000","50552","UNKNOWN","UNKNOWN","2026-09-18","PROCTYPE-UNREAD","0","4","0","Logix Designer - SroutC01K04 in sroutc_c01_k04_n01000.ACD [1756-L81E 35.11]*","Complete - 0 error(s), 4 warning(s) | "
"sroutc_c01_k08_n01000","66904","UNKNOWN","UNKNOWN","2026-09-18","PROCTYPE-UNREAD","0","8","0","Logix Designer - SroutC01K08 in sroutc_c01_k08_n01000.ACD [1756-L81E 35.11]*","Complete - 0 error(s), 8 warning(s) | "
"sroutc_c02_k01_n01000","42376","UNKNOWN","UNKNOWN","2026-09-18","PROCTYPE-UNREAD","0","1","0","Logix Designer - SroutC02K01 in sroutc_c02_k01_n01000.ACD [1756-L81E 35.11]*","Complete - 0 error(s), 1 warning(s) | "
"sroutc_c02_k02_n01000","46464","UNKNOWN","UNKNOWN","2026-09-18","PROCTYPE-UNREAD","0","2","0","Logix Designer - SroutC02K02 in sroutc_c02_k02_n01000.ACD [1756-L81E 35.11]*","Complete - 0 error(s), 2 warning(s) | "
"sroutc_c02_k04_n01000","54640","UNKNOWN","UNKNOWN","2026-09-18","PROCTYPE-UNREAD","0","4","0","Logix Designer - SroutC02K04 in sroutc_c02_k04_n01000.ACD [1756-L81E 35.11]*","Complete - 0 error(s), 4 warning(s) | "
"sroutc_c02_k08_n01000","70992","UNKNOWN","UNKNOWN","2026-09-18","PROCTYPE-UNREAD","0","8","0","Logix Designer - SroutC02K08 in sroutc_c02_k08_n01000.ACD [1756-L81E 35.11]*","Complete - 0 error(s), 8 warning(s) | "
"sroutc_c04_k01_n01000","50552","UNKNOWN","UNKNOWN","2026-09-18","PROCTYPE-UNREAD","0","1","0","Logix Designer - SroutC04K01 in sroutc_c04_k01_n01000.ACD [1756-L81E 35.11]*","Complete - 0 error(s), 1 warning(s) | "
"sroutc_c04_k02_n01000","54640","UNKNOWN","UNKNOWN","2026-09-18","PROCTYPE-UNREAD","0","2","0","Logix Designer - SroutC04K02 in sroutc_c04_k02_n01000.ACD [1756-L81E 35.11]*","Complete - 0 error(s), 2 warning(s) | "
"sroutc_c04_k04_n01000","62816","UNKNOWN","UNKNOWN","2026-09-18","PROCTYPE-UNREAD","0","4","0","Logix Designer - SroutC04K04 in sroutc_c04_k04_n01000.ACD [1756-L81E 35.11]*","Complete - 0 error(s), 4 warning(s) | "
"sroutc_c04_k08_n01000","79168","UNKNOWN","UNKNOWN","2026-09-18","PROCTYPE-UNREAD","0","8","0","Logix Designer - SroutC04K08 in sroutc_c04_k08_n01000.ACD [1756-L81E 35.11]*","Complete - 0 error(s), 8 warning(s) | "
"cpttri_k3_t211_n01000","206640","UNKNOWN","UNKNOWN","2026-09-18","PROCTYPE-UNREAD","0","0","0","Logix Designer - CptTriT211 in cpttri_k3_t211_n01000.ACD [1756-L81E 35.11]*","Complete - 0 error(s), 0 warning(s) | "
"cpttri_k3_t212_n01000","226640","UNKNOWN","UNKNOWN","2026-09-18","PROCTYPE-UNREAD","0","0","0","Logix Designer - CptTriT212 in cpttri_k3_t212_n01000.ACD [1756-L81E 35.11]*","Complete - 0 error(s), 0 warning(s) | "
"cpttri_k3_t221_n01000","222640","UNKNOWN","UNKNOWN","2026-09-18","PROCTYPE-UNREAD","0","0","0","Logix Designer - CptTriT221 in cpttri_k3_t221_n01000.ACD [1756-L81E 35.11]*","Complete - 0 error(s), 0 warning(s) | "
"cpttri_pow_p3_adjacent_n01000","318640","UNKNOWN","UNKNOWN","2026-09-18","PROCTYPE-UNREAD","0","0","0","Logix Designer - CptTriPow3Adj in cpttri_pow_p3_adjacent_n01000.ACD [1756-L81E 35.11]*","Complete - 0 error(s), 0 warning(s) | "
"stc2_prem2_and","171376","UNKNOWN","UNKNOWN","2026-09-18","PROCTYPE-UNREAD","0","0","0","Logix Designer - Stc2Prem2And in stc2_prem2_and.ACD [1756-L81E 35.11]*","Complete - 0 error(s), 0 warning(s) | "
"stc2_prem2_or","171376","UNKNOWN","UNKNOWN","2026-09-18","PROCTYPE-UNREAD","0","0","0","Logix Designer - Stc2Prem2Or in stc2_prem2_or.ACD [1756-L81E 35.11]*","Complete - 0 error(s), 0 warning(s) | "
"stc2_prem2_xor","171376","UNKNOWN","UNKNOWN","2026-09-18","PROCTYPE-UNREAD","0","0","0","Logix Designer - Stc2Prem2Xor in stc2_prem2_xor.ACD [1756-L81E 35.11]*","Complete - 0 error(s), 0 warning(s) | "
"stc2_prem2_pow","275376","UNKNOWN","UNKNOWN","2026-09-18","PROCTYPE-UNREAD","0","0","0","Logix Designer - Stc2Prem2Pow in stc2_prem2_pow.ACD [1756-L81E 35.11]*","Complete - 0 error(s), 0 warning(s) | "
"stc2_premreal2_mul","227376","UNKNOWN","UNKNOWN","2026-09-18","PROCTYPE-UNREAD","0","0","0","Logix Designer - Stc2Real2Mul in stc2_premreal2_mul.ACD [1756-L81E 35.11]*","Complete - 0 error(s), 0 warning(s) | "
"stc2_premreal2_pow","243376","UNKNOWN","UNKNOWN","2026-09-18","PROCTYPE-UNREAD","0","0","0","Logix Designer - Stc2Real2Pow in stc2_premreal2_pow.ACD [1756-L81E 35.11]*","Complete - 0 error(s), 0 warning(s) | "
"cptnar_j3of4_n01000","295256","UNKNOWN","UNKNOWN","2026-09-18","PROCTYPE-UNREAD","0","0","0","Logix Designer - CptNarJ3OF4 in cptnar_j3of4_n01000.ACD [1756-L81E 35.11]*","Complete - 0 error(s), 0 warning(s) | "
"cptnar_j3of6_n01000","459256","UNKNOWN","UNKNOWN","2026-09-18","PROCTYPE-UNREAD","0","0","0","Logix Designer - CptNarJ3OF6 in cptnar_j3of6_n01000.ACD [1756-L81E 35.11]*","Complete - 0 error(s), 0 warning(s) | "
"cptnar_j5of6_n01000","375256","UNKNOWN","UNKNOWN","2026-09-18","PROCTYPE-UNREAD","0","0","0","Logix Designer - CptNarJ5OF6 in cptnar_j5of6_n01000.ACD [1756-L81E 35.11]*","Complete - 0 error(s), 0 warning(s) | "
"rshape_arr_legs01_n00500","42904","UNKNOWN","UNKNOWN","2026-09-18","PROCTYPE-UNREAD","0","1","0","Logix Designer - RungShapeProbe in rshape_arr_legs01_n00500.ACD [1756-L81E 35.11]*","Complete - 0 error(s), 1 warning(s) | "
"rshape_arr_legs02_n00500","48904","UNKNOWN","UNKNOWN","2026-09-18","PROCTYPE-UNREAD","0","1","0","Logix Designer - RungShapeProbe in rshape_arr_legs02_n00500.ACD [1756-L81E 35.11]*","Complete - 0 error(s), 1 warning(s) | "
"rshape_arr_legs04_n00500","52904","UNKNOWN","UNKNOWN","2026-09-18","PROCTYPE-UNREAD","0","1","0","Logix Designer - RungShapeProbe in rshape_arr_legs04_n00500.ACD [1756-L81E 35.11]*","Complete - 0 error(s), 1 warning(s) | "
"rshape_arr_legs08_n00500","60904","UNKNOWN","UNKNOWN","2026-09-18","PROCTYPE-UNREAD","0","1","0","Logix Designer - RungShapeProbe in rshape_arr_legs08_n00500.ACD [1756-L81E 35.11]*","Complete - 0 error(s), 1 warning(s) | "
"rshape_pack_i01_n04000i","434112","UNKNOWN","UNKNOWN","2026-09-18","PROCTYPE-UNREAD","0","0","0","Logix Designer - RungShapeProbe in rshape_pack_i01_n04000i.ACD [1756-L81E 35.11]*","Complete - 0 error(s), 0 warning(s) | "
"rshape_pack_i02_n04000i","410112","UNKNOWN","UNKNOWN","2026-09-18","PROCTYPE-UNREAD","0","0","0","Logix Designer - RungShapeProbe in rshape_pack_i02_n04000i.ACD [1756-L81E 35.11]*","Complete - 0 error(s), 0 warning(s) | "
"rshape_pack_i04_n04000i","398112","UNKNOWN","UNKNOWN","2026-09-18","PROCTYPE-UNREAD","0","0","0","Logix Designer - RungShapeProbe in rshape_pack_i04_n04000i.ACD [1756-L81E 35.11]*","Complete - 0 error(s), 0 warning(s) | "
"rshape_pack_i08_n04000i","392112","UNKNOWN","UNKNOWN","2026-09-18","PROCTYPE-UNREAD","0","0","0","Logix Designer - RungShapeProbe in rshape_pack_i08_n04000i.ACD [1756-L81E 35.11]*","Complete - 0 error(s), 0 warning(s) | "
"rshape_pack_i16_n04000i","389112","UNKNOWN","UNKNOWN","2026-09-18","PROCTYPE-UNREAD","0","0","0","Logix Designer - RungShapeProbe in rshape_pack_i16_n04000i.ACD [1756-L81E 35.11]*","Complete - 0 error(s), 0 warning(s) | "
"rshape_mix_series_n00500","39312","UNKNOWN","UNKNOWN","2026-09-18","PROCTYPE-UNREAD","0","1","0","Logix Designer - RungShapeProbe in rshape_mix_series_n00500.ACD [1756-L81E 35.11]*","Complete - 0 error(s), 1 warning(s) | "
"rshape_mix_branch_n00500","44712","UNKNOWN","UNKNOWN","2026-09-18","PROCTYPE-UNREAD","0","1","0","Logix Designer - RungShapeProbe in rshape_mix_branch_n00500.ACD [1756-L81E 35.11]*","Complete - 0 error(s), 1 warning(s) | "
"rshape_sub2d_a_flat_n00500","37888","UNKNOWN","UNKNOWN","2026-09-18","PROCTYPE-UNREAD","0","0","0","Logix Designer - RungShapeProbe in rshape_sub2d_a_flat_n00500.ACD [1756-L81E 35.11]*","Complete - 0 error(s), 0 warning(s) | "
"rshape_sub2d_b_decl_n00500","39576","UNKNOWN","UNKNOWN","2026-09-18","PROCTYPE-UNREAD","0","0","0","Logix Designer - RungShapeProbe in rshape_sub2d_b_decl_n00500.ACD [1756-L81E 35.11]*","Complete - 0 error(s), 0 warning(s) | "
"rshape_sub2d_c_ref_n00500","39576","UNKNOWN","UNKNOWN","2026-09-18","PROCTYPE-UNREAD","0","0","0","Logix Designer - RungShapeProbe in rshape_sub2d_c_ref_n00500.ACD [1756-L81E 35.11]*","Complete - 0 error(s), 0 warning(s) | "
"tgord_grouped","56528","UNKNOWN","UNKNOWN","2026-09-18","PROCTYPE-UNREAD","0","0","0","Logix Designer - TagOrderProbe in tgord_grouped.ACD [1756-L81E 35.11]*","Complete - 0 error(s), 0 warning(s) | "
"tgord_widefirst","56528","UNKNOWN","UNKNOWN","2026-09-18","PROCTYPE-UNREAD","0","0","0","Logix Designer - TagOrderProbe in tgord_widefirst.ACD [1756-L81E 35.11]*","Complete - 0 error(s), 0 warning(s) | "
"tgord_narrowfirst","56528","UNKNOWN","UNKNOWN","2026-09-18","PROCTYPE-UNREAD","0","0","0","Logix Designer - TagOrderProbe in tgord_narrowfirst.ACD [1756-L81E 35.11]*","Complete - 0 error(s), 0 warning(s) | "
"tgord_alternating","56528","UNKNOWN","UNKNOWN","2026-09-18","PROCTYPE-UNREAD","0","0","0","Logix Designer - TagOrderProbe in tgord_alternating.ACD [1756-L81E 35.11]*","Complete - 0 error(s), 0 warning(s) | "
"tgord_pairs","56528","UNKNOWN","UNKNOWN","2026-09-18","PROCTYPE-UNREAD","0","0","0","Logix Designer - TagOrderProbe in tgord_pairs.ACD [1756-L81E 35.11]*","Complete - 0 error(s), 0 warning(s) | "
"tgord_shuffled","56528","UNKNOWN","UNKNOWN","2026-09-18","PROCTYPE-UNREAD","0","0","0","Logix Designer - TagOrderProbe in tgord_shuffled.ACD [1756-L81E 35.11]*","Complete - 0 error(s), 0 warning(s) | "
"prodcons_base","22640","UNKNOWN","UNKNOWN","2026-09-18","PROCTYPE-UNREAD","0","0","0","Logix Designer - ProdConsProbe in prodcons_base.ACD [1756-L81E 35.11]*","Complete - 0 error(s), 0 warning(s) | "
"prodcons_produced","44080","UNKNOWN","UNKNOWN","2026-09-18","PROCTYPE-UNREAD","0","0","0","Logix Designer - ProdConsProbe in prodcons_produced.ACD [1756-L81E 35.11]*","Complete - 0 error(s), 0 warning(s) | "
"prodcons_consumed","22640","UNKNOWN","UNKNOWN","2026-09-18","PROCTYPE-UNREAD","20","0","0","Logix Designer - ProdConsProbe in prodcons_consumed.ACD [1756-L81E 35.11]","Error: Tag 'Packet00': Module could not be found. | Error: Tag 'Packet01': Module could not be found. | Error: Tag 'Packet02': Module could not be found. | Error: Tag 'Packet03': Module could not be found. | Error: Tag 'Packet04': Module could not be found. | Error: Tag 'Packet05': Module could not "
"realprog_07","7891612","1756-L83E","35.05","2026-09-18","Blind validation: predicted before the actual was used.","0","","","",""
"litop_family_equ_n01000","54288","UNKNOWN","UNKNOWN","2026-09-21","PROCTYPE-UNREAD","0","1","0","Logix Designer - LitOperandProbe in litop_family_equ_n01000.ACD [1756-L81E 35.11]*","Warning: Duplicate Destructive Bit Reference Detected: 'LitDst' |     MainProgram - MainRoutine, Rung 341, OTE |     MainProgram - MainRoutine, Rung 226, OTE |     MainProgram - MainRoutine, Rung 436, OTE |     MainProgram - MainRoutine, Rung 64, OTE |     MainProgram - MainRoutine, Rung 548, OTE | "
"litop_family_jsr_n01000","130776","UNKNOWN","UNKNOWN","2026-09-21","PROCTYPE-UNREAD","0","0","0","Logix Designer - LitOperandProbe in litop_family_jsr_n01000.ACD [1756-L81E 35.11]*","Complete - 0 error(s), 0 warning(s) | "
"litop_family_mov_n01000","74288","UNKNOWN","UNKNOWN","2026-09-21","PROCTYPE-UNREAD","0","0","0","Logix Designer - LitOperandProbe in litop_family_mov_n01000.ACD [1756-L81E 35.11]*","Complete - 0 error(s), 0 warning(s) | "
"litop_fold_one_n01000","74288","UNKNOWN","UNKNOWN","2026-09-21","PROCTYPE-UNREAD","0","0","0","Logix Designer - LitOperandProbe in litop_fold_one_n01000.ACD [1756-L81E 35.11]*","Complete - 0 error(s), 0 warning(s) | "
"litop_fold_two_n01000","74288","UNKNOWN","UNKNOWN","2026-09-21","PROCTYPE-UNREAD","0","0","0","Logix Designer - LitOperandProbe in litop_fold_two_n01000.ACD [1756-L81E 35.11]*","Complete - 0 error(s), 0 warning(s) | "
"litop_fold_zero_n01000","74288","UNKNOWN","UNKNOWN","2026-09-21","PROCTYPE-UNREAD","0","0","0","Logix Designer - LitOperandProbe in litop_fold_zero_n01000.ACD [1756-L81E 35.11]*","Complete - 0 error(s), 0 warning(s) | "
"litop_form_dintrange_n01000","74288","UNKNOWN","UNKNOWN","2026-09-21","PROCTYPE-UNREAD","0","0","0","Logix Designer - LitOperandProbe in litop_form_dintrange_n01000.ACD [1756-L81E 35.11]*","Complete - 0 error(s), 0 warning(s) | "
"litop_form_floatform_n01000","150288","UNKNOWN","UNKNOWN","2026-09-21","PROCTYPE-UNREAD","0","0","0","Logix Designer - LitOperandProbe in litop_form_floatform_n01000.ACD [1756-L81E 35.11]*","Complete - 0 error(s), 0 warning(s) | "
"litop_form_intrange_n01000","74288","UNKNOWN","UNKNOWN","2026-09-21","PROCTYPE-UNREAD","0","0","0","Logix Designer - LitOperandProbe in litop_form_intrange_n01000.ACD [1756-L81E 35.11]*","Complete - 0 error(s), 0 warning(s) | "
"litop_form_small_n01000","74288","UNKNOWN","UNKNOWN","2026-09-21","PROCTYPE-UNREAD","0","0","0","Logix Designer - LitOperandProbe in litop_form_small_n01000.ACD [1756-L81E 35.11]*","Complete - 0 error(s), 0 warning(s) | "
"litop_mam_lit_n01000","419456","UNKNOWN","UNKNOWN","2026-09-21","PROCTYPE-UNREAD","0","4","0","Logix Designer - LitOperandProbe in litop_mam_lit_n01000.ACD [1756-L81E 35.11]*","Warning: Axis1: Axis not associated with a motion group. | Warning: Axis1: Axis Maximum Deceleration is set to 0. Motion cannot be started on the axis. | Warning: Axis1: Axis Maximum Speed, Maximum Deceleration, or Maximum Deceleration Jerk is set to 0.  S-curve motion cannot be started on the axis."
"litop_mam_tag_n01000","395456","UNKNOWN","UNKNOWN","2026-09-21","PROCTYPE-UNREAD","0","4","0","Logix Designer - LitOperandProbe in litop_mam_tag_n01000.ACD [1756-L81E 35.11]*","Warning: Axis1: Axis not associated with a motion group. | Warning: Axis1: Axis Maximum Deceleration is set to 0. Motion cannot be started on the axis. | Warning: Axis1: Axis Maximum Speed, Maximum Deceleration, or Maximum Deceleration Jerk is set to 0.  S-curve motion cannot be started on the axis."
"litop_pool_alldistinct_n01000","78288","UNKNOWN","UNKNOWN","2026-09-21","PROCTYPE-UNREAD","0","0","0","Logix Designer - LitOperandProbe in litop_pool_alldistinct_n01000.ACD [1756-L81E 35.11]*","Complete - 0 error(s), 0 warning(s) | "
"litop_pool_same_n01000","78288","UNKNOWN","UNKNOWN","2026-09-21","PROCTYPE-UNREAD","0","0","0","Logix Designer - LitOperandProbe in litop_pool_same_n01000.ACD [1756-L81E 35.11]*","Complete - 0 error(s), 0 warning(s) | "
"litop_pool_tworep_n01000","78288","UNKNOWN","UNKNOWN","2026-09-21","PROCTYPE-UNREAD","0","0","0","Logix Designer - LitOperandProbe in litop_pool_tworep_n01000.ACD [1756-L81E 35.11]*","Complete - 0 error(s), 0 warning(s) | "
"litop_type_dint_lit_n01000","74288","UNKNOWN","UNKNOWN","2026-09-21","PROCTYPE-UNREAD","0","0","0","Logix Designer - LitOperandProbe in litop_type_dint_lit_n01000.ACD [1756-L81E 35.11]*","Complete - 0 error(s), 0 warning(s) | "
"litop_type_dint_tag_n01000","74288","UNKNOWN","UNKNOWN","2026-09-21","PROCTYPE-UNREAD","0","0","0","Logix Designer - LitOperandProbe in litop_type_dint_tag_n01000.ACD [1756-L81E 35.11]*","Complete - 0 error(s), 0 warning(s) | "
"litop_type_int_lit_n01000","238288","UNKNOWN","UNKNOWN","2026-09-21","PROCTYPE-UNREAD","0","0","0","Logix Designer - LitOperandProbe in litop_type_int_lit_n01000.ACD [1756-L81E 35.11]*","Complete - 0 error(s), 0 warning(s) | "
"litop_type_int_tag_n01000","290288","UNKNOWN","UNKNOWN","2026-09-21","PROCTYPE-UNREAD","0","0","0","Logix Designer - LitOperandProbe in litop_type_int_tag_n01000.ACD [1756-L81E 35.11]*","Complete - 0 error(s), 0 warning(s) | "
"litop_type_lint_lit_n01000","74288","UNKNOWN","UNKNOWN","2026-09-21","PROCTYPE-UNREAD","0","0","0","Logix Designer - LitOperandProbe in litop_type_lint_lit_n01000.ACD [1756-L81E 35.11]*","Complete - 0 error(s), 0 warning(s) | "
"litop_type_lint_tag_n01000","74288","UNKNOWN","UNKNOWN","2026-09-21","PROCTYPE-UNREAD","0","0","0","Logix Designer - LitOperandProbe in litop_type_lint_tag_n01000.ACD [1756-L81E 35.11]*","Complete - 0 error(s), 0 warning(s) | "
"litop_type_real_lit_n01000","102288","UNKNOWN","UNKNOWN","2026-09-21","PROCTYPE-UNREAD","0","0","0","Logix Designer - LitOperandProbe in litop_type_real_lit_n01000.ACD [1756-L81E 35.11]*","Complete - 0 error(s), 0 warning(s) | "
"litop_type_real_tag_n01000","98288","UNKNOWN","UNKNOWN","2026-09-21","PROCTYPE-UNREAD","0","0","0","Logix Designer - LitOperandProbe in litop_type_real_tag_n01000.ACD [1756-L81E 35.11]*","Complete - 0 error(s), 0 warning(s) | "
"litop_type_sint_lit_n01000","214288","UNKNOWN","UNKNOWN","2026-09-21","PROCTYPE-UNREAD","0","0","0","Logix Designer - LitOperandProbe in litop_type_sint_lit_n01000.ACD [1756-L81E 35.11]*","Complete - 0 error(s), 0 warning(s) | "
"litop_type_sint_tag_n01000","254288","UNKNOWN","UNKNOWN","2026-09-21","PROCTYPE-UNREAD","0","0","0","Logix Designer - LitOperandProbe in litop_type_sint_tag_n01000.ACD [1756-L81E 35.11]*","Complete - 0 error(s), 0 warning(s) | "
"bitshift_bsl_n00010","19008","UNKNOWN","UNKNOWN","2026-09-21","PROCTYPE-UNREAD","0","0","0","Logix Designer - BitshiftBslN00010 in bitshift_bsl_n00010.ACD [1756-L81E 35.11]*","Complete - 0 error(s), 0 warning(s) | "
"bitshift_bsl_n00050","21408","UNKNOWN","UNKNOWN","2026-09-21","PROCTYPE-UNREAD","0","0","0","Logix Designer - BitshiftBslN00050 in bitshift_bsl_n00050.ACD [1756-L81E 35.11]*","Complete - 0 error(s), 0 warning(s) | "
"bitshift_bsl_n00100","24408","UNKNOWN","UNKNOWN","2026-09-21","PROCTYPE-UNREAD","0","0","0","Logix Designer - BitshiftBslN00100 in bitshift_bsl_n00100.ACD [1756-L81E 35.11]*","Complete - 0 error(s), 0 warning(s) | "
"bitshift_bsl_n00500","48408","UNKNOWN","UNKNOWN","2026-09-21","PROCTYPE-UNREAD","0","0","0","Logix Designer - BitshiftBslN00500 in bitshift_bsl_n00500.ACD [1756-L81E 35.11]*","Complete - 0 error(s), 0 warning(s) | "
"bitshift_bsl_n01000","78408","UNKNOWN","UNKNOWN","2026-09-21","PROCTYPE-UNREAD","0","0","0","Logix Designer - BitshiftBslN01000 in bitshift_bsl_n01000.ACD [1756-L81E 35.11]*","Complete - 0 error(s), 0 warning(s) | "
"bitshift_bsr_len0032","24432","UNKNOWN","UNKNOWN","2026-09-21","PROCTYPE-UNREAD","0","0","0","Logix Designer - BitshiftBsrLen0032 in bitshift_bsr_len0032.ACD [1756-L81E 35.11]*","Complete - 0 error(s), 0 warning(s) | "
"bitshift_bsr_len0064","24432","UNKNOWN","UNKNOWN","2026-09-21","PROCTYPE-UNREAD","0","0","0","Logix Designer - BitshiftBsrLen0064 in bitshift_bsr_len0064.ACD [1756-L81E 35.11]*","Complete - 0 error(s), 0 warning(s) | "
"bitshift_bsr_len0128","24432","UNKNOWN","UNKNOWN","2026-09-21","PROCTYPE-UNREAD","0","0","0","Logix Designer - BitshiftBsrLen0128 in bitshift_bsr_len0128.ACD [1756-L81E 35.11]*","Complete - 0 error(s), 0 warning(s) | "
"bitshift_bsr_len0256","24432","UNKNOWN","UNKNOWN","2026-09-21","PROCTYPE-UNREAD","0","0","0","Logix Designer - BitshiftBsrLen0256 in bitshift_bsr_len0256.ACD [1756-L81E 35.11]*","Complete - 0 error(s), 0 warning(s) | "
"bitshift_bsr_n00010","19008","UNKNOWN","UNKNOWN","2026-09-21","PROCTYPE-UNREAD","0","0","0","Logix Designer - BitshiftBsrN00010 in bitshift_bsr_n00010.ACD [1756-L81E 35.11]*","Complete - 0 error(s), 0 warning(s) | "
"bitshift_bsr_n00050","21408","UNKNOWN","UNKNOWN","2026-09-21","PROCTYPE-UNREAD","0","0","0","Logix Designer - BitshiftBsrN00050 in bitshift_bsr_n00050.ACD [1756-L81E 35.11]*","Complete - 0 error(s), 0 warning(s) | "
"bitshift_bsr_n00100","24408","UNKNOWN","UNKNOWN","2026-09-21","PROCTYPE-UNREAD","0","0","0","Logix Designer - BitshiftBsrN00100 in bitshift_bsr_n00100.ACD [1756-L81E 35.11]*","Complete - 0 error(s), 0 warning(s) | "
"bitshift_bsr_n00500","48408","UNKNOWN","UNKNOWN","2026-09-21","PROCTYPE-UNREAD","0","0","0","Logix Designer - BitshiftBsrN00500 in bitshift_bsr_n00500.ACD [1756-L81E 35.11]*","Complete - 0 error(s), 0 warning(s) | "
"bitshift_bsr_n01000","78408","UNKNOWN","UNKNOWN","2026-09-21","PROCTYPE-UNREAD","0","0","0","Logix Designer - BitshiftBsrN01000 in bitshift_bsr_n01000.ACD [1756-L81E 35.11]*","Complete - 0 error(s), 0 warning(s) | "
"bitshift_ctlper_n01000","174312","UNKNOWN","UNKNOWN","2026-09-21","PROCTYPE-UNREAD","0","0","0","Logix Designer - BitshiftCtlperN01000 in bitshift_ctlper_n01000.ACD [1756-L81E 35.11]*","Complete - 0 error(s), 0 warning(s) | "
"realprog_31","9262907","1756-L83E","32.04","2026-09-23","Blind validation (blind_01): predicted before the actual was taken.","0","","","",""
"realprog_32","8159036","1756-L83E","35.05","2026-09-23","Blind validation (blind_02): predicted before the actual was taken.","0","","","",""
"realprog_33","7707453","1756-L83E","33.01","2026-09-23","Blind validation (blind_03): predicted before the actual was taken.","0","","","",""
"realprog_34","6480713","1756-L83E","32.04","2026-09-23","Blind validation (blind_04): predicted before the actual was taken.","0","","","",""
"realprog_35","6010365","1756-L83E","35.05","2026-09-23","Blind validation (blind_05): predicted before the actual was taken.","0","","","",""
"realprog_36","3744752","1756-L83E","35.05","2026-09-23","Blind validation (blind_06): predicted before the actual was taken.","0","","","",""
"alarmcond_realcount_n000","136464","UNKNOWN","UNKNOWN","2026-09-23","PROCTYPE-UNREAD","0","0","0","Logix Designer - AlarmRealCount in alarmcond_realcount_n000.ACD [1756-L81E 35.11]*","Complete - 0 error(s), 0 warning(s) | "
"alarmcond_realcount_n200","358064","UNKNOWN","UNKNOWN","2026-09-23","PROCTYPE-UNREAD","0","0","0","Logix Designer - AlarmRealCount in alarmcond_realcount_n200.ACD [1756-L81E 35.11]*","Complete - 0 error(s), 0 warning(s) | "
"alarmcond_realcount_n400","578864","UNKNOWN","UNKNOWN","2026-09-23","PROCTYPE-UNREAD","0","0","0","Logix Designer - AlarmRealCount in alarmcond_realcount_n400.ACD [1756-L81E 35.11]*","Complete - 0 error(s), 0 warning(s) | "
"alarmcond_realcount_n600","799664","UNKNOWN","UNKNOWN","2026-09-23","PROCTYPE-UNREAD","0","0","0","Logix Designer - AlarmRealCount in alarmcond_realcount_n600.ACD [1756-L81E 35.11]*","Complete - 0 error(s), 0 warning(s) | "
"composite_realistic_10_r3","100456","UNKNOWN","UNKNOWN","2026-09-23","PROCTYPE-UNREAD","0","0","0","Logix Designer - Composite10 in composite_realistic_10_r3.ACD [1756-L81E 35.11]*","Complete - 0 error(s), 0 warning(s) | "
"composite_realistic_11_r3","119536","UNKNOWN","UNKNOWN","2026-09-23","PROCTYPE-UNREAD","0","0","0","Logix Designer - Composite11 in composite_realistic_11_r3.ACD [1756-L81E 35.11]*","Complete - 0 error(s), 0 warning(s) | "
"composite_realistic_22_r3","148368","UNKNOWN","UNKNOWN","2026-09-23","PROCTYPE-UNREAD","0","0","0","Logix Designer - Composite22 in composite_realistic_22_r3.ACD [1756-L81E 35.11]*","Complete - 0 error(s), 0 warning(s) | "
"composite_realistic_32_r3","178488","UNKNOWN","UNKNOWN","2026-09-23","PROCTYPE-UNREAD","0","0","0","Logix Designer - Composite32 in composite_realistic_32_r3.ACD [1756-L81E 35.11]*","Complete - 0 error(s), 0 warning(s) | "
"composite_realistic_34_r3","203248","UNKNOWN","UNKNOWN","2026-09-23","PROCTYPE-UNREAD","0","1","0","Logix Designer - Composite34 in composite_realistic_34_r3.ACD [1756-L81E 35.11]*","Warning: Tag 'Local:3:I': Force detected. | Complete - 0 error(s), 1 warning(s) | "
"composite_realistic_36_r3","194056","UNKNOWN","UNKNOWN","2026-09-23","PROCTYPE-UNREAD","0","0","0","Logix Designer - Composite36 in composite_realistic_36_r3.ACD [1756-L81E 35.11]*","Complete - 0 error(s), 0 warning(s) | "
"composite_realistic_46_r3","256600","UNKNOWN","UNKNOWN","2026-09-23","PROCTYPE-UNREAD","0","0","0","Logix Designer - Composite46 in composite_realistic_46_r3.ACD [1756-L81E 35.11]*","Complete - 0 error(s), 0 warning(s) | "
"composite_realistic_47_r3","330112","UNKNOWN","UNKNOWN","2026-09-23","PROCTYPE-UNREAD","0","1","0","Logix Designer - Composite47 in composite_realistic_47_r3.ACD [1756-L81E 35.11]*","Warning: Tag 'TestMod2_1794IB32A:1:I': Force detected. | Complete - 0 error(s), 1 warning(s) | "
"composite_realistic_48_r3","246056","UNKNOWN","UNKNOWN","2026-09-23","PROCTYPE-UNREAD","0","0","0","Logix Designer - Composite48 in composite_realistic_48_r3.ACD [1756-L81E 35.11]*","Complete - 0 error(s), 0 warning(s) | "
"almd_minimal_r2","19719","UNKNOWN","UNKNOWN","2026-09-23","PROCTYPE-UNREAD","1","0","0","Logix Designer - AlmdMinimal in almd_minimal_r2.ACD [1756-L81E 35.11]","Error: Rung 0, ALMD: Invalid number of arguments for instruction. | Complete - 1 error(s), 0 warning(s) | "
"almd_realtext_r2","19754","UNKNOWN","UNKNOWN","2026-09-23","PROCTYPE-UNREAD","1","0","0","Logix Designer - AlmdRealtext in almd_realtext_r2.ACD [1756-L81E 35.11]","Error: Rung 0, ALMD: Invalid number of arguments for instruction. | Complete - 1 error(s), 0 warning(s) | "
"eventtask_axiswatch_r2","43496","UNKNOWN","UNKNOWN","2026-09-23","PROCTYPE-UNREAD","0","6","0","Logix Designer - EventTaskAxisWatch in eventtask_axiswatch_r2.ACD [1756-L81E 35.11]*","Warning: WatchedAxis: Axis Maximum Deceleration is set to 0. Motion cannot be started on the axis. | Warning: WatchedAxis: Axis Maximum Speed, Maximum Deceleration, or Maximum Deceleration Jerk is set to 0.  S-curve motion cannot be started on the axis. | Warning: WatchedAxis: Axis Maximum Accelerat"
"instrfirst_mapc_v2_x100","87688","UNKNOWN","UNKNOWN","2026-09-23","PROCTYPE-UNREAD","0","6","0","Logix Designer - InstrMapcV2X100 in instrfirst_mapc_v2_x100.ACD [1756-L81E 35.11]*","Warning: Axis_Cip_Drive: Axis Maximum Deceleration is set to 0. Motion cannot be started on the axis. | Warning: Axis_Cip_Drive: Axis Maximum Speed, Maximum Deceleration, or Maximum Deceleration Jerk is set to 0.  S-curve motion cannot be started on the axis. | Warning: Axis_Cip_Drive: Axis Maximum "
"jsrcallers_k01","25472","UNKNOWN","UNKNOWN","2026-09-23","PROCTYPE-UNREAD","0","0","0","Logix Designer - JsrCallDist01 in jsrcallers_k01.ACD [1756-L81E 35.11]*","Complete - 0 error(s), 0 warning(s) | "
"jsrcallers_k02","25752","UNKNOWN","UNKNOWN","2026-09-23","PROCTYPE-UNREAD","0","11","0","Logix Designer - JsrCallDist02 in jsrcallers_k02.ACD [1756-L81E 35.11]*","Warning: JsrCallerRtnXX01: Routine cannot be reached by the main routine: 'JsrCallerRtnXX01 of Program MainProgram' | Warning: JsrScaleTgtXXX10: Routine cannot be reached by the main routine: 'JsrScaleTgtXXX10 of Program MainProgram' | Warning: JsrScaleTgtXXX11: Routine cannot be reached by the main"
"jsrcallers_k04","26312","UNKNOWN","UNKNOWN","2026-09-23","PROCTYPE-UNREAD","0","18","0","Logix Designer - JsrCallDist04 in jsrcallers_k04.ACD [1756-L81E 35.11]*","Warning: JsrCallerRtnXX01: Routine cannot be reached by the main routine: 'JsrCallerRtnXX01 of Program MainProgram' | Warning: JsrCallerRtnXX02: Routine cannot be reached by the main routine: 'JsrCallerRtnXX02 of Program MainProgram' | Warning: JsrCallerRtnXX03: Routine cannot be reached by the main"
"jsrcallers_k05","26592","UNKNOWN","UNKNOWN","2026-09-23","PROCTYPE-UNREAD","0","20","0","Logix Designer - JsrCallDist05 in jsrcallers_k05.ACD [1756-L81E 35.11]*","Warning: JsrCallerRtnXX01: Routine cannot be reached by the main routine: 'JsrCallerRtnXX01 of Program MainProgram' | Warning: JsrCallerRtnXX02: Routine cannot be reached by the main routine: 'JsrCallerRtnXX02 of Program MainProgram' | Warning: JsrCallerRtnXX03: Routine cannot be reached by the main"
"jsrcallers_k10","27992","UNKNOWN","UNKNOWN","2026-09-23","PROCTYPE-UNREAD","0","27","0","Logix Designer - JsrCallDist10 in jsrcallers_k10.ACD [1756-L81E 35.11]*","Warning: JsrCallerRtnXX01: Routine cannot be reached by the main routine: 'JsrCallerRtnXX01 of Program MainProgram' | Warning: JsrCallerRtnXX02: Routine cannot be reached by the main routine: 'JsrCallerRtnXX02 of Program MainProgram' | Warning: JsrCallerRtnXX03: Routine cannot be reached by the main"
"jsrcallers_k20","30792","UNKNOWN","UNKNOWN","2026-09-23","PROCTYPE-UNREAD","0","38","0","Logix Designer - JsrCallDist20 in jsrcallers_k20.ACD [1756-L81E 35.11]*","Warning: JsrCallerRtnXX01: Routine cannot be reached by the main routine: 'JsrCallerRtnXX01 of Program MainProgram' | Warning: JsrCallerRtnXX02: Routine cannot be reached by the main routine: 'JsrCallerRtnXX02 of Program MainProgram' | Warning: JsrCallerRtnXX03: Routine cannot be reached by the main"
"litop_bool_alltag_n01000_r2","224028","UNKNOWN","UNKNOWN","2026-09-23","PROCTYPE-UNREAD","0","1","0","Logix Designer - LitOperandProbe in litop_bool_alltag_n01000_r2.ACD [1756-L81E 35.11]*","Warning: Duplicate AOI Backing Tag Reference Detected: 'Sensor' |     MainProgram - MainRoutine, Rung 294 |     MainProgram - MainRoutine, Rung 179 |     MainProgram - MainRoutine, Rung 984 |     MainProgram - MainRoutine, Rung 389 |     MainProgram - MainRoutine, Rung 17 |     MainProgram - MainRou"
"litop_bool_dint_n01000_r2","224028","UNKNOWN","UNKNOWN","2026-09-23","PROCTYPE-UNREAD","0","1","0","Logix Designer - LitOperandProbe in litop_bool_dint_n01000_r2.ACD [1756-L81E 35.11]*","Warning: Duplicate AOI Backing Tag Reference Detected: 'Sensor' |     MainProgram - MainRoutine, Rung 294 |     MainProgram - MainRoutine, Rung 179 |     MainProgram - MainRoutine, Rung 984 |     MainProgram - MainRoutine, Rung 389 |     MainProgram - MainRoutine, Rung 17 |     MainProgram - MainRou"
"litop_bool_one_n01000_r2","212028","UNKNOWN","UNKNOWN","2026-09-23","PROCTYPE-UNREAD","0","1","0","Logix Designer - LitOperandProbe in litop_bool_one_n01000_r2.ACD [1756-L81E 35.11]*","Warning: Duplicate AOI Backing Tag Reference Detected: 'Sensor' |     MainProgram - MainRoutine, Rung 294 |     MainProgram - MainRoutine, Rung 179 |     MainProgram - MainRoutine, Rung 984 |     MainProgram - MainRoutine, Rung 389 |     MainProgram - MainRoutine, Rung 17 |     MainProgram - MainRou"
"litop_bool_zero_n01000_r2","212028","UNKNOWN","UNKNOWN","2026-09-23","PROCTYPE-UNREAD","0","1","0","Logix Designer - LitOperandProbe in litop_bool_zero_n01000_r2.ACD [1756-L81E 35.11]*","Warning: Duplicate AOI Backing Tag Reference Detected: 'Sensor' |     MainProgram - MainRoutine, Rung 294 |     MainProgram - MainRoutine, Rung 179 |     MainProgram - MainRoutine, Rung 984 |     MainProgram - MainRoutine, Rung 389 |     MainProgram - MainRoutine, Rung 17 |     MainProgram - MainRou"
"rungpack_equ_k01","162288","UNKNOWN","UNKNOWN","2026-09-23","PROCTYPE-UNREAD","0","0","0","Logix Designer - RungPackEQU01 in rungpack_equ_k01.ACD [1756-L81E 35.11]*","Complete - 0 error(s), 0 warning(s) | "
"rungpack_equ_k02","130288","UNKNOWN","UNKNOWN","2026-09-23","PROCTYPE-UNREAD","0","0","0","Logix Designer - RungPackEQU02 in rungpack_equ_k02.ACD [1756-L81E 35.11]*","Complete - 0 error(s), 0 warning(s) | "
"rungpack_equ_k04","114288","UNKNOWN","UNKNOWN","2026-09-23","PROCTYPE-UNREAD","0","0","0","Logix Designer - RungPackEQU04 in rungpack_equ_k04.ACD [1756-L81E 35.11]*","Complete - 0 error(s), 0 warning(s) | "
"rungpack_equ_k08","106288","UNKNOWN","UNKNOWN","2026-09-23","PROCTYPE-UNREAD","0","0","0","Logix Designer - RungPackEQU08 in rungpack_equ_k08.ACD [1756-L81E 35.11]*","Complete - 0 error(s), 0 warning(s) | "
"rungpack_equ_k16","102288","UNKNOWN","UNKNOWN","2026-09-23","PROCTYPE-UNREAD","0","0","0","Logix Designer - RungPackEQU16 in rungpack_equ_k16.ACD [1756-L81E 35.11]*","Complete - 0 error(s), 0 warning(s) | "
"rungpack_equ_k40","99888","UNKNOWN","UNKNOWN","2026-09-23","PROCTYPE-UNREAD","0","0","0","Logix Designer - RungPackEQU40 in rungpack_equ_k40.ACD [1756-L81E 35.11]*","Complete - 0 error(s), 0 warning(s) | "
"rungpack_xic_k01","98200","UNKNOWN","UNKNOWN","2026-09-23","PROCTYPE-UNREAD","0","0","0","Logix Designer - RungPackXIC01 in rungpack_xic_k01.ACD [1756-L81E 35.11]*","Complete - 0 error(s), 0 warning(s) | "
"rungpack_xic_k02","66200","UNKNOWN","UNKNOWN","2026-09-23","PROCTYPE-UNREAD","0","0","0","Logix Designer - RungPackXIC02 in rungpack_xic_k02.ACD [1756-L81E 35.11]*","Complete - 0 error(s), 0 warning(s) | "
"rungpack_xic_k04","50200","UNKNOWN","UNKNOWN","2026-09-23","PROCTYPE-UNREAD","0","0","0","Logix Designer - RungPackXIC04 in rungpack_xic_k04.ACD [1756-L81E 35.11]*","Complete - 0 error(s), 0 warning(s) | "
"rungpack_xic_k08","42200","UNKNOWN","UNKNOWN","2026-09-23","PROCTYPE-UNREAD","0","0","0","Logix Designer - RungPackXIC08 in rungpack_xic_k08.ACD [1756-L81E 35.11]*","Complete - 0 error(s), 0 warning(s) | "
"rungpack_xic_k16","38200","UNKNOWN","UNKNOWN","2026-09-23","PROCTYPE-UNREAD","0","0","0","Logix Designer - RungPackXIC16 in rungpack_xic_k16.ACD [1756-L81E 35.11]*","Complete - 0 error(s), 0 warning(s) | "
"rungpack_xic_k40","35800","UNKNOWN","UNKNOWN","2026-09-23","PROCTYPE-UNREAD","0","0","0","Logix Designer - RungPackXIC40 in rungpack_xic_k40.ACD [1756-L81E 35.11]*","Complete - 0 error(s), 0 warning(s) | "
"modname_p208_len04","22136","UNKNOWN","UNKNOWN","2026-09-23","PROCTYPE-UNREAD","0","0","0","Logix Designer - ModuleNameLen in modname_p208_len04.ACD [1756-L81E 35.11]*","Complete - 0 error(s), 0 warning(s) | "
"modname_p208_len06","22144","UNKNOWN","UNKNOWN","2026-09-23","PROCTYPE-UNREAD","0","0","0","Logix Designer - ModuleNameLen in modname_p208_len06.ACD [1756-L81E 35.11]*","Complete - 0 error(s), 0 warning(s) | "
"modname_p208_len08","22144","UNKNOWN","UNKNOWN","2026-09-23","PROCTYPE-UNREAD","0","0","0","Logix Designer - ModuleNameLen in modname_p208_len08.ACD [1756-L81E 35.11]*","Complete - 0 error(s), 0 warning(s) | "
"modname_p208_len10","22144","UNKNOWN","UNKNOWN","2026-09-23","PROCTYPE-UNREAD","0","0","0","Logix Designer - ModuleNameLen in modname_p208_len10.ACD [1756-L81E 35.11]*","Complete - 0 error(s), 0 warning(s) | "
"modname_p208_len12","22152","UNKNOWN","UNKNOWN","2026-09-23","PROCTYPE-UNREAD","0","0","0","Logix Designer - ModuleNameLen in modname_p208_len12.ACD [1756-L81E 35.11]*","Complete - 0 error(s), 0 warning(s) | "
"modname_p208_len13","22152","UNKNOWN","UNKNOWN","2026-09-23","PROCTYPE-UNREAD","0","0","0","Logix Designer - ModuleNameLen in modname_p208_len13.ACD [1756-L81E 35.11]*","Complete - 0 error(s), 0 warning(s) | "
"modname_p208_len16","22160","UNKNOWN","UNKNOWN","2026-09-23","PROCTYPE-UNREAD","0","0","0","Logix Designer - ModuleNameLen in modname_p208_len16.ACD [1756-L81E 35.11]*","Complete - 0 error(s), 0 warning(s) | "
"modname_p208_len17","22160","UNKNOWN","UNKNOWN","2026-09-23","PROCTYPE-UNREAD","0","0","0","Logix Designer - ModuleNameLen in modname_p208_len17.ACD [1756-L81E 35.11]*","Complete - 0 error(s), 0 warning(s) | "
"modname_p208_len20","22168","UNKNOWN","UNKNOWN","2026-09-23","PROCTYPE-UNREAD","0","0","0","Logix Designer - ModuleNameLen in modname_p208_len20.ACD [1756-L81E 35.11]*","Complete - 0 error(s), 0 warning(s) | "
"modname_p208_len24","22176","UNKNOWN","UNKNOWN","2026-09-23","PROCTYPE-UNREAD","0","0","0","Logix Designer - ModuleNameLen in modname_p208_len24.ACD [1756-L81E 35.11]*","Complete - 0 error(s), 0 warning(s) | "
"modname_p208_len32","22192","UNKNOWN","UNKNOWN","2026-09-23","PROCTYPE-UNREAD","0","0","0","Logix Designer - ModuleNameLen in modname_p208_len32.ACD [1756-L81E 35.11]*","Complete - 0 error(s), 0 warning(s) | "
"modname_p208_len40","22208","UNKNOWN","UNKNOWN","2026-09-23","PROCTYPE-UNREAD","0","0","0","Logix Designer - ModuleNameLen in modname_p208_len40.ACD [1756-L81E 35.11]*","Complete - 0 error(s), 0 warning(s) | "
"modulerack_kinetix_full_bus_r2","230896","UNKNOWN","UNKNOWN","2026-09-23","PROCTYPE-UNREAD","4","24","0","Logix Designer - KinetixFullBus in modulerack_kinetix_full_bus_r2.ACD [1756-L81E 35.11]","Warning: Bus1_Drive_Z_Axis: Axis Maximum Deceleration is set to 0. Motion cannot be started on the axis. | Warning: Bus1_Drive_Z_Axis: Axis Maximum Speed, Maximum Deceleration, or Maximum Deceleration Jerk is set to 0.  S-curve motion cannot be started on the axis. | Warning: Bus1_Drive_Z_Axis: Axis"
"almd_minimal_r3","19963","UNKNOWN","UNKNOWN","2026-09-23","PROCTYPE-UNREAD","0","0","0","Logix Designer - AlmdMinimal in almd_minimal_r3.ACD [1756-L81E 35.11]*","Complete - 0 error(s), 0 warning(s) | "
"almd_realtext_r3","19998","UNKNOWN","UNKNOWN","2026-09-23","PROCTYPE-UNREAD","0","0","0","Logix Designer - AlmdRealtext in almd_realtext_r3.ACD [1756-L81E 35.11]*","Complete - 0 error(s), 0 warning(s) | "
"modulerack_kinetix_full_bus_r3","194432","UNKNOWN","UNKNOWN","2026-09-23","PROCTYPE-UNREAD","0","24","0","Logix Designer - KinetixFullBus in modulerack_kinetix_full_bus_r3.ACD [1756-L81E 35.11]*","Complete - 0 error(s), 24 warning(s) | "
"modulerack_kinetix_twobus_studio","220184","1756-L81E","35.11","2026-09-23","Capacity reading supplied with the Studio-made file; built in Studio by hand, not through the capture tooling","0","","","",""
"realprog_37","1572161","5069-L330ERMS2","","2026-09-23","Blind: Capacity reading supplied after the prediction was recorded in samples/manifest.csv","","","","",""
"realprog_38","2007604","1756-L81ES","","2026-09-23","Blind: Capacity reading supplied after the prediction was recorded in samples/manifest.csv","","","","",""
"realprog_39","2935942","5069-L340ERS2","","2026-09-23","Blind: Capacity reading supplied after the prediction was recorded in samples/manifest.csv","","","","",""
"realprog_40","1279555","5069-L320ERMS2","","2026-09-23","Blind: Capacity reading supplied after the prediction was recorded in samples/manifest.csv","","","","",""
"realprog_41","511973","5069-L310ERS2","","2026-09-23","Blind: Capacity reading supplied after the prediction was recorded in samples/manifest.csv","","","","",""
"realprog_42","884640","1769-L33ERMS","","2026-09-23","Blind: Capacity reading supplied after the prediction was recorded in samples/manifest.csv","","","","",""
"jsredge_in_bare_n1_r00100","29736","UNKNOWN","UNKNOWN","2026-09-23","PROCTYPE-UNREAD","0","0","0","Logix Designer - JsrEdgeInBareN1 in jsredge_in_bare_n1_r00100.ACD [1756-L81E 35.11]*","Complete - 0 error(s), 0 warning(s) | "
"jsredge_in_bare_n3_r00100","35812","UNKNOWN","UNKNOWN","2026-09-23","PROCTYPE-UNREAD","0","0","0","Logix Designer - JsrEdgeInBareN3 in jsredge_in_bare_n3_r00100.ACD [1756-L81E 35.11]*","Complete - 0 error(s), 0 warning(s) | "
"jsredge_in_member_n1_r00100","29744","UNKNOWN","UNKNOWN","2026-09-23","PROCTYPE-UNREAD","0","0","0","Logix Designer - JsrEdgeInMemberN1 in jsredge_in_member_n1_r00100.ACD [1756-L81E 35.11]*","Complete - 0 error(s), 0 warning(s) | "
"jsredge_in_member_n3_r00100","35820","UNKNOWN","UNKNOWN","2026-09-23","PROCTYPE-UNREAD","0","0","0","Logix Designer - JsrEdgeInMemberN3 in jsredge_in_member_n3_r00100.ACD [1756-L81E 35.11]*","Complete - 0 error(s), 0 warning(s) | "
"jsredge_ret_dint_n1_r00100","31840","UNKNOWN","UNKNOWN","2026-09-23","PROCTYPE-UNREAD","0","0","0","Logix Designer - JsrEdgeRetDintN1 in jsredge_ret_dint_n1_r00100.ACD [1756-L81E 35.11]*","Complete - 0 error(s), 0 warning(s) | "
"jsredge_ret_dint_n3_r00100","35928","UNKNOWN","UNKNOWN","2026-09-23","PROCTYPE-UNREAD","0","0","0","Logix Designer - JsrEdgeRetDintN3 in jsredge_ret_dint_n3_r00100.ACD [1756-L81E 35.11]*","Complete - 0 error(s), 0 warning(s) | "
"jsredge_ret_udt_n1_r00100","33448","UNKNOWN","UNKNOWN","2026-09-23","PROCTYPE-UNREAD","0","0","0","Logix Designer - JsrEdgeRetUdtN1 in jsredge_ret_udt_n1_r00100.ACD [1756-L81E 35.11]*","Complete - 0 error(s), 0 warning(s) | "
"jsredge_ret_udt_n3_r00100","40768","UNKNOWN","UNKNOWN","2026-09-23","PROCTYPE-UNREAD","0","0","0","Logix Designer - JsrEdgeRetUdtN3 in jsredge_ret_udt_n3_r00100.ACD [1756-L81E 35.11]*","Complete - 0 error(s), 0 warning(s) | "
"opshape_mov_dstmem_n0250","28296","UNKNOWN","UNKNOWN","2026-09-23","PROCTYPE-UNREAD","0","0","0","Logix Designer - OpShapeMovDstmem in opshape_mov_dstmem_n0250.ACD [1756-L81E 35.11]*","Complete - 0 error(s), 0 warning(s) | "
"opshape_mov_dstmem_n1000","55296","UNKNOWN","UNKNOWN","2026-09-23","PROCTYPE-UNREAD","0","0","0","Logix Designer - OpShapeMovDstmem in opshape_mov_dstmem_n1000.ACD [1756-L81E 35.11]*","Complete - 0 error(s), 0 warning(s) | "
"opshape_mov_nest_n0250","28296","UNKNOWN","UNKNOWN","2026-09-23","PROCTYPE-UNREAD","0","0","0","Logix Designer - OpShapeMovNest in opshape_mov_nest_n0250.ACD [1756-L81E 35.11]*","Complete - 0 error(s), 0 warning(s) | "
"opshape_mov_nest_n1000","55296","UNKNOWN","UNKNOWN","2026-09-23","PROCTYPE-UNREAD","0","0","0","Logix Designer - OpShapeMovNest in opshape_mov_nest_n1000.ACD [1756-L81E 35.11]*","Complete - 0 error(s), 0 warning(s) | "
"opshape_mov_plain_n0250","28296","UNKNOWN","UNKNOWN","2026-09-23","PROCTYPE-UNREAD","0","0","0","Logix Designer - OpShapeMovPlain in opshape_mov_plain_n0250.ACD [1756-L81E 35.11]*","Complete - 0 error(s), 0 warning(s) | "
"opshape_mov_plain_n1000","55296","UNKNOWN","UNKNOWN","2026-09-23","PROCTYPE-UNREAD","0","0","0","Logix Designer - OpShapeMovPlain in opshape_mov_plain_n1000.ACD [1756-L81E 35.11]*","Complete - 0 error(s), 0 warning(s) | "
"opshape_mov_srcmem_n0250","28296","UNKNOWN","UNKNOWN","2026-09-23","PROCTYPE-UNREAD","0","0","0","Logix Designer - OpShapeMovSrcmem in opshape_mov_srcmem_n0250.ACD [1756-L81E 35.11]*","Complete - 0 error(s), 0 warning(s) | "
"opshape_mov_srcmem_n1000","55296","UNKNOWN","UNKNOWN","2026-09-23","PROCTYPE-UNREAD","0","0","0","Logix Designer - OpShapeMovSrcmem in opshape_mov_srcmem_n1000.ACD [1756-L81E 35.11]*","Complete - 0 error(s), 0 warning(s) | "
"opshape_ote_arrmem_n0250","24296","UNKNOWN","UNKNOWN","2026-09-23","PROCTYPE-UNREAD","0","1","0","Logix Designer - OpShapeOteArrmem in opshape_ote_arrmem_n0250.ACD [1756-L81E 35.11]*","Complete - 0 error(s), 1 warning(s) | Warning: Duplicate Destructive Bit Reference Detected: 'UA[2].Bit' | MainProgram - MainRoutine, Rung 205, OTE | MainProgram - MainRoutine, Rung 43, OTE | MainProgram - MainRoutine, Rung 49, OTE | MainProgram - MainRoutine, Rung 164, OTE | MainProgram - MainRoutine, Rung 85, OTE | MainProgram - MainRoutine, Rung 202, OTE | MainProgram - MainRoutine, Rung 34, OTE | MainProgram - MainRoutine, Rung 98, OTE | MainProgram - MainRoutine, Rung 22, OTE | MainProgram - MainRoutine, Rung 160, OTE | "
"opshape_ote_arrmem_n1000","39296","UNKNOWN","UNKNOWN","2026-09-23","PROCTYPE-UNREAD","0","1","0","Logix Designer - OpShapeOteArrmem in opshape_ote_arrmem_n1000.ACD [1756-L81E 35.11]*","Complete - 0 error(s), 1 warning(s) | Warning: Duplicate Destructive Bit Reference Detected: 'UA[2].Bit' | MainProgram - MainRoutine, Rung 320, OTE | MainProgram - MainRoutine, Rung 205, OTE | MainProgram - MainRoutine, Rung 415, OTE | MainProgram - MainRoutine, Rung 43, OTE | MainProgram - MainRoutine, Rung 527, OTE | MainProgram - MainRoutine, Rung 873, OTE | MainProgram - MainRoutine, Rung 49, OTE | MainProgram - MainRoutine, Rung 255, OTE | MainProgram - MainRoutine, Rung 345, OTE | MainProgram - MainRoutine, Rung 510, OTE | "
"opshape_ote_mem_n0250","24296","UNKNOWN","UNKNOWN","2026-09-23","PROCTYPE-UNREAD","0","1","0","Logix Designer - OpShapeOteMem in opshape_ote_mem_n0250.ACD [1756-L81E 35.11]*","Complete - 0 error(s), 1 warning(s) | Warning: Duplicate Destructive Bit Reference Detected: 'U.Bit' | MainProgram - MainRoutine, Rung 205, OTE | MainProgram - MainRoutine, Rung 43, OTE | MainProgram - MainRoutine, Rung 49, OTE | MainProgram - MainRoutine, Rung 164, OTE | MainProgram - MainRoutine, Rung 85, OTE | MainProgram - MainRoutine, Rung 202, OTE | MainProgram - MainRoutine, Rung 34, OTE | MainProgram - MainRoutine, Rung 98, OTE | MainProgram - MainRoutine, Rung 22, OTE | MainProgram - MainRoutine, Rung 160, OTE | "
"opshape_ote_mem_n1000","39296","UNKNOWN","UNKNOWN","2026-09-23","PROCTYPE-UNREAD","0","1","0","Logix Designer - OpShapeOteMem in opshape_ote_mem_n1000.ACD [1756-L81E 35.11]*","Complete - 0 error(s), 1 warning(s) | Warning: Duplicate Destructive Bit Reference Detected: 'U.Bit' | MainProgram - MainRoutine, Rung 320, OTE | MainProgram - MainRoutine, Rung 205, OTE | MainProgram - MainRoutine, Rung 415, OTE | MainProgram - MainRoutine, Rung 43, OTE | MainProgram - MainRoutine, Rung 527, OTE | MainProgram - MainRoutine, Rung 873, OTE | MainProgram - MainRoutine, Rung 49, OTE | MainProgram - MainRoutine, Rung 255, OTE | MainProgram - MainRoutine, Rung 345, OTE | MainProgram - MainRoutine, Rung 510, OTE | "
"opshape_ote_nest_n0250","24296","UNKNOWN","UNKNOWN","2026-09-23","PROCTYPE-UNREAD","0","1","0","Logix Designer - OpShapeOteNest in opshape_ote_nest_n0250.ACD [1756-L81E 35.11]*","Complete - 0 error(s), 1 warning(s) | Warning: Duplicate Destructive Bit Reference Detected: 'U.Sub.Bit' | MainProgram - MainRoutine, Rung 205, OTE | MainProgram - MainRoutine, Rung 43, OTE | MainProgram - MainRoutine, Rung 49, OTE | MainProgram - MainRoutine, Rung 164, OTE | MainProgram - MainRoutine, Rung 85, OTE | MainProgram - MainRoutine, Rung 202, OTE | MainProgram - MainRoutine, Rung 34, OTE | MainProgram - MainRoutine, Rung 98, OTE | MainProgram - MainRoutine, Rung 22, OTE | MainProgram - MainRoutine, Rung 160, OTE | "
"opshape_ote_nest_n1000","39296","UNKNOWN","UNKNOWN","2026-09-23","PROCTYPE-UNREAD","0","1","0","Logix Designer - OpShapeOteNest in opshape_ote_nest_n1000.ACD [1756-L81E 35.11]*","Complete - 0 error(s), 1 warning(s) | Warning: Duplicate Destructive Bit Reference Detected: 'U.Sub.Bit' | MainProgram - MainRoutine, Rung 320, OTE | MainProgram - MainRoutine, Rung 205, OTE | MainProgram - MainRoutine, Rung 415, OTE | MainProgram - MainRoutine, Rung 43, OTE | MainProgram - MainRoutine, Rung 527, OTE | MainProgram - MainRoutine, Rung 873, OTE | MainProgram - MainRoutine, Rung 49, OTE | MainProgram - MainRoutine, Rung 255, OTE | MainProgram - MainRoutine, Rung 345, OTE | MainProgram - MainRoutine, Rung 510, OTE | "
"opshape_ote_plain_n0250","24296","UNKNOWN","UNKNOWN","2026-09-23","PROCTYPE-UNREAD","0","1","0","Logix Designer - OpShapeOtePlain in opshape_ote_plain_n0250.ACD [1756-L81E 35.11]*","Complete - 0 error(s), 1 warning(s) | Warning: Duplicate Destructive Bit Reference Detected: 'PB' | MainProgram - MainRoutine, Rung 205, OTE | MainProgram - MainRoutine, Rung 43, OTE | MainProgram - MainRoutine, Rung 49, OTE | MainProgram - MainRoutine, Rung 164, OTE | MainProgram - MainRoutine, Rung 85, OTE | MainProgram - MainRoutine, Rung 202, OTE | MainProgram - MainRoutine, Rung 34, OTE | MainProgram - MainRoutine, Rung 98, OTE | MainProgram - MainRoutine, Rung 22, OTE | MainProgram - MainRoutine, Rung 160, OTE | "
"opshape_ote_plain_n1000","39296","UNKNOWN","UNKNOWN","2026-09-23","PROCTYPE-UNREAD","0","1","0","Logix Designer - OpShapeOtePlain in opshape_ote_plain_n1000.ACD [1756-L81E 35.11]*","Complete - 0 error(s), 1 warning(s) | Warning: Duplicate Destructive Bit Reference Detected: 'PB' | MainProgram - MainRoutine, Rung 320, OTE | MainProgram - MainRoutine, Rung 205, OTE | MainProgram - MainRoutine, Rung 415, OTE | MainProgram - MainRoutine, Rung 43, OTE | MainProgram - MainRoutine, Rung 527, OTE | MainProgram - MainRoutine, Rung 873, OTE | MainProgram - MainRoutine, Rung 49, OTE | MainProgram - MainRoutine, Rung 255, OTE | MainProgram - MainRoutine, Rung 345, OTE | MainProgram - MainRoutine, Rung 510, OTE | "
"opshape_xic_arrmem_n1000","39296","UNKNOWN","UNKNOWN","2026-09-23","PROCTYPE-UNREAD","0","1","0","Logix Designer - OpShapeXicArrmem in opshape_xic_arrmem_n1000.ACD [1756-L81E 35.11]*","Complete - 0 error(s), 1 warning(s) | Warning: Duplicate Destructive Bit Reference Detected: 'Out' | MainProgram - MainRoutine, Rung 320, OTE | MainProgram - MainRoutine, Rung 205, OTE | MainProgram - MainRoutine, Rung 415, OTE | MainProgram - MainRoutine, Rung 43, OTE | MainProgram - MainRoutine, Rung 527, OTE | MainProgram - MainRoutine, Rung 873, OTE | MainProgram - MainRoutine, Rung 49, OTE | MainProgram - MainRoutine, Rung 255, OTE | MainProgram - MainRoutine, Rung 345, OTE | MainProgram - MainRoutine, Rung 510, OTE | "
"opshape_xic_arrmem_n0250","24296","UNKNOWN","UNKNOWN","2026-09-23","PROCTYPE-UNREAD","0","1","0","Logix Designer - OpShapeXicArrmem in opshape_xic_arrmem_n0250.ACD [1756-L81E 35.11]*","Complete - 0 error(s), 1 warning(s) | Warning: Duplicate Destructive Bit Reference Detected: 'Out' | MainProgram - MainRoutine, Rung 205, OTE | MainProgram - MainRoutine, Rung 43, OTE | MainProgram - MainRoutine, Rung 49, OTE | MainProgram - MainRoutine, Rung 164, OTE | MainProgram - MainRoutine, Rung 85, OTE | MainProgram - MainRoutine, Rung 202, OTE | MainProgram - MainRoutine, Rung 34, OTE | MainProgram - MainRoutine, Rung 98, OTE | MainProgram - MainRoutine, Rung 22, OTE | MainProgram - MainRoutine, Rung 160, OTE | "
"opshape_xic_bitword_n0250","24296","UNKNOWN","UNKNOWN","2026-09-23","PROCTYPE-UNREAD","0","1","0","Logix Designer - OpShapeXicBitword in opshape_xic_bitword_n0250.ACD [1756-L81E 35.11]*","Complete - 0 error(s), 1 warning(s) | Warning: Duplicate Destructive Bit Reference Detected: 'Out' | MainProgram - MainRoutine, Rung 205, OTE | MainProgram - MainRoutine, Rung 43, OTE | MainProgram - MainRoutine, Rung 49, OTE | MainProgram - MainRoutine, Rung 164, OTE | MainProgram - MainRoutine, Rung 85, OTE | MainProgram - MainRoutine, Rung 202, OTE | MainProgram - MainRoutine, Rung 34, OTE | MainProgram - MainRoutine, Rung 98, OTE | MainProgram - MainRoutine, Rung 22, OTE | MainProgram - MainRoutine, Rung 160, OTE | "
"opshape_xic_bitword_n1000","39296","UNKNOWN","UNKNOWN","2026-09-23","PROCTYPE-UNREAD","0","1","0","Logix Designer - OpShapeXicBitword in opshape_xic_bitword_n1000.ACD [1756-L81E 35.11]*","Complete - 0 error(s), 1 warning(s) | Warning: Duplicate Destructive Bit Reference Detected: 'Out' | MainProgram - MainRoutine, Rung 320, OTE | MainProgram - MainRoutine, Rung 205, OTE | MainProgram - MainRoutine, Rung 415, OTE | MainProgram - MainRoutine, Rung 43, OTE | MainProgram - MainRoutine, Rung 527, OTE | MainProgram - MainRoutine, Rung 873, OTE | MainProgram - MainRoutine, Rung 49, OTE | MainProgram - MainRoutine, Rung 255, OTE | MainProgram - MainRoutine, Rung 345, OTE | MainProgram - MainRoutine, Rung 510, OTE | "
"opshape_xic_mem_n0250","24296","UNKNOWN","UNKNOWN","2026-09-23","PROCTYPE-UNREAD","0","1","0","Logix Designer - OpShapeXicMem in opshape_xic_mem_n0250.ACD [1756-L81E 35.11]*","Complete - 0 error(s), 1 warning(s) | Warning: Duplicate Destructive Bit Reference Detected: 'Out' | MainProgram - MainRoutine, Rung 205, OTE | MainProgram - MainRoutine, Rung 43, OTE | MainProgram - MainRoutine, Rung 49, OTE | MainProgram - MainRoutine, Rung 164, OTE | MainProgram - MainRoutine, Rung 85, OTE | MainProgram - MainRoutine, Rung 202, OTE | MainProgram - MainRoutine, Rung 34, OTE | MainProgram - MainRoutine, Rung 98, OTE | MainProgram - MainRoutine, Rung 22, OTE | MainProgram - MainRoutine, Rung 160, OTE | "
"opshape_xic_mem_n1000","39296","UNKNOWN","UNKNOWN","2026-09-23","PROCTYPE-UNREAD","0","1","0","Logix Designer - OpShapeXicMem in opshape_xic_mem_n1000.ACD [1756-L81E 35.11]*","Complete - 0 error(s), 1 warning(s) | Warning: Duplicate Destructive Bit Reference Detected: 'Out' | MainProgram - MainRoutine, Rung 320, OTE | MainProgram - MainRoutine, Rung 205, OTE | MainProgram - MainRoutine, Rung 415, OTE | MainProgram - MainRoutine, Rung 43, OTE | MainProgram - MainRoutine, Rung 527, OTE | MainProgram - MainRoutine, Rung 873, OTE | MainProgram - MainRoutine, Rung 49, OTE | MainProgram - MainRoutine, Rung 255, OTE | MainProgram - MainRoutine, Rung 345, OTE | MainProgram - MainRoutine, Rung 510, OTE | "
"opshape_xic_nest_n0250","24296","UNKNOWN","UNKNOWN","2026-09-23","PROCTYPE-UNREAD","0","1","0","Logix Designer - OpShapeXicNest in opshape_xic_nest_n0250.ACD [1756-L81E 35.11]*","Complete - 0 error(s), 1 warning(s) | Warning: Duplicate Destructive Bit Reference Detected: 'Out' | MainProgram - MainRoutine, Rung 205, OTE | MainProgram - MainRoutine, Rung 43, OTE | MainProgram - MainRoutine, Rung 49, OTE | MainProgram - MainRoutine, Rung 164, OTE | MainProgram - MainRoutine, Rung 85, OTE | MainProgram - MainRoutine, Rung 202, OTE | MainProgram - MainRoutine, Rung 34, OTE | MainProgram - MainRoutine, Rung 98, OTE | MainProgram - MainRoutine, Rung 22, OTE | MainProgram - MainRoutine, Rung 160, OTE | "
"opshape_xic_nest_n1000","39296","UNKNOWN","UNKNOWN","2026-09-23","PROCTYPE-UNREAD","0","1","0","Logix Designer - OpShapeXicNest in opshape_xic_nest_n1000.ACD [1756-L81E 35.11]*","Complete - 0 error(s), 1 warning(s) | Warning: Duplicate Destructive Bit Reference Detected: 'Out' | MainProgram - MainRoutine, Rung 320, OTE | MainProgram - MainRoutine, Rung 205, OTE | MainProgram - MainRoutine, Rung 415, OTE | MainProgram - MainRoutine, Rung 43, OTE | MainProgram - MainRoutine, Rung 527, OTE | MainProgram - MainRoutine, Rung 873, OTE | MainProgram - MainRoutine, Rung 49, OTE | MainProgram - MainRoutine, Rung 255, OTE | MainProgram - MainRoutine, Rung 345, OTE | MainProgram - MainRoutine, Rung 510, OTE | "
"opshape_xic_plain_n0250","24296","UNKNOWN","UNKNOWN","2026-09-23","PROCTYPE-UNREAD","0","1","0","Logix Designer - OpShapeXicPlain in opshape_xic_plain_n0250.ACD [1756-L81E 35.11]*","Complete - 0 error(s), 1 warning(s) | Warning: Duplicate Destructive Bit Reference Detected: 'Out' | MainProgram - MainRoutine, Rung 205, OTE | MainProgram - MainRoutine, Rung 43, OTE | MainProgram - MainRoutine, Rung 49, OTE | MainProgram - MainRoutine, Rung 164, OTE | MainProgram - MainRoutine, Rung 85, OTE | MainProgram - MainRoutine, Rung 202, OTE | MainProgram - MainRoutine, Rung 34, OTE | MainProgram - MainRoutine, Rung 98, OTE | MainProgram - MainRoutine, Rung 22, OTE | MainProgram - MainRoutine, Rung 160, OTE | "
"opshape_xic_plain_n1000","39296","UNKNOWN","UNKNOWN","2026-09-23","PROCTYPE-UNREAD","0","1","0","Logix Designer - OpShapeXicPlain in opshape_xic_plain_n1000.ACD [1756-L81E 35.11]*","Complete - 0 error(s), 1 warning(s) | Warning: Duplicate Destructive Bit Reference Detected: 'Out' | MainProgram - MainRoutine, Rung 320, OTE | MainProgram - MainRoutine, Rung 205, OTE | MainProgram - MainRoutine, Rung 415, OTE | MainProgram - MainRoutine, Rung 43, OTE | MainProgram - MainRoutine, Rung 527, OTE | MainProgram - MainRoutine, Rung 873, OTE | MainProgram - MainRoutine, Rung 49, OTE | MainProgram - MainRoutine, Rung 255, OTE | MainProgram - MainRoutine, Rung 345, OTE | MainProgram - MainRoutine, Rung 510, OTE | "
"realprog_43","2683654","1756-L81E","35.05","2026-09-24","Real program; Capacity reading supplied with the file (not blind).","0","","","",""
"l9v38_d0000_l8v35","840384","UNKNOWN","UNKNOWN","2026-09-24","PROCTYPE-UNREAD","0","0","0","Logix Designer - PlatNine_l8v35_d0000 in l9v38_d0000_l8v35.ACD [1756-L81E 35.11]*","Complete - 0 error(s), 0 warning(s) | "
"l9v38_d0000_l8v38","840384","UNKNOWN","UNKNOWN","2026-09-24","PROCTYPE-UNREAD","0","0","0","Logix Designer - PlatNine_l8v38_d0000 in l9v38_d0000_l8v38.ACD [1756-L81E 38.11]*","Complete - 0 error(s), 0 warning(s) | "
"l9v38_d0025_l8v35","847524","UNKNOWN","UNKNOWN","2026-09-24","PROCTYPE-UNREAD","0","0","0","Logix Designer - PlatNine_l8v35_d0025 in l9v38_d0025_l8v35.ACD [1756-L81E 35.11]*","Complete - 0 error(s), 0 warning(s) | "
"l9v38_d0025_l8v38","847524","UNKNOWN","UNKNOWN","2026-09-24","PROCTYPE-UNREAD","0","0","0","Logix Designer - PlatNine_l8v38_d0025 in l9v38_d0025_l8v38.ACD [1756-L81E 38.11]*","Complete - 0 error(s), 0 warning(s) | "
"l9v38_d0025_l9v38","849800","UNKNOWN","UNKNOWN","2026-09-24","PROCTYPE-UNREAD","0","0","0","Logix Designer - PlatNine_l9v38_d0025 in l9v38_d0025_l9v38.ACD [1756-L908TS 38.11]*","Complete - 0 error(s), 0 warning(s) | "
"l9v38_d0000_l9v38","842660","UNKNOWN","UNKNOWN","2026-09-24","PROCTYPE-UNREAD","0","0","0","Logix Designer - PlatNine_l9v38_d0000 in l9v38_d0000_l9v38.ACD [1756-L908TS 38.11]*","Complete - 0 error(s), 0 warning(s) | "
"l9v38_d0100_l8v35","867624","UNKNOWN","UNKNOWN","2026-09-24","PROCTYPE-UNREAD","0","0","0","Logix Designer - PlatNine_l8v35_d0100 in l9v38_d0100_l8v35.ACD [1756-L81E 35.11]*","Complete - 0 error(s), 0 warning(s) | "
"l9v38_d0400_l8v35","948024","UNKNOWN","UNKNOWN","2026-09-24","PROCTYPE-UNREAD","0","0","0","Logix Designer - PlatNine_l8v35_d0400 in l9v38_d0400_l8v35.ACD [1756-L81E 35.11]*","Complete - 0 error(s), 0 warning(s) | "
"l9v38_d1600_l8v35","1269624","UNKNOWN","UNKNOWN","2026-09-24","PROCTYPE-UNREAD","0","0","0","Logix Designer - PlatNine_l8v35_d1600 in l9v38_d1600_l8v35.ACD [1756-L81E 35.11]*","Complete - 0 error(s), 0 warning(s) | "
"l9v38_i_add_l8v35","888544","UNKNOWN","UNKNOWN","2026-09-24","PROCTYPE-UNREAD","0","0","0","Logix Designer - PlatNine_l8v35_i_ADD in l9v38_i_add_l8v35.ACD [1756-L81E 35.11]*","Complete - 0 error(s), 0 warning(s) | "
"l9v38_i_clr_l8v35","876456","UNKNOWN","UNKNOWN","2026-09-24","PROCTYPE-UNREAD","0","0","0","Logix Designer - PlatNine_l8v35_i_CLR in l9v38_i_clr_l8v35.ACD [1756-L81E 35.11]*","Complete - 0 error(s), 0 warning(s) | "
"l9v38_i_cop_l8v35","960544","UNKNOWN","UNKNOWN","2026-09-24","PROCTYPE-UNREAD","0","0","0","Logix Designer - PlatNine_l8v35_i_COP in l9v38_i_cop_l8v35.ACD [1756-L81E 35.11]*","Complete - 0 error(s), 0 warning(s) | "
"l9v38_i_equ_l8v35","880672","UNKNOWN","UNKNOWN","2026-09-24","PROCTYPE-UNREAD","0","0","0","Logix Designer - PlatNine_l8v35_i_EQU in l9v38_i_equ_l8v35.ACD [1756-L81E 35.11]*","Complete - 0 error(s), 0 warning(s) | "
"l9v38_i_geq_l8v35","880672","UNKNOWN","UNKNOWN","2026-09-24","PROCTYPE-UNREAD","0","0","0","Logix Designer - PlatNine_l8v35_i_GEQ in l9v38_i_geq_l8v35.ACD [1756-L81E 35.11]*","Complete - 0 error(s), 0 warning(s) | "
"l9v38_i_grt_l8v35","880672","UNKNOWN","UNKNOWN","2026-09-24","PROCTYPE-UNREAD","0","0","0","Logix Designer - PlatNine_l8v35_i_GRT in l9v38_i_grt_l8v35.ACD [1756-L81E 35.11]*","Complete - 0 error(s), 0 warning(s) | "
"l9v38_i_jsr_l8v35","912648","UNKNOWN","UNKNOWN","2026-09-24","PROCTYPE-UNREAD","0","0","0","Logix Designer - PlatNine_l8v35_i_JSR in l9v38_i_jsr_l8v35.ACD [1756-L81E 35.11]*","Complete - 0 error(s), 0 warning(s) | "
"l9v38_i_leq_l8v35","880672","UNKNOWN","UNKNOWN","2026-09-24","PROCTYPE-UNREAD","0","0","0","Logix Designer - PlatNine_l8v35_i_LEQ in l9v38_i_leq_l8v35.ACD [1756-L81E 35.11]*","Complete - 0 error(s), 0 warning(s) | "
"l9v38_i_les_l8v35","880672","UNKNOWN","UNKNOWN","2026-09-24","PROCTYPE-UNREAD","0","0","0","Logix Designer - PlatNine_l8v35_i_LES in l9v38_i_les_l8v35.ACD [1756-L81E 35.11]*","Complete - 0 error(s), 0 warning(s) | "
"l9v38_i_lim_l8v35","912672","UNKNOWN","UNKNOWN","2026-09-24","PROCTYPE-UNREAD","0","0","0","Logix Designer - PlatNine_l8v35_i_LIM in l9v38_i_lim_l8v35.ACD [1756-L81E 35.11]*","Complete - 0 error(s), 0 warning(s) | "
"l9v38_i_mov_l8v35","884544","UNKNOWN","UNKNOWN","2026-09-24","PROCTYPE-UNREAD","0","0","0","Logix Designer - PlatNine_l8v35_i_MOV in l9v38_i_mov_l8v35.ACD [1756-L81E 35.11]*","Complete - 0 error(s), 0 warning(s) | "
"l9v38_i_neq_l8v35","880672","UNKNOWN","UNKNOWN","2026-09-24","PROCTYPE-UNREAD","0","0","0","Logix Designer - PlatNine_l8v35_i_NEQ in l9v38_i_neq_l8v35.ACD [1756-L81E 35.11]*","Complete - 0 error(s), 0 warning(s) | "
"l9v38_i_nop_l8v35","856368","UNKNOWN","UNKNOWN","2026-09-24","PROCTYPE-UNREAD","0","0","0","Logix Designer - PlatNine_l8v35_i_NOP in l9v38_i_nop_l8v35.ACD [1756-L81E 35.11]*","Complete - 0 error(s), 0 warning(s) | "
"l9v38_i_ons_l8v35","897016","UNKNOWN","UNKNOWN","2026-09-24","PROCTYPE-UNREAD","0","0","0","Logix Designer - PlatNine_l8v35_i_ONS in l9v38_i_ons_l8v35.ACD [1756-L81E 35.11]*","Complete - 0 error(s), 0 warning(s) | "
"l9v38_i_ote_l8v35","856584","UNKNOWN","UNKNOWN","2026-09-24","PROCTYPE-UNREAD","0","0","0","Logix Designer - PlatNine_l8v35_i_OTE in l9v38_i_ote_l8v35.ACD [1756-L81E 35.11]*","Complete - 0 error(s), 0 warning(s) | "
"l9v38_i_otl_l8v35","856584","UNKNOWN","UNKNOWN","2026-09-24","PROCTYPE-UNREAD","0","0","0","Logix Designer - PlatNine_l8v35_i_OTL in l9v38_i_otl_l8v35.ACD [1756-L81E 35.11]*","Complete - 0 error(s), 0 warning(s) | "
"l9v38_i_otu_l8v35","856584","UNKNOWN","UNKNOWN","2026-09-24","PROCTYPE-UNREAD","0","0","0","Logix Designer - PlatNine_l8v35_i_OTU in l9v38_i_otu_l8v35.ACD [1756-L81E 35.11]*","Complete - 0 error(s), 0 warning(s) | "
"l9v38_i_sub_l8v35","888544","UNKNOWN","UNKNOWN","2026-09-24","PROCTYPE-UNREAD","0","0","0","Logix Designer - PlatNine_l8v35_i_SUB in l9v38_i_sub_l8v35.ACD [1756-L81E 35.11]*","Complete - 0 error(s), 0 warning(s) | "
"l9v38_i_ton_l8v35","876672","UNKNOWN","UNKNOWN","2026-09-24","PROCTYPE-UNREAD","0","0","0","Logix Designer - PlatNine_l8v35_i_TON in l9v38_i_ton_l8v35.ACD [1756-L81E 35.11]*","Complete - 0 error(s), 0 warning(s) | "
"l9v38_i_xic_l8v35","860800","UNKNOWN","UNKNOWN","2026-09-24","PROCTYPE-UNREAD","0","0","0","Logix Designer - PlatNine_l8v35_i_XIC in l9v38_i_xic_l8v35.ACD [1756-L81E 35.11]*","Complete - 0 error(s), 0 warning(s) | "
"l9v38_i_xio_l8v35","860800","UNKNOWN","UNKNOWN","2026-09-24","PROCTYPE-UNREAD","0","0","0","Logix Designer - PlatNine_l8v35_i_XIO in l9v38_i_xio_l8v35.ACD [1756-L81E 35.11]*","Complete - 0 error(s), 0 warning(s) | "
"l9v38_m_alarms_l8v35","1177656","UNKNOWN","UNKNOWN","2026-09-24","PROCTYPE-UNREAD","0","0","0","Logix Designer - PlatNine_l8v35_m_alarms in l9v38_m_alarms_l8v35.ACD [1756-L81E 35.11]*","Complete - 0 error(s), 0 warning(s) | "
"l9v38_m_geneth_l8v35","842424","UNKNOWN","UNKNOWN","2026-09-24","PROCTYPE-UNREAD","0","0","0","Logix Designer - PlatNine_l8v35_m_geneth in l9v38_m_geneth_l8v35.ACD [1756-L81E 35.11]*","Complete - 0 error(s), 0 warning(s) | "
"l9v38_m_kinetix_l8v35","918360","UNKNOWN","UNKNOWN","2026-09-24","PROCTYPE-UNREAD","0","8","0","Logix Designer - PlatNine_l8v35_m_kinetix in l9v38_m_kinetix_l8v35.ACD [1756-L81E 35.11]*","Complete - 0 error(s), 8 warning(s) | Warning: PnAxisY: Axis Maximum Deceleration is set to 0. Motion cannot be started on the axis. | Warning: PnAxisY: Axis Maximum Speed, Maximum Deceleration, or Maximum Deceleration Jerk is set to 0.  S-curve motion cannot be started on the axis. | Warning: PnAxisY: Axis Maximum Acceleration Jerk is set to 0% of Max Accel Time. | Warning: PnAxisY: Axis does not have a motor associated to it. | Warning: PnAxisX: Axis Maximum Deceleration is set to 0. Motion cannot be started on the axis. | Warning: PnAxisX: Axis Maximum Speed, Maximum Deceleration, or Maximum Deceleration Jerk is set to 0.  S-curve motion cannot be started on the axis. | Warning: PnAxisX: Axis Maximum Acceleration Jerk is set to 0% of Max Accel Time. | Warning: PnAxisX: Axis does not have a motor associated to it. | "
"l9v38_m_local1756_l8v35","844248","UNKNOWN","UNKNOWN","2026-09-24","PROCTYPE-UNREAD","0","0","0","Logix Designer - PlatNine_l8v35_m_local1756 in l9v38_m_local1756_l8v35.ACD [1756-L81E 35.11]*","Complete - 0 error(s), 0 warning(s) | "
"l9v38_m_pf525_l8v35","856272","UNKNOWN","UNKNOWN","2026-09-24","PROCTYPE-UNREAD","0","0","0","Logix Designer - PlatNine_l8v35_m_pf525 in l9v38_m_pf525_l8v35.ACD [1756-L81E 35.11]*","Complete - 0 error(s), 0 warning(s) | "
"l9v38_m_pointio_l8v35","845544","UNKNOWN","UNKNOWN","2026-09-24","PROCTYPE-UNREAD","0","0","0","Logix Designer - PlatNine_l8v35_m_pointio in l9v38_m_pointio_l8v35.ACD [1756-L81E 35.11]*","Complete - 0 error(s), 0 warning(s) | "
"l9v38_d0100_l8v38","867624","UNKNOWN","UNKNOWN","2026-09-24","PROCTYPE-UNREAD","0","0","0","Logix Designer - PlatNine_l8v38_d0100 in l9v38_d0100_l8v38.ACD [1756-L81E 38.11]*","Complete - 0 error(s), 0 warning(s) | "
"l9v38_d0400_l8v38","948024","UNKNOWN","UNKNOWN","2026-09-24","PROCTYPE-UNREAD","0","0","0","Logix Designer - PlatNine_l8v38_d0400 in l9v38_d0400_l8v38.ACD [1756-L81E 38.11]*","Complete - 0 error(s), 0 warning(s) | "
"l9v38_d1600_l8v38","1269624","UNKNOWN","UNKNOWN","2026-09-24","PROCTYPE-UNREAD","0","0","0","Logix Designer - PlatNine_l8v38_d1600 in l9v38_d1600_l8v38.ACD [1756-L81E 38.11]*","Complete - 0 error(s), 0 warning(s) | "
"l9v38_i_add_l8v38","888544","UNKNOWN","UNKNOWN","2026-09-24","PROCTYPE-UNREAD","0","0","0","Logix Designer - PlatNine_l8v38_i_ADD in l9v38_i_add_l8v38.ACD [1756-L81E 38.11]*","Complete - 0 error(s), 0 warning(s) | "
"l9v38_i_clr_l8v38","876456","UNKNOWN","UNKNOWN","2026-09-24","PROCTYPE-UNREAD","0","0","0","Logix Designer - PlatNine_l8v38_i_CLR in l9v38_i_clr_l8v38.ACD [1756-L81E 38.11]*","Complete - 0 error(s), 0 warning(s) | "
"l9v38_i_cop_l8v38","960544","UNKNOWN","UNKNOWN","2026-09-24","PROCTYPE-UNREAD","0","0","0","Logix Designer - PlatNine_l8v38_i_COP in l9v38_i_cop_l8v38.ACD [1756-L81E 38.11]*","Complete - 0 error(s), 0 warning(s) | "
"l9v38_i_equ_l8v38","880672","UNKNOWN","UNKNOWN","2026-09-24","PROCTYPE-UNREAD","0","0","0","Logix Designer - PlatNine_l8v38_i_EQU in l9v38_i_equ_l8v38.ACD [1756-L81E 38.11]*","Complete - 0 error(s), 0 warning(s) | "
"l9v38_i_geq_l8v38","880672","UNKNOWN","UNKNOWN","2026-09-24","PROCTYPE-UNREAD","0","0","0","Logix Designer - PlatNine_l8v38_i_GEQ in l9v38_i_geq_l8v38.ACD [1756-L81E 38.11]*","Complete - 0 error(s), 0 warning(s) | "
"l9v38_i_grt_l8v38","880672","UNKNOWN","UNKNOWN","2026-09-24","PROCTYPE-UNREAD","0","0","0","Logix Designer - PlatNine_l8v38_i_GRT in l9v38_i_grt_l8v38.ACD [1756-L81E 38.11]*","Complete - 0 error(s), 0 warning(s) | "
"l9v38_i_jsr_l8v38","912648","UNKNOWN","UNKNOWN","2026-09-24","PROCTYPE-UNREAD","0","0","0","Logix Designer - PlatNine_l8v38_i_JSR in l9v38_i_jsr_l8v38.ACD [1756-L81E 38.11]*","Complete - 0 error(s), 0 warning(s) | "
"l9v38_i_leq_l8v38","880672","UNKNOWN","UNKNOWN","2026-09-24","PROCTYPE-UNREAD","0","0","0","Logix Designer - PlatNine_l8v38_i_LEQ in l9v38_i_leq_l8v38.ACD [1756-L81E 38.11]*","Complete - 0 error(s), 0 warning(s) | "
"l9v38_i_les_l8v38","880672","UNKNOWN","UNKNOWN","2026-09-24","PROCTYPE-UNREAD","0","0","0","Logix Designer - PlatNine_l8v38_i_LES in l9v38_i_les_l8v38.ACD [1756-L81E 38.11]*","Complete - 0 error(s), 0 warning(s) | "
"l9v38_i_lim_l8v38","912672","UNKNOWN","UNKNOWN","2026-09-24","PROCTYPE-UNREAD","0","0","0","Logix Designer - PlatNine_l8v38_i_LIM in l9v38_i_lim_l8v38.ACD [1756-L81E 38.11]*","Complete - 0 error(s), 0 warning(s) | "
"l9v38_i_mov_l8v38","884544","UNKNOWN","UNKNOWN","2026-09-24","PROCTYPE-UNREAD","0","0","0","Logix Designer - PlatNine_l8v38_i_MOV in l9v38_i_mov_l8v38.ACD [1756-L81E 38.11]*","Complete - 0 error(s), 0 warning(s) | "
"l9v38_i_neq_l8v38","880672","UNKNOWN","UNKNOWN","2026-09-24","PROCTYPE-UNREAD","0","0","0","Logix Designer - PlatNine_l8v38_i_NEQ in l9v38_i_neq_l8v38.ACD [1756-L81E 38.11]*","Complete - 0 error(s), 0 warning(s) | "
"l9v38_i_nop_l8v38","856368","UNKNOWN","UNKNOWN","2026-09-24","PROCTYPE-UNREAD","0","0","0","Logix Designer - PlatNine_l8v38_i_NOP in l9v38_i_nop_l8v38.ACD [1756-L81E 38.11]*","Complete - 0 error(s), 0 warning(s) | "
"l9v38_i_ons_l8v38","897016","UNKNOWN","UNKNOWN","2026-09-24","PROCTYPE-UNREAD","0","0","0","Logix Designer - PlatNine_l8v38_i_ONS in l9v38_i_ons_l8v38.ACD [1756-L81E 38.11]*","Complete - 0 error(s), 0 warning(s) | "
"l9v38_i_ote_l8v38","856584","UNKNOWN","UNKNOWN","2026-09-24","PROCTYPE-UNREAD","0","0","0","Logix Designer - PlatNine_l8v38_i_OTE in l9v38_i_ote_l8v38.ACD [1756-L81E 38.11]*","Complete - 0 error(s), 0 warning(s) | "
"l9v38_i_otl_l8v38","856584","UNKNOWN","UNKNOWN","2026-09-24","PROCTYPE-UNREAD","0","0","0","Logix Designer - PlatNine_l8v38_i_OTL in l9v38_i_otl_l8v38.ACD [1756-L81E 38.11]*","Complete - 0 error(s), 0 warning(s) | "
"l9v38_i_otu_l8v38","856584","UNKNOWN","UNKNOWN","2026-09-24","PROCTYPE-UNREAD","0","0","0","Logix Designer - PlatNine_l8v38_i_OTU in l9v38_i_otu_l8v38.ACD [1756-L81E 38.11]*","Complete - 0 error(s), 0 warning(s) | "
"l9v38_i_sub_l8v38","888544","UNKNOWN","UNKNOWN","2026-09-24","PROCTYPE-UNREAD","0","0","0","Logix Designer - PlatNine_l8v38_i_SUB in l9v38_i_sub_l8v38.ACD [1756-L81E 38.11]*","Complete - 0 error(s), 0 warning(s) | "
"l9v38_i_ton_l8v38","876672","UNKNOWN","UNKNOWN","2026-09-24","PROCTYPE-UNREAD","0","0","0","Logix Designer - PlatNine_l8v38_i_TON in l9v38_i_ton_l8v38.ACD [1756-L81E 38.11]*","Complete - 0 error(s), 0 warning(s) | "
"l9v38_i_xic_l8v38","860800","UNKNOWN","UNKNOWN","2026-09-24","PROCTYPE-UNREAD","0","0","0","Logix Designer - PlatNine_l8v38_i_XIC in l9v38_i_xic_l8v38.ACD [1756-L81E 38.11]*","Complete - 0 error(s), 0 warning(s) | "
"l9v38_i_xio_l8v38","860800","UNKNOWN","UNKNOWN","2026-09-24","PROCTYPE-UNREAD","0","0","0","Logix Designer - PlatNine_l8v38_i_XIO in l9v38_i_xio_l8v38.ACD [1756-L81E 38.11]*","Complete - 0 error(s), 0 warning(s) | "
"l9v38_m_alarms_l8v38","1177656","UNKNOWN","UNKNOWN","2026-09-24","PROCTYPE-UNREAD","0","0","0","Logix Designer - PlatNine_l8v38_m_alarms in l9v38_m_alarms_l8v38.ACD [1756-L81E 38.11]*","Complete - 0 error(s), 0 warning(s) | "
"l9v38_m_geneth_l8v38","842424","UNKNOWN","UNKNOWN","2026-09-24","PROCTYPE-UNREAD","0","0","0","Logix Designer - PlatNine_l8v38_m_geneth in l9v38_m_geneth_l8v38.ACD [1756-L81E 38.11]*","Complete - 0 error(s), 0 warning(s) | "
"l9v38_m_kinetix_l8v38","918360","UNKNOWN","UNKNOWN","2026-09-24","PROCTYPE-UNREAD","0","8","0","Logix Designer - PlatNine_l8v38_m_kinetix in l9v38_m_kinetix_l8v38.ACD [1756-L81E 38.11]*","Complete - 0 error(s), 8 warning(s) | Warning: PnAxisX: Axis Maximum Deceleration is set to 0. Motion cannot be started on the axis. | Warning: PnAxisX: Axis Maximum Speed, Maximum Deceleration, or Maximum Deceleration Jerk is set to 0.  S-curve motion cannot be started on the axis. | Warning: PnAxisX: Axis Maximum Acceleration Jerk is set to 0% of Max Accel Time. | Warning: PnAxisX: Axis does not have a motor associated to it. | Warning: PnAxisY: Axis Maximum Deceleration is set to 0. Motion cannot be started on the axis. | Warning: PnAxisY: Axis Maximum Speed, Maximum Deceleration, or Maximum Deceleration Jerk is set to 0.  S-curve motion cannot be started on the axis. | Warning: PnAxisY: Axis Maximum Acceleration Jerk is set to 0% of Max Accel Time. | Warning: PnAxisY: Axis does not have a motor associated to it. | "
"l9v38_m_local1756_l8v38","844248","UNKNOWN","UNKNOWN","2026-09-24","PROCTYPE-UNREAD","0","0","0","Logix Designer - PlatNine_l8v38_m_local1756 in l9v38_m_local1756_l8v38.ACD [1756-L81E 38.11]*","Complete - 0 error(s), 0 warning(s) | "
"l9v38_m_pf525_l8v38","856272","UNKNOWN","UNKNOWN","2026-09-24","PROCTYPE-UNREAD","0","0","0","Logix Designer - PlatNine_l8v38_m_pf525 in l9v38_m_pf525_l8v38.ACD [1756-L81E 38.11]*","Complete - 0 error(s), 0 warning(s) | "
"l9v38_m_pointio_l8v38","845544","UNKNOWN","UNKNOWN","2026-09-24","PROCTYPE-UNREAD","0","0","0","Logix Designer - PlatNine_l8v38_m_pointio in l9v38_m_pointio_l8v38.ACD [1756-L81E 38.11]*","Complete - 0 error(s), 0 warning(s) | "
"l9v38_i_leq_l9v38","882948","UNKNOWN","UNKNOWN","2026-09-24","PROCTYPE-UNREAD","0","0","0","Logix Designer - PlatNine_l9v38_i_LEQ in l9v38_i_leq_l9v38.ACD [1756-L908TS 38.11]*","Complete - 0 error(s), 0 warning(s) | "
"l9v38_i_les_l9v38","882948","UNKNOWN","UNKNOWN","2026-09-24","PROCTYPE-UNREAD","0","0","0","Logix Designer - PlatNine_l9v38_i_LES in l9v38_i_les_l9v38.ACD [1756-L908TS 38.11]*","Complete - 0 error(s), 0 warning(s) | "
"l9v38_i_lim_l9v38","914948","UNKNOWN","UNKNOWN","2026-09-24","PROCTYPE-UNREAD","0","0","0","Logix Designer - PlatNine_l9v38_i_LIM in l9v38_i_lim_l9v38.ACD [1756-L908TS 38.11]*","Complete - 0 error(s), 0 warning(s) | "
"l9v38_i_mov_l9v38","886820","UNKNOWN","UNKNOWN","2026-09-24","PROCTYPE-UNREAD","0","0","0","Logix Designer - PlatNine_l9v38_i_MOV in l9v38_i_mov_l9v38.ACD [1756-L908TS 38.11]*","Complete - 0 error(s), 0 warning(s) | "
"l9v38_i_neq_l9v38","882948","UNKNOWN","UNKNOWN","2026-09-24","PROCTYPE-UNREAD","0","0","0","Logix Designer - PlatNine_l9v38_i_NEQ in l9v38_i_neq_l9v38.ACD [1756-L908TS 38.11]*","Complete - 0 error(s), 0 warning(s) | "
"l9v38_i_nop_l9v38","858644","UNKNOWN","UNKNOWN","2026-09-24","PROCTYPE-UNREAD","0","0","0","Logix Designer - PlatNine_l9v38_i_NOP in l9v38_i_nop_l9v38.ACD [1756-L908TS 38.11]*","Complete - 0 error(s), 0 warning(s) | "
"l9v38_i_ons_l9v38","899292","UNKNOWN","UNKNOWN","2026-09-24","PROCTYPE-UNREAD","0","0","0","Logix Designer - PlatNine_l9v38_i_ONS in l9v38_i_ons_l9v38.ACD [1756-L908TS 38.11]*","Complete - 0 error(s), 0 warning(s) | "
"l9v38_i_ote_l9v38","858860","UNKNOWN","UNKNOWN","2026-09-24","PROCTYPE-UNREAD","0","0","0","Logix Designer - PlatNine_l9v38_i_OTE in l9v38_i_ote_l9v38.ACD [1756-L908TS 38.11]*","Complete - 0 error(s), 0 warning(s) | "
"l9v38_i_otl_l9v38","858860","UNKNOWN","UNKNOWN","2026-09-24","PROCTYPE-UNREAD","0","0","0","Logix Designer - PlatNine_l9v38_i_OTL in l9v38_i_otl_l9v38.ACD [1756-L908TS 38.11]*","Complete - 0 error(s), 0 warning(s) | "
"l9v38_i_otu_l9v38","858860","UNKNOWN","UNKNOWN","2026-09-24","PROCTYPE-UNREAD","0","0","0","Logix Designer - PlatNine_l9v38_i_OTU in l9v38_i_otu_l9v38.ACD [1756-L908TS 38.11]*","Complete - 0 error(s), 0 warning(s) | "
"l9v38_i_sub_l9v38","890820","UNKNOWN","UNKNOWN","2026-09-24","PROCTYPE-UNREAD","0","0","0","Logix Designer - PlatNine_l9v38_i_SUB in l9v38_i_sub_l9v38.ACD [1756-L908TS 38.11]*","Complete - 0 error(s), 0 warning(s) | "
"l9v38_i_ton_l9v38","878948","UNKNOWN","UNKNOWN","2026-09-24","PROCTYPE-UNREAD","0","0","0","Logix Designer - PlatNine_l9v38_i_TON in l9v38_i_ton_l9v38.ACD [1756-L908TS 38.11]*","Complete - 0 error(s), 0 warning(s) | "
"l9v38_d0100_l9v38","869900","UNKNOWN","UNKNOWN","2026-09-24","PROCTYPE-UNREAD","0","0","0","Logix Designer - PlatNine_l9v38_d0100 in l9v38_d0100_l9v38.ACD [1756-L908TS 38.11]*","Complete - 0 error(s), 0 warning(s) | "
"l9v38_d0400_l9v38","950300","UNKNOWN","UNKNOWN","2026-09-24","PROCTYPE-UNREAD","0","0","0","Logix Designer - PlatNine_l9v38_d0400 in l9v38_d0400_l9v38.ACD [1756-L908TS 38.11]*","Complete - 0 error(s), 0 warning(s) | "
"l9v38_d1600_l9v38","1271900","UNKNOWN","UNKNOWN","2026-09-24","PROCTYPE-UNREAD","0","0","0","Logix Designer - PlatNine_l9v38_d1600 in l9v38_d1600_l9v38.ACD [1756-L908TS 38.11]*","Complete - 0 error(s), 0 warning(s) | "
"l9v38_i_add_l9v38","890820","UNKNOWN","UNKNOWN","2026-09-24","PROCTYPE-UNREAD","0","0","0","Logix Designer - PlatNine_l9v38_i_ADD in l9v38_i_add_l9v38.ACD [1756-L908TS 38.11]*","Complete - 0 error(s), 0 warning(s) | "
"l9v38_i_clr_l9v38","878732","UNKNOWN","UNKNOWN","2026-09-24","PROCTYPE-UNREAD","0","0","0","Logix Designer - PlatNine_l9v38_i_CLR in l9v38_i_clr_l9v38.ACD [1756-L908TS 38.11]*","Complete - 0 error(s), 0 warning(s) | "
"l9v38_i_cop_l9v38","962820","UNKNOWN","UNKNOWN","2026-09-24","PROCTYPE-UNREAD","0","0","0","Logix Designer - PlatNine_l9v38_i_COP in l9v38_i_cop_l9v38.ACD [1756-L908TS 38.11]*","Complete - 0 error(s), 0 warning(s) | "
"l9v38_i_equ_l9v38","882948","UNKNOWN","UNKNOWN","2026-09-24","PROCTYPE-UNREAD","0","0","0","Logix Designer - PlatNine_l9v38_i_EQU in l9v38_i_equ_l9v38.ACD [1756-L908TS 38.11]*","Complete - 0 error(s), 0 warning(s) | "
"l9v38_i_geq_l9v38","882948","UNKNOWN","UNKNOWN","2026-09-24","PROCTYPE-UNREAD","0","0","0","Logix Designer - PlatNine_l9v38_i_GEQ in l9v38_i_geq_l9v38.ACD [1756-L908TS 38.11]*","Complete - 0 error(s), 0 warning(s) | "
"l9v38_i_grt_l9v38","882948","UNKNOWN","UNKNOWN","2026-09-24","PROCTYPE-UNREAD","0","0","0","Logix Designer - PlatNine_l9v38_i_GRT in l9v38_i_grt_l9v38.ACD [1756-L908TS 38.11]*","Complete - 0 error(s), 0 warning(s) | "
"l9v38_i_jsr_l9v38","914924","UNKNOWN","UNKNOWN","2026-09-24","PROCTYPE-UNREAD","0","0","0","Logix Designer - PlatNine_l9v38_i_JSR in l9v38_i_jsr_l9v38.ACD [1756-L908TS 38.11]*","Complete - 0 error(s), 0 warning(s) | "
"l9v38_i_xic_l9v38","863076","UNKNOWN","UNKNOWN","2026-09-24","PROCTYPE-UNREAD","0","0","0","Logix Designer - PlatNine_l9v38_i_XIC in l9v38_i_xic_l9v38.ACD [1756-L908TS 38.11]*","Complete - 0 error(s), 0 warning(s) | "
"l9v38_i_xio_l9v38","863076","UNKNOWN","UNKNOWN","2026-09-24","PROCTYPE-UNREAD","0","0","0","Logix Designer - PlatNine_l9v38_i_XIO in l9v38_i_xio_l9v38.ACD [1756-L908TS 38.11]*","Complete - 0 error(s), 0 warning(s) | "
"l9v38_m_alarms_l9v38","1179932","UNKNOWN","UNKNOWN","2026-09-24","PROCTYPE-UNREAD","0","0","0","Logix Designer - PlatNine_l9v38_m_alarms in l9v38_m_alarms_l9v38.ACD [1756-L908TS 38.11]*","Complete - 0 error(s), 0 warning(s) | "
"l9v38_m_geneth_l9v38","844700","UNKNOWN","UNKNOWN","2026-09-24","PROCTYPE-UNREAD","0","0","0","Logix Designer - PlatNine_l9v38_m_geneth in l9v38_m_geneth_l9v38.ACD [1756-L908TS 38.11]*","Complete - 0 error(s), 0 warning(s) | "
"l9v38_m_kinetix_l9v38","920636","UNKNOWN","UNKNOWN","2026-09-24","PROCTYPE-UNREAD","0","8","0","Logix Designer - PlatNine_l9v38_m_kinetix in l9v38_m_kinetix_l9v38.ACD [1756-L908TS 38.11]*","Complete - 0 error(s), 8 warning(s) | Warning: PnAxisX: Axis Maximum Deceleration is set to 0. Motion cannot be started on the axis. | Warning: PnAxisX: Axis Maximum Speed, Maximum Deceleration, or Maximum Deceleration Jerk is set to 0.  S-curve motion cannot be started on the axis. | Warning: PnAxisX: Axis Maximum Acceleration Jerk is set to 0% of Max Accel Time. | Warning: PnAxisX: Axis does not have a motor associated to it. | Warning: PnAxisY: Axis Maximum Deceleration is set to 0. Motion cannot be started on the axis. | Warning: PnAxisY: Axis Maximum Speed, Maximum Deceleration, or Maximum Deceleration Jerk is set to 0.  S-curve motion cannot be started on the axis. | Warning: PnAxisY: Axis Maximum Acceleration Jerk is set to 0% of Max Accel Time. | Warning: PnAxisY: Axis does not have a motor associated to it. | "
"l9v38_m_local1756_l9v38","846524","UNKNOWN","UNKNOWN","2026-09-24","PROCTYPE-UNREAD","0","0","0","Logix Designer - PlatNine_l9v38_m_local1756 in l9v38_m_local1756_l9v38.ACD [1756-L908TS 38.11]*","Complete - 0 error(s), 0 warning(s) | "
"l9v38_m_pf525_l9v38","858548","UNKNOWN","UNKNOWN","2026-09-24","PROCTYPE-UNREAD","0","0","0","Logix Designer - PlatNine_l9v38_m_pf525 in l9v38_m_pf525_l9v38.ACD [1756-L908TS 38.11]*","Complete - 0 error(s), 0 warning(s) | "
"l9v38_m_pointio_l9v38","847820","UNKNOWN","UNKNOWN","2026-09-24","PROCTYPE-UNREAD","0","0","0","Logix Designer - PlatNine_l9v38_m_pointio in l9v38_m_pointio_l9v38.ACD [1756-L908TS 38.11]*","Complete - 0 error(s), 0 warning(s) | "
"opsp_aoi_add_dint","846056","UNKNOWN","UNKNOWN","2026-09-24","PROCTYPE-UNREAD","0","0","0","Logix Designer - Opsp_aoi_add_dint [1756-L81E 35.11]","(RICHEDIT50W2 unreadable/empty)"
"opsp_aoi_add_real","847656","UNKNOWN","UNKNOWN","2026-09-24","PROCTYPE-UNREAD","0","0","0","Logix Designer - Opsp_aoi_add_real [1756-L81E 35.11]*","Complete - 0 error(s), 0 warning(s) | "
"opsp_ind_equ_e76_idx","924704","UNKNOWN","UNKNOWN","2026-09-24","PROCTYPE-UNREAD","0","0","0","Logix Designer - Opsp_ind_equ_e76_idx [1756-L81E 35.11]*","Complete - 0 error(s), 0 warning(s) | "
"opsp_ind_equ_e76_lit","862704","UNKNOWN","UNKNOWN","2026-09-24","PROCTYPE-UNREAD","0","0","0","Logix Designer - Opsp_ind_equ_e76_lit [1756-L81E 35.11]*","Complete - 0 error(s), 0 warning(s) | "
"opsp_ind_mov_e04_idx","924704","UNKNOWN","UNKNOWN","2026-09-24","PROCTYPE-UNREAD","0","0","0","Logix Designer - Opsp_ind_mov_e04_idx [1756-L81E 35.11]*","Complete - 0 error(s), 0 warning(s) | "
"opsp_ind_mov_e04_lit","862704","UNKNOWN","UNKNOWN","2026-09-24","PROCTYPE-UNREAD","0","0","0","Logix Designer - Opsp_ind_mov_e04_lit [1756-L81E 35.11]*","Complete - 0 error(s), 0 warning(s) | "
"opsp_ind_mov_e08_idx","924704","UNKNOWN","UNKNOWN","2026-09-24","PROCTYPE-UNREAD","0","0","0","Logix Designer - Opsp_ind_mov_e08_idx [1756-L81E 35.11]*","Complete - 0 error(s), 0 warning(s) | "
"opsp_ind_mov_e08_lit","862704","UNKNOWN","UNKNOWN","2026-09-24","PROCTYPE-UNREAD","0","0","0","Logix Designer - Opsp_ind_mov_e08_lit [1756-L81E 35.11]*","Complete - 0 error(s), 0 warning(s) | "
"opsp_ind_mov_e12_idx","924704","UNKNOWN","UNKNOWN","2026-09-24","PROCTYPE-UNREAD","0","0","0","Logix Designer - Opsp_ind_mov_e12_idx [1756-L81E 35.11]*","Complete - 0 error(s), 0 warning(s) | "
"opsp_ind_mov_e12_lit","862704","UNKNOWN","UNKNOWN","2026-09-24","PROCTYPE-UNREAD","0","0","0","Logix Designer - Opsp_ind_mov_e12_lit [1756-L81E 35.11]*","Complete - 0 error(s), 0 warning(s) | "
"opsp_ind_mov_e76_idx","924704","UNKNOWN","UNKNOWN","2026-09-24","PROCTYPE-UNREAD","0","0","0","Logix Designer - Opsp_ind_mov_e76_idx [1756-L81E 35.11]*","Complete - 0 error(s), 0 warning(s) | "
"opsp_ind_mov_e76_lit","862704","UNKNOWN","UNKNOWN","2026-09-24","PROCTYPE-UNREAD","0","0","0","Logix Designer - Opsp_ind_mov_e76_lit [1756-L81E 35.11]*","Complete - 0 error(s), 0 warning(s) | "
"opsp_ind_xicbool_idx","906704","UNKNOWN","UNKNOWN","2026-09-24","PROCTYPE-UNREAD","0","0","0","Logix Designer - Opsp_ind_xicbool_idx [1756-L81E 35.11]*","Complete - 0 error(s), 0 warning(s) | "
"opsp_ind_xicbool_lit","854704","UNKNOWN","UNKNOWN","2026-09-24","PROCTYPE-UNREAD","0","0","0","Logix Designer - Opsp_ind_xicbool_lit [1756-L81E 35.11]*","Complete - 0 error(s), 0 warning(s) | "
"opsp_ind_xicmem_idx","916704","UNKNOWN","UNKNOWN","2026-09-24","PROCTYPE-UNREAD","0","0","0","Logix Designer - Opsp_ind_xicmem_idx [1756-L81E 35.11]*","Complete - 0 error(s), 0 warning(s) | "
"opsp_ind_xicmem_lit","854704","UNKNOWN","UNKNOWN","2026-09-24","PROCTYPE-UNREAD","0","0","0","Logix Designer - Opsp_ind_xicmem_lit [1756-L81E 35.11]*","Complete - 0 error(s), 0 warning(s) | "
"opsp_mixed_add_drr","895944","UNKNOWN","UNKNOWN","2026-09-24","PROCTYPE-UNREAD","0","0","0","Logix Designer - Opsp_mixed_add_drr [1756-L81E 35.11]*","Complete - 0 error(s), 0 warning(s) | "
"opsp_mixed_add_rdd","915944","UNKNOWN","UNKNOWN","2026-09-24","PROCTYPE-UNREAD","0","0","0","Logix Designer - Opsp_mixed_add_rdd [1756-L81E 35.11]*","Complete - 0 error(s), 0 warning(s) | "
"opsp_mixed_grt_id","889944","UNKNOWN","UNKNOWN","2026-09-24","PROCTYPE-UNREAD","0","0","0","Logix Designer - Opsp_mixed_grt_id [1756-L81E 35.11]*","Complete - 0 error(s), 0 warning(s) | "
"opsp_mixed_grt_rd","893944","UNKNOWN","UNKNOWN","2026-09-24","PROCTYPE-UNREAD","0","0","0","Logix Designer - Opsp_mixed_grt_rd [1756-L81E 35.11]*","Complete - 0 error(s), 0 warning(s) | "
"opsp_mixed_mov_d2i","885944","UNKNOWN","UNKNOWN","2026-09-24","PROCTYPE-UNREAD","0","0","0","Logix Designer - Opsp_mixed_mov_d2i [1756-L81E 35.11]*","Complete - 0 error(s), 0 warning(s) | "
"opsp_mixed_mov_d2r","897944","UNKNOWN","UNKNOWN","2026-09-24","PROCTYPE-UNREAD","0","0","0","Logix Designer - Opsp_mixed_mov_d2r [1756-L81E 35.11]*","Complete - 0 error(s), 0 warning(s) | "
"opsp_mixed_mov_i2d","889944","UNKNOWN","UNKNOWN","2026-09-24","PROCTYPE-UNREAD","0","0","0","Logix Designer - Opsp_mixed_mov_i2d [1756-L81E 35.11]*","Complete - 0 error(s), 0 warning(s) | "
"opsp_mixed_mov_r2d","895944","UNKNOWN","UNKNOWN","2026-09-24","PROCTYPE-UNREAD","0","0","0","Logix Designer - Opsp_mixed_mov_r2d [1756-L81E 35.11]*","Complete - 0 error(s), 0 warning(s) | "
"opsp_str_cop","898176","UNKNOWN","UNKNOWN","2026-09-24","PROCTYPE-UNREAD","0","0","0","Logix Designer - Opsp_str_cop [1756-L81E 35.11]*","Complete - 0 error(s), 0 warning(s) | "
"opsp_str_mov","860176","UNKNOWN","UNKNOWN","2026-09-24","PROCTYPE-UNREAD","0","0","0","Logix Designer - Opsp_str_mov [1756-L81E 35.11]*","Complete - 0 error(s), 0 warning(s) | "
"opsp_str_movcustom","860176","UNKNOWN","UNKNOWN","2026-09-24","PROCTYPE-UNREAD","0","0","0","Logix Designer - Opsp_str_movcustom [1756-L81E 35.11]*","Complete - 0 error(s), 0 warning(s) | "
"opsp_str_movdint","860176","UNKNOWN","UNKNOWN","2026-09-24","PROCTYPE-UNREAD","0","0","0","Logix Designer - Opsp_str_movdint [1756-L81E 35.11]*","Complete - 0 error(s), 0 warning(s) | "
"opsp_str_movidx","956176","UNKNOWN","UNKNOWN","2026-09-24","PROCTYPE-UNREAD","0","0","0","Logix Designer - Opsp_str_movidx [1756-L81E 35.11]*","Complete - 0 error(s), 0 warning(s) | "
"opsp_typed_add_dint_bare","861944","UNKNOWN","UNKNOWN","2026-09-24","PROCTYPE-UNREAD","0","0","0","Logix Designer - Opsp_typed_add_dint_bare [1756-L81E 35.11]*","Complete - 0 error(s), 0 warning(s) | "
"opsp_typed_add_int_arrelem","941944","UNKNOWN","UNKNOWN","2026-09-24","PROCTYPE-UNREAD","0","0","0","Logix Designer - Opsp_typed_add_int_arrelem [1756-L81E 35.11]*","Complete - 0 error(s), 0 warning(s) | "
"opsp_typed_add_int_bare","939944","UNKNOWN","UNKNOWN","2026-09-24","PROCTYPE-UNREAD","0","0","0","Logix Designer - Opsp_typed_add_int_bare [1756-L81E 35.11]*","Complete - 0 error(s), 0 warning(s) | "
"opsp_typed_add_int_member","941944","UNKNOWN","UNKNOWN","2026-09-24","PROCTYPE-UNREAD","0","0","0","Logix Designer - Opsp_typed_add_int_member [1756-L81E 35.11]*","Complete - 0 error(s), 0 warning(s) | "
"opsp_typed_add_real_arrelem","869944","UNKNOWN","UNKNOWN","2026-09-24","PROCTYPE-UNREAD","0","0","0","Logix Designer - Opsp_typed_add_real_arrelem [1756-L81E 35.11]*","Complete - 0 error(s), 0 warning(s) | "
"opsp_typed_add_real_bare","869944","UNKNOWN","UNKNOWN","2026-09-24","PROCTYPE-UNREAD","0","0","0","Logix Designer - Opsp_typed_add_real_bare [1756-L81E 35.11]*","Complete - 0 error(s), 0 warning(s) | "
"opsp_typed_add_real_member","869944","UNKNOWN","UNKNOWN","2026-09-24","PROCTYPE-UNREAD","0","0","0","Logix Designer - Opsp_typed_add_real_member [1756-L81E 35.11]*","Complete - 0 error(s), 0 warning(s) | "
"opsp_typed_grt_dint_bare","859944","UNKNOWN","UNKNOWN","2026-09-24","PROCTYPE-UNREAD","0","0","0","Logix Designer - Opsp_typed_grt_dint_bare [1756-L81E 35.11]*","Complete - 0 error(s), 0 warning(s) | "
"opsp_typed_grt_int_arrelem","917944","UNKNOWN","UNKNOWN","2026-09-24","PROCTYPE-UNREAD","0","0","0","Logix Designer - Opsp_typed_grt_int_arrelem [1756-L81E 35.11]*","Complete - 0 error(s), 0 warning(s) | "
"opsp_typed_grt_int_bare","915944","UNKNOWN","UNKNOWN","2026-09-24","PROCTYPE-UNREAD","0","0","0","Logix Designer - Opsp_typed_grt_int_bare [1756-L81E 35.11]*","Complete - 0 error(s), 0 warning(s) | "
"opsp_typed_grt_int_member","917944","UNKNOWN","UNKNOWN","2026-09-24","PROCTYPE-UNREAD","0","0","0","Logix Designer - Opsp_typed_grt_int_member [1756-L81E 35.11]*","Complete - 0 error(s), 0 warning(s) | "
"opsp_typed_grt_real_arrelem","867944","UNKNOWN","UNKNOWN","2026-09-24","PROCTYPE-UNREAD","0","0","0","Logix Designer - Opsp_typed_grt_real_arrelem [1756-L81E 35.11]*","Complete - 0 error(s), 0 warning(s) | "
"opsp_typed_grt_real_bare","867944","UNKNOWN","UNKNOWN","2026-09-24","PROCTYPE-UNREAD","0","0","0","Logix Designer - Opsp_typed_grt_real_bare [1756-L81E 35.11]*","Complete - 0 error(s), 0 warning(s) | "
"opsp_typed_grt_real_member","867944","UNKNOWN","UNKNOWN","2026-09-24","PROCTYPE-UNREAD","0","0","0","Logix Designer - Opsp_typed_grt_real_member [1756-L81E 35.11]*","Complete - 0 error(s), 0 warning(s) | "
"opsp_typed_mov_dint_bare","859944","UNKNOWN","UNKNOWN","2026-09-24","PROCTYPE-UNREAD","0","0","0","Logix Designer - Opsp_typed_mov_dint_bare [1756-L81E 35.11]*","Complete - 0 error(s), 0 warning(s) | "
"opsp_typed_mov_int_arrelem","913944","UNKNOWN","UNKNOWN","2026-09-24","PROCTYPE-UNREAD","0","0","0","Logix Designer - Opsp_typed_mov_int_arrelem [1756-L81E 35.11]*","Complete - 0 error(s), 0 warning(s) | "
"opsp_typed_mov_int_bare","911944","UNKNOWN","UNKNOWN","2026-09-24","PROCTYPE-UNREAD","0","0","0","Logix Designer - Opsp_typed_mov_int_bare [1756-L81E 35.11]*","Complete - 0 error(s), 0 warning(s) | "
"opsp_typed_mov_int_member","913944","UNKNOWN","UNKNOWN","2026-09-24","PROCTYPE-UNREAD","0","0","0","Logix Designer - Opsp_typed_mov_int_member [1756-L81E 35.11]*","Complete - 0 error(s), 0 warning(s) | "
"opsp_typed_mov_real_arrelem","871944","UNKNOWN","UNKNOWN","2026-09-24","PROCTYPE-UNREAD","0","0","0","Logix Designer - Opsp_typed_mov_real_arrelem [1756-L81E 35.11]*","Complete - 0 error(s), 0 warning(s) | "
"opsp_typed_mov_real_bare","871944","UNKNOWN","UNKNOWN","2026-09-24","PROCTYPE-UNREAD","0","0","0","Logix Designer - Opsp_typed_mov_real_bare [1756-L81E 35.11]*","Complete - 0 error(s), 0 warning(s) | "
"opsp_typed_mov_real_member","871944","UNKNOWN","UNKNOWN","2026-09-24","PROCTYPE-UNREAD","0","0","0","Logix Designer - Opsp_typed_mov_real_member [1756-L81E 35.11]*","Complete - 0 error(s), 0 warning(s) | "
"realism_base_f25","840384","UNKNOWN","UNKNOWN","2026-09-24","PROCTYPE-UNREAD","0","0","0","Logix Designer - Realism_base_f25 [1756-L81E 35.11]*","Complete - 0 error(s), 0 warning(s) | "
"realism_base_f50","1630912","UNKNOWN","UNKNOWN","2026-09-24","PROCTYPE-UNREAD","0","0","0","Logix Designer - Realism_base_f50 [1756-L81E 35.11]*","Complete - 0 error(s), 0 warning(s) | "
"realism_pio_addr_n080","893168","UNKNOWN","UNKNOWN","2026-09-24","PROCTYPE-UNREAD","0","0","0","Logix Designer - Realism_pio_addr_n080 [1756-L81E 35.11]*","Complete - 0 error(s), 0 warning(s) | "
"realism_pio_addr_n160","894768","UNKNOWN","UNKNOWN","2026-09-24","PROCTYPE-UNREAD","0","0","0","Logix Designer - Realism_pio_addr_n160 [1756-L81E 35.11]*","Complete - 0 error(s), 0 warning(s) | "
"realism_pio_alias_n080","893168","UNKNOWN","UNKNOWN","2026-09-24","PROCTYPE-UNREAD","0","0","0","Logix Designer - Realism_pio_alias_n080 [1756-L81E 35.11]*","Complete - 0 error(s), 0 warning(s) | "
"realism_pio_alias_n160","894768","UNKNOWN","UNKNOWN","2026-09-24","PROCTYPE-UNREAD","0","0","0","Logix Designer - Realism_pio_alias_n160 [1756-L81E 35.11]*","Complete - 0 error(s), 0 warning(s) | "
"realism_pio_bool_n080","893168","UNKNOWN","UNKNOWN","2026-09-24","PROCTYPE-UNREAD","0","0","0","Logix Designer - Realism_pio_bool_n080 [1756-L81E 35.11]*","Complete - 0 error(s), 0 warning(s) | "
"realism_pio_bool_n160","894768","UNKNOWN","UNKNOWN","2026-09-24","PROCTYPE-UNREAD","0","0","0","Logix Designer - Realism_pio_bool_n160 [1756-L81E 35.11]*","Complete - 0 error(s), 0 warning(s) | "
"realism_srout_branch_k02","1150768","UNKNOWN","UNKNOWN","2026-09-24","PROCTYPE-UNREAD","0","0","0","Logix Designer - Realism_srout_branch_k02 [1756-L81E 35.11]*","Complete - 0 error(s), 0 warning(s) | "
"realism_srout_branch_k08","1138768","UNKNOWN","UNKNOWN","2026-09-24","PROCTYPE-UNREAD","0","0","0","Logix Designer - Realism_srout_branch_k08 [1756-L81E 35.11]*","Complete - 0 error(s), 0 warning(s) | "
"realism_srout_inter_k02","1144368","UNKNOWN","UNKNOWN","2026-09-24","PROCTYPE-UNREAD","0","0","0","Logix Designer - Realism_srout_inter_k02 [1756-L81E 35.11]*","Complete - 0 error(s), 0 warning(s) | "
"realism_srout_inter_k08","1137168","UNKNOWN","UNKNOWN","2026-09-24","PROCTYPE-UNREAD","0","0","0","Logix Designer - Realism_srout_inter_k08 [1756-L81E 35.11]*","Complete - 0 error(s), 0 warning(s) | "
"realism_srout_series_k01","1153968","UNKNOWN","UNKNOWN","2026-09-24","PROCTYPE-UNREAD","0","0","0","Logix Designer - Realism_srout_series_k01 [1756-L81E 35.11]*","Complete - 0 error(s), 0 warning(s) | "
"realism_srout_series_k02","1141168","UNKNOWN","UNKNOWN","2026-09-24","PROCTYPE-UNREAD","0","0","0","Logix Designer - Realism_srout_series_k02 [1756-L81E 35.11]*","Complete - 0 error(s), 0 warning(s) | "
"realism_srout_series_k04","1134768","UNKNOWN","UNKNOWN","2026-09-24","PROCTYPE-UNREAD","0","0","0","Logix Designer - Realism_srout_series_k04 [1756-L81E 35.11]*","Complete - 0 error(s), 0 warning(s) | "
"realism_srout_series_k08","1131568","UNKNOWN","UNKNOWN","2026-09-24","PROCTYPE-UNREAD","0","0","0","Logix Designer - Realism_srout_series_k08 [1756-L81E 35.11]*","Complete - 0 error(s), 0 warning(s) | "
"progscope_ctl_arr_n010","842384","UNKNOWN","UNKNOWN","2026-09-24","PROCTYPE-UNREAD","0","0","0","Logix Designer - ProgScopeCtlArr10 in progscope_ctl_arr_n010.ACD [1756-L81E 35.11]*","Complete - 0 error(s), 0 warning(s) | "
"progscope_ctl_arr_n050","849104","UNKNOWN","UNKNOWN","2026-09-24","PROCTYPE-UNREAD","0","0","0","Logix Designer - ProgScopeCtlArr50 in progscope_ctl_arr_n050.ACD [1756-L81E 35.11]*","Complete - 0 error(s), 0 warning(s) | "
"progscope_ctl_arr_n200","874304","UNKNOWN","UNKNOWN","2026-09-24","PROCTYPE-UNREAD","0","0","0","Logix Designer - ProgScopeCtlArr200 in progscope_ctl_arr_n200.ACD [1756-L81E 35.11]*","Complete - 0 error(s), 0 warning(s) | "
"progscope_ctl_udt_n010","841744","UNKNOWN","UNKNOWN","2026-09-24","PROCTYPE-UNREAD","0","0","0","Logix Designer - ProgScopeCtlUdt10 in progscope_ctl_udt_n010.ACD [1756-L81E 35.11]*","Complete - 0 error(s), 0 warning(s) | "
"progscope_ctl_udt_n050","845904","UNKNOWN","UNKNOWN","2026-09-24","PROCTYPE-UNREAD","0","0","0","Logix Designer - ProgScopeCtlUdt50 in progscope_ctl_udt_n050.ACD [1756-L81E 35.11]*","Complete - 0 error(s), 0 warning(s) | "
"progscope_ctl_udt_n200","861504","UNKNOWN","UNKNOWN","2026-09-24","PROCTYPE-UNREAD","0","0","0","Logix Designer - ProgScopeCtlUdt200 in progscope_ctl_udt_n200.ACD [1756-L81E 35.11]*","Complete - 0 error(s), 0 warning(s) | "
"progscope_prog_arr_n010","842384","UNKNOWN","UNKNOWN","2026-09-24","PROCTYPE-UNREAD","0","0","0","Logix Designer - ProgScopeProgArr10 in progscope_prog_arr_n010.ACD [1756-L81E 35.11]*","Complete - 0 error(s), 0 warning(s) | "
"progscope_prog_arr_n050","849104","UNKNOWN","UNKNOWN","2026-09-24","PROCTYPE-UNREAD","0","0","0","Logix Designer - ProgScopeProgArr50 in progscope_prog_arr_n050.ACD [1756-L81E 35.11]*","Complete - 0 error(s), 0 warning(s) | "
"progscope_prog_arr_n200","874304","UNKNOWN","UNKNOWN","2026-09-24","PROCTYPE-UNREAD","0","0","0","Logix Designer - ProgScopeProgArr200 in progscope_prog_arr_n200.ACD [1756-L81E 35.11]*","Complete - 0 error(s), 0 warning(s) | "
"progscope_prog_udt_n010","841744","UNKNOWN","UNKNOWN","2026-09-24","PROCTYPE-UNREAD","0","0","0","Logix Designer - ProgScopeProgUdt10 in progscope_prog_udt_n010.ACD [1756-L81E 35.11]*","Complete - 0 error(s), 0 warning(s) | "
"progscope_prog_udt_n050","845904","UNKNOWN","UNKNOWN","2026-09-24","PROCTYPE-UNREAD","0","0","0","Logix Designer - ProgScopeProgUdt50 in progscope_prog_udt_n050.ACD [1756-L81E 35.11]*","Complete - 0 error(s), 0 warning(s) | "
"progscope_prog_udt_n200","861504","UNKNOWN","UNKNOWN","2026-09-24","PROCTYPE-UNREAD","0","0","0","Logix Designer - ProgScopeProgUdt200 in progscope_prog_udt_n200.ACD [1756-L81E 35.11]*","Complete - 0 error(s), 0 warning(s) | "
"bridgeph_ebr_act_n04","841664","UNKNOWN","UNKNOWN","2026-09-24","PROCTYPE-UNREAD","0","0","0","Logix Designer - BridgephEbrActN04 in bridgeph_ebr_act_n04.ACD [1756-L81E 35.11]*","Complete - 0 error(s), 0 warning(s) | "
"bridgeph_ebr_inh_n01","840704","UNKNOWN","UNKNOWN","2026-09-24","PROCTYPE-UNREAD","0","0","0","Logix Designer - BridgephEbrInhN01 in bridgeph_ebr_inh_n01.ACD [1756-L81E 35.11]*","Complete - 0 error(s), 0 warning(s) | "
"bridgeph_ebr_inh_n02","841024","UNKNOWN","UNKNOWN","2026-09-24","PROCTYPE-UNREAD","0","0","0","Logix Designer - BridgephEbrInhN02 in bridgeph_ebr_inh_n02.ACD [1756-L81E 35.11]*","Complete - 0 error(s), 0 warning(s) | "
"bridgeph_ebr_inh_n04","841664","UNKNOWN","UNKNOWN","2026-09-24","PROCTYPE-UNREAD","0","0","0","Logix Designer - BridgephEbrInhN04 in bridgeph_ebr_inh_n04.ACD [1756-L81E 35.11]*","Complete - 0 error(s), 0 warning(s) | "
"bridgeph_ebr_inh_n08","842944","UNKNOWN","UNKNOWN","2026-09-24","PROCTYPE-UNREAD","0","0","0","Logix Designer - BridgephEbrInhN08 in bridgeph_ebr_inh_n08.ACD [1756-L81E 35.11]*","Complete - 0 error(s), 0 warning(s) | "
"bridgeph_ebr_long_n04","841696","UNKNOWN","UNKNOWN","2026-09-24","PROCTYPE-UNREAD","0","0","0","Logix Designer - BridgephEbrLongN04 in bridgeph_ebr_long_n04.ACD [1756-L81E 35.11]*","Complete - 0 error(s), 0 warning(s) | "
"bridgeph_n00","840384","UNKNOWN","UNKNOWN","2026-09-24","PROCTYPE-UNREAD","0","0","0","Logix Designer - BridgephN00 in bridgeph_n00.ACD [1756-L81E 35.11]*","Complete - 0 error(s), 0 warning(s) | "
"srsty_k01","1342856","UNKNOWN","UNKNOWN","2026-09-24","PROCTYPE-UNREAD","0","0","0","Logix Designer - SrstyK01 in srsty_k01.ACD [1756-L81E 35.11]*","Complete - 0 error(s), 0 warning(s) | "
"srsty_legs2_k04","1342856","UNKNOWN","UNKNOWN","2026-09-24","PROCTYPE-UNREAD","0","0","0","Logix Designer - SrstyLegs2K04 in srsty_legs2_k04.ACD [1756-L81E 35.11]*","Complete - 0 error(s), 0 warning(s) | "
"srsty_legs_k02","1342856","UNKNOWN","UNKNOWN","2026-09-24","PROCTYPE-UNREAD","0","0","0","Logix Designer - SrstyLegsK02 in srsty_legs_k02.ACD [1756-L81E 35.11]*","Complete - 0 error(s), 0 warning(s) | "
"srsty_legs_k04","1336456","UNKNOWN","UNKNOWN","2026-09-24","PROCTYPE-UNREAD","0","0","0","Logix Designer - SrstyLegsK04 in srsty_legs_k04.ACD [1756-L81E 35.11]*","Complete - 0 error(s), 0 warning(s) | "
"srsty_legs_k08","1333256","UNKNOWN","UNKNOWN","2026-09-24","PROCTYPE-UNREAD","0","0","0","Logix Designer - SrstyLegsK08 in srsty_legs_k08.ACD [1756-L81E 35.11]*","Complete - 0 error(s), 0 warning(s) | "
"srsty_mid_k03","1336460","UNKNOWN","UNKNOWN","2026-09-24","PROCTYPE-UNREAD","0","0","0","Logix Designer - SrstyMidK03 in srsty_mid_k03.ACD [1756-L81E 35.11]*","Complete - 0 error(s), 0 warning(s) | "
"srsty_mixlegs_k04","1344456","UNKNOWN","UNKNOWN","2026-09-24","PROCTYPE-UNREAD","0","0","0","Logix Designer - SrstyMixlegsK04 in srsty_mixlegs_k04.ACD [1756-L81E 35.11]*","Complete - 0 error(s), 0 warning(s) | "
"srsty_nested_k04","1339656","UNKNOWN","UNKNOWN","2026-09-24","PROCTYPE-UNREAD","0","0","0","Logix Designer - SrstyNestedK04 in srsty_nested_k04.ACD [1756-L81E 35.11]*","Complete - 0 error(s), 0 warning(s) | "
"srsty_otl_k04","1323656","UNKNOWN","UNKNOWN","2026-09-24","PROCTYPE-UNREAD","0","0","0","Logix Designer - SrstyOtlK04 in srsty_otl_k04.ACD [1756-L81E 35.11]*","Complete - 0 error(s), 0 warning(s) | "
"srsty_prelegs_k02","1346056","UNKNOWN","UNKNOWN","2026-09-24","PROCTYPE-UNREAD","0","0","0","Logix Designer - SrstyPrelegsK02 in srsty_prelegs_k02.ACD [1756-L81E 35.11]*","Complete - 0 error(s), 0 warning(s) | "
"srsty_prelegs_k04","1338056","UNKNOWN","UNKNOWN","2026-09-24","PROCTYPE-UNREAD","0","0","0","Logix Designer - SrstyPrelegsK04 in srsty_prelegs_k04.ACD [1756-L81E 35.11]*","Complete - 0 error(s), 0 warning(s) | "
"srsty_tonlegs_k04","1342856","UNKNOWN","UNKNOWN","2026-09-24","PROCTYPE-UNREAD","0","0","0","Logix Designer - SrstyTonlegsK04 in srsty_tonlegs_k04.ACD [1756-L81E 35.11]*","Complete - 0 error(s), 0 warning(s) | "
"srsty_ton_k01","1349256","UNKNOWN","UNKNOWN","2026-09-24","PROCTYPE-UNREAD","0","0","0","Logix Designer - SrstyTonK01 in srsty_ton_k01.ACD [1756-L81E 35.11]*","Complete - 0 error(s), 0 warning(s) | "
"srsty_ton_k04","1330056","UNKNOWN","UNKNOWN","2026-09-24","PROCTYPE-UNREAD","0","0","0","Logix Designer - SrstyTonK04 in srsty_ton_k04.ACD [1756-L81E 35.11]*","Complete - 0 error(s), 0 warning(s) | "
"v36ren_acos","916720","UNKNOWN","UNKNOWN","2026-09-24","PROCTYPE-UNREAD","0","0","0","Logix Designer - PlatNine_v36_ACOS in v36ren_acos.ACD [1756-L81E 38.11]*","Complete - 0 error(s), 0 warning(s) | "
"v36ren_asin","916720","UNKNOWN","UNKNOWN","2026-09-24","PROCTYPE-UNREAD","0","0","0","Logix Designer - PlatNine_v36_ASIN in v36ren_asin.ACD [1756-L81E 38.11]*","Complete - 0 error(s), 0 warning(s) | "
"v36ren_atan","916720","UNKNOWN","UNKNOWN","2026-09-24","PROCTYPE-UNREAD","0","0","0","Logix Designer - PlatNine_v36_ATAN in v36ren_atan.ACD [1756-L81E 38.11]*","Complete - 0 error(s), 0 warning(s) | "
"v36ren_bcd_to","908720","UNKNOWN","UNKNOWN","2026-09-24","PROCTYPE-UNREAD","0","0","0","Logix Designer - PlatNine_v36_BCD_TO in v36ren_bcd_to.ACD [1756-L81E 38.11]*","Complete - 0 error(s), 0 warning(s) | "
"v36ren_expt","972720","UNKNOWN","UNKNOWN","2026-09-24","PROCTYPE-UNREAD","0","0","0","Logix Designer - PlatNine_v36_EXPT in v36ren_expt.ACD [1756-L81E 38.11]*","Complete - 0 error(s), 0 warning(s) | "
"v36ren_sqrt","908720","UNKNOWN","UNKNOWN","2026-09-24","PROCTYPE-UNREAD","0","0","0","Logix Designer - PlatNine_v36_SQRT in v36ren_sqrt.ACD [1756-L81E 38.11]*","Complete - 0 error(s), 0 warning(s) | "
"v36ren_to_bcd","908720","UNKNOWN","UNKNOWN","2026-09-24","PROCTYPE-UNREAD","0","0","0","Logix Designer - PlatNine_v36_TO_BCD in v36ren_to_bcd.ACD [1756-L81E 38.11]*","Complete - 0 error(s), 0 warning(s) | "
"v36ren_trunc","908720","UNKNOWN","UNKNOWN","2026-09-24","PROCTYPE-UNREAD","0","0","0","Logix Designer - PlatNine_v36_TRUNC in v36ren_trunc.ACD [1756-L81E 38.11]*","Complete - 0 error(s), 0 warning(s) | "
"motop_axb_xic_cipvss_n400","1143264","UNKNOWN","UNKNOWN","2026-09-25","PROCTYPE-UNREAD","0","8","0","Logix Designer - MotopAxbXicCipvssN400 in motop_axb_xic_cipvss_n400.ACD [1756-L81E 35.11]*","Complete - 0 error(s), 8 warning(s) | "
"motop_axb_xic_cip_n100","1137264","UNKNOWN","UNKNOWN","2026-09-25","PROCTYPE-UNREAD","0","8","0","Logix Designer - MotopAxbXicCipN100 in motop_axb_xic_cip_n100.ACD [1756-L81E 35.11]*","Complete - 0 error(s), 8 warning(s) | "
"motop_axb_xic_cip_n400","1143264","UNKNOWN","UNKNOWN","2026-09-25","PROCTYPE-UNREAD","0","8","0","Logix Designer - MotopAxbXicCipN400 in motop_axb_xic_cip_n400.ACD [1756-L81E 35.11]*","Complete - 0 error(s), 8 warning(s) | "
"motop_axb_xic_ref_n400","1143264","UNKNOWN","UNKNOWN","2026-09-25","PROCTYPE-UNREAD","0","8","0","Logix Designer - MotopAxbXicRefN400 in motop_axb_xic_ref_n400.ACD [1756-L81E 35.11]*","Complete - 0 error(s), 8 warning(s) | "
"motop_axb_xic_virt_n400","1143264","UNKNOWN","UNKNOWN","2026-09-25","PROCTYPE-UNREAD","0","8","0","Logix Designer - MotopAxbXicVirtN400 in motop_axb_xic_virt_n400.ACD [1756-L81E 35.11]*","Complete - 0 error(s), 8 warning(s) | "
"motop_axb_xic_wbit_n400","1143264","UNKNOWN","UNKNOWN","2026-09-25","PROCTYPE-UNREAD","0","8","0","Logix Designer - MotopAxbXicWbitN400 in motop_axb_xic_wbit_n400.ACD [1756-L81E 35.11]*","Complete - 0 error(s), 8 warning(s) | "
"motop_axb_xio_cip_n400","1143264","UNKNOWN","UNKNOWN","2026-09-25","PROCTYPE-UNREAD","0","8","0","Logix Designer - MotopAxbXioCipN400 in motop_axb_xio_cip_n400.ACD [1756-L81E 35.11]*","Complete - 0 error(s), 8 warning(s) | "
"motop_axr_grt_cip_n400","1156064","UNKNOWN","UNKNOWN","2026-09-25","PROCTYPE-UNREAD","0","8","0","Logix Designer - MotopAxrGrtCipN400 in motop_axr_grt_cip_n400.ACD [1756-L81E 35.11]*","Complete - 0 error(s), 8 warning(s) | "
"motop_axr_grt_ref_n400","1156064","UNKNOWN","UNKNOWN","2026-09-25","PROCTYPE-UNREAD","0","8","0","Logix Designer - MotopAxrGrtRefN400 in motop_axr_grt_ref_n400.ACD [1756-L81E 35.11]*","Complete - 0 error(s), 8 warning(s) | "
"motop_axr_grt_virt_n400","1156064","UNKNOWN","UNKNOWN","2026-09-25","PROCTYPE-UNREAD","0","8","0","Logix Designer - MotopAxrGrtVirtN400 in motop_axr_grt_virt_n400.ACD [1756-L81E 35.11]*","Complete - 0 error(s), 8 warning(s) | "
"motop_axr_lim_cip_n400","1159264","UNKNOWN","UNKNOWN","2026-09-25","PROCTYPE-UNREAD","0","8","0","Logix Designer - MotopAxrLimCipN400 in motop_axr_lim_cip_n400.ACD [1756-L81E 35.11]*","Complete - 0 error(s), 8 warning(s) | "
"motop_axr_lim_ref_n400","1159264","UNKNOWN","UNKNOWN","2026-09-25","PROCTYPE-UNREAD","0","8","0","Logix Designer - MotopAxrLimRefN400 in motop_axr_lim_ref_n400.ACD [1756-L81E 35.11]*","Complete - 0 error(s), 8 warning(s) | "
"motop_axr_mov_cip1_n400","1159264","UNKNOWN","UNKNOWN","2026-09-25","PROCTYPE-UNREAD","0","8","0","Logix Designer - MotopAxrMovCip1N400 in motop_axr_mov_cip1_n400.ACD [1756-L81E 35.11]*","Complete - 0 error(s), 8 warning(s) | "
"motop_axr_mov_cipvel_n400","1159264","UNKNOWN","UNKNOWN","2026-09-25","PROCTYPE-UNREAD","0","8","0","Logix Designer - MotopAxrMovCipvelN400 in motop_axr_mov_cipvel_n400.ACD [1756-L81E 35.11]*","Complete - 0 error(s), 8 warning(s) | "
"motop_axr_mov_cip_n100","1141264","UNKNOWN","UNKNOWN","2026-09-25","PROCTYPE-UNREAD","0","8","0","Logix Designer - MotopAxrMovCipN100 in motop_axr_mov_cip_n100.ACD [1756-L81E 35.11]*","Complete - 0 error(s), 8 warning(s) | "
"motop_axr_mov_cip_n400","1159264","UNKNOWN","UNKNOWN","2026-09-25","PROCTYPE-UNREAD","0","8","0","Logix Designer - MotopAxrMovCipN400 in motop_axr_mov_cip_n400.ACD [1756-L81E 35.11]*","Complete - 0 error(s), 8 warning(s) | "
"motop_axr_mov_ref_n400","1159264","UNKNOWN","UNKNOWN","2026-09-25","PROCTYPE-UNREAD","0","8","0","Logix Designer - MotopAxrMovRefN400 in motop_axr_mov_ref_n400.ACD [1756-L81E 35.11]*","Complete - 0 error(s), 8 warning(s) | "
"motop_axr_mov_virt_n400","1159264","UNKNOWN","UNKNOWN","2026-09-25","PROCTYPE-UNREAD","0","8","0","Logix Designer - MotopAxrMovVirtN400 in motop_axr_mov_virt_n400.ACD [1756-L81E 35.11]*","Complete - 0 error(s), 8 warning(s) | "
"motop_axr_sub1_cip_n400","1157664","UNKNOWN","UNKNOWN","2026-09-25","PROCTYPE-UNREAD","0","8","0","Logix Designer - MotopAxrSub1CipN400 in motop_axr_sub1_cip_n400.ACD [1756-L81E 35.11]*","Complete - 0 error(s), 8 warning(s) | "
"motop_axr_sub2_cip_n400","1157664","UNKNOWN","UNKNOWN","2026-09-25","PROCTYPE-UNREAD","0","8","0","Logix Designer - MotopAxrSub2CipN400 in motop_axr_sub2_cip_n400.ACD [1756-L81E 35.11]*","Complete - 0 error(s), 8 warning(s) | "
"motop_axr_sub2_ref_n400","1157664","UNKNOWN","UNKNOWN","2026-09-25","PROCTYPE-UNREAD","0","8","0","Logix Designer - MotopAxrSub2RefN400 in motop_axr_sub2_ref_n400.ACD [1756-L81E 35.11]*","Complete - 0 error(s), 8 warning(s) | "
"motop_dens_br_k04","1208864","UNKNOWN","UNKNOWN","2026-09-25","PROCTYPE-UNREAD","0","8","0","Logix Designer - MotopDensBrK04 in motop_dens_br_k04.ACD [1756-L81E 35.11]*","Complete - 0 error(s), 8 warning(s) | "
"motop_dens_br_k16","1204064","UNKNOWN","UNKNOWN","2026-09-25","PROCTYPE-UNREAD","0","8","0","Logix Designer - MotopDensBrK16 in motop_dens_br_k16.ACD [1756-L81E 35.11]*","Complete - 0 error(s), 8 warning(s) | "
"motop_dens_nest_k16","1205664","UNKNOWN","UNKNOWN","2026-09-25","PROCTYPE-UNREAD","0","8","0","Logix Designer - MotopDensNestK16 in motop_dens_nest_k16.ACD [1756-L81E 35.11]*","Complete - 0 error(s), 8 warning(s) | "
"motop_dens_ser_k01","1215264","UNKNOWN","UNKNOWN","2026-09-25","PROCTYPE-UNREAD","0","8","0","Logix Designer - MotopDensSerK01 in motop_dens_ser_k01.ACD [1756-L81E 35.11]*","Complete - 0 error(s), 8 warning(s) | "
"motop_dens_ser_k04","1200864","UNKNOWN","UNKNOWN","2026-09-25","PROCTYPE-UNREAD","0","8","0","Logix Designer - MotopDensSerK04 in motop_dens_ser_k04.ACD [1756-L81E 35.11]*","Complete - 0 error(s), 8 warning(s) | "
"motop_dens_ser_k16","1197264","UNKNOWN","UNKNOWN","2026-09-25","PROCTYPE-UNREAD","0","8","0","Logix Designer - MotopDensSerK16 in motop_dens_ser_k16.ACD [1756-L81E 35.11]*","Complete - 0 error(s), 8 warning(s) | "
"motop_dens_ser_k64","1196364","UNKNOWN","UNKNOWN","2026-09-25","PROCTYPE-UNREAD","0","8","0","Logix Designer - MotopDensSerK64 in motop_dens_ser_k64.ACD [1756-L81E 35.11]*","Complete - 0 error(s), 8 warning(s) | "
"motop_mi_otu_mi_arr_n400","1143264","UNKNOWN","UNKNOWN","2026-09-25","PROCTYPE-UNREAD","0","8","0","Logix Designer - MotopMiOtuMiArrN400 in motop_mi_otu_mi_arr_n400.ACD [1756-L81E 35.11]*","Complete - 0 error(s), 8 warning(s) | "
"motop_mi_otu_mi_sc_n400","1143264","UNKNOWN","UNKNOWN","2026-09-25","PROCTYPE-UNREAD","0","8","0","Logix Designer - MotopMiOtuMiScN400 in motop_mi_otu_mi_sc_n400.ACD [1756-L81E 35.11]*","Complete - 0 error(s), 8 warning(s) | "
"motop_mi_otu_mi_udt_n400","1143264","UNKNOWN","UNKNOWN","2026-09-25","PROCTYPE-UNREAD","0","8","0","Logix Designer - MotopMiOtuMiUdtN400 in motop_mi_otu_mi_udt_n400.ACD [1756-L81E 35.11]*","Complete - 0 error(s), 8 warning(s) | "
"motop_mi_otu_tmr_arr_n400","1143264","UNKNOWN","UNKNOWN","2026-09-25","PROCTYPE-UNREAD","0","8","0","Logix Designer - MotopMiOtuTmrArrN400 in motop_mi_otu_tmr_arr_n400.ACD [1756-L81E 35.11]*","Complete - 0 error(s), 8 warning(s) | "
"motop_mi_otu_tmr_sc_n400","1143264","UNKNOWN","UNKNOWN","2026-09-25","PROCTYPE-UNREAD","0","8","0","Logix Designer - MotopMiOtuTmrScN400 in motop_mi_otu_tmr_sc_n400.ACD [1756-L81E 35.11]*","Complete - 0 error(s), 8 warning(s) | "
"motop_mi_otu_tmr_udt_n400","1143264","UNKNOWN","UNKNOWN","2026-09-25","PROCTYPE-UNREAD","0","8","0","Logix Designer - MotopMiOtuTmrUdtN400 in motop_mi_otu_tmr_udt_n400.ACD [1756-L81E 35.11]*","Complete - 0 error(s), 8 warning(s) | "
"motop_mi_xic_dw_arr_n400","1143264","UNKNOWN","UNKNOWN","2026-09-25","PROCTYPE-UNREAD","0","8","0","Logix Designer - MotopMiXicDwArrN400 in motop_mi_xic_dw_arr_n400.ACD [1756-L81E 35.11]*","Complete - 0 error(s), 8 warning(s) | "
"motop_mi_xic_mibits_arr_n400","1143264","UNKNOWN","UNKNOWN","2026-09-25","PROCTYPE-UNREAD","0","8","0","Logix Designer - MotopMiXicMibitsArrN400 in motop_mi_xic_mibits_arr_n400.ACD [1756-L81E 35.11]*","Complete - 0 error(s), 8 warning(s) | "
"motop_mi_xic_mi_arr_n100","1137264","UNKNOWN","UNKNOWN","2026-09-25","PROCTYPE-UNREAD","0","8","0","Logix Designer - MotopMiXicMiArrN100 in motop_mi_xic_mi_arr_n100.ACD [1756-L81E 35.11]*","Complete - 0 error(s), 8 warning(s) | "
"motop_mi_xic_mi_arr_n400","1143264","UNKNOWN","UNKNOWN","2026-09-25","PROCTYPE-UNREAD","0","8","0","Logix Designer - MotopMiXicMiArrN400 in motop_mi_xic_mi_arr_n400.ACD [1756-L81E 35.11]*","Complete - 0 error(s), 8 warning(s) | "
"motop_mi_xic_mi_sc_n400","1143264","UNKNOWN","UNKNOWN","2026-09-25","PROCTYPE-UNREAD","0","8","0","Logix Designer - MotopMiXicMiScN400 in motop_mi_xic_mi_sc_n400.ACD [1756-L81E 35.11]*","Complete - 0 error(s), 8 warning(s) | "
"motop_mi_xic_mi_udt_n400","1143264","UNKNOWN","UNKNOWN","2026-09-25","PROCTYPE-UNREAD","0","8","0","Logix Designer - MotopMiXicMiUdtN400 in motop_mi_xic_mi_udt_n400.ACD [1756-L81E 35.11]*","Complete - 0 error(s), 8 warning(s) | "
"motop_mi_xic_tmr_arr_n400","1143264","UNKNOWN","UNKNOWN","2026-09-25","PROCTYPE-UNREAD","0","8","0","Logix Designer - MotopMiXicTmrArrN400 in motop_mi_xic_tmr_arr_n400.ACD [1756-L81E 35.11]*","Complete - 0 error(s), 8 warning(s) | "
"motop_mi_xic_tmr_sc_n400","1143264","UNKNOWN","UNKNOWN","2026-09-25","PROCTYPE-UNREAD","0","8","0","Logix Designer - MotopMiXicTmrScN400 in motop_mi_xic_tmr_sc_n400.ACD [1756-L81E 35.11]*","Complete - 0 error(s), 8 warning(s) | "
"motop_mi_xic_tmr_udt_n400","1143264","UNKNOWN","UNKNOWN","2026-09-25","PROCTYPE-UNREAD","0","8","0","Logix Designer - MotopMiXicTmrUdtN400 in motop_mi_xic_tmr_udt_n400.ACD [1756-L81E 35.11]*","Complete - 0 error(s), 8 warning(s) | "
"motop_n00","1135280","UNKNOWN","UNKNOWN","2026-09-25","PROCTYPE-UNREAD","0","8","0","Logix Designer - MotopN00 in motop_n00.ACD [1756-L81E 35.11]*","Complete - 0 error(s), 8 warning(s) | "
