l5x_path,acd_path,status,message,l5x_hash
samples\generated\additivity\addit_ah_mh.L5X,C:\l5x_scratch\acd\addit_ah_mh.ACD,ok,,93B34B153C2829A41CB08FC214CAB8F0898043461EDEC4B259D236CE6D07807A
samples\generated\additivity\addit_ah_mm.L5X,C:\l5x_scratch\acd\addit_ah_mm.ACD,ok,adopted-existing,3C230190BAAB6863AE83D623811B6924983939DA0DC80F8FDF9ADFF8E26274A8
samples\generated\additivity\addit_am_mh.L5X,C:\l5x_scratch\acd\addit_am_mh.ACD,ok,adopted-existing,C185AF0BA073F764F087A1E1B2A3D2FA42E52EC81B7E0C6FDF4A9C21ACAB230A
samples\generated\additivity\addit_am_mm.L5X,C:\l5x_scratch\acd\addit_am_mm.ACD,ok,adopted-existing,BD1519F99812F281A9CDEEFD743F3C223AE2775EA53F40A1E7BE417FFDAF834C
samples\generated\additivity\addit_dh_ah.L5X,C:\l5x_scratch\acd\addit_dh_ah.ACD,ok,adopted-existing,87087797CA8F1CBECD482D3559FEBCC3B8FAC79E6E950B8059B8F6F0E5A47E88
samples\generated\additivity\addit_dh_am.L5X,C:\l5x_scratch\acd\addit_dh_am.ACD,ok,adopted-existing,D5F04AE20D60EDDBAE9DC2F6BC555803C8F17AFAE9AFBA4435FC402D273FBE0D
samples\generated\additivity\addit_dh_lh.L5X,C:\l5x_scratch\acd\addit_dh_lh.ACD,ok,adopted-existing,B9B97729D1DE3DB6FB4C49CCA4DF62851F2A3706308144C3870B722F82BCBFB0
samples\generated\additivity\addit_dh_lm.L5X,C:\l5x_scratch\acd\addit_dh_lm.ACD,ok,adopted-existing,11EF61A0AB4CBDCB8186EFC25EDED5949E6E2E8A2EDA7A01F264509E65B2EBC2
samples\generated\additivity\addit_dh_ln.L5X,C:\l5x_scratch\acd\addit_dh_ln.ACD,ok,adopted-existing,08EAFD393DE440F0644503A46C4C194A66A8979A10CE52274AF52BFA2F4BBB57
samples\generated\additivity\addit_dh_mh.L5X,C:\l5x_scratch\acd\addit_dh_mh.ACD,ok,adopted-existing,E341AEC45BBF7F779E8CA2955757FA2087109D212E0B3DAB553052C507D8A466
samples\generated\additivity\addit_dh_mm.L5X,C:\l5x_scratch\acd\addit_dh_mm.ACD,ok,adopted-existing,70F760FF4E2E04FDE58C8CE5E42CD1745413679F3D68AE4B18967F3BA91148ED
samples\generated\additivity\addit_dm_ah.L5X,C:\l5x_scratch\acd\addit_dm_ah.ACD,ok,adopted-existing,1AFDC4D1E14F9E64D8751727A7C69EAB187EAEDB77945B6234C8ECE4BEA4371B
samples\generated\additivity\addit_dm_am.L5X,C:\l5x_scratch\acd\addit_dm_am.ACD,ok,adopted-existing,4F6C677D7243E3160AB4C5279D514FACCC3370575D583F110198984DA0100FE9
samples\generated\additivity\addit_dm_lh.L5X,C:\l5x_scratch\acd\addit_dm_lh.ACD,ok,adopted-existing,1F841F44840AF1B47D6BF8FD46F3B1339E3D10C70381AC44A599AA855F4EE4DE
samples\generated\additivity\addit_dm_lm.L5X,C:\l5x_scratch\acd\addit_dm_lm.ACD,ok,adopted-existing,8471E951E33C5F114041715B0301DFA4172FAF04618A4D5E76FE7633FBCBBBF8
samples\generated\additivity\addit_dm_ln.L5X,C:\l5x_scratch\acd\addit_dm_ln.ACD,ok,adopted-existing,99D4B10005C4B6414AF0C89D5FFE26BF7A59FD9E799C7C676761A9E0BF3C8E80
samples\generated\additivity\addit_dm_mh.L5X,C:\l5x_scratch\acd\addit_dm_mh.ACD,ok,adopted-existing,332C49357601C189EFDB208BD4C91604A098916F7CB16647AD343CFFC1FE1909
samples\generated\additivity\addit_dm_mm.L5X,C:\l5x_scratch\acd\addit_dm_mm.ACD,ok,adopted-existing,5B6260E0C930BD87AED164E702A5E20AC81FE9081AF0FD38152395468A28950F
samples\generated\additivity\addit_dn_ah.L5X,C:\l5x_scratch\acd\addit_dn_ah.ACD,ok,adopted-existing,ED1AEE4421B0EAE825CF843655CFF2F9B51EF7957DF2EE8A701E18A537EC5298
samples\generated\additivity\addit_dn_am.L5X,C:\l5x_scratch\acd\addit_dn_am.ACD,ok,adopted-existing,6F9B055CAF2D97DA2341E5EB20982ECE0FD9B498EE000287FF069EB82807142D
samples\generated\additivity\addit_dn_lh.L5X,C:\l5x_scratch\acd\addit_dn_lh.ACD,ok,adopted-existing,90E6EAB124F13825057058ACFF1FE9C8BC5B94964CCDE91468D1C93E18C68C4A
samples\generated\additivity\addit_dn_lm.L5X,C:\l5x_scratch\acd\addit_dn_lm.ACD,ok,adopted-existing,5AA45D05B835FE4337FF6F6B12D431EA116E3263F4E6AF6B46FCAE6CC74F6FD5
samples\generated\additivity\addit_dn_ln.L5X,C:\l5x_scratch\acd\addit_dn_ln.ACD,ok,adopted-existing,D60A65CA6D331DD0144337F28817B6525A0B3B8D2114B9F9FAE5845E403957D8
samples\generated\additivity\addit_dn_mh.L5X,C:\l5x_scratch\acd\addit_dn_mh.ACD,ok,adopted-existing,CAC11130434CD2806EA83B14EDEBF585DC21D5803949081EF6A922BE1652C4EF
samples\generated\additivity\addit_dn_mm.L5X,C:\l5x_scratch\acd\addit_dn_mm.ACD,ok,adopted-existing,1D47483276A38E987BF71C9164A01A20AC617177DF46D4D764701709BA35551C
samples\generated\additivity\addit_lh_ah.L5X,C:\l5x_scratch\acd\addit_lh_ah.ACD,ok,adopted-existing,2127997D7CABEE4DC28C7AC394B607A104959806EDCA63B13CBC0170BACF9C09
samples\generated\additivity\addit_lh_am.L5X,C:\l5x_scratch\acd\addit_lh_am.ACD,ok,adopted-existing,8670B7E8400B7C68EECE1AFEA7F11E24F84AEE797DB6713F6BAA9ACB59AA53FE
samples\generated\additivity\addit_lh_mh.L5X,C:\l5x_scratch\acd\addit_lh_mh.ACD,ok,adopted-existing,352ED56D003CD959369CB4E97DE3D7083792811C6C5A5E9FB976EDC46D343D2A
samples\generated\additivity\addit_lh_mm.L5X,C:\l5x_scratch\acd\addit_lh_mm.ACD,ok,adopted-existing,1F1AD244E389D7D05478339D9E5E9EE36C7B663E3C8984C55F11D566E54C92F0
samples\generated\additivity\addit_lm_ah.L5X,C:\l5x_scratch\acd\addit_lm_ah.ACD,ok,adopted-existing,C5CA687D3834E34B2CD2F00C4AA982719CF865C2EDA3FAA1705D05EB638BB6E6
samples\generated\additivity\addit_lm_am.L5X,C:\l5x_scratch\acd\addit_lm_am.ACD,ok,adopted-existing,8371E1C27EC4F0F8AB5B1F3540D2E5C6E033DA0279BAC194CCF95FCBDF897951
samples\generated\additivity\addit_lm_mh.L5X,C:\l5x_scratch\acd\addit_lm_mh.ACD,ok,adopted-existing,FC2B3597602983A7E14FEFF13C317E5BEC9136D030EDC7B239D5C23E54DBF80E
samples\generated\additivity\addit_lm_mm.L5X,C:\l5x_scratch\acd\addit_lm_mm.ACD,ok,adopted-existing,88386C9D3124CF26A0D30A6331104BFD0D55626BDB4214583A25CDD0A048880C
samples\generated\alarmdefs\alarmdef_l81_d02_m1.L5X,C:\l5x_scratch\acd\alarmdef_l81_d02_m1.ACD,ok,adopted-existing,C9BCF97FEDEC5240B3C6FB67E67A2D840603CA63E12175D054F75351A814E17C
samples\generated\alarmdefs\alarmdef_l81_d04_m1.L5X,C:\l5x_scratch\acd\alarmdef_l81_d04_m1.ACD,ok,adopted-existing,70006B66F933030E1A0B46304B1FC47C1CD28802098209EAF43B62B3B7A30EFC
samples\generated\alarmdefs\alarmdef_l81_d08_m1.L5X,C:\l5x_scratch\acd\alarmdef_l81_d08_m1.ACD,ok,adopted-existing,7A0B190054BBF1E386936A413AA0766B29B816430A6BA8C5DEA43E5E843AA2EC
samples\generated\alarmdefs\alarmdef_l81_d1_m00.L5X,C:\l5x_scratch\acd\alarmdef_l81_d1_m00.ACD,ok,adopted-existing,0E1F6375CB0B7648C334C65265D51898BC96F7F6802FF2E61EA75DC6C6494894
samples\generated\alarmdefs\alarmdef_l81_d1_m01.L5X,C:\l5x_scratch\acd\alarmdef_l81_d1_m01.ACD,ok,adopted-existing,287F8E1400FE44BD836BB0DD9BA555DE8B2FEF770E1B6571243CF27A1B0D4F7C
samples\generated\alarmdefs\alarmdef_l81_d1_m02.L5X,C:\l5x_scratch\acd\alarmdef_l81_d1_m02.ACD,ok,adopted-existing,2C8BC163233AA02EBC10540E0DCD5F72AE78568FED28F3608380C33BA6FFE30B
samples\generated\alarmdefs\alarmdef_l81_d1_m04.L5X,C:\l5x_scratch\acd\alarmdef_l81_d1_m04.ACD,ok,adopted-existing,3B50271EE7E1E7F91F43415362319DF9D5B66A3CE02253042EAC203B8792DC43
samples\generated\alarmdefs\alarmdef_l81_d1_m08.L5X,C:\l5x_scratch\acd\alarmdef_l81_d1_m08.ACD,ok,adopted-existing,4A86B23921561B0D8D5550AF7B017E8DB13C22C19E6FFBE82AD19D436BEC368F
samples\generated\alarmdefs\alarmdef_l81_d1_m16.L5X,C:\l5x_scratch\acd\alarmdef_l81_d1_m16.ACD,ok,adopted-existing,8C868010C8F7D0940E38BB368D2D978DB7D8414DDBE142DE82BAB9867F776FB1
samples\generated\alarmdefs\alarmdef_l81_inst_t00.L5X,C:\l5x_scratch\acd\alarmdef_l81_inst_t00.ACD,ok,adopted-existing,4F5DF6455E2E1E664B801C8306007DD4B9E58F61534EA33D47405AA5860500CF
samples\generated\alarmdefs\alarmdef_l81_msg_l.L5X,C:\l5x_scratch\acd\alarmdef_l81_msg_l.ACD,ok,adopted-existing,32A55185BF2CD6841357B96C67FC8955DAA14F7E33D6D9D20EA3D3B3558091CF
samples\generated\alarmdefs\alarmdef_l81_msg_m.L5X,C:\l5x_scratch\acd\alarmdef_l81_msg_m.ACD,ok,adopted-existing,EDE7938507A66DBC8E31FB5073B168E0AFFA1D87875D5722F450EEE450947526
samples\generated\alarmdefs\alarmdef_l81_msg_none.L5X,C:\l5x_scratch\acd\alarmdef_l81_msg_none.ACD,ok,adopted-existing,29CB3B5CEBD968B6224EDAFCA7FDC9A6FC9C5389582DDD2FFCC7EBF330C39975
samples\generated\alarmdefs\alarmdef_l81_msg_s.L5X,C:\l5x_scratch\acd\alarmdef_l81_msg_s.ACD,ok,adopted-existing,0D5276F7222E0F54052A048CBBA07B77CEE1115DDF6F4B14C17BD95BC6F4007E
samples\generated\alarmdefs\alarmdef_l81_v35_d02_m1.L5X,C:\l5x_scratch\acd\alarmdef_l81_v35_d02_m1.ACD,ok,adopted-existing,13400678DC539BB11AC4CFB8E7383A0D81FEEDC99300EE1F722A03C230428086
samples\generated\alarmdefs\alarmdef_l81_v35_d04_m1.L5X,C:\l5x_scratch\acd\alarmdef_l81_v35_d04_m1.ACD,ok,adopted-existing,89E50C43680A07A8CFD9A0BDF5A0FFF08C2CB39D1EEB8659968CBD9B4DC54EAC
samples\generated\alarmdefs\alarmdef_l81_v35_d08_m1.L5X,C:\l5x_scratch\acd\alarmdef_l81_v35_d08_m1.ACD,ok,adopted-existing,A080E071B9301F260F1D6FDE6465790FFBAF7128BEAF5017B1FF7E39C493FE09
samples\generated\alarmdefs\alarmdef_l81_v35_d1_m00.L5X,C:\l5x_scratch\acd\alarmdef_l81_v35_d1_m00.ACD,ok,adopted-existing,2B6E07269194477192180D1B9BBCD7CA2481A3614BC82D332E496EFADFC4EB90
samples\generated\alarmdefs\alarmdef_l81_v35_d1_m01.L5X,C:\l5x_scratch\acd\alarmdef_l81_v35_d1_m01.ACD,ok,adopted-existing,314A79D7D04CFFEB1551605D8A7F4C4F84A64F79596EB54647DD228C612C56EB
samples\generated\alarmdefs\alarmdef_l81_v35_d1_m02.L5X,C:\l5x_scratch\acd\alarmdef_l81_v35_d1_m02.ACD,ok,adopted-existing,9494BFA6438A1B77B6D67AAB2C9272D18C28CE86F37658B2C0D1BCC1E12BD7DC
samples\generated\alarmdefs\alarmdef_l81_v35_d1_m04.L5X,C:\l5x_scratch\acd\alarmdef_l81_v35_d1_m04.ACD,ok,adopted-existing,9C69569C90BCAC2E557E00AAA21DBA4725E5DACCCE1492137D0257178A913CBA
samples\generated\alarmdefs\alarmdef_l81_v35_d1_m08.L5X,C:\l5x_scratch\acd\alarmdef_l81_v35_d1_m08.ACD,ok,adopted-existing,FA7DD64CB7D3E17D14D4DA2DDE8DF339D13AD6495EB6461D9B246031074B3B6B
samples\generated\alarmdefs\alarmdef_l81_v35_d1_m16.L5X,C:\l5x_scratch\acd\alarmdef_l81_v35_d1_m16.ACD,ok,adopted-existing,6DDF1DA1162EB0881E37E04247AEBAE4AEFEDE826AF3924419A08DE33DE605BC
samples\generated\alarmdefs\alarmdef_l81_v35_inst_t00.L5X,C:\l5x_scratch\acd\alarmdef_l81_v35_inst_t00.ACD,ok,adopted-existing,F9309F01BD3897ED63EA1ECB9DD421FDCB4D205BF529F8C6F0932AE43869F0A9
samples\generated\alarmdefs\alarmdef_l81_v35_inst_t01.L5X,C:\l5x_scratch\acd\alarmdef_l81_v35_inst_t01.ACD,ok,adopted-existing,02376558A116C979382F9F90F7F9F941D1069143AC7F22A1B0976834D1DD38EC
samples\generated\alarmdefs\alarmdef_l81_v35_inst_t04.L5X,C:\l5x_scratch\acd\alarmdef_l81_v35_inst_t04.ACD,ok,adopted-existing,85277590BA4E123213FD5093A50F56CED7E725472C70D88F49A28881AC19984A
samples\generated\alarmdefs\alarmdef_l81_v35_inst_t16.L5X,C:\l5x_scratch\acd\alarmdef_l81_v35_inst_t16.ACD,ok,adopted-existing,6D52EDF5E43BFD632155F47A371BAB45E35A5B28381F6231D5E5D54B553A69B8
samples\generated\alarmdefs\alarmdef_l81_v35_msg_l.L5X,C:\l5x_scratch\acd\alarmdef_l81_v35_msg_l.ACD,ok,adopted-existing,8E88B1B740854FE183DD043DF7F758AF7ABCE297ACEAEE2CC2142F5EE17B880C
samples\generated\alarmdefs\alarmdef_l81_v35_msg_m.L5X,C:\l5x_scratch\acd\alarmdef_l81_v35_msg_m.ACD,ok,adopted-existing,AF8DF1B5540CD9C5DC115127230FF6F0B0C16DA204EDD28DA91E88EBA7907D8A
samples\generated\alarmdefs\alarmdef_l81_v35_msg_none.L5X,C:\l5x_scratch\acd\alarmdef_l81_v35_msg_none.ACD,ok,adopted-existing,CF7A4A9635636251CCC00FB357FAF67610DB8AC2A2D9ED48011B237F02F8D7F9
samples\generated\alarmdefs\alarmdef_l81_v35_msg_s.L5X,C:\l5x_scratch\acd\alarmdef_l81_v35_msg_s.ACD,ok,adopted-existing,48284E1DCCB7F46DA4F6AB78B73C1F93A92C062E529D968E0ECD76D3463755CA
samples\generated\alarmdefs\alarmdef_l81_v35_noinst_t01.L5X,C:\l5x_scratch\acd\alarmdef_l81_v35_noinst_t01.ACD,ok,adopted-existing,FC6745F354C8BF29D5EC094E1E6FCF894A396B2F84CFDBD9463DFC82C98998F0
samples\generated\alarmdefs\alarmdef_l81_v35_noinst_t04.L5X,C:\l5x_scratch\acd\alarmdef_l81_v35_noinst_t04.ACD,ok,adopted-existing,785680207C87EC6F00F0E1FB651D5152A15E7B942D7E42223F119B828362E29C
samples\generated\alarmdefs\alarmdef_l81_v35_noinst_t16.L5X,C:\l5x_scratch\acd\alarmdef_l81_v35_noinst_t16.ACD,ok,adopted-existing,E5C97254608217CF292922421197FB4378EF031B9E9B17DBBDB34622BFC1BA83
samples\generated\alarmdefs\alarmdef_l81_v38_d02_m1.L5X,C:\l5x_scratch\acd\alarmdef_l81_v38_d02_m1.ACD,ok,adopted-existing,7BDC9DEA16785405A675C8C533C102D394598FBA9F90B4A80740E90A74D70377
samples\generated\alarmdefs\alarmdef_l81_v38_d04_m1.L5X,C:\l5x_scratch\acd\alarmdef_l81_v38_d04_m1.ACD,ok,adopted-existing,C325D0DF69958E32D51E288BF32919C02010E68141756F44E2CF3B8C46854D0F
samples\generated\alarmdefs\alarmdef_l81_v38_d08_m1.L5X,C:\l5x_scratch\acd\alarmdef_l81_v38_d08_m1.ACD,ok,adopted-existing,C805D5078D3FA64E4E74C715D0D38D348B25EB2106BB5B87237694A70D602954
samples\generated\alarmdefs\alarmdef_l81_v38_d1_m00.L5X,C:\l5x_scratch\acd\alarmdef_l81_v38_d1_m00.ACD,ok,adopted-existing,CF9632AD875940F526DDBE2A02264932D7346C39CACF5CD10D635C5B6D656008
samples\generated\alarmdefs\alarmdef_l81_v38_d1_m01.L5X,C:\l5x_scratch\acd\alarmdef_l81_v38_d1_m01.ACD,ok,adopted-existing,5C131F1AAF05D99EECAD446D71AE2B42DBC3718E70FAFEACF5D0892218ADF6AF
samples\generated\alarmdefs\alarmdef_l81_v38_d1_m02.L5X,C:\l5x_scratch\acd\alarmdef_l81_v38_d1_m02.ACD,ok,adopted-existing,0634483B1E85A9EC5FAE60251F6DA6059192719E8FFE782C102C572ACC3411DE
samples\generated\alarmdefs\alarmdef_l81_v38_d1_m04.L5X,C:\l5x_scratch\acd\alarmdef_l81_v38_d1_m04.ACD,ok,adopted-existing,D38D2BED11D6B9879C132B0F34335CA9A6DCAF6A7D722B2AA09D52343BB1A165
samples\generated\alarmdefs\alarmdef_l81_v38_d1_m08.L5X,C:\l5x_scratch\acd\alarmdef_l81_v38_d1_m08.ACD,ok,adopted-existing,021D283084932DC28ECAB343015DB1F17191A08F24F6A8C11D1CD15826133327
samples\generated\alarmdefs\alarmdef_l81_v38_d1_m16.L5X,C:\l5x_scratch\acd\alarmdef_l81_v38_d1_m16.ACD,ok,adopted-existing,84295D7DE6111A15B24828F7C727CD1DD2F55A726ADF4ED9875644A7CB54A654
samples\generated\alarmdefs\alarmdef_l81_v38_inst_t00.L5X,C:\l5x_scratch\acd\alarmdef_l81_v38_inst_t00.ACD,ok,adopted-existing,C3C3CD1325F599546478809905F660E7B6BEC17BE991198C25CB1FB0F1BA5662
samples\generated\alarmdefs\alarmdef_l81_v38_inst_t01.L5X,C:\l5x_scratch\acd\alarmdef_l81_v38_inst_t01.ACD,ok,adopted-existing,0F58095B95B985C53DE9F4E9F9A25D9512804326E03D55801F033F969123D3C0
samples\generated\alarmdefs\alarmdef_l81_v38_inst_t04.L5X,C:\l5x_scratch\acd\alarmdef_l81_v38_inst_t04.ACD,ok,adopted-existing,E297E206E0F0E9CD78E8F17295E725EB9C6602FAF4867A6D73E24D1DA33C5FE9
samples\generated\alarmdefs\alarmdef_l81_v38_inst_t16.L5X,C:\l5x_scratch\acd\alarmdef_l81_v38_inst_t16.ACD,ok,adopted-existing,9A25C2695A66E2846BC55D00AB9E284ADF088B77F598B66C52EBA2868681AE6F
samples\generated\alarmdefs\alarmdef_l81_v38_msg_l.L5X,C:\l5x_scratch\acd\alarmdef_l81_v38_msg_l.ACD,ok,adopted-existing,66C555EB31D34C43E7CB9FACEF19593B1153445F5E518B831B85DCD15064003F
samples\generated\alarmdefs\alarmdef_l81_v38_msg_m.L5X,C:\l5x_scratch\acd\alarmdef_l81_v38_msg_m.ACD,ok,adopted-existing,890774B7A74C13E7DE368838564C60ED7F95DDEE2AF312183077B30D3B470FB9
samples\generated\alarmdefs\alarmdef_l81_v38_msg_none.L5X,C:\l5x_scratch\acd\alarmdef_l81_v38_msg_none.ACD,ok,adopted-existing,22BA0CAD588328CD5BC2E0CF25AB12148FC42914E7666E196D038DBC66F6FA9F
samples\generated\alarmdefs\alarmdef_l81_v38_msg_s.L5X,C:\l5x_scratch\acd\alarmdef_l81_v38_msg_s.ACD,ok,adopted-existing,E179756B06B955DBC95364C3CD1470CE80F6E1B981BC244CA9937CF44098D079
samples\generated\alarmdefs\alarmdef_l81_v38_noinst_t01.L5X,C:\l5x_scratch\acd\alarmdef_l81_v38_noinst_t01.ACD,ok,adopted-existing,792A7CAE8AC12AA3754F07F2B22124F6CB10305754EA7260D7C7A8DBDD7495AC
samples\generated\alarmdefs\alarmdef_l81_v38_noinst_t04.L5X,C:\l5x_scratch\acd\alarmdef_l81_v38_noinst_t04.ACD,ok,adopted-existing,3028672239689F125E50FBD077AEB0453F83B65F3AF392BBFA36BA775F54BBF9
samples\generated\alarmdefs\alarmdef_l81_v38_noinst_t16.L5X,C:\l5x_scratch\acd\alarmdef_l81_v38_noinst_t16.ACD,ok,adopted-existing,5C8232B7F039C2FB585BF2A8C9DB92BAA08F0603EC713172C28C85AA28AD823D
samples\generated\alarmdefs\alarmdef_l902ts_d02_m1.L5X,C:\l5x_scratch\acd\alarmdef_l902ts_d02_m1.ACD,ok,adopted-existing,787338A6E356C91A1948F828AB6952481C9F5418F200A5B6013FE97D4E92B511
samples\generated\alarmdefs\alarmdef_l902ts_d04_m1.L5X,C:\l5x_scratch\acd\alarmdef_l902ts_d04_m1.ACD,ok,adopted-existing,16F12F8A2A504FA8C0E8E4F456B093CE5EA64EAAC34C3EA90041B3225DCEBDB1
samples\generated\alarmdefs\alarmdef_l902ts_d08_m1.L5X,C:\l5x_scratch\acd\alarmdef_l902ts_d08_m1.ACD,ok,adopted-existing,5ACEC388B4D78DDDF3295E0674FB55047BB53458E91DB36D95AA02F6C2734BBA
samples\generated\alarmdefs\alarmdef_l902ts_d1_m00.L5X,C:\l5x_scratch\acd\alarmdef_l902ts_d1_m00.ACD,ok,adopted-existing,2FECA1E2576533B85334C8F4BC54633197EA0C7954F06A4A831B2F35D5EC43B6
samples\generated\alarmdefs\alarmdef_l902ts_d1_m01.L5X,C:\l5x_scratch\acd\alarmdef_l902ts_d1_m01.ACD,ok,adopted-existing,6AFA3C039EB3FCC3ADBE4695DB5221191B8FBD81641C169324E5BF2DCBC8A34B
samples\generated\alarmdefs\alarmdef_l902ts_d1_m02.L5X,C:\l5x_scratch\acd\alarmdef_l902ts_d1_m02.ACD,ok,adopted-existing,35DCB451BDA5D5CDF96A11059A734612327A17587F3665D005CE3C1D505FFE10
samples\generated\alarmdefs\alarmdef_l902ts_d1_m04.L5X,C:\l5x_scratch\acd\alarmdef_l902ts_d1_m04.ACD,ok,adopted-existing,0B50CA6518268239D3D1BDE5429304EA7E79723DEF45E50A7DFE370922751167
samples\generated\alarmdefs\alarmdef_l902ts_d1_m08.L5X,C:\l5x_scratch\acd\alarmdef_l902ts_d1_m08.ACD,ok,adopted-existing,F67A5150E2F183B7B5A25B38B5D3282BBF5504088B385A1080741690B8B032FB
samples\generated\alarmdefs\alarmdef_l902ts_d1_m16.L5X,C:\l5x_scratch\acd\alarmdef_l902ts_d1_m16.ACD,ok,adopted-existing,190ECC239F8982231D6D98AF8E78A4A76C54EC8289E2D01573AC5424F78E5940
samples\generated\alarmdefs\alarmdef_l902ts_inst_t00.L5X,C:\l5x_scratch\acd\alarmdef_l902ts_inst_t00.ACD,ok,adopted-existing,5BF029B2B1292C1E553280DCF31CD5FDC9D47C8996A116D767BCA58929BCE0CB
samples\generated\alarmdefs\alarmdef_l902ts_msg_l.L5X,C:\l5x_scratch\acd\alarmdef_l902ts_msg_l.ACD,ok,adopted-existing,104F04EBF382C2EC840D46952A077276ABBB6744082DBA0E8B99E5B3B13C39D3
samples\generated\alarmdefs\alarmdef_l902ts_msg_m.L5X,C:\l5x_scratch\acd\alarmdef_l902ts_msg_m.ACD,ok,adopted-existing,CF48DE1831BBDA9B62945061245D752BAA227C9FAAB717F23E48F12047FAFEB2
samples\generated\alarmdefs\alarmdef_l902ts_msg_none.L5X,C:\l5x_scratch\acd\alarmdef_l902ts_msg_none.ACD,ok,adopted-existing,B493DF0E6E642EA12199FDEFF83A30B2FC704F74D3E2ECB8C6264115F7E264C7
samples\generated\alarmdefs\alarmdef_l902ts_msg_s.L5X,C:\l5x_scratch\acd\alarmdef_l902ts_msg_s.ACD,ok,adopted-existing,151765D9F9E5107DBCA8E9B22E56809FBC414689BF5F4CE91B2B407DF7D7C696
samples\generated\alarmdefs\alarmsep_u01_b01_alarm.L5X,C:\l5x_scratch\acd\alarmsep_u01_b01_alarm.ACD,ok,adopted-existing,2AC04D55D451276047CB1AD61D25776EBB29E5A665E41F214E85002777C0BD80
samples\generated\alarmdefs\alarmsep_u01_b01_noalarm.L5X,C:\l5x_scratch\acd\alarmsep_u01_b01_noalarm.ACD,ok,adopted-existing,077334EECA39DEB1DB08F9A60C1B31727227256152414379D7313726C4F98D03
samples\generated\alarmdefs\alarmsep_u01_b02_alarm.L5X,C:\l5x_scratch\acd\alarmsep_u01_b02_alarm.ACD,ok,adopted-existing,6FFB88E722185AD6170BADF47789964467851DEC477B72FEF9D769AFD0A2BEF6
samples\generated\alarmdefs\alarmsep_u01_b02_noalarm.L5X,C:\l5x_scratch\acd\alarmsep_u01_b02_noalarm.ACD,ok,adopted-existing,994D5B13A5792401A43FA3C9C88ED23721A03891A46C9B1801793C794B29BCCF
samples\generated\alarmdefs\alarmsep_u01_b04_alarm.L5X,C:\l5x_scratch\acd\alarmsep_u01_b04_alarm.ACD,ok,adopted-existing,5EE3F68489976AB9EFD39BCD9025B5BFFC425C1D930B8BF5E784D60F52BF1DBF
samples\generated\alarmdefs\alarmsep_u01_b04_noalarm.L5X,C:\l5x_scratch\acd\alarmsep_u01_b04_noalarm.ACD,ok,adopted-existing,24CB151352F43744FFEA1C23F7E358A46CE3C5D9199E680DD4750B8BD5647CC8
samples\generated\alarmdefs\alarmsep_u01_b08_alarm.L5X,C:\l5x_scratch\acd\alarmsep_u01_b08_alarm.ACD,ok,adopted-existing,BD182061500AC11C105F759D132D1E3DE92E3F1BA8D0F606E7E604CBC51C481C
samples\generated\alarmdefs\alarmsep_u01_b08_noalarm.L5X,C:\l5x_scratch\acd\alarmsep_u01_b08_noalarm.ACD,ok,adopted-existing,E96E436EE96C47AB0737AB8E0E5AD5658D6C91B8248A12A5F551222A0043D5EF
samples\generated\alarmdefs\alarmsep_u01_b16_alarm.L5X,C:\l5x_scratch\acd\alarmsep_u01_b16_alarm.ACD,ok,adopted-existing,5F401ACCEF4C449949259E89E2CA8A6198E2B25F5786FAA62F4AC5315A7FA15F
samples\generated\alarmdefs\alarmsep_u01_b16_noalarm.L5X,C:\l5x_scratch\acd\alarmsep_u01_b16_noalarm.ACD,ok,adopted-existing,DC379A4FEB65B111EC9A02619755D0D5D2A6F313D4DED7454E522295AAE27426
samples\generated\alarmdefs\alarmsep_u02_b01_alarm.L5X,C:\l5x_scratch\acd\alarmsep_u02_b01_alarm.ACD,ok,adopted-existing,D0661A93FBE24BF49E0C92DC2FC003B97427ED81D184E3E9D8697AE41F502DB9
samples\generated\alarmdefs\alarmsep_u02_b01_noalarm.L5X,C:\l5x_scratch\acd\alarmsep_u02_b01_noalarm.ACD,ok,adopted-existing,0496E8397DD310BE962D8665725EBB4ECACA1DAD0B679F9B84F674ED00C2F8C0
samples\generated\alarmdefs\alarmsep_u02_b02_alarm.L5X,C:\l5x_scratch\acd\alarmsep_u02_b02_alarm.ACD,ok,adopted-existing,6A6257C44B4D9BC77E118932BACAA0C27FEF7410EFA9DE89C77C12FC121BDBFE
samples\generated\alarmdefs\alarmsep_u02_b02_noalarm.L5X,C:\l5x_scratch\acd\alarmsep_u02_b02_noalarm.ACD,ok,adopted-existing,CA77652A9076EB2A7F569594D813EDC1FAB03A48B147ACB9046BF903195BBB6E
samples\generated\alarmdefs\alarmsep_u02_b04_alarm.L5X,C:\l5x_scratch\acd\alarmsep_u02_b04_alarm.ACD,ok,adopted-existing,7683886EFBE07F8421D9623D653BD7CCA92928F07919EF94CF69D1C82B5D3035
samples\generated\alarmdefs\alarmsep_u02_b04_noalarm.L5X,C:\l5x_scratch\acd\alarmsep_u02_b04_noalarm.ACD,ok,adopted-existing,510241568AA1C3791A0F0EC27CE0E45FC0936283461E05D9C64FF117A4F731C1
samples\generated\alarmdefs\alarmsep_u02_b08_alarm.L5X,C:\l5x_scratch\acd\alarmsep_u02_b08_alarm.ACD,ok,adopted-existing,24C096F18BA2EF0E7A70A9169E7E46CD633B87D82D83946624D109FD24D30E7C
samples\generated\alarmdefs\alarmsep_u02_b08_noalarm.L5X,C:\l5x_scratch\acd\alarmsep_u02_b08_noalarm.ACD,ok,adopted-existing,77339450DB81FD694D6E57FED60C4265767BB33E130EF46505F50AB3A4461A09
samples\generated\alarmdefs\alarmsep_u02_b16_alarm.L5X,C:\l5x_scratch\acd\alarmsep_u02_b16_alarm.ACD,ok,adopted-existing,C95DCD898467C3B8442A4EC69E01899818AB23FB13C4CA48C67EE406681C1B72
samples\generated\alarmdefs\alarmsep_u02_b16_noalarm.L5X,C:\l5x_scratch\acd\alarmsep_u02_b16_noalarm.ACD,ok,adopted-existing,00F41BC466BF91EAADF69D2C9DF900211F1D8032200DAD418C0AE1012F500CDD
samples\generated\alarmdefs\alarmsep_u04_b01_alarm.L5X,C:\l5x_scratch\acd\alarmsep_u04_b01_alarm.ACD,ok,adopted-existing,F2A7E79526ED37A436695ED1523844CFCD61C2D228EEC6C5A1FFACB7BC59754F
samples\generated\alarmdefs\alarmsep_u04_b01_noalarm.L5X,C:\l5x_scratch\acd\alarmsep_u04_b01_noalarm.ACD,ok,adopted-existing,6D285A1D73EE0F15F6CEC901B0BCAAB8F225807A9E09E48F1EAC1DF2A3A52CBA
samples\generated\alarmdefs\alarmsep_u04_b02_alarm.L5X,C:\l5x_scratch\acd\alarmsep_u04_b02_alarm.ACD,ok,adopted-existing,394BD80030A5C32E0BE0E0735C857DF52F775947E9C39EFEBEA0834D70A18672
samples\generated\alarmdefs\alarmsep_u04_b02_noalarm.L5X,C:\l5x_scratch\acd\alarmsep_u04_b02_noalarm.ACD,ok,adopted-existing,0471A605FDC20E3B965538D3B0D3EC6665E4C92ABB36F9616AF2F2FBBA8D552E
samples\generated\alarmdefs\alarmsep_u04_b04_alarm.L5X,C:\l5x_scratch\acd\alarmsep_u04_b04_alarm.ACD,ok,adopted-existing,33D70F2E94F48D903C067D59D0FBC727F0E6800A36F367AEF4B7AB1CB717F13B
samples\generated\alarmdefs\alarmsep_u04_b04_def1.L5X,C:\l5x_scratch\acd\alarmsep_u04_b04_def1.ACD,ok,adopted-existing,5687535FFEFB8165EE7F4796C6669BA768A968D6E9FC8009C2FF91F83938DD41
samples\generated\alarmdefs\alarmsep_u04_b04_def2.L5X,C:\l5x_scratch\acd\alarmsep_u04_b04_def2.ACD,ok,adopted-existing,35E6C1963AB21E62346ECA402DC3C75FC1DDAAF9AED9616CFF9EB8D35E00EE43
samples\generated\alarmdefs\alarmsep_u04_b04_def3.L5X,C:\l5x_scratch\acd\alarmsep_u04_b04_def3.ACD,ok,adopted-existing,D114F40196B9D45DCF480703458198BDA19D26A10B174CE66B74AFA5E568F77D
samples\generated\alarmdefs\alarmsep_u04_b04_noalarm.L5X,C:\l5x_scratch\acd\alarmsep_u04_b04_noalarm.ACD,ok,adopted-existing,B52917F807E65AC4DF9DF448627C418F00AB35CC581C765F9D13C7ADAD34951D
samples\generated\alarmdefs\alarmsep_u04_b08_alarm.L5X,C:\l5x_scratch\acd\alarmsep_u04_b08_alarm.ACD,ok,adopted-existing,D01DD0E750F2E10E71EBE72564D0B38B42C49B9DA5C6FCA3BAEED85FE8D62E3C
samples\generated\alarmdefs\alarmsep_u04_b08_noalarm.L5X,C:\l5x_scratch\acd\alarmsep_u04_b08_noalarm.ACD,ok,adopted-existing,CBE14EAE4C088171A8567BD7E23B58AA25D69CD5D1EA4AE535DA440A1B21DA89
samples\generated\alarmdefs\alarmsep_u04_b16_alarm.L5X,C:\l5x_scratch\acd\alarmsep_u04_b16_alarm.ACD,ok,adopted-existing,C70EF0012A7326C9DEF3B0BEE86883F280213AF85F1B427A5B3F414BE1202E19
samples\generated\alarmdefs\alarmsep_u04_b16_noalarm.L5X,C:\l5x_scratch\acd\alarmsep_u04_b16_noalarm.ACD,ok,adopted-existing,9FA2EAE70F2A62AFD341626450CE93C423A6F9597B5C51223D8D691CFB6780EF
samples\generated\alarms\alarmbits_b08_t01.L5X,C:\l5x_scratch\acd\alarmbits_b08_t01.ACD,ok,adopted-existing,D746E1ED8D246DE959E2DB0B9EFA70D9EEBEAA31B86D6EDBE4EA94DDB8E0141D
samples\generated\alarms\alarmbits_b08_t04.L5X,C:\l5x_scratch\acd\alarmbits_b08_t04.ACD,ok,adopted-existing,66F3CB2535E91C0E5D16A5F4CD6E39CE3D4D50FE027F3ACC8902B2618C42B277
samples\generated\alarms\alarmbits_b08_t16.L5X,C:\l5x_scratch\acd\alarmbits_b08_t16.ACD,ok,adopted-existing,49A67E59E96D65F51691CB4A24CC658920B5B81473ECAA969781CBF1CFA60150
samples\generated\alarms\alarmbits_b16_t01.L5X,C:\l5x_scratch\acd\alarmbits_b16_t01.ACD,ok,adopted-existing,3321901DD4635A93E7EA6C5E70C8D906C0869D950AB1F3C7128D19A82B7C35CA
samples\generated\alarms\alarmbits_b16_t04.L5X,C:\l5x_scratch\acd\alarmbits_b16_t04.ACD,ok,adopted-existing,09F64192E62613BF6E487FA79A40DDC1FC60A85DB195566A246D19266C641137
samples\generated\alarms\alarmbits_b16_t16.L5X,C:\l5x_scratch\acd\alarmbits_b16_t16.ACD,ok,adopted-existing,F4371A31D1F3DB961F7E98DC8EFC1F593401A9C19F14B03C7764F9B50F300885
samples\generated\alarms\alarmbits_b32_t01.L5X,C:\l5x_scratch\acd\alarmbits_b32_t01.ACD,ok,adopted-existing,4D8A813ADA078386F120ADFA27769D52FCD7E78123C8AF7841E20D343F548860
samples\generated\alarms\alarmbits_b32_t04.L5X,C:\l5x_scratch\acd\alarmbits_b32_t04.ACD,ok,adopted-existing,6C988BDC415C6628E38CE709FEF8CA9E551F4578FA6628D1DEF81EB5A52EEFFF
samples\generated\alarms\alarmbits_b32_t16.L5X,C:\l5x_scratch\acd\alarmbits_b32_t16.ACD,ok,adopted-existing,A589324ED74061063A80030D5CABAF1D8DED56856AE04061BDEDC1AA701E8C75
samples\generated\alarms\alarmbits_b64_t01.L5X,C:\l5x_scratch\acd\alarmbits_b64_t01.ACD,ok,adopted-existing,3F6617872DF7C6B2A31D9D7B3F125A7EE499283FF845A88CEBCC4CE61A6FD693
samples\generated\alarms\alarmbits_b64_t04.L5X,C:\l5x_scratch\acd\alarmbits_b64_t04.ACD,ok,adopted-existing,F8D13137024EF1EE1BA2A6C6579F746A307CE6954C969F62702086094E5F3F13
samples\generated\alarms\alarmbits_b64_t16.L5X,C:\l5x_scratch\acd\alarmbits_b64_t16.ACD,ok,adopted-existing,8B511A95DBC41D3CD965BEC07D6CC45945B58431AC5291D4E47A8F084C244D4E
samples\generated\alarms\alarmcond_assoc_k0.L5X,C:\l5x_scratch\acd\alarmcond_assoc_k0.ACD,ok,adopted-existing,CAE871A2AEBAA5753A722C0412903FBFC6CF9B62DADFFF5EEDE3B81C857901E6
samples\generated\alarms\alarmcond_assoc_k1.L5X,C:\l5x_scratch\acd\alarmcond_assoc_k1.ACD,ok,adopted-existing,96CA64D20685202E5714FECA0F5F8193CBBABFBF7CA41DEED91855013E36DB15
samples\generated\alarms\alarmcond_assoc_k2.L5X,C:\l5x_scratch\acd\alarmcond_assoc_k2.ACD,ok,adopted-existing,880E838E37EFF30419DBB6FD76BCC2C2AA11ADBABA3C97C4C084AADCBE660B9A
samples\generated\alarms\alarmcond_assoc_k3.L5X,C:\l5x_scratch\acd\alarmcond_assoc_k3.ACD,ok,adopted-existing,E0BB35558F4594746F94E88AEF062A3505C1206D9C2F9BB21EB7962FE6042803
samples\generated\alarms\alarmcond_assoc_k4.L5X,C:\l5x_scratch\acd\alarmcond_assoc_k4.ACD,ok,adopted-existing,2F8C4DD08663DD6236835583B0207681FF5F04FCB2DAF415CD2E43C06E059E1F
samples\generated\alarms\alarmcond_assoc_type_bool.L5X,C:\l5x_scratch\acd\alarmcond_assoc_type_bool.ACD,ok,adopted-existing,18E61299B0056AB28814503050AAE8D9FA093EB9D9C413353E2E80A5E264A67A
samples\generated\alarms\alarmcond_assoc_type_dint.L5X,C:\l5x_scratch\acd\alarmcond_assoc_type_dint.ACD,ok,adopted-existing,F764367B270B8F67603B203A357551D3C959AE4FA70F92B49EBDB7A57BCF08BD
samples\generated\alarms\alarmcond_assoc_type_real.L5X,C:\l5x_scratch\acd\alarmcond_assoc_type_real.ACD,ok,adopted-existing,EA785E473A4A4F3603E10216F11393468091AE38D6844CA56E73E45488D710D7
samples\generated\alarms\alarmcond_assoc_type_string.L5X,C:\l5x_scratch\acd\alarmcond_assoc_type_string.ACD,ok,adopted-existing,700B75126DF5C929B989E9E3ED5659D36792A0D3B1B396E9CFB913F370AC7E9B
samples\generated\alarms\alarmcond_attr_latched_noack.L5X,C:\l5x_scratch\acd\alarmcond_attr_latched_noack.ACD,ok,adopted-existing,E14D5C6156B45F3F959B61DD2A8D1C73D71037A41C6985C3D193004CF17488BE
samples\generated\alarms\alarmcond_attr_ondelay.L5X,C:\l5x_scratch\acd\alarmcond_attr_ondelay.ACD,ok,adopted-existing,336281D880BE01FBD37439BC5096E304D9E780B93C8F72F473C28858A3227938
samples\generated\alarms\alarmcond_attr_severity_high.L5X,C:\l5x_scratch\acd\alarmcond_attr_severity_high.ACD,ok,adopted-existing,EA8317331DCDEE4630C96080B6693C6051FB124B9C0836D5446A0FEA738118FA
samples\generated\alarms\alarmcond_attr_severity_low.L5X,C:\l5x_scratch\acd\alarmcond_attr_severity_low.ACD,ok,adopted-existing,76EA010C447381B85E1497FB5E8AA1FD286A37C93D11774892B1493FB876E29E
samples\generated\alarms\alarmcond_count_bare_n000.L5X,C:\l5x_scratch\acd\alarmcond_count_bare_n000.ACD,ok,adopted-existing,73D78E67DCA1F37202A08EA9B216A0014253DFCA4ABC577CBE62C00C0AA28923
samples\generated\alarms\alarmcond_count_bare_n001.L5X,C:\l5x_scratch\acd\alarmcond_count_bare_n001.ACD,ok,adopted-existing,2B2240B411DBCF6D9FFA519C23D89E49B2753AE25976582E169640E55716E250
samples\generated\alarms\alarmcond_count_bare_n002.L5X,C:\l5x_scratch\acd\alarmcond_count_bare_n002.ACD,ok,adopted-existing,0D0D5C9D75115C39EEC7ED1E5F2FA9AED5198DA725F824B7686F474CC6221F84
samples\generated\alarms\alarmcond_count_bare_n004.L5X,C:\l5x_scratch\acd\alarmcond_count_bare_n004.ACD,ok,adopted-existing,EAB3AEF96D62F63C4689BF46949872CE801A9C0E04FB05021C29DCD83494B3E9
samples\generated\alarms\alarmcond_count_bare_n008.L5X,C:\l5x_scratch\acd\alarmcond_count_bare_n008.ACD,ok,adopted-existing,4189CB3ECB47E885D1EF392FC9722E88CB5804CD82347B8718A3CCECE78079C5
samples\generated\alarms\alarmcond_count_bare_n016.L5X,C:\l5x_scratch\acd\alarmcond_count_bare_n016.ACD,ok,adopted-existing,27E474AEE11D16049410662938269D328939D93B1E4455A8A5C64238D53FA881
samples\generated\alarms\alarmcond_count_bare_n032.L5X,C:\l5x_scratch\acd\alarmcond_count_bare_n032.ACD,ok,adopted-existing,DC81BC1F62B5D31C7B67042204C642D8B619CEABA1E3943B12CE2F56666D359F
samples\generated\alarms\alarmcond_count_bare_n064.L5X,C:\l5x_scratch\acd\alarmcond_count_bare_n064.ACD,ok,adopted-existing,4C59421ACBDD56405C722118D3924E8972E72B9F272C06D7CFA50476893F82BC
samples\generated\alarms\alarmcond_count_bare_n128.L5X,C:\l5x_scratch\acd\alarmcond_count_bare_n128.ACD,ok,adopted-existing,30B521D6A83BA10AC90076DCC23CF27F5380F2F4397C79B1D791CC82446BF722
samples\generated\alarms\alarmcond_count_real_n001.L5X,C:\l5x_scratch\acd\alarmcond_count_real_n001.ACD,ok,adopted-existing,41DDC45A9572C662D407DB1203F5D9B40371786FB2B10A24883FF9F117A98E84
samples\generated\alarms\alarmcond_count_real_n002.L5X,C:\l5x_scratch\acd\alarmcond_count_real_n002.ACD,ok,adopted-existing,B328516343FE2BFD621AC5D68C5782C578989F48A874BFF637A0EFD5FD75C4B1
samples\generated\alarms\alarmcond_count_real_n004.L5X,C:\l5x_scratch\acd\alarmcond_count_real_n004.ACD,ok,adopted-existing,09396C4D94C7B63ED76FF946CFFD27ADA23FA52DCA687E614E856BC653CC582D
samples\generated\alarms\alarmcond_count_real_n008.L5X,C:\l5x_scratch\acd\alarmcond_count_real_n008.ACD,ok,adopted-existing,40B343662D007141BC6B6450FB12B89518657AE134AC3F31D13DBEE1D1180FC8
samples\generated\alarms\alarmcond_count_real_n016.L5X,C:\l5x_scratch\acd\alarmcond_count_real_n016.ACD,ok,adopted-existing,EA45A459B981444A3DE3D9BC2F58E3F079B154E3D9D5D3DA9A98ECDB73298BF0
samples\generated\alarms\alarmcond_count_real_n032.L5X,C:\l5x_scratch\acd\alarmcond_count_real_n032.ACD,ok,adopted-existing,110E3D72AAB96A2F659CCD460AC7C765DEE3D2FFE55C26FB9044430B076A8A24
samples\generated\alarms\alarmcond_count_real_n064.L5X,C:\l5x_scratch\acd\alarmcond_count_real_n064.ACD,ok,adopted-existing,EDA4904C1296F4C66AD0247C360B9BBE837FBC3275295AE28006A6C4F99B3595
samples\generated\alarms\alarmcond_count_real_n128.L5X,C:\l5x_scratch\acd\alarmcond_count_real_n128.ACD,ok,adopted-existing,003C0AE637AB6CC6DE56C9694C672CF185F2B73087392FA8D9FCC3770529DAEF
samples\generated\alarms\alarmcond_hmigroup_len04.L5X,C:\l5x_scratch\acd\alarmcond_hmigroup_len04.ACD,ok,adopted-existing,4BCC63338CE2C17A4535B2ABD96F27F83A365B9FA4D37F23A874A0F6968E8D26
samples\generated\alarms\alarmcond_hmigroup_len16.L5X,C:\l5x_scratch\acd\alarmcond_hmigroup_len16.ACD,ok,adopted-existing,E3C9A0848A352442F06690C0BC4154081067C71FAEF8177652D304A40FCFD93A
samples\generated\alarms\alarmcond_hmigroup_len40.L5X,C:\l5x_scratch\acd\alarmcond_hmigroup_len40.ACD,ok,adopted-existing,3C9E161854B8C681608134534B4AB0C4FC89914CF5D18CEE0EF7495321CA0BFA
samples\generated\alarms\alarmcond_hmigroup_none.L5X,C:\l5x_scratch\acd\alarmcond_hmigroup_none.ACD,ok,adopted-existing,5E8536F78E82E62F07B697BB2CF7E5C04AF430D01BDBC5A10627CC582F7E8296
samples\generated\alarms\alarmcond_namelen_08.L5X,C:\l5x_scratch\acd\alarmcond_namelen_08.ACD,ok,adopted-existing,CEE5779D9752426E1A98310840853E2CA829A3A4DF1639D2680910EF7FB76FC9
samples\generated\alarms\alarmcond_namelen_16.L5X,C:\l5x_scratch\acd\alarmcond_namelen_16.ACD,ok,adopted-existing,17C0BED7D53065F466CBB4D07B13E22E9B635D7565E6A3D9B6C5966639EE7274
samples\generated\alarms\alarmcond_namelen_32.L5X,C:\l5x_scratch\acd\alarmcond_namelen_32.ACD,ok,adopted-existing,C650D8A09AF9E58736A9FDE17F1052819E15A2804D026985A8724651CC6632E9
samples\generated\alarms\alarmcond_namelen_40.L5X,C:\l5x_scratch\acd\alarmcond_namelen_40.ACD,ok,adopted-existing,0E92C5A642287B3249979A4EA802E745DB6FF7F326B9C2582C2865CF4EA26655
samples\generated\alarms\alarmcond_realcount_n000.L5X,C:\l5x_scratch\acd\alarmcond_realcount_n000.ACD,ok,adopted-existing,0310BF0484FBCCA22D2E59C49CFCE846A5AF6DF3856EC570E892AEBC7831F6DF
samples\generated\alarms\alarmcond_realcount_n200.L5X,C:\l5x_scratch\acd\alarmcond_realcount_n200.ACD,ok,adopted-existing,A619EABADF212BD46D142ACC97E48F6FD934E2F3086E26E7B0F57C16583D0C36
samples\generated\alarms\alarmcond_realcount_n400.L5X,C:\l5x_scratch\acd\alarmcond_realcount_n400.ACD,ok,adopted-existing,070DFB89E9623713716B153F61BE4ED6ED713FCBEC197BE9533B3A82D50D9240
samples\generated\alarms\alarmcond_realcount_n600.L5X,C:\l5x_scratch\acd\alarmcond_realcount_n600.ACD,ok,adopted-existing,E47907AE14BB3AF3018B14C989A0A10FC003156E390DD09874D17639E8B671CF
samples\generated\aoi\albool_n00001_def_only.L5X,C:\l5x_scratch\acd\albool_n00001_def_only.ACD,ok,adopted-existing,793BE036BEEEF05CC91458CAFCC2E55AF95C4B7FA6A1C955CDD0D110B3D36F28
samples\generated\aoi\albool_n00008_def_only.L5X,C:\l5x_scratch\acd\albool_n00008_def_only.ACD,ok,adopted-existing,FC638DACE8A57F7224A476F81347A5201224CF5721309F51E6C07A3AC22694B4
samples\generated\aoi\albool_n00016_def_only.L5X,C:\l5x_scratch\acd\albool_n00016_def_only.ACD,ok,adopted-existing,D57ACC81DF29F6D3E7B0514F1805E81D9A602C1770327E71E0768ECD443E0051
samples\generated\aoi\albool_n00032_def_only.L5X,C:\l5x_scratch\acd\albool_n00032_def_only.ACD,ok,adopted-existing,336F484B0DF27F47B9BA5FEA82A44227ABDB6398BC2F92DE3080B83D7F23043F
samples\generated\aoi\albool_n00033_def_only.L5X,C:\l5x_scratch\acd\albool_n00033_def_only.ACD,ok,adopted-existing,3FC8E05C53DBB30A2F64E8CE3D3C0BA59677ABC007FBA3CDD3D9C68F375BDF97
samples\generated\aoi\albool_n00050_def_only.L5X,C:\l5x_scratch\acd\albool_n00050_def_only.ACD,ok,adopted-existing,CF2FCD09BE8846DF4EEE59CDD564788703B4513ECDFE0A3262A8098DB91E4368
samples\generated\aoi\albool_n00064_def_only.L5X,C:\l5x_scratch\acd\albool_n00064_def_only.ACD,ok,adopted-existing,9BD876AACC6EC0044162A566617682CE88DA1587C1D175A79D99CC5AC689A76E
samples\generated\aoi\albool_n00065_def_only.L5X,C:\l5x_scratch\acd\albool_n00065_def_only.ACD,ok,adopted-existing,89D97B16A2044BA647AFA5AA04C1DC9AD67CCC0FDA68E87DB839F5B95E1171ED
samples\generated\aoi\aldim_n00024_def_only.L5X,C:\l5x_scratch\acd\aldim_n00024_def_only.ACD,ok,adopted-existing,E24963A7C59E995202972E3D70814D9F8C12147B961E0B67B4C9B8D4339EC240
samples\generated\aoi\aldim_n00025_def_only.L5X,C:\l5x_scratch\acd\aldim_n00025_def_only.ACD,ok,adopted-existing,48A3A7FD8565B4A40CC682B55D99838C53E53300375BE07AC19035921D17597E
samples\generated\aoi\aldim_n00026_def_only.L5X,C:\l5x_scratch\acd\aldim_n00026_def_only.ACD,ok,adopted-existing,50B791552EE786EE221DC35E04C41410942C2DB835AA299127AC108C3A6D827E
samples\generated\aoi\almult_n04_def_only.L5X,C:\l5x_scratch\acd\almult_n04_def_only.ACD,ok,adopted-existing,A0FCD42734217DC639CD4661282EFA8C7DAD9DA820B218EB73CE82ABB8B9B18B
samples\generated\aoi\almult_n06_def_only.L5X,C:\l5x_scratch\acd\almult_n06_def_only.ACD,ok,adopted-existing,857E7302CD0EFF8E845D785884B748EF77E623026DCE3E4EDBAD7DCD4B965701
samples\generated\aoi\almult_n08_def_only.L5X,C:\l5x_scratch\acd\almult_n08_def_only.ACD,ok,adopted-existing,35AD867DCB7D0BBC93635A570F55871AE26219CBB0AE7F825CB267B3BB698407
samples\generated\aoi\altype_cam_profile_n00010_def_only.L5X,C:\l5x_scratch\acd\altype_cam_profile_n00010_def_only.ACD,ok,adopted-existing,2939E71CA965B0CB542AF7578357196415A4439E8A556AB78AA46D3F3A127EA7
samples\generated\aoi\altype_control_n00010_def_only.L5X,C:\l5x_scratch\acd\altype_control_n00010_def_only.ACD,ok,adopted-existing,E1E5066B309922A579E9FF57656C8D11A01F506E378949D4A9FD8705DE3F1B84
samples\generated\aoi\altype_counter_n00010_def_only.L5X,C:\l5x_scratch\acd\altype_counter_n00010_def_only.ACD,ok,adopted-existing,E30954597355BBACD1EEA06E55C8010D69F415175ED420D2914CA53C550EF210
samples\generated\aoi\altype_motion_instruction_n00010_def_only.L5X,C:\l5x_scratch\acd\altype_motion_instruction_n00010_def_only.ACD,ok,adopted-existing,C5F0B965E9438EBE4AB9483BEBD18F2A92DC74191EE56F38A2EFA7FFFBF48F97
samples\generated\aoi\altype_string_n00010_def_only.L5X,C:\l5x_scratch\acd\altype_string_n00010_def_only.ACD,ok,adopted-existing,A127410049291211E9F23EF0CDB7C63F1843CADBCFAC8CC9D82A3CA6AFCBFD29
samples\generated\aoi\altype_timer_n00010_def_only.L5X,C:\l5x_scratch\acd\altype_timer_n00010_def_only.ACD,ok,adopted-existing,B2ECA6111D30EC7463EADACAD0979A9450120C3CC97252C7AB993DE6C63FECBC
samples\generated\aoi\aoialgn_bc30_n02.L5X,C:\l5x_scratch\acd\aoialgn_bc30_n02.ACD,ok,adopted-existing,F944EBB505FA3D053E47B10F7A3D92145ABA957F1AACC34180D45CBFAA1C3EC3
samples\generated\aoi\aoialgn_bc30_n04.L5X,C:\l5x_scratch\acd\aoialgn_bc30_n04.ACD,ok,adopted-existing,64DCBFF89353A5DA440EEAE739B1FD416E048D675202D3BF2B03E818A2BDAD86
samples\generated\aoi\aoialgn_bc30_n08.L5X,C:\l5x_scratch\acd\aoialgn_bc30_n08.ACD,ok,adopted-existing,31C96D90EB49E60D496E783DF39198862CF6BB973CC0506A453278950924294F
samples\generated\aoi\aoialgn_bc31_n02.L5X,C:\l5x_scratch\acd\aoialgn_bc31_n02.ACD,ok,adopted-existing,9B69A5D47F780E792F2A7C6DFF0C3CEE263DC95E8665289CBDDE5EA4D7335522
samples\generated\aoi\aoialgn_bc31_n04.L5X,C:\l5x_scratch\acd\aoialgn_bc31_n04.ACD,ok,adopted-existing,35A0F31EB2A3AD64A1E73B8021A4C0B5E3596DABB26D7259CC3702E4198F355C
samples\generated\aoi\aoialgn_bc31_n08.L5X,C:\l5x_scratch\acd\aoialgn_bc31_n08.ACD,ok,adopted-existing,30E8376BD9823454597AB21FCA91F4A6FA522F86F3098E643DEB183ECE40EBE9
samples\generated\aoi\aoialgn_bc32_n02.L5X,C:\l5x_scratch\acd\aoialgn_bc32_n02.ACD,ok,adopted-existing,001AC5B143A9B101E53AA5BA03B309E3FC2F444E8822264E42A53EAE6E2AF9D9
samples\generated\aoi\aoialgn_bc32_n04.L5X,C:\l5x_scratch\acd\aoialgn_bc32_n04.ACD,ok,adopted-existing,1C3FF5DAA6F1C0C7555949AF1F068376111D093EB864AB03D0EC85CF474D14A4
samples\generated\aoi\aoialgn_bc32_n08.L5X,C:\l5x_scratch\acd\aoialgn_bc32_n08.ACD,ok,adopted-existing,8567E11F4BE08077EBADB7DD56F381848AD5F9B4DC080605C1D5D1B638174CA6
samples\generated\aoi\aoialgn_bc33_n02.L5X,C:\l5x_scratch\acd\aoialgn_bc33_n02.ACD,ok,adopted-existing,2A20BE53159CF50E535B5E675BD12A1BEC9516459498D990EED83A886E244958
samples\generated\aoi\aoialgn_bc33_n04.L5X,C:\l5x_scratch\acd\aoialgn_bc33_n04.ACD,ok,adopted-existing,BF0AF42CA4AEDEDDD309FF675741C5BEF0667706C479DE8DE68D6E5050F62D34
samples\generated\aoi\aoialgn_bc33_n08.L5X,C:\l5x_scratch\acd\aoialgn_bc33_n08.ACD,ok,adopted-existing,BCCD1CE65013F33F7DBDD439F28AC324BF9BE0AB0BA948A2E2036689F8B67179
samples\generated\aoi\aoialgn_bc62_n02.L5X,C:\l5x_scratch\acd\aoialgn_bc62_n02.ACD,ok,adopted-existing,A3CB8D7D1E8AC27BCD2A1F35A17256F5476678D3F45D283D031C2D090EA21199
samples\generated\aoi\aoialgn_bc62_n04.L5X,C:\l5x_scratch\acd\aoialgn_bc62_n04.ACD,ok,adopted-existing,6EF71F8427D7B1C9D3D0FAE114F163AB83885A714B1D2197B04AFE2403791481
samples\generated\aoi\aoialgn_bc62_n08.L5X,C:\l5x_scratch\acd\aoialgn_bc62_n08.ACD,ok,adopted-existing,BA6500A8BB083F0E8277861C1D3EEB5532870C3007475EA21E9F9857C1FCE440
samples\generated\aoi\aoialgn_bc63_n02.L5X,C:\l5x_scratch\acd\aoialgn_bc63_n02.ACD,ok,adopted-existing,F6FDF53E250121771BD06426CE593A0EB75943E8E9B41F74DD668C14F1CB75A2
samples\generated\aoi\aoialgn_bc63_n04.L5X,C:\l5x_scratch\acd\aoialgn_bc63_n04.ACD,ok,adopted-existing,855BD2C7239D1A7C024EB05FC029188BE471AF533DC3C84C7A6D69DA09F73C4C
samples\generated\aoi\aoialgn_bc63_n08.L5X,C:\l5x_scratch\acd\aoialgn_bc63_n08.ACD,ok,adopted-existing,8EA7C481628468007108C434F074520C26761ED3B54739A89D50075DDE606F5F
samples\generated\aoi\aoialgn_bc64_n02.L5X,C:\l5x_scratch\acd\aoialgn_bc64_n02.ACD,ok,adopted-existing,19CFA8BC41A848CE6BC4E2064C890C624F0ED2B6649A436D284E7260C0EC51E2
samples\generated\aoi\aoialgn_bc64_n04.L5X,C:\l5x_scratch\acd\aoialgn_bc64_n04.ACD,ok,adopted-existing,B85F128E2F9C3A0D48673068BBA010AC41AA421E3C55FB81D87E1605F08C39E2
samples\generated\aoi\aoialgn_bc64_n08.L5X,C:\l5x_scratch\acd\aoialgn_bc64_n08.ACD,ok,adopted-existing,1D9E26F1F072E529AE6F1D09239F2B8D07F80BE4B45B3B17C796DB40AF438B92
samples\generated\aoi\aoialgn_bc65_n02.L5X,C:\l5x_scratch\acd\aoialgn_bc65_n02.ACD,ok,adopted-existing,B024E542FF29A9CD9CAB300E3A0A9A2D1A978F43B693C265F41F986A88499B88
samples\generated\aoi\aoialgn_bc65_n04.L5X,C:\l5x_scratch\acd\aoialgn_bc65_n04.ACD,ok,adopted-existing,28B7AEA00BA644C6D4B295CA365147DB0DEE0AF2821460CBBE25997E7AE11406
samples\generated\aoi\aoialgn_bc65_n08.L5X,C:\l5x_scratch\acd\aoialgn_bc65_n08.ACD,ok,adopted-existing,157CD5A2F475C2143107F689D35B20F5E553C7C7F901B9DE4F85E08BF5C17E49
samples\generated\aoi\aoialgn_bc94_n02.L5X,C:\l5x_scratch\acd\aoialgn_bc94_n02.ACD,ok,adopted-existing,2FEA50CC843F2D170DBB18AC0AF7398D4D03DA8691918733D6A46C645953AAEE
samples\generated\aoi\aoialgn_bc94_n04.L5X,C:\l5x_scratch\acd\aoialgn_bc94_n04.ACD,ok,adopted-existing,C23B4E84AFCBFDEEDEE57B5A4D334A7A22D26B88323F7E00EF55EF9461A4C345
samples\generated\aoi\aoialgn_bc94_n08.L5X,C:\l5x_scratch\acd\aoialgn_bc94_n08.ACD,ok,adopted-existing,135EFBA83D008C01351A0AE8063EAAE9000D5ABCF2F6CF289C54AD3815457239
samples\generated\aoi\aoialgn_bc95_n02.L5X,C:\l5x_scratch\acd\aoialgn_bc95_n02.ACD,ok,adopted-existing,603CB1D9B3D7AD7DFC327976CD65C70503AE06FDA573BED267D71A368DF7F2AC
samples\generated\aoi\aoialgn_bc95_n04.L5X,C:\l5x_scratch\acd\aoialgn_bc95_n04.ACD,ok,adopted-existing,751FCB67F85151C2887618076166208DA713AE1929081101C11C28932491433C
samples\generated\aoi\aoialgn_bc95_n08.L5X,C:\l5x_scratch\acd\aoialgn_bc95_n08.ACD,ok,adopted-existing,4CD9A2D6DEAC6F08CA4FDB58D3F88A2673565C0A231A8D097311CF313F33EB37
samples\generated\aoi\aoialgn_bc96_n02.L5X,C:\l5x_scratch\acd\aoialgn_bc96_n02.ACD,ok,adopted-existing,582B39E18AF93DE0B3577F017BFC175D004C4519287DDFFA5C0EA40D61911CA2
samples\generated\aoi\aoialgn_bc96_n04.L5X,C:\l5x_scratch\acd\aoialgn_bc96_n04.ACD,ok,adopted-existing,82DF150A9066BC44491D75687F1AA794AB5AC7E9A335723B16D3754E2B158873
samples\generated\aoi\aoialgn_bc96_n08.L5X,C:\l5x_scratch\acd\aoialgn_bc96_n08.ACD,ok,adopted-existing,BDB78A78379E4BCA6292AC8B0FCA899DA9CD2EE4964406C30E800881739707D7
samples\generated\aoi\aoialgn_bc97_n02.L5X,C:\l5x_scratch\acd\aoialgn_bc97_n02.ACD,ok,adopted-existing,5C5941A9336FF3CF670ED91676E3D3037C96AC18A898852CCAB85A9F95D061C5
samples\generated\aoi\aoialgn_bc97_n04.L5X,C:\l5x_scratch\acd\aoialgn_bc97_n04.ACD,ok,adopted-existing,7916E0D847CE1688195557023633599BA0985886149285EA581F911EC563067E
samples\generated\aoi\aoialgn_bc97_n08.L5X,C:\l5x_scratch\acd\aoialgn_bc97_n08.ACD,ok,adopted-existing,91CBDDEE58B8D60BE0634134DD3086711B1BBFB3CF4208045AA300106D9F0179
samples\generated\aoi\aoialgn_def_mc10_b00.L5X,C:\l5x_scratch\acd\aoialgn_def_mc10_b00.ACD,ok,adopted-existing,BB4805190E891E77D0AB4369B8D390889178866DAFBF6BE3875C2A2F17246934
samples\generated\aoi\aoialgn_def_mc10_b05.L5X,C:\l5x_scratch\acd\aoialgn_def_mc10_b05.ACD,ok,adopted-existing,6C71F921BE7801825165D4563F0C40865BD8A0FE51E00D6CE865BA3B8CE28A6D
samples\generated\aoi\aoialgn_def_mc10_b10.L5X,C:\l5x_scratch\acd\aoialgn_def_mc10_b10.ACD,ok,adopted-existing,EDB4371A1DE04BB17A86FE4F13157B8C283FB2F3F41237238660922C136860A5
samples\generated\aoi\aoialgn_def_mc20_b02.L5X,C:\l5x_scratch\acd\aoialgn_def_mc20_b02.ACD,ok,adopted-existing,D9D69F43DFAF49F3911A1FD154753C6F7A731FAEAD99B017AD2CAE9AA5CE2CBD
samples\generated\aoi\aoialgn_def_mc20_b18.L5X,C:\l5x_scratch\acd\aoialgn_def_mc20_b18.ACD,ok,adopted-existing,4EC9C71C74894E48934B6551586D06AFF3063715001408617A8C7755817518C0
samples\generated\aoi\aoialgn_def_mc60_b30.L5X,C:\l5x_scratch\acd\aoialgn_def_mc60_b30.ACD,ok,adopted-existing,DDF13E25F05D66AE6F553B66D5F1CEBBEE8137365B1A0EA8CB9C749D1B3A0B1C
samples\generated\aoi\aoialgn_def_mc60_b54.L5X,C:\l5x_scratch\acd\aoialgn_def_mc60_b54.ACD,ok,adopted-existing,C6061A5BB025500AAB4EBE13DFD8432EE101F37D69A862AA49CC9312E57D0FBA
samples\generated\aoi\aoialgn_def_mc60_b60.L5X,C:\l5x_scratch\acd\aoialgn_def_mc60_b60.ACD,ok,adopted-existing,583C74BE1587B596D4EAD977ABA5822065404373363B1347A11D887830EEF297
samples\generated\aoi\aoialgn_un_i01_def_only.L5X,C:\l5x_scratch\acd\aoialgn_un_i01_def_only.ACD,ok,adopted-existing,37CE03D0F996DDE382759142CF51B4C0DBC70BF97B29DB1025FC7340C445A91F
samples\generated\aoi\aoialgn_un_i01_n02.L5X,C:\l5x_scratch\acd\aoialgn_un_i01_n02.ACD,ok,adopted-existing,36B6C73574692CE14F515494F5A6D1DB7FBAB31E1251844E7C058CC22E73C5E5
samples\generated\aoi\aoialgn_un_i01_n03.L5X,C:\l5x_scratch\acd\aoialgn_un_i01_n03.ACD,ok,adopted-existing,8F4000253A1B57F74A697974FFF5F47BD75E91A7AD9573E02B6ED2E3CBACB523
samples\generated\aoi\aoialgn_un_i03_def_only.L5X,C:\l5x_scratch\acd\aoialgn_un_i03_def_only.ACD,ok,adopted-existing,AD809867ECE4537453696CA008948643919B140B5B6C8F3B9B06309FFD0E12F1
samples\generated\aoi\aoialgn_un_i03_n02.L5X,C:\l5x_scratch\acd\aoialgn_un_i03_n02.ACD,ok,adopted-existing,10D70BB80820C228FE36FD7E7EB2EAF626E02E2F086DEC27C6E6708E79277B60
samples\generated\aoi\aoialgn_un_i03_n03.L5X,C:\l5x_scratch\acd\aoialgn_un_i03_n03.ACD,ok,adopted-existing,E1DA1EBCEF9380C80823CBC8E780BDBFC982589CA8AC4304CFF9B43E185FE9B2
samples\generated\aoi\aoialgn_un_s01i01_def_only.L5X,C:\l5x_scratch\acd\aoialgn_un_s01i01_def_only.ACD,ok,adopted-existing,97DE07DBBD41744A599EF96031AA9504F180E6AA467F05B5E747F2A9A2305487
samples\generated\aoi\aoialgn_un_s01i01_n02.L5X,C:\l5x_scratch\acd\aoialgn_un_s01i01_n02.ACD,ok,adopted-existing,A53A4631C1AC562228FB3290E36FAFFEE7DF1B693ECCD8051EB86E2DFC98D7DA
samples\generated\aoi\aoialgn_un_s01i01_n03.L5X,C:\l5x_scratch\acd\aoialgn_un_s01i01_n03.ACD,ok,adopted-existing,A22ADBF952E55FDD79A5DC0F36A7B8F4A3AC90A3F607F09FACC66C2A210DD3B2
samples\generated\aoi\aoialgn_un_s01i03_def_only.L5X,C:\l5x_scratch\acd\aoialgn_un_s01i03_def_only.ACD,ok,adopted-existing,7650DD03BA55410A92D771977737D6538940270C204BBE2B4FB603EF86747F48
samples\generated\aoi\aoialgn_un_s01i03_n02.L5X,C:\l5x_scratch\acd\aoialgn_un_s01i03_n02.ACD,ok,adopted-existing,AF105FDAE7D182BF211B7E1E05BAE1E780A36B243B7DC30B269A376D24CF7948
samples\generated\aoi\aoialgn_un_s01i03_n03.L5X,C:\l5x_scratch\acd\aoialgn_un_s01i03_n03.ACD,ok,adopted-existing,3AD8F33D9C22972DCE740976C7F3B7B174C05F6F651214F47B5ED4130FDF2C43
samples\generated\aoi\aoialgn_un_s01_def_only.L5X,C:\l5x_scratch\acd\aoialgn_un_s01_def_only.ACD,ok,adopted-existing,F1F165C3CB4E915F346C0D61F65FFA644C0BA16595E648F5EA24250DE7F04433
samples\generated\aoi\aoialgn_un_s01_n02.L5X,C:\l5x_scratch\acd\aoialgn_un_s01_n02.ACD,ok,adopted-existing,B811EDCDE90D94CBC7AEF0456CD2A90979BD15BE3264E63513FC506CDB5E815F
samples\generated\aoi\aoialgn_un_s01_n03.L5X,C:\l5x_scratch\acd\aoialgn_un_s01_n03.ACD,ok,adopted-existing,D461435DA58785E953DB0410B4C78987598E3D2AE98FA5DE5EB121AF8403F3F3
samples\generated\aoi\aoialgn_un_s02_def_only.L5X,C:\l5x_scratch\acd\aoialgn_un_s02_def_only.ACD,ok,adopted-existing,00CA1AFE22E2869FD4A7CD07A81DE1EE959095DC9714A9CA7E72096DDA39F7D4
samples\generated\aoi\aoialgn_un_s02_n02.L5X,C:\l5x_scratch\acd\aoialgn_un_s02_n02.ACD,ok,adopted-existing,3203399D1C994B256CDA6E949162FBE3B512B8F5AA329C046BCDB718F94FE578
samples\generated\aoi\aoialgn_un_s02_n03.L5X,C:\l5x_scratch\acd\aoialgn_un_s02_n03.ACD,ok,adopted-existing,14D05EDC9DE59DEA9D775046358F5391E2DC5BEA902B813D5EB991B49EE3D3EE
samples\generated\aoi\aoialgn_un_s03i01_def_only.L5X,C:\l5x_scratch\acd\aoialgn_un_s03i01_def_only.ACD,ok,adopted-existing,045E54B8843F14525B04FC3082540BB75193E8647E357CDF19AEDF97B16A66BC
samples\generated\aoi\aoialgn_un_s03i01_n02.L5X,C:\l5x_scratch\acd\aoialgn_un_s03i01_n02.ACD,ok,adopted-existing,2F396343A2A01E28F629850A31A43E9C54BB9AF8FE96CFD08E444EBEFC66921A
samples\generated\aoi\aoialgn_un_s03i01_n03.L5X,C:\l5x_scratch\acd\aoialgn_un_s03i01_n03.ACD,ok,adopted-existing,73A758178D3A040D1AD1A0B5B75F6B10A95616C4CA5DB4CA766ED9198C0D90EC
samples\generated\aoi\aoialgn_un_s03_def_only.L5X,C:\l5x_scratch\acd\aoialgn_un_s03_def_only.ACD,ok,adopted-existing,4E17784A11B8EA28ED6A2BF5E176DF122D1CEDF9C8D590295CA210FC0554019C
samples\generated\aoi\aoialgn_un_s03_n02.L5X,C:\l5x_scratch\acd\aoialgn_un_s03_n02.ACD,ok,adopted-existing,BB2234925C87911BF314BAC21BA31B7995AB2E158F16251CF1C352A455BB835D
samples\generated\aoi\aoialgn_un_s03_n03.L5X,C:\l5x_scratch\acd\aoialgn_un_s03_n03.ACD,ok,adopted-existing,A514A3C4ECB77EF67FD92783447F5E5470661BC84586A6D18BDF0E4969FBCF6B
samples\generated\aoi\aoialgn_un_s05_def_only.L5X,C:\l5x_scratch\acd\aoialgn_un_s05_def_only.ACD,ok,adopted-existing,BC376E0BD3898EAFA5217AEF7F407037D9076FA457EBC819DACD251CEBF203BA
samples\generated\aoi\aoialgn_un_s05_n02.L5X,C:\l5x_scratch\acd\aoialgn_un_s05_n02.ACD,ok,adopted-existing,56F53300B183563BE4880D18E71A601A5136607EE53BA2CD9A7B28CB0740242B
samples\generated\aoi\aoialgn_un_s05_n03.L5X,C:\l5x_scratch\acd\aoialgn_un_s05_n03.ACD,ok,adopted-existing,3404DBA8E4C31AF45EEDE4926FC8E2F736D289FEEE3AB2251CB79B638683FE1E
samples\generated\aoi\aoibp_boundary_bc16_n02_iso2.L5X,C:\l5x_scratch\acd\aoibp_boundary_bc16_n02_iso2.ACD,ok,adopted-existing,4CA2F2B5FF422EC05E0CFB36352125D0851B297CB0AD6C32E176B9EDAA3DADF7
samples\generated\aoi\aoibp_boundary_bc16_n04_iso2.L5X,C:\l5x_scratch\acd\aoibp_boundary_bc16_n04_iso2.ACD,ok,adopted-existing,9EFE0528F77458BA1F59B44FBA96F830FD7543FA2EBE18262B11A6FB6057B9B0
samples\generated\aoi\aoibp_boundary_bc16_n08_iso2.L5X,C:\l5x_scratch\acd\aoibp_boundary_bc16_n08_iso2.ACD,ok,adopted-existing,89696CB4A2117FF27F64D656F816D8C3DA88B3D9075FA1B64E03AAF9A18AE7BD
samples\generated\aoi\aoibp_boundary_bc24_n02_iso2.L5X,C:\l5x_scratch\acd\aoibp_boundary_bc24_n02_iso2.ACD,ok,adopted-existing,C6EB4B6B11EC6524B6314068279BCA8C01D5268675325CBC29DDD50E26128EDC
samples\generated\aoi\aoibp_boundary_bc24_n04_iso2.L5X,C:\l5x_scratch\acd\aoibp_boundary_bc24_n04_iso2.ACD,ok,adopted-existing,9EFDDD267D8CCD8918974090B170131BD8D9BEF1D62BC907BCD76B4347AD0ED2
samples\generated\aoi\aoibp_boundary_bc24_n08_iso2.L5X,C:\l5x_scratch\acd\aoibp_boundary_bc24_n08_iso2.ACD,ok,adopted-existing,D7DB6C2A299922BD91747309300CCEC6644EB189C8E7F488E4114198F50E294D
samples\generated\aoi\aoibp_boundary_bc31_n02_iso2.L5X,C:\l5x_scratch\acd\aoibp_boundary_bc31_n02_iso2.ACD,ok,adopted-existing,D6C338AF922E502C95923BB73915299A92DF7B29B35E84EC3B03F0DC3E7ECE97
samples\generated\aoi\aoibp_boundary_bc31_n04_iso2.L5X,C:\l5x_scratch\acd\aoibp_boundary_bc31_n04_iso2.ACD,ok,adopted-existing,2A4BA863A7F2BF0087CD4492AA4457A9934F7ACC68C7CED04533AE8B7A526848
samples\generated\aoi\aoibp_boundary_bc31_n08_iso2.L5X,C:\l5x_scratch\acd\aoibp_boundary_bc31_n08_iso2.ACD,ok,adopted-existing,7CCCBF0FB4274077877D2BE65462BE899C84170F0B21C72F87014197BE40644C
samples\generated\aoi\aoibp_boundary_bc32_n02_iso2.L5X,C:\l5x_scratch\acd\aoibp_boundary_bc32_n02_iso2.ACD,ok,adopted-existing,0A443DD806A2807B5FD003F8A045347B29760075A015519CBF9F568F6D3AE16C
samples\generated\aoi\aoibp_boundary_bc32_n04_iso2.L5X,C:\l5x_scratch\acd\aoibp_boundary_bc32_n04_iso2.ACD,ok,adopted-existing,882BD0784E4C08087535F9DB35A0A60BF4A3DE50AF9521D2E4C0B38C10062BA7
samples\generated\aoi\aoibp_boundary_bc32_n08_iso2.L5X,C:\l5x_scratch\acd\aoibp_boundary_bc32_n08_iso2.ACD,ok,adopted-existing,B45753B5EAECB569B4B48F066AC67ABF9FCFF58CF84C7AD759D8472B79F6A667
samples\generated\aoi\aoibp_boundary_bc33_n02_iso2.L5X,C:\l5x_scratch\acd\aoibp_boundary_bc33_n02_iso2.ACD,ok,adopted-existing,63100AFA7A3CBAF9AEE00C22E9F70F444F7D1FCD0FFB364827B428590D5BD0FD
samples\generated\aoi\aoibp_boundary_bc33_n04_iso2.L5X,C:\l5x_scratch\acd\aoibp_boundary_bc33_n04_iso2.ACD,ok,adopted-existing,7076EF02CC5751AE73462EFF8D8968E3B52551F0D847EC0888776F2FEE37932D
samples\generated\aoi\aoibp_boundary_bc33_n08_iso2.L5X,C:\l5x_scratch\acd\aoibp_boundary_bc33_n08_iso2.ACD,ok,adopted-existing,42E4BCDA95794F3AF75849A908DDD5E863DC419A88248DFC4360C2015BFD53CE
samples\generated\aoi\aoibp_boundary_bc40_n02_iso2.L5X,C:\l5x_scratch\acd\aoibp_boundary_bc40_n02_iso2.ACD,ok,adopted-existing,63C4F05856B69983B69EBA6F95B5D9C678616B0132C8F33681C6D042B04E793A
samples\generated\aoi\aoibp_boundary_bc40_n04_iso2.L5X,C:\l5x_scratch\acd\aoibp_boundary_bc40_n04_iso2.ACD,ok,adopted-existing,02B8B9E05542943FDD9016EDB374DDE28AEAE8CA1CAAF3FE65B72243CED8843D
samples\generated\aoi\aoibp_boundary_bc40_n08_iso2.L5X,C:\l5x_scratch\acd\aoibp_boundary_bc40_n08_iso2.ACD,ok,adopted-existing,8221F00EBE9B95BC40C131736D88AECDC0EE9633C4D4AAAB345FBDAD1AB41F24
samples\generated\aoi\aoibp_boundary_bc48_n02_iso2.L5X,C:\l5x_scratch\acd\aoibp_boundary_bc48_n02_iso2.ACD,ok,adopted-existing,979035495C2FB97C0CC17AE9352CA4F2755F6AF6EE685EFB1754A6759FA4733F
samples\generated\aoi\aoibp_boundary_bc48_n04_iso2.L5X,C:\l5x_scratch\acd\aoibp_boundary_bc48_n04_iso2.ACD,ok,adopted-existing,A1EAB8B8F550965CC5A8CE3F9FB6700BC74847F4A89D0FB24DCC467288A2793D
samples\generated\aoi\aoibp_boundary_bc48_n08_iso2.L5X,C:\l5x_scratch\acd\aoibp_boundary_bc48_n08_iso2.ACD,ok,adopted-existing,650F68871C5721E90F7660458270A44BAB4FD3197E389B2384C6FD7A06E43D5C
samples\generated\aoi\aoibp_dense_bc10_n02.L5X,C:\l5x_scratch\acd\aoibp_dense_bc10_n02.ACD,ok,adopted-existing,E39909337C2C7B4B1ED8C443DAF1A259F5C97DEECA23422F782CA85F0782293C
samples\generated\aoi\aoibp_dense_bc10_n03.L5X,C:\l5x_scratch\acd\aoibp_dense_bc10_n03.ACD,ok,adopted-existing,0F912191098CC2AE26112B52519FA70EE6D0527ADDBDB8071007A3E349826F82
samples\generated\aoi\aoibp_dense_bc10_n04.L5X,C:\l5x_scratch\acd\aoibp_dense_bc10_n04.ACD,ok,adopted-existing,ACF03FE1972F99E59741BD5C6DCC64D8DC2C0EEC6358345A6B5D896A4159CCE7
samples\generated\aoi\aoibp_dense_bc10_n06.L5X,C:\l5x_scratch\acd\aoibp_dense_bc10_n06.ACD,ok,adopted-existing,942BF2A12AB2CD7967BB69650DE64937431749106401289F4FB05619A074955C
samples\generated\aoi\aoibp_dense_bc10_n08.L5X,C:\l5x_scratch\acd\aoibp_dense_bc10_n08.ACD,ok,adopted-existing,665D6B00F8C8D57074D87C28D57930209EF64FE1D8610E1100926A521D54C824
samples\generated\aoi\aoibp_dense_bc10_n12.L5X,C:\l5x_scratch\acd\aoibp_dense_bc10_n12.ACD,ok,adopted-existing,BE68D0EDB6FDE7F00AEF48CF4A34308933B65B0CD348EA6988F6476D6281582D
samples\generated\aoi\aoibp_dense_bc20_n02.L5X,C:\l5x_scratch\acd\aoibp_dense_bc20_n02.ACD,ok,adopted-existing,06F8AB54C753FC0724ADBDC3D9CBEC244B214F7012FA0463871600AFB5421E0F
samples\generated\aoi\aoibp_dense_bc20_n03.L5X,C:\l5x_scratch\acd\aoibp_dense_bc20_n03.ACD,ok,adopted-existing,CA4EB86D0E43DDE4F471CC1A684C2900727EB21B94F36A03A9AC696CD77766A6
samples\generated\aoi\aoibp_dense_bc20_n04.L5X,C:\l5x_scratch\acd\aoibp_dense_bc20_n04.ACD,ok,adopted-existing,8994C1820B7DE56A94A17B1A042DB7BBF2CB89B823998EC3C405BA26B3317EAB
samples\generated\aoi\aoibp_dense_bc20_n06.L5X,C:\l5x_scratch\acd\aoibp_dense_bc20_n06.ACD,ok,adopted-existing,3DC18789FAAE8E7CB4F4B4C17C963F4BC2B4237B996F95FA9F740E71276D8B80
samples\generated\aoi\aoibp_dense_bc20_n08.L5X,C:\l5x_scratch\acd\aoibp_dense_bc20_n08.ACD,ok,adopted-existing,77839FAF5B3E9F58C41BD56404089FD2DE27F409F86B682073D4D84793F82A62
samples\generated\aoi\aoibp_dense_bc20_n12.L5X,C:\l5x_scratch\acd\aoibp_dense_bc20_n12.ACD,ok,adopted-existing,A3B27440BCE033209A77E809F85EDE4647F9B7ADEDC83B0E66873EDE086FB4C8
samples\generated\aoi\aoibp_dense_bc60_n02.L5X,C:\l5x_scratch\acd\aoibp_dense_bc60_n02.ACD,ok,adopted-existing,813FF0D2B4F8ABF722F8EA5E81E1F0F1B40B4F11786E44E0CCA749D49EA358D4
samples\generated\aoi\aoibp_dense_bc60_n03.L5X,C:\l5x_scratch\acd\aoibp_dense_bc60_n03.ACD,ok,adopted-existing,D25D31F7DBBED8067995A9B1E001896FD326D97563D2A620F2C45FC726C1C3E4
samples\generated\aoi\aoibp_dense_bc60_n04.L5X,C:\l5x_scratch\acd\aoibp_dense_bc60_n04.ACD,ok,adopted-existing,FA5C7A78C459113258F1C1A7212A46BCB33D5A26886E8FF0DB0C7C8112442C9F
samples\generated\aoi\aoibp_dense_bc60_n06.L5X,C:\l5x_scratch\acd\aoibp_dense_bc60_n06.ACD,ok,adopted-existing,914D34FFA048CD50E4E8C6762168BB71E545309F887975B46D0AFA8198BE5EC8
samples\generated\aoi\aoibp_dense_bc60_n08.L5X,C:\l5x_scratch\acd\aoibp_dense_bc60_n08.ACD,ok,adopted-existing,1C89E7FD80189E7C5CC83E479BC9994F16E84329B6127E49792B605538287D6D
samples\generated\aoi\aoibp_dense_bc60_n12.L5X,C:\l5x_scratch\acd\aoibp_dense_bc60_n12.ACD,ok,adopted-existing,43569C1A443A352C6BF7C4B6EEA880D8E9560E7AFC3AE051C359D043031FCD0D
samples\generated\aoi\aoibp_puremix_8b2a_n02.L5X,C:\l5x_scratch\acd\aoibp_puremix_8b2a_n02.ACD,ok,adopted-existing,D7BB168D72F5BBC85A8D614D9E8BE22F09B85E281D37D648C6A505C5817AC394
samples\generated\aoi\aoibp_puremix_8b2a_n03.L5X,C:\l5x_scratch\acd\aoibp_puremix_8b2a_n03.ACD,ok,adopted-existing,58359E547A559A02B2E3F949ED22477F5B783902CF9962D893C65A0F0766BC54
samples\generated\aoi\aoibp_puremix_8b2a_n04.L5X,C:\l5x_scratch\acd\aoibp_puremix_8b2a_n04.ACD,ok,adopted-existing,E5A4066B278A4C74E2F512B418F2A34C650F9D6D5C484CC8AC954F6D1F11669B
samples\generated\aoi\aoibp_puremix_8b2a_n06.L5X,C:\l5x_scratch\acd\aoibp_puremix_8b2a_n06.ACD,ok,adopted-existing,7385B56BB6C4FE2395FD0054C1E04F1C29E8F17C672925D0FE9F2908FD0015FE
samples\generated\aoi\aoibp_puremix_8b2a_n08.L5X,C:\l5x_scratch\acd\aoibp_puremix_8b2a_n08.ACD,ok,adopted-existing,CB8696774473400369DA1C081EE3C0532F08E0E5C9EB00A212AA960F852A8224
samples\generated\aoi\aoibp_puremix_8b2a_n12.L5X,C:\l5x_scratch\acd\aoibp_puremix_8b2a_n12.ACD,ok,adopted-existing,B925EC0D956D08F44D721391FEEA10151C6FB85640E974C5CA8C2307364E7C1B
samples\generated\aoi\aoibp_split_allinput30_n01.L5X,C:\l5x_scratch\acd\aoibp_split_allinput30_n01.ACD,ok,adopted-existing,DA3D8FB87AF5FA7B9C3CC7F131697AE383B1E9B5F3C09611E6938E509FD9BBDA
samples\generated\aoi\aoibp_split_allinput30_n05.L5X,C:\l5x_scratch\acd\aoibp_split_allinput30_n05.ACD,ok,adopted-existing,E5D48F30F5573296E5A30B7CF4D9BC8B9F2673F7E1C059FA57BD84B338812DFA
samples\generated\aoi\aoibp_split_allinput30_n10.L5X,C:\l5x_scratch\acd\aoibp_split_allinput30_n10.ACD,ok,adopted-existing,A1A9564FB5E97146D35F0DA7A32B9A811760B475B2231B02AF5700DDA9291A02
samples\generated\aoi\aoibp_split_allinput30_n16.L5X,C:\l5x_scratch\acd\aoibp_split_allinput30_n16.ACD,ok,adopted-existing,1A413D05B5BCDEF41269AE259C8D1376C0D6BF78899FA331009C6AFFA2381CA8
samples\generated\aoi\aoibp_split_allinput30_n25.L5X,C:\l5x_scratch\acd\aoibp_split_allinput30_n25.ACD,ok,adopted-existing,7624658E8B3626F2B9A4E42E9747FA063C98865E5EFFC1363715AD86FD5C8CBB
samples\generated\aoi\aoiconst_const.L5X,C:\l5x_scratch\acd\aoiconst_const.ACD,ok,adopted-existing,CA31D4D798138FE46CFBC43CE53B15B13F42983AA4FD98D5414E03C2E780310A
samples\generated\aoi\aoiconst_nonconst.L5X,C:\l5x_scratch\acd\aoiconst_nonconst.ACD,ok,adopted-existing,113B9DB149A27858545E05C9E9FF6B9175D4291F81030D1238716D3FAC7B764D
samples\generated\aoi\aoidefcost_dirinout_n04_def_only.L5X,C:\l5x_scratch\acd\aoidefcost_dirinout_n04_def_only.ACD,ok,adopted-existing,3DD87491BE953B662844CF1C55D3389BB7E5635D81FD93BB22AA67AAE8528036
samples\generated\aoi\aoidefcost_dirinout_n08_def_only.L5X,C:\l5x_scratch\acd\aoidefcost_dirinout_n08_def_only.ACD,ok,adopted-existing,79D946D8CF854E362BE71F82E82AA48F431969D04483F8A7DFD4E8E9A52A2721
samples\generated\aoi\aoidefcost_diroutput_n04_def_only.L5X,C:\l5x_scratch\acd\aoidefcost_diroutput_n04_def_only.ACD,ok,adopted-existing,D1392116329E5D41BA5391F52E7DA91877B3B34325AFF80C5F3449795809FBAB
samples\generated\aoi\aoidefcost_diroutput_n08_def_only.L5X,C:\l5x_scratch\acd\aoidefcost_diroutput_n08_def_only.ACD,ok,adopted-existing,98055D7A9DFBD590AC00503B2414D43FE6D8EBF72B91051DC44CFB2F652C5703
samples\generated\aoi\aoidefcost_typebool_n02_def_only.L5X,C:\l5x_scratch\acd\aoidefcost_typebool_n02_def_only.ACD,ok,adopted-existing,212430D66ECFD3C4DC5C1B8C72E2A88662F4808110CCC42E738B57B72E24F677
samples\generated\aoi\aoidefcost_typebool_n04_def_only.L5X,C:\l5x_scratch\acd\aoidefcost_typebool_n04_def_only.ACD,ok,adopted-existing,FDC63129367600B9A6708D28EE39CD11E20D720A52B53AD57B2B1791E59BED00
samples\generated\aoi\aoidefcost_typebool_n08_def_only.L5X,C:\l5x_scratch\acd\aoidefcost_typebool_n08_def_only.ACD,ok,adopted-existing,10DC527B610C1D6D6F9134BCC4FC2260740FA21F8CEDD51E4E03106D837A3131
samples\generated\aoi\aoidefcost_typeint_n02_def_only.L5X,C:\l5x_scratch\acd\aoidefcost_typeint_n02_def_only.ACD,ok,adopted-existing,210B4261937AF8AFEC6D45D0DBB2AF00AC781E2E4980980D5DF0B8F64DB50467
samples\generated\aoi\aoidefcost_typeint_n04_def_only.L5X,C:\l5x_scratch\acd\aoidefcost_typeint_n04_def_only.ACD,ok,adopted-existing,7363532CED6E2298166785124B017BF9889B872651B1177DC1A71934E57BC861
samples\generated\aoi\aoidefcost_typeint_n08_def_only.L5X,C:\l5x_scratch\acd\aoidefcost_typeint_n08_def_only.ACD,ok,adopted-existing,F14A399DB254FEE049B0F19627BBA293A0B5C62506288B7F39CE53FB4C9EBF8C
samples\generated\aoi\aoidefcost_typereal_n02_def_only.L5X,C:\l5x_scratch\acd\aoidefcost_typereal_n02_def_only.ACD,ok,adopted-existing,6E03783604EBB41DE354F80215DF60F946C51DFFC2B2E80F77122C248110AEB7
samples\generated\aoi\aoidefcost_typereal_n04_def_only.L5X,C:\l5x_scratch\acd\aoidefcost_typereal_n04_def_only.ACD,ok,adopted-existing,7DCE06E37C2816D89CBA004BF9D20F2AED4397284F1509FE983284B0788620C5
samples\generated\aoi\aoidefcost_typereal_n08_def_only.L5X,C:\l5x_scratch\acd\aoidefcost_typereal_n08_def_only.ACD,ok,adopted-existing,427F88BCF7BA71B60D5B8F2ED3642B3D2D499AA1F768A0375CF737990299CD88
samples\generated\aoi\aoidshape_count_n01.L5X,C:\l5x_scratch\acd\aoidshape_count_n01.ACD,ok,adopted-existing,2E3418ABFE576BBB2FCF5B6EB1495E2040AD3E08A773A19D567BAF628B9F2A28
samples\generated\aoi\aoidshape_count_n02.L5X,C:\l5x_scratch\acd\aoidshape_count_n02.ACD,ok,adopted-existing,B0DAE673DDC5B09BD6BD2968B92A3468AC108688CCF2FF81804765E530E4DD66
samples\generated\aoi\aoidshape_count_n03.L5X,C:\l5x_scratch\acd\aoidshape_count_n03.ACD,ok,adopted-existing,893BA3722120A02A9784307B9F052590B45C93A14B0E079B5C87CC42E535F24B
samples\generated\aoi\aoidshape_count_n04.L5X,C:\l5x_scratch\acd\aoidshape_count_n04.ACD,ok,adopted-existing,9122037A868AB956029167AD48E65E9DB1B92841124C78BB2050F02AAE671B79
samples\generated\aoi\aoidshape_count_n05.L5X,C:\l5x_scratch\acd\aoidshape_count_n05.ACD,ok,adopted-existing,F88E73A4FF5BB69010B936C552C2D93D3BAF06723DCCD42B6733CF41B0249A07
samples\generated\aoi\aoidshape_count_n06.L5X,C:\l5x_scratch\acd\aoidshape_count_n06.ACD,ok,adopted-existing,C53C2E614E11259C61A0642DFA70269EDC2B34DB990AE0CB47FCD24A21DDA3D4
samples\generated\aoi\aoidshape_count_n07.L5X,C:\l5x_scratch\acd\aoidshape_count_n07.ACD,ok,adopted-existing,4ED53F13B0ABC740929D985FF56869004E62DC8E9FF43D5E59E50D8C9832AADF
samples\generated\aoi\aoidshape_count_n08.L5X,C:\l5x_scratch\acd\aoidshape_count_n08.ACD,ok,adopted-existing,9271E0460BC4FB4BE935B2285BCCD4118F5F7D5F093FA17057061FACB1895BA6
samples\generated\aoi\aoidshape_order_alternating.L5X,C:\l5x_scratch\acd\aoidshape_order_alternating.ACD,ok,adopted-existing,5218396ADE0E7DDFF8A7798C38A32FCA80589910881424930CC43803BC595DDB
samples\generated\aoi\aoidshape_order_blocks5.L5X,C:\l5x_scratch\acd\aoidshape_order_blocks5.ACD,ok,adopted-existing,8AF816F15963739C2FD9BECF629F6D81A8BC1ABE2D32BA39010D775EAC8E73BC
samples\generated\aoi\aoidshape_order_boolsfirst.L5X,C:\l5x_scratch\acd\aoidshape_order_boolsfirst.ACD,ok,adopted-existing,82C5B6649D75C16A09F5B4B056226CBF25A324A380A847C4A6BA2D628242FF0D
samples\generated\aoi\aoidshape_order_dintsfirst.L5X,C:\l5x_scratch\acd\aoidshape_order_dintsfirst.ACD,ok,adopted-existing,898078AAFEEC8B286DB46E44BED81E1A744FC87B8BECC5EE7484F933DD67D5A5
samples\generated\aoi\aoidshape_order_pairs.L5X,C:\l5x_scratch\acd\aoidshape_order_pairs.ACD,ok,adopted-existing,D0DE18AB4EA17D762454004B617A2BB2361851F00C3D69CA59758C1DB0858CA7
samples\generated\aoi\aoidshape_pool_c06.L5X,C:\l5x_scratch\acd\aoidshape_pool_c06.ACD,ok,adopted-existing,3B398301EB47820D6C73F1C0075435C63A217CA7B21A778FD8950F905365815D
samples\generated\aoi\aoidshape_pool_c07.L5X,C:\l5x_scratch\acd\aoidshape_pool_c07.ACD,ok,adopted-existing,64452C30BD363638BBEB86A6DAE47D4EE3069A1ED2FCFACA3A89819CD918F9AD
samples\generated\aoi\aoidshape_pool_c08.L5X,C:\l5x_scratch\acd\aoidshape_pool_c08.ACD,ok,adopted-existing,6FDF7CEE94BA6F00CBEB9DA9C42C03FDB5A8E523A19EAF3A69562597552B9E87
samples\generated\aoi\aoidshape_pool_c09.L5X,C:\l5x_scratch\acd\aoidshape_pool_c09.ACD,ok,adopted-existing,7A67C966AD7F5C8AF8A3EA0FFD573C22BC6F4E26C83D2A41CAB4B6528EBA4453
samples\generated\aoi\aoidshape_pool_c10.L5X,C:\l5x_scratch\acd\aoidshape_pool_c10.ACD,ok,adopted-existing,AE73E9E69E0A4A06E0EA8250E2487C5FCA76388504446EF62E68D611F89A0AF5
samples\generated\aoi\aoidshape_pool_c11.L5X,C:\l5x_scratch\acd\aoidshape_pool_c11.ACD,ok,adopted-existing,B83A0A6B8B7DE29AF2DE21CEAD562951F1CC46F18F4D1A0F140BAD30CB5142C6
samples\generated\aoi\aoidshape_pool_c12.L5X,C:\l5x_scratch\acd\aoidshape_pool_c12.ACD,ok,adopted-existing,D292DB06DCC3A2E20D9C433216F01392E471B97FC427BA80D768FB0A4F19967A
samples\generated\aoi\aoidshape_pool_c13.L5X,C:\l5x_scratch\acd\aoidshape_pool_c13.ACD,ok,adopted-existing,EC8103C534BA69B65548F94C571594A991677272D9B4CDFBA89F51C67FC86C7A
samples\generated\aoi\aoidshape_pool_c14.L5X,C:\l5x_scratch\acd\aoidshape_pool_c14.ACD,ok,adopted-existing,DB99454FA1A53AFBE7785A960377E6EA5BF3A6AE7C933C2A50307A20DB2EC4EB
samples\generated\aoi\aoidshape_pool_c15.L5X,C:\l5x_scratch\acd\aoidshape_pool_c15.ACD,ok,adopted-existing,F2FA16C43EBA43E9FED218A80779FA610866386AE28BBB59CCDCAC93779BE35B
samples\generated\aoi\aoidshape_pool_c16.L5X,C:\l5x_scratch\acd\aoidshape_pool_c16.ACD,ok,adopted-existing,4CF1A8F4BF1278FFA43A6967AB87A755E357D8C0DA86761CCCB69C8A5E28B5F3
samples\generated\aoi\aoidshape_pool_c17.L5X,C:\l5x_scratch\acd\aoidshape_pool_c17.ACD,ok,adopted-existing,0C3E93DD1905E80D111142B4D3EB696B623B119879D33208E0C92EEBCA14F3CC
samples\generated\aoi\aoidshape_pool_c18.L5X,C:\l5x_scratch\acd\aoidshape_pool_c18.ACD,ok,adopted-existing,7DC11FC8F0F2C17FB12032976FDA54B5132BEC53D375A21327B0D4B32279FDFC
samples\generated\aoi\aoidshape_pool_c19.L5X,C:\l5x_scratch\acd\aoidshape_pool_c19.ACD,ok,adopted-existing,A90D96E98B03FB20C95005BB7EFBE037B44461CE64972E8D539418197E34DFC2
samples\generated\aoi\aoidshape_pool_c20.L5X,C:\l5x_scratch\acd\aoidshape_pool_c20.ACD,ok,adopted-existing,6D60BF4F4121AF6145228B230158C19D84ACCA80C53224877BCDB163E77C9544
samples\generated\aoi\aoidshape_pool_c21.L5X,C:\l5x_scratch\acd\aoidshape_pool_c21.ACD,ok,adopted-existing,BF102B89FE10B1C43CF7E8EDA6FFF371FA3B70B7491B81E8A6B789E2993E38C2
samples\generated\aoi\aoidshape_tname_len08.L5X,C:\l5x_scratch\acd\aoidshape_tname_len08.ACD,ok,adopted-existing,F098377D7257C834B44A167612ED0433EB514F52544CD2D9033346D14FAB8B10
samples\generated\aoi\aoidshape_tname_len09.L5X,C:\l5x_scratch\acd\aoidshape_tname_len09.ACD,ok,adopted-existing,FD94E4440209F45318515B8AADE7F3439C800467C72F00B908211D7F5581CCA5
samples\generated\aoi\aoidshape_tname_len10.L5X,C:\l5x_scratch\acd\aoidshape_tname_len10.ACD,ok,adopted-existing,13C6D5C20C2B618C7577726D911CE28430ACA808082BECF7E90AEAB0030C019C
samples\generated\aoi\aoidshape_tname_len11.L5X,C:\l5x_scratch\acd\aoidshape_tname_len11.ACD,ok,adopted-existing,2B312A1F456C8E5C589B7A8A376A099097A90B83BDF40705365122AE0BBD6E95
samples\generated\aoi\aoidshape_tname_len12.L5X,C:\l5x_scratch\acd\aoidshape_tname_len12.ACD,ok,adopted-existing,8E117A3ADFDD814D123AE8B426A8355399C990657EC64736A065BE9E08F80794
samples\generated\aoi\aoidshape_tname_len13.L5X,C:\l5x_scratch\acd\aoidshape_tname_len13.ACD,ok,adopted-existing,24B6F23F736E8EE74A67639A34CB7255C65ABB8A97D3E82452C8B2DFD96B489C
samples\generated\aoi\aoidshape_tname_len14.L5X,C:\l5x_scratch\acd\aoidshape_tname_len14.ACD,ok,adopted-existing,0E5C0358A0E08AA98D00ED062D69B9A5BD4050258275F5F428E34DC1AE3AC113
samples\generated\aoi\aoidshape_tname_len15.L5X,C:\l5x_scratch\acd\aoidshape_tname_len15.ACD,ok,adopted-existing,B272B3357A739B97852435DD5573E1CADBFCF86A49067CD2E056B906A1672762
samples\generated\aoi\aoidshape_tname_len16.L5X,C:\l5x_scratch\acd\aoidshape_tname_len16.ACD,ok,adopted-existing,07FE50508CF6578D28B9C0AB75783A242A51D1467885D177B3A0277007300787
samples\generated\aoi\aoidshape_tname_len17.L5X,C:\l5x_scratch\acd\aoidshape_tname_len17.ACD,ok,adopted-existing,614AD41B5EF4BAC29F0E568F91202A304513B622E9D3AF84694581E2496FA490
samples\generated\aoi\aoidshape_tname_len18.L5X,C:\l5x_scratch\acd\aoidshape_tname_len18.ACD,ok,adopted-existing,4286DC147B8A04CC4C0FE50C1F988320E569E9C4882CD0C66D62B3770EFABFEE
samples\generated\aoi\aoidshape_tname_len19.L5X,C:\l5x_scratch\acd\aoidshape_tname_len19.ACD,ok,adopted-existing,81BC6468C672AA328E9C6DC43F736C9B3B596113810D70D36E7E9F1D8F16F599
samples\generated\aoi\aoidshape_tname_len20.L5X,C:\l5x_scratch\acd\aoidshape_tname_len20.ACD,ok,adopted-existing,A8CA9AEB6CBE2AC421C4D77C5B1A37B8FC4C6424759CF59C6492D93194145C08
samples\generated\aoi\aoidshape_tname_len21.L5X,C:\l5x_scratch\acd\aoidshape_tname_len21.ACD,ok,adopted-existing,44C57C7C3F7597E8A6E08A3CC9A32234A2C838F226FDC0E47264F798A75730A9
samples\generated\aoi\aoidshape_tname_len22.L5X,C:\l5x_scratch\acd\aoidshape_tname_len22.ACD,ok,adopted-existing,72CA560104307C730CC9AD2BDFB6AB63B02A67FDFC8B073E41579D7692EB0FB5
samples\generated\aoi\aoidshape_tname_len23.L5X,C:\l5x_scratch\acd\aoidshape_tname_len23.ACD,ok,adopted-existing,455E71D3766FBE5B0C83E051F5A7313AEBE3B357B11EF655D414E75F78B72AC0
samples\generated\aoi\aoidshape_tname_len24.L5X,C:\l5x_scratch\acd\aoidshape_tname_len24.ACD,ok,adopted-existing,48401A8ACD66BAA975818510F8FB37F6E877B8B5313E514C28B168628218AEA3
samples\generated\aoi\aoidshape_tname_len25.L5X,C:\l5x_scratch\acd\aoidshape_tname_len25.ACD,ok,adopted-existing,A2FED6BB5CBE5701665FCD572604E66FCEF3326C2F6E2F0A0BC8D547438596BB
samples\generated\aoi\aoidshape_tname_len26.L5X,C:\l5x_scratch\acd\aoidshape_tname_len26.ACD,ok,adopted-existing,C0326D251AEC6DDBD03781F9469241629631CB8F8ABF25E27B888A0375A7AAD8
samples\generated\aoi\aoidshape_tname_len27.L5X,C:\l5x_scratch\acd\aoidshape_tname_len27.ACD,ok,adopted-existing,BC0C86C0541BBB4AD592C3EE206DE66473832B6B2844340072BFE277F6B158A0
samples\generated\aoi\aoidshape_tname_len28.L5X,C:\l5x_scratch\acd\aoidshape_tname_len28.ACD,ok,adopted-existing,93C815684814074D5B8B007DDAC05077DB6AD4E3BE136BE935E6274029190B3F
samples\generated\aoi\aoidshape_tname_len29.L5X,C:\l5x_scratch\acd\aoidshape_tname_len29.ACD,ok,adopted-existing,6F11AD4AE65AFB84630F84291745739BAF4B32A0463DFEDB242AD31286A27480
samples\generated\aoi\aoidshape_tname_len30.L5X,C:\l5x_scratch\acd\aoidshape_tname_len30.ACD,ok,adopted-existing,1BAE069D2BAFF1A89FBDF365CEF0CD50E876038E10D2BCF200FF807623A722B9
samples\generated\aoi\aoidshape_tname_len31.L5X,C:\l5x_scratch\acd\aoidshape_tname_len31.ACD,ok,adopted-existing,E9AE9595DD3C56C99544A2FA82A1B93FD3C3223ED2414374DD3C5C0BFBDD2C87
samples\generated\aoi\aoidshape_tname_len32.L5X,C:\l5x_scratch\acd\aoidshape_tname_len32.ACD,ok,adopted-existing,E3C2084025E9CD07F4BA89071206D5E65EFE9DF6B86D0EA84822FE0B90765AF5
samples\generated\aoi\aoierr_mix050.L5X,C:\l5x_scratch\acd\aoierr_mix050.ACD,ok,adopted-existing,17036B5E60546EB280FF4E077F62706E9607E63D4B2D38B0612558DAB39CA8BE
samples\generated\aoi\aoierr_mix100.L5X,C:\l5x_scratch\acd\aoierr_mix100.ACD,ok,adopted-existing,97CBACEB061BD87BC4D786DB2C3D052E739240736B3E7D29269CE4E5D7947ABC
samples\generated\aoi\aoierr_tworoutine.L5X,C:\l5x_scratch\acd\aoierr_tworoutine.ACD,ok,adopted-existing,76F81D20567D615406DB70D59E366DA5FCBDD890E51CB4BAA6328ED465A1D859
samples\generated\aoi\aoimix_t08_b00_n02.L5X,C:\l5x_scratch\acd\aoimix_t08_b00_n02.ACD,ok,adopted-existing,3D493AAD9D3FC46119DFFFC013E86466CB4C058F263D9A0570FAF12B41CEA65B
samples\generated\aoi\aoimix_t08_b00_n03.L5X,C:\l5x_scratch\acd\aoimix_t08_b00_n03.ACD,ok,adopted-existing,9E6F9CD51C8F730B787C217269B4483AA7533CDCDBE3FA424704F85091931F46
samples\generated\aoi\aoimix_t08_b04_n02.L5X,C:\l5x_scratch\acd\aoimix_t08_b04_n02.ACD,ok,adopted-existing,8718BAAA27FABF357896CBB35E88728B146DF91E8D846BCE00ADD69565CBBE5C
samples\generated\aoi\aoimix_t08_b04_n03.L5X,C:\l5x_scratch\acd\aoimix_t08_b04_n03.ACD,ok,adopted-existing,384763590E93C3EB0AE69580140D323B1E61E96973F2F5B7290197AE124EEBA5
samples\generated\aoi\aoimix_t08_b08_n02.L5X,C:\l5x_scratch\acd\aoimix_t08_b08_n02.ACD,ok,adopted-existing,FC21CF4DA12668C5A31EC2D92F104828678CD57F82D2AFE7CC76618996B1D86C
samples\generated\aoi\aoimix_t08_b08_n03.L5X,C:\l5x_scratch\acd\aoimix_t08_b08_n03.ACD,ok,adopted-existing,F59D8740BD967E09D6B0F7643D42FBEA338EC743977C529C8947DC7C8D0C328C
samples\generated\aoi\aoimix_t32_b00_n02.L5X,C:\l5x_scratch\acd\aoimix_t32_b00_n02.ACD,ok,adopted-existing,8CA936B0ECAACED7BD555FC646C2F996ED5CECBA666480DFEF2170D3EFC47C2B
samples\generated\aoi\aoimix_t32_b00_n03.L5X,C:\l5x_scratch\acd\aoimix_t32_b00_n03.ACD,ok,adopted-existing,52E3844EEC5367CAE3BA278998B768D6F31E5D1C85C3E54481F558CEA3623F7F
samples\generated\aoi\aoimix_t32_b02_n02.L5X,C:\l5x_scratch\acd\aoimix_t32_b02_n02.ACD,ok,adopted-existing,BE96D7CD03FFBA78B68DF9F88C8CD77430D97F25C69D543DBAE3695B3D4FBF0C
samples\generated\aoi\aoimix_t32_b02_n03.L5X,C:\l5x_scratch\acd\aoimix_t32_b02_n03.ACD,ok,adopted-existing,D479340E032A485837599C098767C8EB55563A5475332ABFB2613CD06264B5F0
samples\generated\aoi\aoimix_t32_b04_n02.L5X,C:\l5x_scratch\acd\aoimix_t32_b04_n02.ACD,ok,adopted-existing,C9D79776685EAC43C18DF64F95ACC37AF9D9855850CBBA742C637B6898575F0E
samples\generated\aoi\aoimix_t32_b04_n03.L5X,C:\l5x_scratch\acd\aoimix_t32_b04_n03.ACD,ok,adopted-existing,215FEF33E665F0FBF027D7F6856EEFCAC79D85E9B67D2C6F5AEBCC8033F324EF
samples\generated\aoi\aoimix_t32_b08_n02.L5X,C:\l5x_scratch\acd\aoimix_t32_b08_n02.ACD,ok,adopted-existing,A00744804466B10B90956679E511094A71393A5F4E6EB6D16A3B64D20DD393A4
samples\generated\aoi\aoimix_t32_b08_n03.L5X,C:\l5x_scratch\acd\aoimix_t32_b08_n03.ACD,ok,adopted-existing,659966E612D902903B83757CB5D1859ED914238AC11D920E25F18ABECBFB6F35
samples\generated\aoi\aoimix_t32_b12_n02.L5X,C:\l5x_scratch\acd\aoimix_t32_b12_n02.ACD,ok,adopted-existing,62AEC23DF0BAB9ACDC1880ED0523C04E5B334BDA51BEF7C124D9CF86F30BC30A
samples\generated\aoi\aoimix_t32_b12_n03.L5X,C:\l5x_scratch\acd\aoimix_t32_b12_n03.ACD,ok,adopted-existing,AADA8083B64199103467C12D5EBD6829C9B8484607A28784349881EBC374BD0C
samples\generated\aoi\aoimix_t32_b16_n02.L5X,C:\l5x_scratch\acd\aoimix_t32_b16_n02.ACD,ok,adopted-existing,E04F12DD3BB0820CCA978F41F41028804630306F0D8C528E2268855A6991B545
samples\generated\aoi\aoimix_t32_b16_n03.L5X,C:\l5x_scratch\acd\aoimix_t32_b16_n03.ACD,ok,adopted-existing,0F07A3BD3BC72DB74EE984FBB2990E4FAE9C34A50357F76D9FE34EDF148B8B17
samples\generated\aoi\aoimix_t32_b20_n02.L5X,C:\l5x_scratch\acd\aoimix_t32_b20_n02.ACD,ok,adopted-existing,F30B61322F348BAA8C7700C163097B89046FFD404B89FDBE992E154FF14FA151
samples\generated\aoi\aoimix_t32_b20_n03.L5X,C:\l5x_scratch\acd\aoimix_t32_b20_n03.ACD,ok,adopted-existing,A099EA83D91ADD6962C13C863D4809EBF674B26A358648527E557EDDFCC1C18E
samples\generated\aoi\aoimix_t32_b24_n02.L5X,C:\l5x_scratch\acd\aoimix_t32_b24_n02.ACD,ok,adopted-existing,6127FCD033E7D048B4E93620C002E799219EDB1D26CEF8245AF5C4E79DEC64ED
samples\generated\aoi\aoimix_t32_b24_n03.L5X,C:\l5x_scratch\acd\aoimix_t32_b24_n03.ACD,ok,adopted-existing,F58FFCCD71B888668BAE4D321089E98834F30817C052F12CEFB3E024C7DA6947
samples\generated\aoi\aoimix_t32_b28_n02.L5X,C:\l5x_scratch\acd\aoimix_t32_b28_n02.ACD,ok,adopted-existing,DF69EB43E4F0C66CDDF5EAD3A34F090957A32B285987EAFD3B9D3ABDDBF0FFE2
samples\generated\aoi\aoimix_t32_b28_n03.L5X,C:\l5x_scratch\acd\aoimix_t32_b28_n03.ACD,ok,adopted-existing,D964811A007EBD0F095EBD22281E2D7E250BC126F9C839E39600229B9294E061
samples\generated\aoi\aoimix_t32_b30_n02.L5X,C:\l5x_scratch\acd\aoimix_t32_b30_n02.ACD,ok,adopted-existing,E6FDA4FF3EDEB6CC5C26FA915E36272891E03928C2436F6CE1AA991F23136BC4
samples\generated\aoi\aoimix_t32_b30_n03.L5X,C:\l5x_scratch\acd\aoimix_t32_b30_n03.ACD,ok,adopted-existing,033223F66C9451CA39945220179A4396732F19A8BC937E3600A4CD4CDA8BA23D
samples\generated\aoi\aoimix_t32_b32_n02.L5X,C:\l5x_scratch\acd\aoimix_t32_b32_n02.ACD,ok,adopted-existing,6AE8252C2D985C04C583B2D1DED6FF59A29388FD3182A1E41A785C50D571EA3E
samples\generated\aoi\aoimix_t32_b32_n03.L5X,C:\l5x_scratch\acd\aoimix_t32_b32_n03.ACD,ok,adopted-existing,30C1108D5FAB26838D532825C4F3C3BF39C370047006B37AC5C7A07C31DDAF99
samples\generated\aoi\aoimix_t64_b00_n02.L5X,C:\l5x_scratch\acd\aoimix_t64_b00_n02.ACD,ok,adopted-existing,A530474A998197CC986116CCB95162E640BF8EE9FF23BF236F642C9AF68E4674
samples\generated\aoi\aoimix_t64_b00_n03.L5X,C:\l5x_scratch\acd\aoimix_t64_b00_n03.ACD,ok,adopted-existing,35E07840043364E5ACE00AAC5483ED5882C3D2361DCC53FD8ED3D22CE2C17308
samples\generated\aoi\aoimix_t64_b32_n02.L5X,C:\l5x_scratch\acd\aoimix_t64_b32_n02.ACD,ok,adopted-existing,51514D1AB1B44AB4764A7E849A68A5E3BE386294D11591D3826B39E7E53A495A
samples\generated\aoi\aoimix_t64_b32_n03.L5X,C:\l5x_scratch\acd\aoimix_t64_b32_n03.ACD,ok,adopted-existing,6ADC1FA42CD307116B0EFC22C3C7B8815567F94F7D70A18FC9881FD16B268DA1
samples\generated\aoi\aoimix_t64_b64_n02.L5X,C:\l5x_scratch\acd\aoimix_t64_b64_n02.ACD,ok,adopted-existing,C28CD7F7FA02929AE1A0E2589A1B3421C59DAE227E88AAAD1005519DC9BCAA80
samples\generated\aoi\aoimix_t64_b64_n03.L5X,C:\l5x_scratch\acd\aoimix_t64_b64_n03.ACD,ok,adopted-existing,E46ECEEC2D85C2CDB37CF9FA3A643361C387482FA0362AC31981B31E3307827B
samples\generated\aoi\aoiname_len08_def_only.L5X,C:\l5x_scratch\acd\aoiname_len08_def_only.ACD,ok,adopted-existing,7035D2CC3319E2C1ADD403903874D4797C0355E46B0DB97CFA361DC0D13E27C3
samples\generated\aoi\aoiname_len09_def_only.L5X,C:\l5x_scratch\acd\aoiname_len09_def_only.ACD,ok,adopted-existing,E8833B8D011A5E79684A57E303C0829FC4EDD523F205AEA0755F860250173D5A
samples\generated\aoi\aoiname_len13_def_only.L5X,C:\l5x_scratch\acd\aoiname_len13_def_only.ACD,ok,adopted-existing,D2C1143F94EBD6C181BB272D3824D014F03330F3FDA80965622CF617D8F76189
samples\generated\aoi\aoiname_len16_def_only.L5X,C:\l5x_scratch\acd\aoiname_len16_def_only.ACD,ok,adopted-existing,3C3E04EEB0FC8D83B5E758DE18052F4D98E72CE37E057A0731E77849B8C4B6B2
samples\generated\aoi\aoiname_len20_def_only.L5X,C:\l5x_scratch\acd\aoiname_len20_def_only.ACD,ok,adopted-existing,D89F2DF71E0372FF70FCDFEC8EB4E0CC00583836B478BCE1D47FBDDCEE7FB771
samples\generated\aoi\aoiname_len25_def_only.L5X,C:\l5x_scratch\acd\aoiname_len25_def_only.ACD,ok,adopted-existing,24EFA04DA9F6C6353B9DCFF518BB03C82561C3817E8CFE1D580EA42A448091A4
samples\generated\aoi\aoiname_len30_def_only.L5X,C:\l5x_scratch\acd\aoiname_len30_def_only.ACD,ok,adopted-existing,9794DC5657B6766A759D23E12CBC9F3ABF74585E40C7F964C4140B00DB35DC16
samples\generated\aoi\aoipack_atomic_array_n01.L5X,C:\l5x_scratch\acd\aoipack_atomic_array_n01.ACD,ok,adopted-existing,D503AC4B0B7EFCA96774DCA776B77242CE104A43888C4FDEE45E399F22B0B011
samples\generated\aoi\aoipack_atomic_array_n05.L5X,C:\l5x_scratch\acd\aoipack_atomic_array_n05.ACD,ok,adopted-existing,EEF917785B14AFFA76F37102516DB9ADEBF0E1F3550EBDE42718B5AA438A8A40
samples\generated\aoi\aoipack_atomic_array_n10.L5X,C:\l5x_scratch\acd\aoipack_atomic_array_n10.ACD,ok,adopted-existing,68F81C4DD1D46307BA9213594D9CD2E4C91BFDE936EFAE807EFE43D56487E141
samples\generated\aoi\aoipack_atomic_array_n25.L5X,C:\l5x_scratch\acd\aoipack_atomic_array_n25.ACD,ok,adopted-existing,CFE6BFAFACFFFAE25CB94FE7E408F91676DEEA563DD1BE31DBF9059FC3A32724
samples\generated\aoi\aoipack_atomic_array_n50.L5X,C:\l5x_scratch\acd\aoipack_atomic_array_n50.ACD,ok,adopted-existing,9FF1EE5DD69D0568D007C0B655F25A53CC4D7E20A385EFF16A37FF826B002416
samples\generated\aoi\aoipack_atomic_def_only.L5X,C:\l5x_scratch\acd\aoipack_atomic_def_only.ACD,ok,adopted-existing,2552CC84BB0A8B3278857986E23467156CFD2D57975455BE7FB586C661F38467
samples\generated\aoi\aoipack_bool_array_n01.L5X,C:\l5x_scratch\acd\aoipack_bool_array_n01.ACD,ok,adopted-existing,80CD7C99F6BD22DD3F39495048CFC8E9E2A73C8BEB3EBB5ABBB3F1233F02C308
samples\generated\aoi\aoipack_bool_array_n05.L5X,C:\l5x_scratch\acd\aoipack_bool_array_n05.ACD,ok,adopted-existing,421B224669A75D521D7E62178EB36D410DBF0A5310112C78E696A08C29011578
samples\generated\aoi\aoipack_bool_array_n10.L5X,C:\l5x_scratch\acd\aoipack_bool_array_n10.ACD,ok,adopted-existing,FF6886D5029ACE84ADAA7C4E93D622185A8CA95B8EBFDDBEEC430AD0AC4A536E
samples\generated\aoi\aoipack_bool_array_n25.L5X,C:\l5x_scratch\acd\aoipack_bool_array_n25.ACD,ok,adopted-existing,7A9E7F70CEBCBB3F3F7BC549FDC753AF21EA2B2D19D174AB9B874A0522DCA4F8
samples\generated\aoi\aoipack_bool_array_n50.L5X,C:\l5x_scratch\acd\aoipack_bool_array_n50.ACD,ok,adopted-existing,DB5BAE1C0EBAEE54F9148F7C685585B6EE695A6C5F997CABB7ACFA5CC3223ADE
samples\generated\aoi\aoipack_bool_boundary_n16.L5X,C:\l5x_scratch\acd\aoipack_bool_boundary_n16.ACD,ok,adopted-existing,70EE01A21BA23C3F4F4872FA3AC214EA7CFF465F9C2ADF10B1790342E2955ED3
samples\generated\aoi\aoipack_bool_boundary_n31.L5X,C:\l5x_scratch\acd\aoipack_bool_boundary_n31.ACD,ok,adopted-existing,E0D334161A5A4BBD0E9E89938DA47F3B1CEA8382AC59502B48B319F878CEE275
samples\generated\aoi\aoipack_bool_boundary_n32.L5X,C:\l5x_scratch\acd\aoipack_bool_boundary_n32.ACD,ok,adopted-existing,B9C502429000B546FA933BBF33BBA30CD0A1C564530AD2EF1A051E8FEA8CFE9E
samples\generated\aoi\aoipack_bool_boundary_n33.L5X,C:\l5x_scratch\acd\aoipack_bool_boundary_n33.ACD,ok,adopted-existing,D5DFC2554DC910A1C832F4709FE1DB503C2998B6CB80598B4A23293BA2339DA1
samples\generated\aoi\aoipack_bool_boundary_n48.L5X,C:\l5x_scratch\acd\aoipack_bool_boundary_n48.ACD,ok,adopted-existing,ED5DEEDDEB46EFCFE5C89500AE89C42C19635E23666137721EE5CC9D94BFE023
samples\generated\aoi\aoipack_bool_boundary_n64.L5X,C:\l5x_scratch\acd\aoipack_bool_boundary_n64.ACD,ok,adopted-existing,02ACC2AAD418D4ECA57B3E1D2CF30CD5F96CA93EC2E149C8A3528642525933FB
samples\generated\aoi\aoipack_bool_boundary_n65.L5X,C:\l5x_scratch\acd\aoipack_bool_boundary_n65.ACD,ok,adopted-existing,D49CB3B39A234E6C275FA96EC6D1E03D15B35F0F5CDE59A778CD74B9F58A5280
samples\generated\aoi\aoipack_bool_boundary_n96.L5X,C:\l5x_scratch\acd\aoipack_bool_boundary_n96.ACD,ok,adopted-existing,B49377BD05649E31780EDA0521B7358EA896DA798C2FFA41F6B6F1BB58FCF155
samples\generated\aoi\aoipack_bool_def_only.L5X,C:\l5x_scratch\acd\aoipack_bool_def_only.ACD,ok,adopted-existing,1A4349230A43623A999910E521B3F966BAB5C90B6AA1DB556573B0701B690B7E
samples\generated\aoi\aoipack_bool_dense_array_n16.L5X,C:\l5x_scratch\acd\aoipack_bool_dense_array_n16.ACD,ok,adopted-existing,E3BF308CDD6430004B3CED9E9856FEEBD48F111DAEBE1B819AB17C748A000364
samples\generated\aoi\aoipack_bool_dense_array_n24.L5X,C:\l5x_scratch\acd\aoipack_bool_dense_array_n24.ACD,ok,adopted-existing,A8AE4A1B4E3C62AE75B38EFA673A0A07BD35E23C7D195C4F6B71347F926A90DA
samples\generated\aoi\aoipack_bool_dense_array_n28.L5X,C:\l5x_scratch\acd\aoipack_bool_dense_array_n28.ACD,ok,adopted-existing,ECAAFD557CF43212D7738A173E5DDF6C9C25E3FC2F515790301FE2550DD06B8C
samples\generated\aoi\aoipack_bool_dense_array_n30.L5X,C:\l5x_scratch\acd\aoipack_bool_dense_array_n30.ACD,ok,adopted-existing,73EEB6350A13BF0FE74C424AC3421C0A158CD18B92C04BCDB0147F7AF116B1F3
samples\generated\aoi\aoipack_bool_dense_array_n32.L5X,C:\l5x_scratch\acd\aoipack_bool_dense_array_n32.ACD,ok,adopted-existing,AEB931358811DE64F55CC7A8F90A8D585C7029C3C60873CA0A2DC3FCF95FD56E
samples\generated\aoi\aoipack_bool_dense_array_n34.L5X,C:\l5x_scratch\acd\aoipack_bool_dense_array_n34.ACD,ok,adopted-existing,3C7E911A2046D50F24CCDD2957D0E2B230B4EF37C5271621679204417C1220C2
samples\generated\aoi\aoipack_bool_dense_array_n40.L5X,C:\l5x_scratch\acd\aoipack_bool_dense_array_n40.ACD,ok,adopted-existing,2041FC2B5D039247A58359900774F014A679D73C8A06D4DDB15F9EC0E101FC06
samples\generated\aoi\aoipack_layout_boolfirst_array_n01.L5X,C:\l5x_scratch\acd\aoipack_layout_boolfirst_array_n01.ACD,ok,adopted-existing,906AF94F61B296FB1D7E5922115D9B1D8AC96774F9CE60F35F7CBE3E921C5313
samples\generated\aoi\aoipack_layout_boolfirst_array_n25.L5X,C:\l5x_scratch\acd\aoipack_layout_boolfirst_array_n25.ACD,ok,adopted-existing,294927F2CDA1941DEAE6EF940D3A15AF86F5B5F1CDB237DA126B0C07DC1EDB06
samples\generated\aoi\aoipack_layout_boollast_array_n01.L5X,C:\l5x_scratch\acd\aoipack_layout_boollast_array_n01.ACD,ok,adopted-existing,9CB99BD4DB62FB4BB013CE6C7DAD8B9E18AC258DD11B91F24567BD8171A68DE2
samples\generated\aoi\aoipack_layout_boollast_array_n25.L5X,C:\l5x_scratch\acd\aoipack_layout_boollast_array_n25.ACD,ok,adopted-existing,71E514C6FCC86A9040E8C31F8DA7095D336C7BBBA8CB561A0A1948E48737E051
samples\generated\aoi\aoipack_layout_interspersed_array_n01.L5X,C:\l5x_scratch\acd\aoipack_layout_interspersed_array_n01.ACD,ok,adopted-existing,9B31E4A8A91B3DC5BB47BC9A4C70DC22624A051ABB31B9CDE475935E9ACC15B4
samples\generated\aoi\aoipack_layout_interspersed_array_n25.L5X,C:\l5x_scratch\acd\aoipack_layout_interspersed_array_n25.ACD,ok,adopted-existing,4AD5FD86175707DD1077DE3FC10B6FF2FC596FD2A007977E06CE40F08D9FC946
samples\generated\aoi\aoipack_mc10_b00_array_n01.L5X,C:\l5x_scratch\acd\aoipack_mc10_b00_array_n01.ACD,ok,adopted-existing,9EFBDA20C0D95DF8F296482CFE364279CC6FAD9BD71D70BE955EFF34D3ACF574
samples\generated\aoi\aoipack_mc10_b00_array_n10.L5X,C:\l5x_scratch\acd\aoipack_mc10_b00_array_n10.ACD,ok,adopted-existing,A58FDF681F93B4DE0EC602E39CE929BD5171DDC96CE264EB3505268FEF670966
samples\generated\aoi\aoipack_mc10_b00_array_n25.L5X,C:\l5x_scratch\acd\aoipack_mc10_b00_array_n25.ACD,ok,adopted-existing,D9291CB97C0353B1D06C34B450904A4C4F33E625294F8EF57BD768BF64C8B1AF
samples\generated\aoi\aoipack_mc10_b01_array_n01.L5X,C:\l5x_scratch\acd\aoipack_mc10_b01_array_n01.ACD,ok,adopted-existing,74590C7B08492E9F8E87F3CBC1CCB771F9A2293898F8E026B11210B244B40D06
samples\generated\aoi\aoipack_mc10_b01_array_n10.L5X,C:\l5x_scratch\acd\aoipack_mc10_b01_array_n10.ACD,ok,adopted-existing,2B7D20B3C8F0697637B8000CC373CB03A043A78C41019A4E39A879E2298DA999
samples\generated\aoi\aoipack_mc10_b01_array_n25.L5X,C:\l5x_scratch\acd\aoipack_mc10_b01_array_n25.ACD,ok,adopted-existing,413C22D0E07959D24408B490AC1A0E82D0759060CC042AF05517CDB219741EEF
samples\generated\aoi\aoipack_mc10_b05_array_n01.L5X,C:\l5x_scratch\acd\aoipack_mc10_b05_array_n01.ACD,ok,adopted-existing,0AFC71159389DB10788D9B9D1E3D741E2DD9060F428C1878A247D3E68057F9F1
samples\generated\aoi\aoipack_mc10_b05_array_n10.L5X,C:\l5x_scratch\acd\aoipack_mc10_b05_array_n10.ACD,ok,adopted-existing,2D567F87AD50FCC9756004DE9C0BA1524E696EE9BBEC97C4AADB072A065F80C9
samples\generated\aoi\aoipack_mc10_b05_array_n25.L5X,C:\l5x_scratch\acd\aoipack_mc10_b05_array_n25.ACD,ok,adopted-existing,FAC6E145EA2BDEF4EAE26B220AE2EF6D7D41C02066D9451E6A57915101C649D1
samples\generated\aoi\aoipack_mc10_b09_array_n01.L5X,C:\l5x_scratch\acd\aoipack_mc10_b09_array_n01.ACD,ok,adopted-existing,395E7BE490B9E017C8D3EF5C79DB29869BA10B9EE549A74552820325ADEEB091
samples\generated\aoi\aoipack_mc10_b09_array_n10.L5X,C:\l5x_scratch\acd\aoipack_mc10_b09_array_n10.ACD,ok,adopted-existing,D70A88BFAE1CFC756CE34ACBEBB125124D8913DC6A9B2FF4ADC6A72C244A8707
samples\generated\aoi\aoipack_mc10_b09_array_n25.L5X,C:\l5x_scratch\acd\aoipack_mc10_b09_array_n25.ACD,ok,adopted-existing,C2FADA96D893E603DFF4DBA3D8EDC1199F3E1C5068B5D2879A4154403E4E14A5
samples\generated\aoi\aoipack_mc10_b10_array_n01.L5X,C:\l5x_scratch\acd\aoipack_mc10_b10_array_n01.ACD,ok,adopted-existing,1630DD02267EA755DC5E75C1898900B511CC2E01C4FD686B1E119E4FA7A5108D
samples\generated\aoi\aoipack_mc10_b10_array_n10.L5X,C:\l5x_scratch\acd\aoipack_mc10_b10_array_n10.ACD,ok,adopted-existing,BDFD975FB766C41EB02038BFAB38ADD2E720C920A3D1828DD1B0B54FDB0ECC9C
samples\generated\aoi\aoipack_mc10_b10_array_n25.L5X,C:\l5x_scratch\acd\aoipack_mc10_b10_array_n25.ACD,ok,adopted-existing,8A802126C5A802DC46AE997D95A3BB1816579C0D735ECB1B447205271A9CD31E
samples\generated\aoi\aoipack_mc20_b00_array_n01.L5X,C:\l5x_scratch\acd\aoipack_mc20_b00_array_n01.ACD,ok,adopted-existing,58513080F7281C17F7269F5572C79F5616DA3D1A81A063CDFD1AB1E6EEAF92E5
samples\generated\aoi\aoipack_mc20_b00_array_n10.L5X,C:\l5x_scratch\acd\aoipack_mc20_b00_array_n10.ACD,ok,adopted-existing,7DD811F481A813202F1B703948D3CE5BFA62F1CB6A72EE110C9E831BAD630594
samples\generated\aoi\aoipack_mc20_b00_array_n25.L5X,C:\l5x_scratch\acd\aoipack_mc20_b00_array_n25.ACD,ok,adopted-existing,454F01E41DF80E8996D949DF1DF2E0DE931F8E093D474F911175A1C937C62BAA
samples\generated\aoi\aoipack_mc20_b02_array_n01.L5X,C:\l5x_scratch\acd\aoipack_mc20_b02_array_n01.ACD,ok,adopted-existing,8356259B895109619FB77DC33366E4873E5873481BA876BE9EA019358A446616
samples\generated\aoi\aoipack_mc20_b02_array_n10.L5X,C:\l5x_scratch\acd\aoipack_mc20_b02_array_n10.ACD,ok,adopted-existing,22047E70216E0E697ACB8465D367B6A8F901682E0FC899B032B5C2C8AC3FF8ED
samples\generated\aoi\aoipack_mc20_b02_array_n25.L5X,C:\l5x_scratch\acd\aoipack_mc20_b02_array_n25.ACD,ok,adopted-existing,1ECD44651469E7BCAD1F06E665B55E2BBDA03D7155222670FB06C233CB79CB7F
samples\generated\aoi\aoipack_mc20_b10_array_n01.L5X,C:\l5x_scratch\acd\aoipack_mc20_b10_array_n01.ACD,ok,adopted-existing,0663107C1E4956E4863C332C8AADD7C3110AB1D7FA9AAAFCAB4B39E497B351A1
samples\generated\aoi\aoipack_mc20_b10_array_n10.L5X,C:\l5x_scratch\acd\aoipack_mc20_b10_array_n10.ACD,ok,adopted-existing,37917F1DB039A2983A94F7E74F81AA45A129DCB0C3BFADE7D1C26E6929E61D59
samples\generated\aoi\aoipack_mc20_b10_array_n25.L5X,C:\l5x_scratch\acd\aoipack_mc20_b10_array_n25.ACD,ok,adopted-existing,7E32D0205F52BC5B6D0378F8317C453921D6B7C7E0FD008D7EA376B8B059E1CF
samples\generated\aoi\aoipack_mc20_b18_array_n01.L5X,C:\l5x_scratch\acd\aoipack_mc20_b18_array_n01.ACD,ok,adopted-existing,8A18EB536BC66AD392EAEE27CA82844D2002EEEB3B628A964662B98FBB88F039
samples\generated\aoi\aoipack_mc20_b18_array_n10.L5X,C:\l5x_scratch\acd\aoipack_mc20_b18_array_n10.ACD,ok,adopted-existing,C6F718E3D8DD8AA0CBC27E389B49C8EDB780EA0490E8259CAD40F249BA1EA9B5
samples\generated\aoi\aoipack_mc20_b18_array_n25.L5X,C:\l5x_scratch\acd\aoipack_mc20_b18_array_n25.ACD,ok,adopted-existing,7B4D064E15A00DED5559129C0CE5BF500E843A2D7F02580B5B5D7E548C012716
samples\generated\aoi\aoipack_mc20_b20_array_n01.L5X,C:\l5x_scratch\acd\aoipack_mc20_b20_array_n01.ACD,ok,adopted-existing,65FE8418028CC76A2E7BAF4382C88024A5DC7A281B0D99ECCCA21EAE5D614118
samples\generated\aoi\aoipack_mc20_b20_array_n10.L5X,C:\l5x_scratch\acd\aoipack_mc20_b20_array_n10.ACD,ok,adopted-existing,C883FBDE7983A0838A03586CB5DB8B94D3DE8848E1F737CF6FA8289BD2B57F7D
samples\generated\aoi\aoipack_mc20_b20_array_n25.L5X,C:\l5x_scratch\acd\aoipack_mc20_b20_array_n25.ACD,ok,adopted-existing,7D2E388B57370A06C008658A845D7766AF02288D3722D81070ACD206302EB0DD
samples\generated\aoi\aoipack_mc60_b00_array_n01.L5X,C:\l5x_scratch\acd\aoipack_mc60_b00_array_n01.ACD,ok,adopted-existing,C678C5752E4050E4C0B1002B848C020A050394B6CA0992C9B542842BB78C56F5
samples\generated\aoi\aoipack_mc60_b00_array_n10.L5X,C:\l5x_scratch\acd\aoipack_mc60_b00_array_n10.ACD,ok,adopted-existing,39CEBF60CCA9B6F5DA1EF91AB8775E7B480A3C2B5DB49E9B715003C8DBD178E3
samples\generated\aoi\aoipack_mc60_b00_array_n25.L5X,C:\l5x_scratch\acd\aoipack_mc60_b00_array_n25.ACD,ok,adopted-existing,2B998D6413B53EED67E44B2B68AEA4D28070B49CD27F98042CF4575AA1B67CD5
samples\generated\aoi\aoipack_mc60_b06_array_n01.L5X,C:\l5x_scratch\acd\aoipack_mc60_b06_array_n01.ACD,ok,adopted-existing,512860A0E842AA529DFBF424FDFA16480B80151C66223A8B600A8BE886C0D2AD
samples\generated\aoi\aoipack_mc60_b06_array_n10.L5X,C:\l5x_scratch\acd\aoipack_mc60_b06_array_n10.ACD,ok,adopted-existing,46C7C513390CE30AC3CF88D44AACFA2C35516DFB076AC60B5220CB2B9C63A544
samples\generated\aoi\aoipack_mc60_b06_array_n25.L5X,C:\l5x_scratch\acd\aoipack_mc60_b06_array_n25.ACD,ok,adopted-existing,AEA2E73EB4CE7E616DF8A3963FD4DAA6B417C881CAB462C96342C31900C78A7A
samples\generated\aoi\aoipack_mc60_b30_array_n01.L5X,C:\l5x_scratch\acd\aoipack_mc60_b30_array_n01.ACD,ok,adopted-existing,F6E54BC3DF8B6AE9104057DD5032BF7BB3C6EA0C4AA6AF577C8811E7AFAF15AB
samples\generated\aoi\aoipack_mc60_b30_array_n10.L5X,C:\l5x_scratch\acd\aoipack_mc60_b30_array_n10.ACD,ok,adopted-existing,266F3674A09EF23EA37A316BE6A2516095AB247C85F7D9C98C3ACB483CA839D4
samples\generated\aoi\aoipack_mc60_b30_array_n25.L5X,C:\l5x_scratch\acd\aoipack_mc60_b30_array_n25.ACD,ok,adopted-existing,8D784EA5F28AF9F9223DC0617657778891A35137DC0E2C137E0C80292D92EA94
samples\generated\aoi\aoipack_mc60_b54_array_n01.L5X,C:\l5x_scratch\acd\aoipack_mc60_b54_array_n01.ACD,ok,adopted-existing,76EC09869123050ACDDFCD275CCCC4B09003614BF7DE65A531FCE9F54397108E
samples\generated\aoi\aoipack_mc60_b54_array_n10.L5X,C:\l5x_scratch\acd\aoipack_mc60_b54_array_n10.ACD,ok,adopted-existing,C9AD315DCBE199FAFA476539C0A90CC10E8C1A6A473325E03EC3A3DD52E06D92
samples\generated\aoi\aoipack_mc60_b54_array_n25.L5X,C:\l5x_scratch\acd\aoipack_mc60_b54_array_n25.ACD,ok,adopted-existing,6CC04CE2168BACAE9DF197E859CB25609FEF7EC944F47AF9116F167A8D434DD2
samples\generated\aoi\aoipack_mc60_b60_array_n01.L5X,C:\l5x_scratch\acd\aoipack_mc60_b60_array_n01.ACD,ok,adopted-existing,B3DC487997F4B57F20DC907F3F779F7050241147DB74DC0F91F631B580559514
samples\generated\aoi\aoipack_mc60_b60_array_n10.L5X,C:\l5x_scratch\acd\aoipack_mc60_b60_array_n10.ACD,ok,adopted-existing,161EF96D5D533E7DFDE675C2B811F8BFB8E01C1D141E66CB3009469163F07E9F
samples\generated\aoi\aoipack_mc60_b60_array_n25.L5X,C:\l5x_scratch\acd\aoipack_mc60_b60_array_n25.ACD,ok,adopted-existing,0B262D7AFE5B5383FA4BED94CFAF833D62F24EB9B8A6A6A61D1054F37AE79689
samples\generated\aoi\aoipack_mix25_75_array_n01.L5X,C:\l5x_scratch\acd\aoipack_mix25_75_array_n01.ACD,ok,adopted-existing,02753192FEA4347891E247121835BB84B67FF5738CF4FBFDEC79796EA6C16DF9
samples\generated\aoi\aoipack_mix25_75_array_n05.L5X,C:\l5x_scratch\acd\aoipack_mix25_75_array_n05.ACD,ok,adopted-existing,37D2A7AE0CE206F064F4A7E7199FD2AC84243ED07839B7AF250D6810DD3BEF0E
samples\generated\aoi\aoipack_mix25_75_array_n10.L5X,C:\l5x_scratch\acd\aoipack_mix25_75_array_n10.ACD,ok,adopted-existing,778009DDAEF624FBAF698B76801FFC5CA795CD9798F26D2E065599634D3418C1
samples\generated\aoi\aoipack_mix25_75_array_n25.L5X,C:\l5x_scratch\acd\aoipack_mix25_75_array_n25.ACD,ok,adopted-existing,964A531B6DF07A51A23AEA01F45A37382E7EC9ADDAE696A08F50C9DD88D37117
samples\generated\aoi\aoipack_mix25_75_array_n50.L5X,C:\l5x_scratch\acd\aoipack_mix25_75_array_n50.ACD,ok,adopted-existing,D7AF98AF360FA8AC470F7EE5E4209D63C9DB373FC633DEBF6930073C67EFC97D
samples\generated\aoi\aoipack_mix25_75_def_only.L5X,C:\l5x_scratch\acd\aoipack_mix25_75_def_only.ACD,ok,adopted-existing,55BF9AAA927EEFBE77E2E50EF80C980E2C24D7D172611460AC75AA227E1C0AA9
samples\generated\aoi\aoipack_mix75_25_array_n01.L5X,C:\l5x_scratch\acd\aoipack_mix75_25_array_n01.ACD,ok,adopted-existing,CC89906541DCA4AA8B5DFA1E5C4F1CB505ABC160A0858C36ECC86754E4AEE1D2
samples\generated\aoi\aoipack_mix75_25_array_n05.L5X,C:\l5x_scratch\acd\aoipack_mix75_25_array_n05.ACD,ok,adopted-existing,E6180E59676984D043D6930EFD80220B892A42E8ACA41D24AA94796EDFC626FD
samples\generated\aoi\aoipack_mix75_25_array_n10.L5X,C:\l5x_scratch\acd\aoipack_mix75_25_array_n10.ACD,ok,adopted-existing,F7334D01C9C47E925B9D6B08641CECBF4FA7FD4BAC82F5805A017BC40F9059AF
samples\generated\aoi\aoipack_mix75_25_array_n25.L5X,C:\l5x_scratch\acd\aoipack_mix75_25_array_n25.ACD,ok,adopted-existing,9A8C952271C27FE21C25DCE87B3E1C8A147EE7C84890F31E56648819742E959E
samples\generated\aoi\aoipack_mix75_25_array_n50.L5X,C:\l5x_scratch\acd\aoipack_mix75_25_array_n50.ACD,ok,adopted-existing,A894F7D48AF45E5410FA8A87146587E7B1A07D2054CA256C37A4EAE4219AF575
samples\generated\aoi\aoipack_mix75_25_def_only.L5X,C:\l5x_scratch\acd\aoipack_mix75_25_def_only.ACD,ok,adopted-existing,F0D34F707C197A9663CE891975357701CA29DA183D4E774CA41A409B9D029305
samples\generated\aoi\aoipack_mixed_array_n01.L5X,C:\l5x_scratch\acd\aoipack_mixed_array_n01.ACD,ok,adopted-existing,02CAAC3A4B5DE1D6C70C27220F69A4DA7E28119263804A33201CAFAE0398FB6B
samples\generated\aoi\aoipack_mixed_array_n05.L5X,C:\l5x_scratch\acd\aoipack_mixed_array_n05.ACD,ok,adopted-existing,1AB1716D9F80D150566CB636DB168CED8A81E582785FF35C0A23C9DDF2D33A8D
samples\generated\aoi\aoipack_mixed_array_n10.L5X,C:\l5x_scratch\acd\aoipack_mixed_array_n10.ACD,ok,adopted-existing,A0A1AAC434B0B7C848C406BA7B3496C1E7F444AA7B1F2C6C5D7802771FA6BEF7
samples\generated\aoi\aoipack_mixed_array_n25.L5X,C:\l5x_scratch\acd\aoipack_mixed_array_n25.ACD,ok,adopted-existing,33D7AE10AA612744090EB384E21426583A60E6CBCB244943C63DFE6A990713AA
samples\generated\aoi\aoipack_mixed_array_n50.L5X,C:\l5x_scratch\acd\aoipack_mixed_array_n50.ACD,ok,adopted-existing,B1F00318A675B578F4BA15C1B8D0792DBA81E3B3B26E4BB1EC8CFD2D5201F998
samples\generated\aoi\aoipack_mixed_def_only.L5X,C:\l5x_scratch\acd\aoipack_mixed_def_only.ACD,ok,adopted-existing,53A7CDEA3474283D268D07356E7F3BA64F33F0451A7EC2C825C7148D9EF6A684
samples\generated\aoi\aoipack_nonatomic_real_10b20a_array_n01.L5X,C:\l5x_scratch\acd\aoipack_nonatomic_real_10b20a_array_n01.ACD,ok,adopted-existing,CC7863BDD951B2291E4FD9BF8C7FFD3D827E1BA37747402C30D2BDC3D5953476
samples\generated\aoi\aoipack_nonatomic_real_10b20a_array_n25.L5X,C:\l5x_scratch\acd\aoipack_nonatomic_real_10b20a_array_n25.ACD,ok,adopted-existing,CB4CD4E52C3E6B4AD5601FCBA99275F788A2A1D89DBDB1E8C7A49BDEF6F40554
samples\generated\aoi\aoipack_nonatomic_real_20b10a_array_n01.L5X,C:\l5x_scratch\acd\aoipack_nonatomic_real_20b10a_array_n01.ACD,ok,adopted-existing,E8E9E9CBAFC121899A04F60CBC88651A50A0ABC8C6E836D9A49070665850AE0B
samples\generated\aoi\aoipack_nonatomic_real_20b10a_array_n25.L5X,C:\l5x_scratch\acd\aoipack_nonatomic_real_20b10a_array_n25.ACD,ok,adopted-existing,71B8446D0E7B621637ADB2E0A6547C5422DEA8A74CD62616E379A6D73FB438AA
samples\generated\aoi\aoipack_nonatomic_sint_10b20a_array_n01.L5X,C:\l5x_scratch\acd\aoipack_nonatomic_sint_10b20a_array_n01.ACD,ok,adopted-existing,C6AEA8DD169ED9076BDBCA2DA66BA659AB0D06B04F9245A01D798B57A3CBCD84
samples\generated\aoi\aoipack_nonatomic_sint_10b20a_array_n25.L5X,C:\l5x_scratch\acd\aoipack_nonatomic_sint_10b20a_array_n25.ACD,ok,adopted-existing,1FBC00A4DF4B6792C30C56A114C1854DF75649BC8D128A425B16352763661556
samples\generated\aoi\aoipack_nonatomic_sint_20b10a_array_n01.L5X,C:\l5x_scratch\acd\aoipack_nonatomic_sint_20b10a_array_n01.ACD,ok,adopted-existing,240C5A711CB41FAA4B5B3969B7BFC5E8E197CD8582A875DC4D8A9FD67BD20DA2
samples\generated\aoi\aoipack_nonatomic_sint_20b10a_array_n25.L5X,C:\l5x_scratch\acd\aoipack_nonatomic_sint_20b10a_array_n25.ACD,ok,adopted-existing,28F976754DFACA713EF0C247FBA43D2C8F4EA45F77649E1446BE8B63104F1707
samples\generated\aoi\aoipack_ratio_01b29a_array_n01.L5X,C:\l5x_scratch\acd\aoipack_ratio_01b29a_array_n01.ACD,ok,adopted-existing,A72726244EDF70D84F47526DA7DAF304A81341D20BEB9953E7476CF3BEACFE80
samples\generated\aoi\aoipack_ratio_01b29a_array_n10.L5X,C:\l5x_scratch\acd\aoipack_ratio_01b29a_array_n10.ACD,ok,adopted-existing,D6412727762ED769334BEC5B10F4399284CB80132C2794724190785985313987
samples\generated\aoi\aoipack_ratio_01b29a_array_n25.L5X,C:\l5x_scratch\acd\aoipack_ratio_01b29a_array_n25.ACD,ok,adopted-existing,11B50E8A5EDE8DCBF18380DA6948A8D87758F0A72A7DDE73BE59B4872E08EADA
samples\generated\aoi\aoipack_ratio_01b29a_array_n50.L5X,C:\l5x_scratch\acd\aoipack_ratio_01b29a_array_n50.ACD,ok,adopted-existing,8C01E713DD4FC96156CBD39359B2440D5BB3685EF2276B4168828DB0A1543E8B
samples\generated\aoi\aoipack_ratio_05b25a_array_n01.L5X,C:\l5x_scratch\acd\aoipack_ratio_05b25a_array_n01.ACD,ok,adopted-existing,CB26D5B3233BF90EFB67C66042BABBEC14331D4056F9AFAC028464D8FD050887
samples\generated\aoi\aoipack_ratio_05b25a_array_n10.L5X,C:\l5x_scratch\acd\aoipack_ratio_05b25a_array_n10.ACD,ok,adopted-existing,FBDC60FB21A571B919D1F2E6247F90597B64A5C0AD352F544E6865FF20AAF2F0
samples\generated\aoi\aoipack_ratio_05b25a_array_n25.L5X,C:\l5x_scratch\acd\aoipack_ratio_05b25a_array_n25.ACD,ok,adopted-existing,CEC5D701C7B2C27421B81D706F460E9BA5315DF2FA49E7D10B92878CD8CEB60B
samples\generated\aoi\aoipack_ratio_05b25a_array_n50.L5X,C:\l5x_scratch\acd\aoipack_ratio_05b25a_array_n50.ACD,ok,adopted-existing,3BA45CD8CF80BE8A632F2094017B58F9D48D730DC483C92538B0462EACE18278
samples\generated\aoi\aoipack_ratio_10b20a_array_n01.L5X,C:\l5x_scratch\acd\aoipack_ratio_10b20a_array_n01.ACD,ok,adopted-existing,A26834AFD7ED44F03B65AD2B76799361473E83AF2835D4D377A7A226ED12BC6A
samples\generated\aoi\aoipack_ratio_10b20a_array_n10.L5X,C:\l5x_scratch\acd\aoipack_ratio_10b20a_array_n10.ACD,ok,adopted-existing,CBAC6CB3B4F10A39E3A69CEC771F544B9524F35D5D96DDEF5AC82973753B4E8C
samples\generated\aoi\aoipack_ratio_10b20a_array_n25.L5X,C:\l5x_scratch\acd\aoipack_ratio_10b20a_array_n25.ACD,ok,adopted-existing,29D3174139A73AB8B8C7D047A0C42373D417D78958068A2979096DB74E73935F
samples\generated\aoi\aoipack_ratio_10b20a_array_n50.L5X,C:\l5x_scratch\acd\aoipack_ratio_10b20a_array_n50.ACD,ok,adopted-existing,1DD1F934CDA639CC9C623256BD4CE36D537FBD5B1FA8009A6C4CAAC7797A6E8B
samples\generated\aoi\aoipack_ratio_20b10a_array_n01.L5X,C:\l5x_scratch\acd\aoipack_ratio_20b10a_array_n01.ACD,ok,adopted-existing,FCDD908B6FF99C14ACF6705C3FB4DE7FCAE50181999ED74F604AABCAC845452B
samples\generated\aoi\aoipack_ratio_20b10a_array_n10.L5X,C:\l5x_scratch\acd\aoipack_ratio_20b10a_array_n10.ACD,ok,adopted-existing,49031E50B6D2FAC5656500A2D43AA6FCA03C38682D221CD79464F4882450C19D
samples\generated\aoi\aoipack_ratio_20b10a_array_n25.L5X,C:\l5x_scratch\acd\aoipack_ratio_20b10a_array_n25.ACD,ok,adopted-existing,3847461DF57615163E0C2DD393A3A44C6B4CA6C821ADD0898AB0B0808CCB3306
samples\generated\aoi\aoipack_ratio_20b10a_array_n50.L5X,C:\l5x_scratch\acd\aoipack_ratio_20b10a_array_n50.ACD,ok,adopted-existing,29D7AD7E69470D947D1BFBF471941B57CCE703A4D1E78E59DD2208198160DAEC
samples\generated\aoi\aoipack_ratio_25b05a_array_n01.L5X,C:\l5x_scratch\acd\aoipack_ratio_25b05a_array_n01.ACD,ok,adopted-existing,F93A4D6902D6DC2290BFF8240B1A3BB53DB5637A2CAE2658874AF941898CE47D
samples\generated\aoi\aoipack_ratio_25b05a_array_n10.L5X,C:\l5x_scratch\acd\aoipack_ratio_25b05a_array_n10.ACD,ok,adopted-existing,437A85E14808FFE062EAC64684C321DAE56F1ED2D477A826A24B2EA93F53596F
samples\generated\aoi\aoipack_ratio_25b05a_array_n25.L5X,C:\l5x_scratch\acd\aoipack_ratio_25b05a_array_n25.ACD,ok,adopted-existing,9CC3185835AD2CEF2A097A5982CE458A07323D96EA58A124FACB82B1CF0EA378
samples\generated\aoi\aoipack_ratio_25b05a_array_n50.L5X,C:\l5x_scratch\acd\aoipack_ratio_25b05a_array_n50.ACD,ok,adopted-existing,D7DFF04F596FC91B0C893DFB0E0B96FDBFAC3D5D92C0644A4DF47F71B4571094
samples\generated\aoi\aoipack_ratio_29b01a_array_n01.L5X,C:\l5x_scratch\acd\aoipack_ratio_29b01a_array_n01.ACD,ok,adopted-existing,B43D4C72406A2F1ABD8488DD9247957AEB81B553EDC0D845977ACB7FCE781688
samples\generated\aoi\aoipack_ratio_29b01a_array_n10.L5X,C:\l5x_scratch\acd\aoipack_ratio_29b01a_array_n10.ACD,ok,adopted-existing,CE43AA3890E84ED9236A3534292D3D9FFFFF6BA8B79C3D765D2FB9ABA17F934A
samples\generated\aoi\aoipack_ratio_29b01a_array_n25.L5X,C:\l5x_scratch\acd\aoipack_ratio_29b01a_array_n25.ACD,ok,adopted-existing,FE09DD4482270F87B297AA81D6F6868726D24A2B61E20B93A2758FD61FA320A0
samples\generated\aoi\aoipack_ratio_29b01a_array_n50.L5X,C:\l5x_scratch\acd\aoipack_ratio_29b01a_array_n50.ACD,ok,adopted-existing,AD4A559E9D31ED537B8C9D61174740EBE036289B1EAF8684A571F0DB0A0198B4
samples\generated\aoi\aoishape_add_n01.L5X,C:\l5x_scratch\acd\aoishape_add_n01.ACD,ok,adopted-existing,A3AD4E07F2A419042AC84BF34FE9F0B92A4E5C8AB7586BB89B4785E80C3E9CBB
samples\generated\aoi\aoishape_add_n05.L5X,C:\l5x_scratch\acd\aoishape_add_n05.ACD,ok,adopted-existing,24ED16B6FDA05E6570EEE4255F1B877B61C9F9DF8C1634C0F961B1232E813AAA
samples\generated\aoi\aoishape_add_n10.L5X,C:\l5x_scratch\acd\aoishape_add_n10.ACD,ok,adopted-existing,9B9DD7ABC24AF6CB4C178F63A42A79141250DF17846A2B58D94EFFBF64B6D9BC
samples\generated\aoi\aoishape_clr_n01.L5X,C:\l5x_scratch\acd\aoishape_clr_n01.ACD,ok,adopted-existing,CD0FC2DEEC68D36C6C5B441FE6B4A2F80AAE1F42E43D3560B4816AC3785681B0
samples\generated\aoi\aoishape_clr_n05.L5X,C:\l5x_scratch\acd\aoishape_clr_n05.ACD,ok,adopted-existing,D3A16D90EA1C43104A12D18B3A141E9A4105D65F45A0800BF5A044A04E227570
samples\generated\aoi\aoishape_clr_n10.L5X,C:\l5x_scratch\acd\aoishape_clr_n10.ACD,ok,adopted-existing,05E0CAFCD04736A5C46D4DA2394E366F44CE94F6C8224414556B82FCC75348FE
samples\generated\aoi\aoishape_control_empty.L5X,C:\l5x_scratch\acd\aoishape_control_empty.ACD,ok,adopted-existing,FBAC7E8BF168903B25970C3FFE88FA1AE80C24C93DABCE628352DAE5AF0DEC1D
samples\generated\aoi\aoishape_control_mix13.L5X,C:\l5x_scratch\acd\aoishape_control_mix13.ACD,ok,adopted-existing,B4EC9BD66E0F78C8C79431C979265DD277FA1546E69F177253A6D80509DEA9EA
samples\generated\aoi\aoishape_equote_n01.L5X,C:\l5x_scratch\acd\aoishape_equote_n01.ACD,ok,adopted-existing,B6A1CC9EDF8E838E342CE59DE121AEE8F67716753E935A56AB7E10B72EBCB245
samples\generated\aoi\aoishape_equote_n05.L5X,C:\l5x_scratch\acd\aoishape_equote_n05.ACD,ok,adopted-existing,E269C01B4BEAC51BCF1909D889DEF0C9F244A2DC25499205E0696E1027DB5F51
samples\generated\aoi\aoishape_equote_n10.L5X,C:\l5x_scratch\acd\aoishape_equote_n10.ACD,ok,adopted-existing,7DFAA24FDA02D428CE0EA13FA235A4DD4BD3BBF483F4EFCC0F13590BF1348162
samples\generated\aoi\aoishape_mov_n01.L5X,C:\l5x_scratch\acd\aoishape_mov_n01.ACD,ok,adopted-existing,9C90E2BA6DFDB2663A5BC089B1A00D6885F051CE7CDA924BF0DF52A6D9E9CBBC
samples\generated\aoi\aoishape_mov_n05.L5X,C:\l5x_scratch\acd\aoishape_mov_n05.ACD,ok,adopted-existing,F70F26E31E72CD94B7D314B0DC82FA3D5AD1F020C64D92D049189867AD9DFE9E
samples\generated\aoi\aoishape_mov_n10.L5X,C:\l5x_scratch\acd\aoishape_mov_n10.ACD,ok,adopted-existing,2608CA4BE89D3FDB31063742D8C9076C911C31528455972311DF63BBD1114B60
samples\generated\aoi\aoishape_xicote_n01.L5X,C:\l5x_scratch\acd\aoishape_xicote_n01.ACD,ok,adopted-existing,6147B4ABD0F573469D19E7C0815B509D5D085211A04F1AD8FBBF1C958CAE4110
samples\generated\aoi\aoishape_xicote_n05.L5X,C:\l5x_scratch\acd\aoishape_xicote_n05.ACD,ok,adopted-existing,91E96F061BA8315588F35C532EA57C36D8E70FD6543EE1F57C9FA53D792158BC
samples\generated\aoi\aoishape_xicote_n10.L5X,C:\l5x_scratch\acd\aoishape_xicote_n10.ACD,ok,adopted-existing,6FD4D11D70A65A9C141FDBE6DAD3DD2598C2F885ADB1569B1308897C2454F976
samples\generated\aoi\aoi_arraylocal_dim_n00010_1_instance.L5X,C:\l5x_scratch\acd\aoi_arraylocal_dim_n00010_1_instance.ACD,ok,adopted-existing,42E8B8C704550A54F00AD7F1D99F10963BE0BF3D1EAA885071393FE272C193C4
samples\generated\aoi\aoi_arraylocal_dim_n00010_def_only.L5X,C:\l5x_scratch\acd\aoi_arraylocal_dim_n00010_def_only.ACD,ok,adopted-existing,A5BAA3A1CC45880A7439DBBB33C9E6956C9190DBCE1DAD3F12097741459E6105
samples\generated\aoi\aoi_arraylocal_dim_n00025_1_instance.L5X,C:\l5x_scratch\acd\aoi_arraylocal_dim_n00025_1_instance.ACD,ok,adopted-existing,DFF5BF3D1ADDC828DF9D24B891FD9205A61E276830C4F807EA6CB4A30CE675EA
samples\generated\aoi\aoi_arraylocal_dim_n00025_def_only.L5X,C:\l5x_scratch\acd\aoi_arraylocal_dim_n00025_def_only.ACD,ok,adopted-existing,33C52AA906AD287F67466C3A3705D44D56D799E847C9716614551E59D7A08E7A
samples\generated\aoi\aoi_arraylocal_dim_n00050_1_instance.L5X,C:\l5x_scratch\acd\aoi_arraylocal_dim_n00050_1_instance.ACD,ok,adopted-existing,AD3AACA943CF13151942C09123E953E507ED9D89015267B0267B79D172F23581
samples\generated\aoi\aoi_arraylocal_dim_n00050_def_only.L5X,C:\l5x_scratch\acd\aoi_arraylocal_dim_n00050_def_only.ACD,ok,adopted-existing,8BF83C60491B58FBC672DBD56176AB0D61D143714E981991DD0D8C4F8188DD10
samples\generated\aoi\aoi_arraylocal_dim_n00100_1_instance.L5X,C:\l5x_scratch\acd\aoi_arraylocal_dim_n00100_1_instance.ACD,ok,adopted-existing,A2F66603C643B97CE4C5D43D14A33330582464969A12F260366D4614272DB9B6
samples\generated\aoi\aoi_arraylocal_dim_n00100_def_only.L5X,C:\l5x_scratch\acd\aoi_arraylocal_dim_n00100_def_only.ACD,ok,adopted-existing,2CB88C19148B0BA5FE26A339EC41A9D05B9E54723DD38CD17823259341933B19
samples\generated\aoi\aoi_arraylocal_dim_n00250_1_instance.L5X,C:\l5x_scratch\acd\aoi_arraylocal_dim_n00250_1_instance.ACD,ok,adopted-existing,2BB7914EB30D6E9FB38A2550C9D94F46146F0DFE8BFE3A26AF5F659B1769FDE4
samples\generated\aoi\aoi_arraylocal_dim_n00250_def_only.L5X,C:\l5x_scratch\acd\aoi_arraylocal_dim_n00250_def_only.ACD,ok,adopted-existing,CACB83869A99D77A73DBC45179D32C0E9A92EB8301EFA3D6301AF6646D2326FB
samples\generated\aoi\aoi_arraylocal_dim_n00500_1_instance.L5X,C:\l5x_scratch\acd\aoi_arraylocal_dim_n00500_1_instance.ACD,ok,adopted-existing,BF2F0513C4595A16F58843D878759DD70F8FC1149BD4AF05E7F4D68EE079C69F
samples\generated\aoi\aoi_arraylocal_dim_n00500_def_only.L5X,C:\l5x_scratch\acd\aoi_arraylocal_dim_n00500_def_only.ACD,ok,adopted-existing,C28F0D9C6CD0758EEE7A0EA18E39BF634EB9BB8E99178AB02ACD1E06967E7387
samples\generated\aoi\aoi_arraylocal_dim_n01000_1_instance.L5X,C:\l5x_scratch\acd\aoi_arraylocal_dim_n01000_1_instance.ACD,ok,adopted-existing,CE83AB5C901772783A10369A087C7FCB1CBD42B03F26189901D5E182F79834A5
samples\generated\aoi\aoi_arraylocal_dim_n01000_def_only.L5X,C:\l5x_scratch\acd\aoi_arraylocal_dim_n01000_def_only.ACD,ok,adopted-existing,BDCEE2F9C0632CE8DC43112D6A98100A1A4023BA273C27E11AA306214B55F2F5
samples\generated\aoi\aoi_arraylocal_multiplicity_n01_def_only.L5X,C:\l5x_scratch\acd\aoi_arraylocal_multiplicity_n01_def_only.ACD,ok,adopted-existing,9BDE309F28CF34F302F615B25988C0A066D1641E2F134E18FE6A787D81A96922
samples\generated\aoi\aoi_arraylocal_multiplicity_n02_def_only.L5X,C:\l5x_scratch\acd\aoi_arraylocal_multiplicity_n02_def_only.ACD,ok,adopted-existing,1C669307A33022355DF7B7784C400570C53A72E478E097E8D5FE19A99418FD0C
samples\generated\aoi\aoi_arraylocal_multiplicity_n03_def_only.L5X,C:\l5x_scratch\acd\aoi_arraylocal_multiplicity_n03_def_only.ACD,ok,adopted-existing,88A2C321A58829FC1866BAAC93AC23165880FDEA3CBF0BCE30FC10C80BD41122
samples\generated\aoi\aoi_arraylocal_type_bool_n00050_1_instance.L5X,C:\l5x_scratch\acd\aoi_arraylocal_type_bool_n00050_1_instance.ACD,ok,adopted-existing,195CB8BEAF2B890C9166F84A53A34CEA8825AFECB9156EDA965714CF379FCC02
samples\generated\aoi\aoi_arraylocal_type_bool_n00050_def_only.L5X,C:\l5x_scratch\acd\aoi_arraylocal_type_bool_n00050_def_only.ACD,ok,adopted-existing,8C63D805B0D1642E70B02A28FCE1E0E3D7FA077169B6B3DBD36F9E3873E1B88A
samples\generated\aoi\aoi_arraylocal_type_dint_n00050_1_instance.L5X,C:\l5x_scratch\acd\aoi_arraylocal_type_dint_n00050_1_instance.ACD,ok,adopted-existing,8E59113A974FA2350DC8FD60398BBBA0BF78722C5A8F4E4F9629432002C843B8
samples\generated\aoi\aoi_arraylocal_type_dint_n00050_def_only.L5X,C:\l5x_scratch\acd\aoi_arraylocal_type_dint_n00050_def_only.ACD,ok,adopted-existing,4B5BEE939335C2A44D97C85EA776873F76D0AA613D235E3049A14354253BB02E
samples\generated\aoi\aoi_arraylocal_type_int_n00050_1_instance.L5X,C:\l5x_scratch\acd\aoi_arraylocal_type_int_n00050_1_instance.ACD,ok,adopted-existing,C8EB7216ADCBC857BE1E53061C82BA100343863D6A25BB6AE76495256F94962C
samples\generated\aoi\aoi_arraylocal_type_int_n00050_def_only.L5X,C:\l5x_scratch\acd\aoi_arraylocal_type_int_n00050_def_only.ACD,ok,adopted-existing,BD78CBC6A8B3D9303927E3DA925A62F72E7F54A3A3ACC25DBA8FF4158CD6933B
samples\generated\aoi\aoi_arraylocal_type_real_n00050_1_instance.L5X,C:\l5x_scratch\acd\aoi_arraylocal_type_real_n00050_1_instance.ACD,ok,adopted-existing,5CD2B3D806D4552A97DDB6A60885415BFAC53F48EDE9215554509126F7A930DC
samples\generated\aoi\aoi_arraylocal_type_real_n00050_def_only.L5X,C:\l5x_scratch\acd\aoi_arraylocal_type_real_n00050_def_only.ACD,ok,adopted-existing,2A73AE12BA64CC98BDFB98D8B8A82A46423408866F0A44471CD629B3AFDEF509
samples\generated\aoi\aoi_arraylocal_type_sint_n00050_1_instance.L5X,C:\l5x_scratch\acd\aoi_arraylocal_type_sint_n00050_1_instance.ACD,ok,adopted-existing,C66505912BEB53F92D53C7273CC070E9A4E43E304DB85257D464372947E8E312
samples\generated\aoi\aoi_arraylocal_type_sint_n00050_def_only.L5X,C:\l5x_scratch\acd\aoi_arraylocal_type_sint_n00050_def_only.ACD,ok,adopted-existing,366367FA8CDBA07A2C8528D7936924162279EE4186EE32F5E7AC3BC6808D8FF7
samples\generated\aoi\aoi_array_localtag_1_instance.L5X,C:\l5x_scratch\acd\aoi_array_localtag_1_instance.ACD,ok,adopted-existing,617E85889A35EF20E6400E670070C6B79396B93C0B08BFC8EEE8C26C810886B8
samples\generated\aoi\aoi_array_localtag_def_only.L5X,C:\l5x_scratch\acd\aoi_array_localtag_def_only.ACD,ok,adopted-existing,8044BCCBF87F12E088C2CBC31AE3B3AA95AA29C30448E9A50DD35FE7FC371005
samples\generated\aoi\aoi_boolpack_clean_alternating_def_only.L5X,C:\l5x_scratch\acd\aoi_boolpack_clean_alternating_def_only.ACD,ok,adopted-existing,97DAFFD72DFB5F0CC097530EF52AA21FA05AF7C28BBE4EBBFEFD13933340BCA5
samples\generated\aoi\aoi_boolpack_clean_grouped_def_only.L5X,C:\l5x_scratch\acd\aoi_boolpack_clean_grouped_def_only.ACD,ok,adopted-existing,8FBF8C6C53652E2231D90B1EB5595C8DEDEC61DD6FB35BB642182F3260C442F0
samples\generated\aoi\aoi_boolpack_consecutive20_1_instance.L5X,C:\l5x_scratch\acd\aoi_boolpack_consecutive20_1_instance.ACD,ok,adopted-existing,323CA2F23B95640E5B1B9FCB3EFD49EA428F34EEBF0FCB53FB03177822650771
samples\generated\aoi\aoi_boolpack_consecutive20_def_only.L5X,C:\l5x_scratch\acd\aoi_boolpack_consecutive20_def_only.ACD,ok,adopted-existing,FE2A674799CE77E7CA9436F6687BAD293D3572624E3822D553B5B14F543EF474
samples\generated\aoi\aoi_boolpack_interspersed20_1_instance.L5X,C:\l5x_scratch\acd\aoi_boolpack_interspersed20_1_instance.ACD,ok,adopted-existing,2C8F2DF8248F7D115660FEA3242EED2D88B4CB8CE5ADA027CFBA852D33BB9C29
samples\generated\aoi\aoi_boolpack_interspersed20_def_only.L5X,C:\l5x_scratch\acd\aoi_boolpack_interspersed20_def_only.ACD,ok,adopted-existing,94ED34DAE3872AFE81BDB13E3AE223E4C99C6FBB4C6D9C72E848B92353176259
samples\generated\aoi\aoi_boolrun_n04_def_only.L5X,C:\l5x_scratch\acd\aoi_boolrun_n04_def_only.ACD,ok,adopted-existing,03D1C2BD3824108416345E8A998DD7373A7A5B86584C6750123F65B034EEFF52
samples\generated\aoi\aoi_boolrun_n08_def_only.L5X,C:\l5x_scratch\acd\aoi_boolrun_n08_def_only.ACD,ok,adopted-existing,DE9CE66D2BA14643A19E32BE41E91932B5C3F898F29B4617763D4C74E82BF599
samples\generated\aoi\aoi_boolrun_n12_def_only.L5X,C:\l5x_scratch\acd\aoi_boolrun_n12_def_only.ACD,ok,adopted-existing,10F4BEAC09E690E5EFCD4E6545772E56B8863FFC141B820F23BCD160B848D584
samples\generated\aoi\aoi_boolrun_n16_def_only.L5X,C:\l5x_scratch\acd\aoi_boolrun_n16_def_only.ACD,ok,adopted-existing,94736CD7A63C93FD93C0C87D3A4A8A3A33606F276B25993CBC62C98BF408E9DB
samples\generated\aoi\aoi_boolrun_n20_def_only.L5X,C:\l5x_scratch\acd\aoi_boolrun_n20_def_only.ACD,ok,adopted-existing,C8D9646FA3284B6FDD8FD789D364FB7DC926951F91AC4CBE7E70ED2595391893
samples\generated\aoi\aoi_deepnest3_1_instance.L5X,C:\l5x_scratch\acd\aoi_deepnest3_1_instance.ACD,ok,adopted-existing,39D5FE6679999C1C8D6592542CD43FA012C92C33E51AFFB23A66D50C8ABF3933
samples\generated\aoi\aoi_deepnest3_def_only.L5X,C:\l5x_scratch\acd\aoi_deepnest3_def_only.ACD,ok,adopted-existing,3FC3C2673C3D33DF7B7FD20EC8B517C9D35E17C5C818EE8BACAA2B1D89637FFB
samples\generated\aoi\aoi_inout_dint_1_instance.L5X,C:\l5x_scratch\acd\aoi_inout_dint_1_instance.ACD,ok,adopted-existing,F56A4012610770192DF70011AE7FF77AD844746696438239B67F086F0CAF31E3
samples\generated\aoi\aoi_inout_dint_def_only.L5X,C:\l5x_scratch\acd\aoi_inout_dint_def_only.ACD,ok,adopted-existing,768B76029A4DA4AB6523C874D955F5D7101FC3D37D882528A11D41F4EB2C2324
samples\generated\aoi\aoi_inout_string_1_instance.L5X,C:\l5x_scratch\acd\aoi_inout_string_1_instance.ACD,ok,adopted-existing,CA850EE49E7FF4632A5A887AC7210B1E64469ED37EF9AB58B0C8A3EA29E6F1D2
samples\generated\aoi\aoi_inout_string_def_only.L5X,C:\l5x_scratch\acd\aoi_inout_string_def_only.ACD,ok,adopted-existing,E12AACC48E16F9977762CCC0C0DB86C02BD93F5C5C13297180E05B9368DBE602
samples\generated\aoi\aoi_logic_scale_000.L5X,C:\l5x_scratch\acd\aoi_logic_scale_000.ACD,ok,adopted-existing,039BE4A8596165DC258EF6DE0EA616478CA7B0AA069A1FD68B89A066FE043303
samples\generated\aoi\aoi_logic_scale_010.L5X,C:\l5x_scratch\acd\aoi_logic_scale_010.ACD,ok,adopted-existing,FBF095B4BEE8F4281AB26D3C7AC437B6ED67F84A3A26863C8753D2EEEFBB2638
samples\generated\aoi\aoi_logic_scale_050.L5X,C:\l5x_scratch\acd\aoi_logic_scale_050.ACD,ok,adopted-existing,122EB8CBDAB5AF58323EAA93CDA9CC541D7FD9F3572CF0FB3C6864EE683E9BAF
samples\generated\aoi\aoi_logic_scale_100.L5X,C:\l5x_scratch\acd\aoi_logic_scale_100.ACD,ok,adopted-existing,0497BCBD784E4185DCC2054ECD28F9C291A71000CDADCB1CC47BB5ECD3EF03FE
samples\generated\aoi\aoi_multiroutine_control.L5X,C:\l5x_scratch\acd\aoi_multiroutine_control.ACD,ok,adopted-existing,B5E0507A0B0FEAE409215C64BF6F9151D8CCA1E38954CAE14533A40483339E44
samples\generated\aoi\aoi_multiroutine_real.L5X,C:\l5x_scratch\acd\aoi_multiroutine_real.ACD,ok,adopted-existing,542D9830495585CC91BF6F401AD85E2CDDEB62B404EBAA13EC93E48754EECFED
samples\generated\aoi\aoi_nested_array_localtag_1_instance.L5X,C:\l5x_scratch\acd\aoi_nested_array_localtag_1_instance.ACD,ok,adopted-existing,0C3678416553CA15758F994FF699E9A6BE38C69ED8579B30EED4AB30B716DA74
samples\generated\aoi\aoi_nested_array_localtag_def_only.L5X,C:\l5x_scratch\acd\aoi_nested_array_localtag_def_only.ACD,ok,adopted-existing,872259C4F6928AF5935ED84585F0300C14C1321890981644405717984578FD34
samples\generated\aoi\aoi_nested_inout_10_instance.L5X,C:\l5x_scratch\acd\aoi_nested_inout_10_instance.ACD,ok,adopted-existing,5A9BEE8EEA2258CF5C590D4561017B5F465612A5E0E35FBFCE6D2FAAB1C72619
samples\generated\aoi\aoi_nested_inout_1_instance.L5X,C:\l5x_scratch\acd\aoi_nested_inout_1_instance.ACD,ok,adopted-existing,1D10CBB3DF58A526E6692A8D0E5BD076E96CF7BAA9200BF583CAFA0E892203EB
samples\generated\aoi\aoi_orphaned_referenced.L5X,C:\l5x_scratch\acd\aoi_orphaned_referenced.ACD,ok,adopted-existing,11E6A21C1D580BD14AB3DCD506EA4E7B5C31F1AA5C184F5BE2FE03375B504CC7
samples\generated\aoi\aoi_orphaned_unreferenced.L5X,C:\l5x_scratch\acd\aoi_orphaned_unreferenced.ACD,ok,adopted-existing,94F099801B28B7EE97205C6ACC126366357DBA42C9A26F94DD64B360BAE552A8
samples\generated\aoi\aoi_realistic_50_instance_1.L5X,C:\l5x_scratch\acd\aoi_realistic_50_instance_1.ACD,ok,adopted-existing,74E54E6A42A39227C68CE45768BDAE492CBB095E0C0DA7C90216921FE26E7734
samples\generated\aoi\aoi_realistic_50_instance_array.L5X,C:\l5x_scratch\acd\aoi_realistic_50_instance_array.ACD,ok,adopted-existing,D130342DE00AB420B65D9EF691F6D55619D0CDBDA7048526EF541FC979EF4133
samples\generated\aoi\aoi_realistic_composite_10_instance_array.L5X,C:\l5x_scratch\acd\aoi_realistic_composite_10_instance_array.ACD,ok,adopted-existing,3D6AF593F0EE9D953DC481222A6F1B2D3CEAD80422C6929566F6C64E9A9CBD3E
samples\generated\aoi\aoi_realistic_composite_1_instance.L5X,C:\l5x_scratch\acd\aoi_realistic_composite_1_instance.ACD,ok,adopted-existing,7ACF253E97BD24D2414C7EB1CAB2ED8513036379B5845B660C66D675D79E05A1
samples\generated\aoi\aoi_realistic_composite_def_only.L5X,C:\l5x_scratch\acd\aoi_realistic_composite_def_only.ACD,ok,adopted-existing,BC76C85B7D42D4127CA7A1C8CEF6EF5EB59D0C1FCA32B6237D34207AAB90CC01
samples\generated\aoi\basic_aoi_10_instance_array.L5X,C:\l5x_scratch\acd\basic_aoi_10_instance_array.ACD,ok,adopted-existing,9209DA0731B8D81AE84F50D8262521627ACE2AAE41EF8C1783AB5C184ABB710C
samples\generated\aoi\basic_aoi_1_instance.L5X,C:\l5x_scratch\acd\basic_aoi_1_instance.ACD,ok,adopted-existing,FC3424B49AC2EA43B77DE0D9A1EA01D37722A462BD7C563F7D7761EFC2918752
samples\generated\aoi\basic_aoi_def_only.L5X,C:\l5x_scratch\acd\basic_aoi_def_only.ACD,ok,adopted-existing,8E30F2DC5540418B99021B84B5998E847F79D2863DB9B20E522E62DF5E719970
samples\generated\aoi\localcount_n01_def_only.L5X,C:\l5x_scratch\acd\localcount_n01_def_only.ACD,ok,adopted-existing,7FE0012D743DFBB07A98A2CE2AA33128A8BD2E22FF15BCCCB5A470CACEC29703
samples\generated\aoi\localcount_n02_def_only.L5X,C:\l5x_scratch\acd\localcount_n02_def_only.ACD,ok,adopted-existing,37A2DCAD0368688C4A5A7566FB8D43B224A1B4A65EE7ED66E63F098905ED6F1F
samples\generated\aoi\localcount_n04_def_only.L5X,C:\l5x_scratch\acd\localcount_n04_def_only.ACD,ok,adopted-existing,4AB371A6C22C43CB6C7BC5FD91BF452FEED573934365901880DC3BB48B3212F7
samples\generated\aoi\localcount_n08_def_only.L5X,C:\l5x_scratch\acd\localcount_n08_def_only.ACD,ok,adopted-existing,77E698016A07BF8074A4FE24DE65183D6D8D3D70A103C1621409E4780F48DBD4
samples\generated\aoi\localcount_n16_def_only.L5X,C:\l5x_scratch\acd\localcount_n16_def_only.ACD,ok,adopted-existing,EBB30EC12969726FEBF3E918C16A4D2EFCC09DECEF19A993A8357DFED639D521
samples\generated\aoi\localcount_n32_def_only.L5X,C:\l5x_scratch\acd\localcount_n32_def_only.ACD,ok,adopted-existing,435C4369B33B0DDA5B7FABCA30C1BE276130738E51BEB89AA8AF26D487495D82
samples\generated\aoi\localtype_bool_n4_def_only.L5X,C:\l5x_scratch\acd\localtype_bool_n4_def_only.ACD,ok,adopted-existing,3612726F9D2CA2078A7A6CB4527AFFC85C05E17CF68CE289C9564D0A7EA4BEBB
samples\generated\aoi\localtype_dint_n4_def_only.L5X,C:\l5x_scratch\acd\localtype_dint_n4_def_only.ACD,ok,adopted-existing,FEF0C83F5CEEF4926D325C3B39BC6AA735C89E7B824410C47B395410EB9BBE51
samples\generated\aoi\localtype_int_n4_def_only.L5X,C:\l5x_scratch\acd\localtype_int_n4_def_only.ACD,ok,adopted-existing,F7E5E1C83CC2E039A6B270563279503BA4C52381084F67F14CD8177319682F8C
samples\generated\aoi\localtype_lint_n4_def_only.L5X,C:\l5x_scratch\acd\localtype_lint_n4_def_only.ACD,ok,adopted-existing,57DABBAB8C2338553C9EB84D2986B860A3F8714AF12EBCA0B4A7ED1CA2096F40
samples\generated\aoi\localtype_real_n4_def_only.L5X,C:\l5x_scratch\acd\localtype_real_n4_def_only.ACD,ok,adopted-existing,CAD58C492C88BF258399D6B945272B91AF0D7DFE4671BCA66F86E3422077A270
samples\generated\aoi\localtype_sint_n4_def_only.L5X,C:\l5x_scratch\acd\localtype_sint_n4_def_only.ACD,ok,adopted-existing,B0D0A2AE7C2CCD9E1C592623029B0E1E40BA345C74102F8FF3C9213273E921E4
samples\generated\aoi\nested_aoi_1_instance.L5X,C:\l5x_scratch\acd\nested_aoi_1_instance.ACD,ok,adopted-existing,BB0A56F83E4F093C5031243793DCD82E57DAA38F5873CE1C9D8848226F479B6E
samples\generated\aoi\nested_aoi_def_only.L5X,C:\l5x_scratch\acd\nested_aoi_def_only.ACD,ok,adopted-existing,0E44369749C1423990E7D71C6D2F59D4D351B07620B43414B0E1A66BCC1A7718
samples\generated\aoi\paramcount_n01_def_only.L5X,C:\l5x_scratch\acd\paramcount_n01_def_only.ACD,ok,adopted-existing,21DD10B9F74F0BDEB47F9B3FDEE6303ADB6906A624620ED0ECF6155D22DDF1AA
samples\generated\aoi\paramcount_n02_def_only.L5X,C:\l5x_scratch\acd\paramcount_n02_def_only.ACD,ok,adopted-existing,E88146B7D6D30AF47DC242E55788ADE6C7A7A3CD62CA67DABD16444C8D6D9E83
samples\generated\aoi\paramcount_n04_def_only.L5X,C:\l5x_scratch\acd\paramcount_n04_def_only.ACD,ok,adopted-existing,74782269427088E40C5C212FBC05D91F9F34097C28C83C78A176A2561075C610
samples\generated\aoi\paramcount_n04_def_only_v2.L5X,C:\l5x_scratch\acd\paramcount_n04_def_only_v2.ACD,ok,adopted-existing,B3A352252D4DA4A631075D2D3FD6F2E4FBF727E9F2F0B6CAC160577A842090BD
samples\generated\aoi\paramcount_n08_def_only.L5X,C:\l5x_scratch\acd\paramcount_n08_def_only.ACD,ok,adopted-existing,8B0EC4FCC33D511A967951C9438CAFD8B017B6347976D2FFF2913A6A4D06DD15
samples\generated\aoi\paramcount_n08_def_only_v2.L5X,C:\l5x_scratch\acd\paramcount_n08_def_only_v2.ACD,ok,adopted-existing,25375B75CAB67CBFAF74E17CE6EC01052F34942B0A43D7583A6DB9290D6CBF23
samples\generated\aoi\paramcount_n16_def_only.L5X,C:\l5x_scratch\acd\paramcount_n16_def_only.ACD,ok,adopted-existing,2A4CC0440D0DBD8175F1D11BF8246D71FBCFD4A3E11150B353EFDFAB24793B27
samples\generated\aoi\paramcount_n32_def_only.L5X,C:\l5x_scratch\acd\paramcount_n32_def_only.ACD,ok,adopted-existing,734D7626CB1C6A1F62C346F05EA0DABED7AE224B6D4AF5745DD3B816FD1339CD
samples\generated\aoi\paramtype_bool_n4_def_only.L5X,C:\l5x_scratch\acd\paramtype_bool_n4_def_only.ACD,ok,adopted-existing,5B40074574317D45D4BA20A49F05A0F4C233EA05B9BEEB4B670796A5B98B2304
samples\generated\aoi\paramtype_bool_n8_def_only.L5X,C:\l5x_scratch\acd\paramtype_bool_n8_def_only.ACD,ok,adopted-existing,2EFE4F950995F65B96C50F2520E0447BB8CA888F4F65B10564DB1DF94B152E6C
samples\generated\aoi\paramtype_dint_n4_def_only.L5X,C:\l5x_scratch\acd\paramtype_dint_n4_def_only.ACD,ok,adopted-existing,C3710FC2ABDD2040BE4BA36A80B7FA4CECC3634E6019C0760AC2ACABFF7915D8
samples\generated\aoi\paramtype_dint_n8_def_only.L5X,C:\l5x_scratch\acd\paramtype_dint_n8_def_only.ACD,ok,adopted-existing,81FC422EE415E9C208C41F592D88C47B4A60C792171D2C1C62A1C285B8CDEA72
samples\generated\aoi\paramtype_int_n4_def_only.L5X,C:\l5x_scratch\acd\paramtype_int_n4_def_only.ACD,ok,adopted-existing,CCB0C6A2E9449DF94C19460B93488263C471253B7C2EABE5953E59F72806F283
samples\generated\aoi\paramtype_int_n8_def_only.L5X,C:\l5x_scratch\acd\paramtype_int_n8_def_only.ACD,ok,adopted-existing,E5E37D281738944850E687C9590079495CB725C84CC5899B9B854464BB20B34E
samples\generated\aoi\paramtype_lint_n4_def_only.L5X,C:\l5x_scratch\acd\paramtype_lint_n4_def_only.ACD,ok,adopted-existing,BD3913EDD6A49BDF2178013806AF23F86AED3A6521E54916027B56A44B24CAAA
samples\generated\aoi\paramtype_lint_n8_def_only.L5X,C:\l5x_scratch\acd\paramtype_lint_n8_def_only.ACD,ok,adopted-existing,DB54E57B3D7790B27970BBFE61A8B77FAEDAE5C3DE33758F13F73431CB9D75E9
samples\generated\aoi\paramtype_real_n4_def_only.L5X,C:\l5x_scratch\acd\paramtype_real_n4_def_only.ACD,ok,adopted-existing,FAEA38A765C7A5A0601551255EC22DEF331EE2B138C4DD2D24D8DCA60647F540
samples\generated\aoi\paramtype_real_n8_def_only.L5X,C:\l5x_scratch\acd\paramtype_real_n8_def_only.ACD,ok,adopted-existing,E55DCFB6164EC5234485DB9ECB082FDF975B5F9BEA790CF4F435BE702BFCBAF1
samples\generated\aoi\paramtype_sint_n4_def_only.L5X,C:\l5x_scratch\acd\paramtype_sint_n4_def_only.ACD,ok,adopted-existing,FBC9BDA203F97EAE24EDBC2D6393B80CAA135AD4EE7F91087AEF23823724CE9D
samples\generated\aoi\paramtype_sint_n8_def_only.L5X,C:\l5x_scratch\acd\paramtype_sint_n8_def_only.ACD,ok,adopted-existing,9096A2D4883451753BCF5B777862B4B414E40D867A89292DACFC9D2686DF1C8A
samples\generated\aoi\realscale_aoiint_n00000.L5X,C:\l5x_scratch\acd\realscale_aoiint_n00000.ACD,ok,adopted-existing,F26161FD2A6550D08617D2F4382CEE6DB720E6BFCD638C571ECA2857763C8DA1
samples\generated\aoi\realscale_aoiint_n00050.L5X,C:\l5x_scratch\acd\realscale_aoiint_n00050.ACD,ok,adopted-existing,07714B04D5EE4C7A9D7DE17B243F5237EF8CE659E2BCF21C13FDE450C46E4C93
samples\generated\aoi\realscale_aoiint_n00500.L5X,C:\l5x_scratch\acd\realscale_aoiint_n00500.ACD,ok,adopted-existing,A84B87EB65FCD630423A2DB2D3B102F22A295360F09732D5A1C829074137B4CE
samples\generated\aoi\realscale_aoiint_n02000.L5X,C:\l5x_scratch\acd\realscale_aoiint_n02000.ACD,ok,adopted-existing,A3D58FA31E55392EDE395760448C7E178FFE9A65AB475D54321042236A07EC61
samples\generated\aoi\realscale_aoiint_n06000.L5X,C:\l5x_scratch\acd\realscale_aoiint_n06000.ACD,ok,adopted-existing,61635BF641792554EAB5094E8747BE54B37A79C1EF0DFCD7421FC1F5CFE6DA4C
samples\generated\aoi\realscale_aoiint_n12000.L5X,C:\l5x_scratch\acd\realscale_aoiint_n12000.ACD,ok,adopted-existing,5D676E676E9D3841777FCA0827C9FE9BA5A2943B6C957C87E4E485898522F6E1
samples\generated\aoi\reqvis_2req2optional_call_optomitted.L5X,C:\l5x_scratch\acd\reqvis_2req2optional_call_optomitted.ACD,ok,adopted-existing,F55076B95303D4F879D76F4C427790880AC20D58FD36FD498CDB69A28216C97F
samples\generated\aoi\reqvis_allhidden_call_full.L5X,C:\l5x_scratch\acd\reqvis_allhidden_call_full.ACD,ok,adopted-existing,9189AA8ACC78D67F8BFD588573E67DADBBBBA636D0EE18B4829B4D3CFF37A159
samples\generated\aoi\reqvis_allhidden_n4_def_only.L5X,C:\l5x_scratch\acd\reqvis_allhidden_n4_def_only.ACD,ok,adopted-existing,99E3878520380D67F2B1F5B007112F01B0064059F1F5F2AFF6ACE0D2D13E0E86
samples\generated\aoi\reqvis_allrequired_call_full.L5X,C:\l5x_scratch\acd\reqvis_allrequired_call_full.ACD,ok,adopted-existing,C1C4B748A0C9C008608EF8D0E81F2256338897F22CF774E1614E3AA7A34EA8BB
samples\generated\aoi\reqvis_allrequired_n4_def_only.L5X,C:\l5x_scratch\acd\reqvis_allrequired_n4_def_only.ACD,ok,adopted-existing,49BF6F41C8C5CA9E2BDC7A726DBBCA806840A2DCC450695883A1CBAAF4D19967
samples\generated\aoi\reqvis_allvisibleoptional_n4_def_only.L5X,C:\l5x_scratch\acd\reqvis_allvisibleoptional_n4_def_only.ACD,ok,adopted-existing,2268E37CC3D2B4C430D2946B405698DD0A4FFE7F81B536880D80B36FDD801304
samples\generated\aoi\reqvis_mixed_n4_def_only.L5X,C:\l5x_scratch\acd\reqvis_mixed_n4_def_only.ACD,ok,adopted-existing,FA3777EAD1668F62D3699833F50EB06383E286E9A549256C145C4D93B378EB00
samples\generated\aoistructure\aoilt_dim_dint_d0002.L5X,C:\l5x_scratch\acd\aoilt_dim_dint_d0002.ACD,ok,adopted-existing,8C13C5CDA730EE5AD333EF505AF62E4517DDAB7813BB03136AD72F532A319C04
samples\generated\aoistructure\aoilt_dim_dint_d0004.L5X,C:\l5x_scratch\acd\aoilt_dim_dint_d0004.ACD,ok,adopted-existing,D681C3520A707A48A9C0B4628783D305A9D53FBD0CF897D44F66698E30F2716E
samples\generated\aoistructure\aoilt_dim_dint_d0016.L5X,C:\l5x_scratch\acd\aoilt_dim_dint_d0016.ACD,ok,adopted-existing,CC534821C0593CAF0A87BBCD23E3DBFD94396A47779295AAC413FD71474DAB1A
samples\generated\aoistructure\aoilt_dim_dint_d0032.L5X,C:\l5x_scratch\acd\aoilt_dim_dint_d0032.ACD,ok,adopted-existing,0F032429814E863710A639F8808EF26115B0633061FF8820FAF59F7256970639
samples\generated\aoistructure\aoilt_dim_dint_d0128.L5X,C:\l5x_scratch\acd\aoilt_dim_dint_d0128.ACD,ok,adopted-existing,518510BD0258E0831E615CCA798C65776411C95C7AF137B009C1AC6B39215325
samples\generated\aoistructure\aoilt_dim_dint_d0256.L5X,C:\l5x_scratch\acd\aoilt_dim_dint_d0256.ACD,ok,adopted-existing,A9F1EDB723C30F813F324BA89800B304D310CD7983A2E2BDD27D06C3D949E084
samples\generated\aoistructure\aoilt_dim_dint_d1024.L5X,C:\l5x_scratch\acd\aoilt_dim_dint_d1024.ACD,ok,adopted-existing,C0ABCDA4B5642EFE3D4EE032196F501B278689DB202F5D853A7A1B16FB8F5B00
samples\generated\aoistructure\aoilt_dim_timer_d0002.L5X,C:\l5x_scratch\acd\aoilt_dim_timer_d0002.ACD,ok,adopted-existing,B4FB0EA911610B84068C5E57D9E8B810768968F96EB1CF92386AFE28AF53469C
samples\generated\aoistructure\aoilt_dim_timer_d0004.L5X,C:\l5x_scratch\acd\aoilt_dim_timer_d0004.ACD,ok,adopted-existing,7A6F11DBC9874A0B825F33EF91A726A65EF130B0F1C1196EFDC99307769F1EA8
samples\generated\aoistructure\aoilt_dim_timer_d0016.L5X,C:\l5x_scratch\acd\aoilt_dim_timer_d0016.ACD,ok,adopted-existing,BF830BA52173FC1698E3607968AF82E351F6A7747B85AEF48B523BD4A1047B83
samples\generated\aoistructure\aoilt_dim_timer_d0032.L5X,C:\l5x_scratch\acd\aoilt_dim_timer_d0032.ACD,ok,adopted-existing,9D002AA594AEDE716ADE9AC3D8F40042F38CCDE433063FFF91749461535535E6
samples\generated\aoistructure\aoilt_dim_timer_d0128.L5X,C:\l5x_scratch\acd\aoilt_dim_timer_d0128.ACD,ok,adopted-existing,C7321810BD072B09A9C4544856747BF8F8063C439F757B447743A0C8B85D7DE0
samples\generated\aoistructure\aoilt_dim_timer_d0256.L5X,C:\l5x_scratch\acd\aoilt_dim_timer_d0256.ACD,ok,adopted-existing,0F856F61F15A92B21EDD70764D765473991998DA73423169F24B129FD052228D
samples\generated\aoistructure\aoilt_dim_timer_d1024.L5X,C:\l5x_scratch\acd\aoilt_dim_timer_d1024.ACD,ok,adopted-existing,011398A74868115A3CCFF8FC0FFAFB2A323080AB58837FB20A273343DB2BC0F8
samples\generated\aoistructure\aoilt_swap_counter_n01.L5X,C:\l5x_scratch\acd\aoilt_swap_counter_n01.ACD,ok,adopted-existing,380BCC64F26A1DFABDD61CE442AF5A9E1CB08621F69EE1474811639BC5AB5B1A
samples\generated\aoistructure\aoilt_swap_counter_n02.L5X,C:\l5x_scratch\acd\aoilt_swap_counter_n02.ACD,ok,adopted-existing,C967B427AB6A41C55AEDB8D4D4D28D946014C03EE56CA37119213D71FD0AC57F
samples\generated\aoistructure\aoilt_swap_counter_n03.L5X,C:\l5x_scratch\acd\aoilt_swap_counter_n03.ACD,ok,adopted-existing,F8F803A0CBEA87D4601958EE9BF7EC3C3457C68937599854BAF68D6CF3CAF024
samples\generated\aoistructure\aoilt_swap_counter_n04.L5X,C:\l5x_scratch\acd\aoilt_swap_counter_n04.ACD,ok,adopted-existing,568EEE15799F064AA5AE022004D06659EF4A58BEA52144FD78A6904CB6FCBACE
samples\generated\aoistructure\aoilt_swap_counter_n05.L5X,C:\l5x_scratch\acd\aoilt_swap_counter_n05.ACD,ok,adopted-existing,599C540AAEEE74157B289B37AA5490D4B46E708B1C10C2523DD1B77C75A794C9
samples\generated\aoistructure\aoilt_swap_counter_n06.L5X,C:\l5x_scratch\acd\aoilt_swap_counter_n06.ACD,ok,adopted-existing,D489728F0F4346354EE3365F01A707D6E2B21F442E71469132A08D26C2B22B6B
samples\generated\aoistructure\aoilt_swap_counter_n07.L5X,C:\l5x_scratch\acd\aoilt_swap_counter_n07.ACD,ok,adopted-existing,C8242BC99A88F3B09352ABBD53B8742FE28435A91BEA337B3D62F8A545770C6F
samples\generated\aoistructure\aoilt_swap_counter_n08.L5X,C:\l5x_scratch\acd\aoilt_swap_counter_n08.ACD,ok,adopted-existing,A2D81DDCFE916E24761CD35E7977A0BC6708A17A2C115BA286850E7B61A09B07
samples\generated\aoistructure\aoilt_swap_motion_n01.L5X,C:\l5x_scratch\acd\aoilt_swap_motion_n01.ACD,ok,adopted-existing,8C5AAE098F15BBDED63B91277B8A02913C54302B6708F93762E6282792F10D79
samples\generated\aoistructure\aoilt_swap_motion_n02.L5X,C:\l5x_scratch\acd\aoilt_swap_motion_n02.ACD,ok,adopted-existing,61D6827D7B18B2A9DFA512E4284366C322D018641D45D8118F429173DB7A4CD0
samples\generated\aoistructure\aoilt_swap_motion_n03.L5X,C:\l5x_scratch\acd\aoilt_swap_motion_n03.ACD,ok,adopted-existing,DD0AA9A4FA8699F9E80394C1BE73E23D8B01E6A06E602F7985660C57EA7181D0
samples\generated\aoistructure\aoilt_swap_motion_n04.L5X,C:\l5x_scratch\acd\aoilt_swap_motion_n04.ACD,ok,adopted-existing,67F117536475BE768C7141E74DDD1AED48B5BA67658FE2ACA178DB4778385FA0
samples\generated\aoistructure\aoilt_swap_motion_n05.L5X,C:\l5x_scratch\acd\aoilt_swap_motion_n05.ACD,ok,adopted-existing,296A984D2D96A0ECF6D4532F08BCF4930BB9420615A43F24128B95ADA738F5B4
samples\generated\aoistructure\aoilt_swap_motion_n06.L5X,C:\l5x_scratch\acd\aoilt_swap_motion_n06.ACD,ok,adopted-existing,3BCC4CF49EC5475FA095B98684A85779CD0A01F23AD992067B5FD97032039FEB
samples\generated\aoistructure\aoilt_swap_motion_n07.L5X,C:\l5x_scratch\acd\aoilt_swap_motion_n07.ACD,ok,adopted-existing,080862A27005DE2368315DDFEBCA083C5408616E5B1BD6273E189B75276263AC
samples\generated\aoistructure\aoilt_swap_motion_n08.L5X,C:\l5x_scratch\acd\aoilt_swap_motion_n08.ACD,ok,adopted-existing,6E15E63C020873BE410D09926C979B3D0DB3F374ABA013BE2950124E35184568
samples\generated\aoistructure\aoilt_swap_real_n01.L5X,C:\l5x_scratch\acd\aoilt_swap_real_n01.ACD,ok,adopted-existing,E907F0D2C063B285556F77E1E669F9FB5140E03513FE2091B48E1D181910AAAC
samples\generated\aoistructure\aoilt_swap_real_n02.L5X,C:\l5x_scratch\acd\aoilt_swap_real_n02.ACD,ok,adopted-existing,52B5376E1DC6AA4879CAFDA736F08D74F652F82D987FF978B46F7454729C9228
samples\generated\aoistructure\aoilt_swap_real_n03.L5X,C:\l5x_scratch\acd\aoilt_swap_real_n03.ACD,ok,adopted-existing,07A81A3111FEB72A195586F1D33646A5A0097FD2EF0FAA133B2A3B0C7AAFACB5
samples\generated\aoistructure\aoilt_swap_real_n04.L5X,C:\l5x_scratch\acd\aoilt_swap_real_n04.ACD,ok,adopted-existing,B79AD586995C2F53C68DAF5E09BA832E1BD4E7E38AC982C9DB108ED4F3CD2743
samples\generated\aoistructure\aoilt_swap_real_n05.L5X,C:\l5x_scratch\acd\aoilt_swap_real_n05.ACD,ok,adopted-existing,5E48111F3840964014B2C5FC3C7A56428F26DF156FCDD6FAD58A9D674071AD6D
samples\generated\aoistructure\aoilt_swap_real_n06.L5X,C:\l5x_scratch\acd\aoilt_swap_real_n06.ACD,ok,adopted-existing,91C1F6097128F55990244F510855753B5BAE7C41D329C0084EB193EB173B6236
samples\generated\aoistructure\aoilt_swap_real_n07.L5X,C:\l5x_scratch\acd\aoilt_swap_real_n07.ACD,ok,adopted-existing,557D6F9BD04D6CF07819139156EC8376033E0B1887AD362773E050B0FED24B24
samples\generated\aoistructure\aoilt_swap_real_n08.L5X,C:\l5x_scratch\acd\aoilt_swap_real_n08.ACD,ok,adopted-existing,D900E4FDB21C23A6AF474513A93839C133B23A03C4164C15EE48D4F42C5DEA68
samples\generated\aoistructure\aoilt_swap_string_n01.L5X,C:\l5x_scratch\acd\aoilt_swap_string_n01.ACD,ok,adopted-existing,9722C15B7E7C25CCCA0687FB3A283846349417749EE8266B0A56F02F6E66C4D4
samples\generated\aoistructure\aoilt_swap_string_n02.L5X,C:\l5x_scratch\acd\aoilt_swap_string_n02.ACD,ok,adopted-existing,561E570419D8C810C9CD86D18BD2CBC779B2512C6A6DD113A7F3129D762E328B
samples\generated\aoistructure\aoilt_swap_string_n03.L5X,C:\l5x_scratch\acd\aoilt_swap_string_n03.ACD,ok,adopted-existing,0A610F40BA49B205038A511F7574AAC290F8F1732A001CADC690B10122E2D74A
samples\generated\aoistructure\aoilt_swap_string_n04.L5X,C:\l5x_scratch\acd\aoilt_swap_string_n04.ACD,ok,adopted-existing,3F1E8307F5CD150729879CD0FE91C00F28EB196BCD4FC644D4B8D468F6461F3D
samples\generated\aoistructure\aoilt_swap_string_n05.L5X,C:\l5x_scratch\acd\aoilt_swap_string_n05.ACD,ok,adopted-existing,5B8E19A9BD8DF6B880748A143C5B618BD95243D398041ACEBDFAABEBB820A699
samples\generated\aoistructure\aoilt_swap_string_n06.L5X,C:\l5x_scratch\acd\aoilt_swap_string_n06.ACD,ok,adopted-existing,421752DDEB43E1D3FF5EC22C6BF1C97BA27DF06B9008A2DB930A78244E24999E
samples\generated\aoistructure\aoilt_swap_string_n07.L5X,C:\l5x_scratch\acd\aoilt_swap_string_n07.ACD,ok,adopted-existing,100CE246A7726C601929EEC10BE5FDE35379BBD0DFAFDDB8820448D84307AD40
samples\generated\aoistructure\aoilt_swap_string_n08.L5X,C:\l5x_scratch\acd\aoilt_swap_string_n08.ACD,ok,adopted-existing,943B0DB06135DA071B315BF4C0EE5E32B1D210CA5B1CFEF164CB8DA8DF96E6B5
samples\generated\aoistructure\aoilt_swap_timer_n01.L5X,C:\l5x_scratch\acd\aoilt_swap_timer_n01.ACD,ok,adopted-existing,A67CC147E07380BC4E1BD68C2BA78D5A27935FA7F5DB8A1D545CB735C96117ED
samples\generated\aoistructure\aoilt_swap_timer_n02.L5X,C:\l5x_scratch\acd\aoilt_swap_timer_n02.ACD,ok,adopted-existing,753D8B1E48B3E34D5C8EE50CF75A1961552B5C24D362980985E881608F66E1BA
samples\generated\aoistructure\aoilt_swap_timer_n03.L5X,C:\l5x_scratch\acd\aoilt_swap_timer_n03.ACD,ok,adopted-existing,51BBE6FD283F4925965A94F79D27343E2617677C1698C5BF02B345C72D578D84
samples\generated\aoistructure\aoilt_swap_timer_n04.L5X,C:\l5x_scratch\acd\aoilt_swap_timer_n04.ACD,ok,adopted-existing,9F88B295A10F6719AEFC746A6381227DEB3CF7BDF01885A82C050EBB9921C3E1
samples\generated\aoistructure\aoilt_swap_timer_n05.L5X,C:\l5x_scratch\acd\aoilt_swap_timer_n05.ACD,ok,adopted-existing,33C33DAFB0B9D076EA42D808EDBDDFADBCF35459E9352695F5A918B1A57E217B
samples\generated\aoistructure\aoilt_swap_timer_n06.L5X,C:\l5x_scratch\acd\aoilt_swap_timer_n06.ACD,ok,adopted-existing,98BDB39822ED286788C4047F1E4801EE3C963101BA9EBC8554B0BCA88BBC9330
samples\generated\aoistructure\aoilt_swap_timer_n07.L5X,C:\l5x_scratch\acd\aoilt_swap_timer_n07.ACD,ok,adopted-existing,2DB77D04A08C847B13951223AF0A9D08D85CD2B8D0B307FACE81F53F23A5A9A4
samples\generated\aoistructure\aoilt_swap_timer_n08.L5X,C:\l5x_scratch\acd\aoilt_swap_timer_n08.ACD,ok,adopted-existing,9E728A37E849E16885ADEC79182D06B06D38FB20851FFB9632B55F29B330763E
samples\generated\aoistructure\aoistr_aoidesc_l256.L5X,C:\l5x_scratch\acd\aoistr_aoidesc_l256.ACD,ok,adopted-existing,5788C133A40C585499F5657347F3F447095B4B7FA51A8CE38AA8EA7D07F0F1D8
samples\generated\aoistructure\aoistr_aoirevnote_l256.L5X,C:\l5x_scratch\acd\aoistr_aoirevnote_l256.ACD,ok,adopted-existing,2A12DCF22FC30F37E94F7DFE722B1CAD68EE3B194B5F49EE96AE81F1A3E33231
samples\generated\aoistructure\aoistr_desc_all_l000.L5X,C:\l5x_scratch\acd\aoistr_desc_all_l000.ACD,ok,adopted-existing,175F4D6C451296277417BFEEB3DD3EE1419DD61789681E99E9004D837E628186
samples\generated\aoistructure\aoistr_desc_all_l064.L5X,C:\l5x_scratch\acd\aoistr_desc_all_l064.ACD,ok,adopted-existing,A9A68F2ABD331C36CEF8558AA85D5E5D071B68F12B4DC8B12A8C04E7560CAE82
samples\generated\aoistructure\aoistr_desc_l000.L5X,C:\l5x_scratch\acd\aoistr_desc_l000.ACD,ok,adopted-existing,AE6082B25650CBB28EE5DC7DF1C264CA6B1D3A85BEBA1745304CABFB39FD12C0
samples\generated\aoistructure\aoistr_desc_l016.L5X,C:\l5x_scratch\acd\aoistr_desc_l016.ACD,ok,adopted-existing,AF02A6716878C640D86C54A82EC15417239E03AD8EE2E76EC23A0292A26355F2
samples\generated\aoistructure\aoistr_desc_l064.L5X,C:\l5x_scratch\acd\aoistr_desc_l064.ACD,ok,adopted-existing,FFE62F3BE65999B2DBFBDBB1E079EB4E3B0418D1C1B6FCB5B4D56C3CACD53340
samples\generated\aoistructure\aoistr_desc_l256.L5X,C:\l5x_scratch\acd\aoistr_desc_l256.ACD,ok,adopted-existing,E88B298F62F461735C2171B8FB908DB8883212A8C068CE870A28A4308F0F741E
samples\generated\aoistructure\aoistr_dim_base.L5X,C:\l5x_scratch\acd\aoistr_dim_base.ACD,ok,adopted-existing,764182E7C88D3965FD82CF6340660E8907F17810325387BA0998CDE98B3C4E9A
samples\generated\aoistructure\aoistr_dim_inout_d008.L5X,C:\l5x_scratch\acd\aoistr_dim_inout_d008.ACD,ok,adopted-existing,1267AE0B2CF902EDA77F2379F7BAB8C631BCD4EFAFBC195B612BD43C8A81CFEE
samples\generated\aoistructure\aoistr_dim_inout_d064.L5X,C:\l5x_scratch\acd\aoistr_dim_inout_d064.ACD,ok,adopted-existing,790282D341502B7E8D16BF792580E173C4A0CB09F67937AF9AF3CA45E98FF0BC
samples\generated\aoistructure\aoistr_dim_inout_d512.L5X,C:\l5x_scratch\acd\aoistr_dim_inout_d512.ACD,ok,adopted-existing,DEF683C650646AEB5B63622C909F753AF18AF11B578457E920E18D6C423BCEC8
samples\generated\aoistructure\aoistr_dim_local_atomic_d008.L5X,C:\l5x_scratch\acd\aoistr_dim_local_atomic_d008.ACD,ok,adopted-existing,7DD1B265F8CFD555A2B6216231AC9C6E0A438603EC66461B4ED05D4435F56AD6
samples\generated\aoistructure\aoistr_dim_local_atomic_d064.L5X,C:\l5x_scratch\acd\aoistr_dim_local_atomic_d064.ACD,ok,adopted-existing,9CE74B460C6C4D1AD2DEB9A9ACEF25794683E875F78D2886E7921E1B2935528E
samples\generated\aoistructure\aoistr_dim_local_atomic_d512.L5X,C:\l5x_scratch\acd\aoistr_dim_local_atomic_d512.ACD,ok,adopted-existing,53DEC393AA3D70C467DB79906856BBC3451CBE12BB7B8BAD2E9FEAB2D0FF2C4B
samples\generated\aoistructure\aoistr_dim_local_timer_d008.L5X,C:\l5x_scratch\acd\aoistr_dim_local_timer_d008.ACD,ok,adopted-existing,1966F2E7590F3AD123C4276F1809068213009C62908CD823C97DF1D6C88F42F8
samples\generated\aoistructure\aoistr_dim_local_timer_d064.L5X,C:\l5x_scratch\acd\aoistr_dim_local_timer_d064.ACD,ok,adopted-existing,1F4FCFF8629121CB9C5A1420344A516CFEB8506925859FC7D35A0B23AAA12B87
samples\generated\aoistructure\aoistr_inout_n00.L5X,C:\l5x_scratch\acd\aoistr_inout_n00.ACD,ok,adopted-existing,F65E03BEA1BA9FD37DB3E9B7173B5117AD30FDCFD0D1D7953C9AB8ED37426E5B
samples\generated\aoistructure\aoistr_inout_n04.L5X,C:\l5x_scratch\acd\aoistr_inout_n04.ACD,ok,adopted-existing,B05D38366D55B7D93A8005379649B7F7624255D6E67059386BC59640A7A370C6
samples\generated\aoistructure\aoistr_inout_n16.L5X,C:\l5x_scratch\acd\aoistr_inout_n16.ACD,ok,adopted-existing,CE247FEDE01915B3E981AB6355C34040B4BEA9D259D77A907F93DD416F1E0667
samples\generated\aoistructure\aoistr_inout_n48.L5X,C:\l5x_scratch\acd\aoistr_inout_n48.ACD,ok,adopted-existing,F117F83839E2AF1E0FF46E15BADC2A681C12989441907C9545A561250A0C170F
samples\generated\aoistructure\aoistr_namelen_c04.L5X,C:\l5x_scratch\acd\aoistr_namelen_c04.ACD,ok,adopted-existing,940E4606C114862AC8065E19052E69E99B5735DB9FB4D079D69ACECBE9E457AA
samples\generated\aoistructure\aoistr_namelen_c08.L5X,C:\l5x_scratch\acd\aoistr_namelen_c08.ACD,ok,adopted-existing,ED76BDC38FDF4CEB40F83C72470285E0BB5853AEC2CA04AF335E5F362A135332
samples\generated\aoistructure\aoistr_namelen_c12.L5X,C:\l5x_scratch\acd\aoistr_namelen_c12.ACD,ok,adopted-existing,B75AA5A4EAFD53358C6C62FB98DD96A776EE3334B2759250CDCC75EBDACF2215
samples\generated\aoistructure\aoistr_namelen_c16.L5X,C:\l5x_scratch\acd\aoistr_namelen_c16.ACD,ok,adopted-existing,11DEF8D8A7F5F4C6655381CC93307CF315A390184FA0A963C15512656D5C1B04
samples\generated\aoistructure\aoistr_namelen_c20.L5X,C:\l5x_scratch\acd\aoistr_namelen_c20.ACD,ok,adopted-existing,A2D14C575B75CC5C2A1EFD79ED8F95C0B4742743EE7402A752B2DA7933EA842E
samples\generated\aoistructure\aoistr_namelen_c28.L5X,C:\l5x_scratch\acd\aoistr_namelen_c28.ACD,ok,adopted-existing,6E0D88A8710B850512A0F33A9CE9AD538E66577CFE5EA118231D3DB52807249F
samples\generated\aoistructure\aoistr_namelen_c40.L5X,C:\l5x_scratch\acd\aoistr_namelen_c40.ACD,ok,adopted-existing,4ECD6A9EE98A7ADF70F9DD9194C5380E399596C20E91B9433DF28FF57F9123B2
samples\generated\aoistructure\aoistr_predef_base_n00.L5X,C:\l5x_scratch\acd\aoistr_predef_base_n00.ACD,ok,adopted-existing,04860551E17FBB5982332323EB8DEFDEEDA7C279F74EE13D8DD671F4F6B40BFE
samples\generated\aoistructure\aoistr_predef_counter_n01.L5X,C:\l5x_scratch\acd\aoistr_predef_counter_n01.ACD,ok,adopted-existing,6B8F22A2F82AF82204C08D1FF3A2A8E824BFC131173E683CF07A2E340CC53EF2
samples\generated\aoistructure\aoistr_predef_counter_n08.L5X,C:\l5x_scratch\acd\aoistr_predef_counter_n08.ACD,ok,adopted-existing,B008B0D5988F3C7FBC2FA284FB7C3B9ED3B14B4540028EBAEE5B0BF7FA20504F
samples\generated\aoistructure\aoistr_predef_motion_n01.L5X,C:\l5x_scratch\acd\aoistr_predef_motion_n01.ACD,ok,adopted-existing,658202A686DA5F1C091845FF3E5A81BE77EF1D47B1F4B4EEC7D4857DC945437B
samples\generated\aoistructure\aoistr_predef_motion_n08.L5X,C:\l5x_scratch\acd\aoistr_predef_motion_n08.ACD,ok,adopted-existing,3054A9ADFE2A7F47D2488AFB73750B54397CA80DCD767769110FAACEB69630B4
samples\generated\aoistructure\aoistr_predef_msg_inout_n01.L5X,C:\l5x_scratch\acd\aoistr_predef_msg_inout_n01.ACD,ok,adopted-existing,F896B57F47E466EF8ADEA161266295E355181FBCDE35EE93630F0A5542737338
samples\generated\aoistructure\aoistr_predef_msg_inout_n08.L5X,C:\l5x_scratch\acd\aoistr_predef_msg_inout_n08.ACD,ok,adopted-existing,E48E699DB61DF80931538B5D0BD2AC081646D7DEE59590B2AB0BAC29EE75D269
samples\generated\aoistructure\aoistr_predef_string_n01.L5X,C:\l5x_scratch\acd\aoistr_predef_string_n01.ACD,ok,adopted-existing,84DFA31B570CC7541470DBCCAF71523DC36E8ECC2B8B6FE25762A04BCA8915B6
samples\generated\aoistructure\aoistr_predef_string_n08.L5X,C:\l5x_scratch\acd\aoistr_predef_string_n08.ACD,ok,adopted-existing,A05FBDEB21208426CA856831EA4AFD611072B180BB47AF3EBE57071588016155
samples\generated\aoistructure\aoistr_predef_timer_n01.L5X,C:\l5x_scratch\acd\aoistr_predef_timer_n01.ACD,ok,adopted-existing,6D9309DAAD9193B04FA4CA02B82199533F60CAF2F8574D4F33A534080C60CD95
samples\generated\aoistructure\aoistr_predef_timer_n08.L5X,C:\l5x_scratch\acd\aoistr_predef_timer_n08.ACD,ok,adopted-existing,B557790107B13190367B35A2AEC162D5081E6DF24D8678E1DBF83217442BDC16
samples\generated\aoistructure\aoistr_real_median.L5X,C:\l5x_scratch\acd\aoistr_real_median.ACD,ok,adopted-existing,59255BF4DCB93D0C202713046EB9179E4DCB702D0E412A69B70B7EF40069C195
samples\generated\aoistructure\aoistr_real_p90.L5X,C:\l5x_scratch\acd\aoistr_real_p90.ACD,ok,adopted-existing,B42B4B69A8603255F7CFAEF35ABF5A043C6874C15D2FE53BFEAC1A756BE06239
samples\generated\aoistructure\aoistr_routines_n1.L5X,C:\l5x_scratch\acd\aoistr_routines_n1.ACD,ok,adopted-existing,CE7E835023767E2D32A8673D186210D6AACE4DF8B8BB507DF131C37C1F5B13BF
samples\generated\aoistructure\aoistr_routines_n2.L5X,C:\l5x_scratch\acd\aoistr_routines_n2.ACD,ok,adopted-existing,270B862A47F3A7B39CE5DEBC6806FD9A86E45317832EEDA13786230D45214A9A
samples\generated\aoistructure\aoistr_routines_n3.L5X,C:\l5x_scratch\acd\aoistr_routines_n3.ACD,ok,adopted-existing,CFAE827C159462CFD58267BA707BB952465DB608F278A9254EAEF119B2A66ACF
samples\generated\aoistructure\aoistr_scale_local_n011.L5X,C:\l5x_scratch\acd\aoistr_scale_local_n011.ACD,ok,adopted-existing,511CD1E27CD5728536BCA998DF29DB7A8BED9AE7A2A506A5BA7AD9747BDDACEE
samples\generated\aoistructure\aoistr_scale_local_n032.L5X,C:\l5x_scratch\acd\aoistr_scale_local_n032.ACD,ok,adopted-existing,F482771F076826D14CAB92402C9FADED20733F53E0B5F519A9EA26E8520CE43C
samples\generated\aoistructure\aoistr_scale_local_n064.L5X,C:\l5x_scratch\acd\aoistr_scale_local_n064.ACD,ok,adopted-existing,592F6D619E33412CBCB608717C2910272FDE42970394CD3BEB16FE6A2747C175
samples\generated\aoistructure\aoistr_scale_local_n128.L5X,C:\l5x_scratch\acd\aoistr_scale_local_n128.ACD,ok,adopted-existing,B473A600EB7C9B71D91E1EB844D78E9DA4834617EE995E86A26026D64E1E6C77
samples\generated\aoistructure\aoistr_scale_param_n012.L5X,C:\l5x_scratch\acd\aoistr_scale_param_n012.ACD,ok,adopted-existing,6AF9A1069E211AC504B6F19550BD9DF42512C341402B4604DBB4DE4F0491549A
samples\generated\aoistructure\aoistr_scale_param_n024.L5X,C:\l5x_scratch\acd\aoistr_scale_param_n024.ACD,ok,adopted-existing,D8D22935993CE8E4F8EE85EBFD9CE476DFFFB03D270D304423D28FC3B2DD9E0C
samples\generated\aoistructure\aoistr_scale_param_n048.L5X,C:\l5x_scratch\acd\aoistr_scale_param_n048.ACD,ok,adopted-existing,22989DFA08AE10C326A82D06723043C9EB0624C90D3A42214B42C692CC37D4CA
samples\generated\aoistructure\aoistr_scale_param_n102.L5X,C:\l5x_scratch\acd\aoistr_scale_param_n102.ACD,ok,adopted-existing,69964455700CDC62222CBC7FE2628C5036D66408DA420ED2A131C22C593341CD
samples\generated\aoistructure\aoistr_scale_rung_n011.L5X,C:\l5x_scratch\acd\aoistr_scale_rung_n011.ACD,ok,adopted-existing,C378702FE30D88D2AAB047C657816F0D94E50CC1CCF11F712E220BAAAB545E48
samples\generated\aoistructure\aoistr_scale_rung_n024.L5X,C:\l5x_scratch\acd\aoistr_scale_rung_n024.ACD,ok,adopted-existing,709B6A850FEF7E0C723561BBE64F313096E12018DA23D01F60080B495B42E128
samples\generated\aoistructure\aoistr_scale_rung_n048.L5X,C:\l5x_scratch\acd\aoistr_scale_rung_n048.ACD,ok,adopted-existing,863BA8B9DBBCFD3F3F464297B13001EF6C5A74D00595CC1581437AD4141C1D9B
samples\generated\aoistructure\aoistr_scale_rung_n085.L5X,C:\l5x_scratch\acd\aoistr_scale_rung_n085.ACD,ok,adopted-existing,A7B13166078FBD5F11BC9FB9612C0D3E844E2B86CF8EEC13A33D4183141301E8
samples\generated\axis\axis_aoi_inout_1_instance.L5X,C:\l5x_scratch\acd\axis_aoi_inout_1_instance.ACD,ok,adopted-existing,634C09C4D57C49E77CA941188814FAC8FADB34F58DEA840B235E6A46B4556094
samples\generated\axis\axis_aoi_inout_reqvis_hidden_def_only.L5X,C:\l5x_scratch\acd\axis_aoi_inout_reqvis_hidden_def_only.ACD,ok,adopted-existing,02C4B1A1516EA44F8BD012753085CF3C1B1DD073B28635EE097E1C9BFFCF4A1F
samples\generated\axis\axis_aoi_inout_reqvis_required_def_only.L5X,C:\l5x_scratch\acd\axis_aoi_inout_reqvis_required_def_only.ACD,ok,adopted-existing,7993BC87E1F5E9256AE72FC2C621933FE5F6BB75EB0F66C4F12415461F11EBB4
samples\generated\axis\axis_aoi_inout_reqvis_visibleoptional_def_only.L5X,C:\l5x_scratch\acd\axis_aoi_inout_reqvis_visibleoptional_def_only.ACD,ok,adopted-existing,D981A4DBE7E432BF8858C6F536507375B7CF489D70B72A181F100DC7FB344284
samples\generated\axis\axis_baseline_motiongroup_only.L5X,C:\l5x_scratch\acd\axis_baseline_motiongroup_only.ACD,ok,adopted-existing,9D8C7F6FCC4BE0EAB105F05A74FBC4ABAA442F9EED7AE2FFE6D455E5E27E5B88
samples\generated\axis\axis_cip_drive_only.L5X,C:\l5x_scratch\acd\axis_cip_drive_only.ACD,ok,adopted-existing,4517D83BDD2CC0DD0972B196B972A9D61A472CE05F01925339392364FB10DB28
samples\generated\axis\axis_composite_udt_10_instance.L5X,C:\l5x_scratch\acd\axis_composite_udt_10_instance.ACD,ok,adopted-existing,48CAD4537C05171B9543E4751B6031C7CD2249F6A568253A2B5670BE57FDE7AB
samples\generated\axis\axis_composite_udt_1_instance.L5X,C:\l5x_scratch\acd\axis_composite_udt_1_instance.ACD,ok,adopted-existing,B89344DA723E56B953E0180B3D75D3E5D4E56C3A69243C225BF8A64CD4E0D0B7
samples\generated\axis\axis_composite_udt_def_only.L5X,C:\l5x_scratch\acd\axis_composite_udt_def_only.ACD,ok,adopted-existing,0613E1E9E498569AC5A70255CAD86C5CDDF072A11DAEE3973ADF2D7AD6A35685
samples\generated\axis\axis_coordinate_system_only.L5X,C:\l5x_scratch\acd\axis_coordinate_system_only.ACD,ok,adopted-existing,782339322ECE3B49C9A209EB11D972892015A10F91E69FC6F0C1B848ED4309EB
samples\generated\axis\axis_full_combo.L5X,C:\l5x_scratch\acd\axis_full_combo.ACD,ok,adopted-existing,977BCC08874C318F89858A7727AAB98BA9B433E259F90429D23BA6FB7235C76A
samples\generated\axis\axis_servo_only.L5X,C:\l5x_scratch\acd\axis_servo_only.ACD,ok,adopted-existing,FF7C84F672BD4F232C82BE57A5DDC72EB08F773A13AEB6CCEC79AD642E21ADAD
samples\generated\axis\axis_virtual_only.L5X,C:\l5x_scratch\acd\axis_virtual_only.ACD,ok,adopted-existing,DEF13E7ADE8064CC21D9861A269E5F9299F5831B0648611ACEDD81F013A25B59
samples\generated\axis\axmarg_1cat_n02.L5X,C:\l5x_scratch\acd\axmarg_1cat_n02.ACD,ok,adopted-existing,917A6133CCD00FDA78E50629D39784FC35FBDC0DB8CDABC46B37E201A15B41A7
samples\generated\axis\axmarg_1cat_n04.L5X,C:\l5x_scratch\acd\axmarg_1cat_n04.ACD,ok,adopted-existing,8283ABFA96308B2E217897069D26A3AA4EA9D658EAEB2D3756A681D3A8922AC7
samples\generated\axis\axmarg_1cat_n08.L5X,C:\l5x_scratch\acd\axmarg_1cat_n08.ACD,ok,adopted-existing,2E5EE87A99BB79D90323306C98B360EEC0ABAFF4946C7C1151B89FC84C8F9972
samples\generated\axis\axmarg_1cat_n12.L5X,C:\l5x_scratch\acd\axmarg_1cat_n12.ACD,ok,adopted-existing,0AAA332571C393D52F51F4BC4098C733178DE4E92F6F5438A4BC33FC4883F133
samples\generated\axis\axmarg_1cat_n20.L5X,C:\l5x_scratch\acd\axmarg_1cat_n20.ACD,ok,adopted-existing,AA25746FC1D67EB22F0441CB0321F9585CFFEABE21C80C83C625D1CE2C7F61BC
samples\generated\axis\axmarg_mixed_n08.L5X,C:\l5x_scratch\acd\axmarg_mixed_n08.ACD,ok,adopted-existing,ADB39C5E961BCF1C6E70F86BB60A2B4EA94BE0BBCBFA84061188CEF31C74ED0E
samples\generated\axis\axmarg_ncat_n08_1cat.L5X,C:\l5x_scratch\acd\axmarg_ncat_n08_1cat.ACD,ok,adopted-existing,15F21207FBA127C12D755D043E65CBC6CC3EEDD41EE140A1CB2B2559337AE770
samples\generated\axis\axmarg_ncat_n08_2cat.L5X,C:\l5x_scratch\acd\axmarg_ncat_n08_2cat.ACD,ok,adopted-existing,21DEDA5760885D507FDBFB89F10EE8CB105EF1FC7D3B00A7AB3C639D129A976F
samples\generated\axis\axmarg_ncat_n08_4cat.L5X,C:\l5x_scratch\acd\axmarg_ncat_n08_4cat.ACD,ok,adopted-existing,EE258E3BBFAEB50B51AB21B373831685E726F91C0193D562D3A3EF28DF5C4825
samples\generated\axis\axmarg_virtual_n01.L5X,C:\l5x_scratch\acd\axmarg_virtual_n01.ACD,ok,adopted-existing,B4AC9ED78AAA357A8245B460DDFB880B0E9F58D103E22943098BD8842B28309E
samples\generated\axis\axmarg_virtual_n02.L5X,C:\l5x_scratch\acd\axmarg_virtual_n02.ACD,ok,adopted-existing,6F2D2E521313EB7664B592E5714F1DECE47D3878802AD27B19BC748030667CB2
samples\generated\axis\axmarg_virtual_n04.L5X,C:\l5x_scratch\acd\axmarg_virtual_n04.ACD,ok,adopted-existing,E0D0B945E44A8D00C619AA10B0E8DD507B166831663612E0B97D34890B7E1415
samples\generated\axis\axmarg_virtual_n08.L5X,C:\l5x_scratch\acd\axmarg_virtual_n08.ACD,ok,adopted-existing,56F8071EAC17DD154B24F0192C5ADF3C7254AD037ACAB5A70FEE1C3761F4F153
samples\generated\axis\axmarg_virtual_n12.L5X,C:\l5x_scratch\acd\axmarg_virtual_n12.ACD,ok,adopted-existing,A6792594007DA4E3B3F3C8021D12D58D740C4536624D88D04265C6685A81A5E6
samples\generated\axis\axmarg_virtual_n16.L5X,C:\l5x_scratch\acd\axmarg_virtual_n16.ACD,ok,adopted-existing,312E48621DF68079AC87A7379B905CE80A18D6135997DF6A410FB676F91CB8AE
samples\generated\axis\axmarg_virtual_n20.L5X,C:\l5x_scratch\acd\axmarg_virtual_n20.ACD,ok,adopted-existing,6BBA7ACC94D2CA2517322BC712FDFEE6108875AB1F1B26BD23E68D81F9FF2529
samples\generated\axis\camprofile_n00001.L5X,C:\l5x_scratch\acd\camprofile_n00001.ACD,ok,adopted-existing,FCAFE5C416791B56841F64EE276F87903B2FB559BA8BC66F922F29AAE33D9E49
samples\generated\axis\camprofile_n00005.L5X,C:\l5x_scratch\acd\camprofile_n00005.ACD,ok,adopted-existing,DDC830C71092399E20725D45AF3FD96288ECAF531EE7267BA8455E4B691D343E
samples\generated\axis\camprofile_n00020.L5X,C:\l5x_scratch\acd\camprofile_n00020.ACD,ok,adopted-existing,B9042B7F7FFF50A10C851FF8E90AEDE0681DEA159247FD8D3753BD993D6E1C84
samples\generated\axis\camprofile_n00050.L5X,C:\l5x_scratch\acd\camprofile_n00050.ACD,ok,adopted-existing,A9C0EDEB3E084655A89784513AA43AA4D03833DCEEE15E76C83C518BF8D3B50E
samples\generated\axis\motioninstr_mah_n00010.L5X,C:\l5x_scratch\acd\motioninstr_mah_n00010.ACD,ok,adopted-existing,BC99787337803AD27C7A036CB717F0D2DE0106EC4A2C310FA7A7447A8B801463
samples\generated\axis\motioninstr_mah_n00100.L5X,C:\l5x_scratch\acd\motioninstr_mah_n00100.ACD,ok,adopted-existing,B37EC307410D1BD8433E49B93746EE7DE8AD2F3977F1E19B2CD2D5DC76A602FA
samples\generated\axis\motioninstr_maj_n00010.L5X,C:\l5x_scratch\acd\motioninstr_maj_n00010.ACD,ok,adopted-existing,B3F6507CE165984A82D2EC8A291EC33E5B9F974927D43E59B18CD87A9F68B5D6
samples\generated\axis\motioninstr_maj_n00100.L5X,C:\l5x_scratch\acd\motioninstr_maj_n00100.ACD,ok,adopted-existing,DBEEA356022ABBEE04D67CCE4C0075444363BA423315F65EB2FB7D2A0CAB8BB5
samples\generated\axis\motioninstr_mam_n00010.L5X,C:\l5x_scratch\acd\motioninstr_mam_n00010.ACD,ok,adopted-existing,6C82FDE873D2271FEE04F665E7479A6E706C392F19C86486D4AD6BD1BC4995D5
samples\generated\axis\motioninstr_mam_n00100.L5X,C:\l5x_scratch\acd\motioninstr_mam_n00100.ACD,ok,adopted-existing,FC38FDF392454532C4ABB20BFCC8AFF38CF29520C9B74681708BBA43A7951ED6
samples\generated\axis\motioninstr_mar_n00010.L5X,C:\l5x_scratch\acd\motioninstr_mar_n00010.ACD,ok,adopted-existing,744664DE7307C3FE7352B8AFCBAC74F2699CFCA32C34DB6DA97344E4761C49BB
samples\generated\axis\motioninstr_mar_n00100.L5X,C:\l5x_scratch\acd\motioninstr_mar_n00100.ACD,ok,adopted-existing,AF333976A67CD58E59E9FF8396020A1052A3BA694C143C4CF60FEE7AB0F8DB5F
samples\generated\axis\motioninstr_mas_n00010.L5X,C:\l5x_scratch\acd\motioninstr_mas_n00010.ACD,ok,adopted-existing,F4E0FF061DA770A462249D2939283915802464B44C3D584793434B8AC50B71FF
samples\generated\axis\motioninstr_mas_n00100.L5X,C:\l5x_scratch\acd\motioninstr_mas_n00100.ACD,ok,adopted-existing,0CA6DD19358EDE0060C6F7A064ABB837412CB93CF3587C408333FFAC42FC3E83
samples\generated\axis\motioninstr_maw_n00010.L5X,C:\l5x_scratch\acd\motioninstr_maw_n00010.ACD,ok,adopted-existing,C96A9C457014D29824D4EB411E0C0274D3B218A7E8DD2513AB7CD379D519C52B
samples\generated\axis\motioninstr_maw_n00100.L5X,C:\l5x_scratch\acd\motioninstr_maw_n00100.ACD,ok,adopted-existing,3D8BD46DD047C005928787CE117DCF836113515962D1E4AEE011E0B4EE695105
samples\generated\axis\motioninstr_mdr_n00010.L5X,C:\l5x_scratch\acd\motioninstr_mdr_n00010.ACD,ok,adopted-existing,5A4CBFC217B43321BA18329BD1879E6895F1CCBBB4B157DC528AD42C076F9B02
samples\generated\axis\motioninstr_mdr_n00100.L5X,C:\l5x_scratch\acd\motioninstr_mdr_n00100.ACD,ok,adopted-existing,52CDDD3EEE58F4E805EAFD653C7C2638A654D9D2F91BCFFE7F2146EFFEE9A9D9
samples\generated\axis\motioninstr_mrp_n00010.L5X,C:\l5x_scratch\acd\motioninstr_mrp_n00010.ACD,ok,adopted-existing,F3CB8848D9ECAB8BF67EC84A06090304827A95B967B6B9345ED376C637E8F756
samples\generated\axis\motioninstr_mrp_n00100.L5X,C:\l5x_scratch\acd\motioninstr_mrp_n00100.ACD,ok,adopted-existing,033B54CAFE81FDD89F351D52AD3B5688C926FADAB9C33288334D4D9DD21ABA26
samples\generated\axis\motioninstr_msf_n00010.L5X,C:\l5x_scratch\acd\motioninstr_msf_n00010.ACD,ok,adopted-existing,FC635AEB272C9991137B0BA6508BCA9FC38A24F00A60EBA2AB48D57FBB0962D3
samples\generated\axis\motioninstr_msf_n00100.L5X,C:\l5x_scratch\acd\motioninstr_msf_n00100.ACD,ok,adopted-existing,8C8A39ACEAB0AC8C7519E87D57C8DAB844FD7E512D7AC7DC8551574A7424A7E3
samples\generated\axis\motioninstr_mso_n00010.L5X,C:\l5x_scratch\acd\motioninstr_mso_n00010.ACD,ok,adopted-existing,CE83204DB10E7BD10E4CDD69B7F0245FDA15EF978F93986B88F8262C008FA39C
samples\generated\axis\motioninstr_mso_n00100.L5X,C:\l5x_scratch\acd\motioninstr_mso_n00100.ACD,ok,adopted-existing,80CB1C46F1623AE60AF56552B9255E267A31142908547A61592212E84566BA60
samples\generated\axis\motioninstr_n00001.L5X,C:\l5x_scratch\acd\motioninstr_n00001.ACD,ok,adopted-existing,C8FA02F6420F2FEED7999CDFCAF391A16F88DBD16EC987D6A65460244B90EDB9
samples\generated\axis\motioninstr_n00005.L5X,C:\l5x_scratch\acd\motioninstr_n00005.ACD,ok,adopted-existing,F885532486857D4723EC3602A7D99446270D250F277E0B17D8B91551AFFB5B04
samples\generated\axis\motioninstr_n00050.L5X,C:\l5x_scratch\acd\motioninstr_n00050.ACD,ok,adopted-existing,23B3CD4C1C22C37F891E31EE03A2D7199776E6D7F6B8BB9CE8F931C7B79B4461
samples\generated\axis\motionsyntax_maj_profilescurve_n01.L5X,C:\l5x_scratch\acd\motionsyntax_maj_profilescurve_n01.ACD,ok,adopted-existing,83F9D41F9E10C3F27F72D94315A1F553A2688E135B0F24472B730A3F75DB4237
samples\generated\axis\motionsyntax_maj_profiletrapezoidal_n01.L5X,C:\l5x_scratch\acd\motionsyntax_maj_profiletrapezoidal_n01.ACD,ok,adopted-existing,A30C7B10414B8CB7E6558025B1584EDB8108F275319D35621DC2E9CCA20557CC
samples\generated\axis\motionsyntax_mam_mergedisabled_n01.L5X,C:\l5x_scratch\acd\motionsyntax_mam_mergedisabled_n01.ACD,ok,adopted-existing,02D02DFE3FBBF3E9164B0D5584BCFC17DBAEF3AB1B6D11B2414A7242FE96CD7A
samples\generated\axis\motionsyntax_mam_mergeenabled_n01.L5X,C:\l5x_scratch\acd\motionsyntax_mam_mergeenabled_n01.ACD,ok,adopted-existing,9CDCBA030501147B4FCD60D27114EB4E2E7C21A6908E0799BF72CA908ADCE8B7
samples\generated\axis\motionsyntax_mas_all_decelno_jerkno_n01.L5X,C:\l5x_scratch\acd\motionsyntax_mas_all_decelno_jerkno_n01.ACD,ok,adopted-existing,66645710E24F25FC0CB6AE9119BD9C82BDFC0F900769A70C732E492FEB7559AE
samples\generated\axis\motionsyntax_mas_all_decelno_jerkyes_n01.L5X,C:\l5x_scratch\acd\motionsyntax_mas_all_decelno_jerkyes_n01.ACD,ok,adopted-existing,5BAF031E8523A653F9F706C4CCF97AF8D49F21931097920291C6227BA41EE143
samples\generated\axis\motionsyntax_mas_all_decelyes_jerkno_n01.L5X,C:\l5x_scratch\acd\motionsyntax_mas_all_decelyes_jerkno_n01.ACD,ok,adopted-existing,64DD91257EE22B5D39EBCFA5B73D83F9F0AFDC2DBB674636D305FB468F9A9C3E
samples\generated\axis\motionsyntax_mas_all_decelyes_jerkyes_n01.L5X,C:\l5x_scratch\acd\motionsyntax_mas_all_decelyes_jerkyes_n01.ACD,ok,adopted-existing,1CB142513DE57E125402C5CABEA00BA8E63C4AD7124DADD402EE25C43A5697E1
samples\generated\axis\motionsyntax_mas_jog_decelno_jerkno_n01.L5X,C:\l5x_scratch\acd\motionsyntax_mas_jog_decelno_jerkno_n01.ACD,ok,adopted-existing,089C14F579C082A94CDDD82B44FA119E49DF40E482038C6F5600528FBB9B03FD
samples\generated\axis\motionsyntax_mas_jog_decelno_jerkyes_n01.L5X,C:\l5x_scratch\acd\motionsyntax_mas_jog_decelno_jerkyes_n01.ACD,ok,adopted-existing,B7DFA5868A3794386BD85776AB2C0AC8590ED10EA66DB7F9F12A679C8D66512E
samples\generated\axis\motionsyntax_mas_jog_decelyes_jerkno_n01.L5X,C:\l5x_scratch\acd\motionsyntax_mas_jog_decelyes_jerkno_n01.ACD,ok,adopted-existing,99F056765DC4371424922CE2CDF49A467828F4AE798607CEB85B9CC783DE1F99
samples\generated\axis\motionsyntax_mas_jog_decelyes_jerkyes_n01.L5X,C:\l5x_scratch\acd\motionsyntax_mas_jog_decelyes_jerkyes_n01.ACD,ok,adopted-existing,3F9D59B72A8B8D19FAB309FABB8A0C8513EB7F40462EBE441EBE2C2D0270FF26
samples\generated\axis\motionsyntax_mrp_actualzero_n01.L5X,C:\l5x_scratch\acd\motionsyntax_mrp_actualzero_n01.ACD,ok,adopted-existing,0644C20A3996AB78803AADB35D5949201AEF0E9252D1FAB4F4FBF9FD2EE6FCB5
samples\generated\axis\motionsyntax_mrp_zeroactualpos_n01.L5X,C:\l5x_scratch\acd\motionsyntax_mrp_zeroactualpos_n01.ACD,ok,adopted-existing,896D58A9B0ED6139544EA0BB2235327C0D1317C1464078F1377DBCC6913D52BA
samples\generated\boolpack\sample_0001_boolpack_baseline_0bool.L5X,C:\l5x_scratch\acd\sample_0001_boolpack_baseline_0bool.ACD,ok,adopted-existing,4B0F747B5212A48AFC2471B51EE9A49802E104A5E01803F1603D2BE73395C052
samples\generated\boolpack\sample_0002_boolpack_1000bool.L5X,C:\l5x_scratch\acd\sample_0002_boolpack_1000bool.ACD,ok,adopted-existing,4C2CDADF15209D4B10C8881A4952D47773E5FDAFBC6043577069EF1AC9BBB9E6
samples\generated\composite\composite_realistic_01_r2.L5X,C:\l5x_scratch\acd\composite_realistic_01_r2.ACD,ok,adopted-existing,1416A364FBA3F523976C006E6EB6894F375A0C4A8B7332C83BA5E1D08B78AB15
samples\generated\composite\composite_realistic_02_r2.L5X,C:\l5x_scratch\acd\composite_realistic_02_r2.ACD,ok,adopted-existing,9115D77D42D997B56417AB883AA34F6C21309021AA192F9C5D3E718BC24132B0
samples\generated\composite\composite_realistic_03_r2.L5X,C:\l5x_scratch\acd\composite_realistic_03_r2.ACD,ok,adopted-existing,A9183FE650F1FEEED16BBCA4D488A671CFD8530E62916883AB485594130C26F9
samples\generated\composite\composite_realistic_04_r2.L5X,C:\l5x_scratch\acd\composite_realistic_04_r2.ACD,ok,adopted-existing,6BB573204AD2D1713F76924EDD15926B871A1F3E50A0ED52B750C144239990CA
samples\generated\composite\composite_realistic_05_r2.L5X,C:\l5x_scratch\acd\composite_realistic_05_r2.ACD,ok,adopted-existing,D2A732AB83F712965E6BC5D22909D37397F96FF913585F4044159A62ACE72FCC
samples\generated\composite\composite_realistic_06_r2.L5X,C:\l5x_scratch\acd\composite_realistic_06_r2.ACD,ok,adopted-existing,56B835D530B9C741A2365C9161A3F795D8CD9A05203C056511AB3EDFC49C8810
samples\generated\composite\composite_realistic_07_r2.L5X,C:\l5x_scratch\acd\composite_realistic_07_r2.ACD,ok,adopted-existing,93EBD0E829701570428109F6D9FDAB0B692A0540514ACDDCC6AFFA4515D3AF2E
samples\generated\composite\composite_realistic_08_r2.L5X,C:\l5x_scratch\acd\composite_realistic_08_r2.ACD,ok,adopted-existing,52E06DBDD4DB195354AF61C2CB897635252306612B49581F57778A9DE7128DE8
samples\generated\composite\composite_realistic_09_r2.L5X,C:\l5x_scratch\acd\composite_realistic_09_r2.ACD,ok,adopted-existing,FD9B3E68C514F891384BD72F303D66CE5D76538AF6DC900D1CC18D4180C850B3
samples\generated\composite\composite_realistic_10_r3.L5X,C:\l5x_scratch\acd\composite_realistic_10_r3.ACD,ok,adopted-existing,80EE37BB0B195FA4BCF5BDD9673D325CADCF062D0C3443183B162EB8953B2F8D
samples\generated\composite\composite_realistic_11_r3.L5X,C:\l5x_scratch\acd\composite_realistic_11_r3.ACD,ok,adopted-existing,694124960A421F3FBF059D21F10B373D810B692B41DC62CCB61C5108777E98AD
samples\generated\composite\composite_realistic_12_r2.L5X,C:\l5x_scratch\acd\composite_realistic_12_r2.ACD,ok,adopted-existing,7C730BA6609D382E0ACE2AE7E04CDE53387D09FA46EC0A59E3F33578590C0884
samples\generated\composite\composite_realistic_13_r2.L5X,C:\l5x_scratch\acd\composite_realistic_13_r2.ACD,ok,adopted-existing,E9283BE8506FE34B2F8C62A20D0407FAFABAD8F5470B840DBC8273220D24EF8E
samples\generated\composite\composite_realistic_14_r2.L5X,C:\l5x_scratch\acd\composite_realistic_14_r2.ACD,ok,adopted-existing,5611135A543E38B151FA62C610361598D06AFBFA1009F3FDEF56E29E3C868AAE
samples\generated\composite\composite_realistic_15_r2.L5X,C:\l5x_scratch\acd\composite_realistic_15_r2.ACD,ok,adopted-existing,1CB7E000C9D6B379033B037328A919E4FA7DC89547DB1839569DA6920E292B16
samples\generated\composite\composite_realistic_16_r2.L5X,C:\l5x_scratch\acd\composite_realistic_16_r2.ACD,ok,adopted-existing,BE8FA010C6C7B605E169B2728E1A3AFA384E3E82A289EC1FE6876FAB14C387DA
samples\generated\composite\composite_realistic_17_r2.L5X,C:\l5x_scratch\acd\composite_realistic_17_r2.ACD,ok,adopted-existing,D3893FFE1FFC84386453C1AD0B64E9C4C522B5B44206B26475D56040C0BDD014
samples\generated\composite\composite_realistic_18_r2.L5X,C:\l5x_scratch\acd\composite_realistic_18_r2.ACD,ok,adopted-existing,C492DEC2627712DBE80370B0507DB4D2B21CCD786624E9025DF9BAF4B8CFC10C
samples\generated\composite\composite_realistic_19_r2.L5X,C:\l5x_scratch\acd\composite_realistic_19_r2.ACD,ok,adopted-existing,860223CA985FD54A4A2FC2FB93CB4DBB4A6408F842071C38356B8C44127E412C
samples\generated\composite\composite_realistic_20_r2.L5X,C:\l5x_scratch\acd\composite_realistic_20_r2.ACD,ok,adopted-existing,BD7E6071329467AB2E696F72DDC15D1ED7C1F35057A664AE630C44FE7778E6BE
samples\generated\composite\composite_realistic_21_r2.L5X,C:\l5x_scratch\acd\composite_realistic_21_r2.ACD,ok,adopted-existing,7DCBE54685BC5813D9B26CE5043566932059724DB0198D75089E5AFFDFB6E4DD
samples\generated\composite\composite_realistic_22_r3.L5X,C:\l5x_scratch\acd\composite_realistic_22_r3.ACD,ok,adopted-existing,1E376796746D577643CAFCE23DD0D2342419303A3972F13D435A11E29AB3642C
samples\generated\composite\composite_realistic_23_r2.L5X,C:\l5x_scratch\acd\composite_realistic_23_r2.ACD,ok,adopted-existing,42D634BFBA4C1A6C98EAA8CBDA8828CADFF50464E6E8B1636E101DAE05B8EAEC
samples\generated\composite\composite_realistic_24_r2.L5X,C:\l5x_scratch\acd\composite_realistic_24_r2.ACD,ok,adopted-existing,7D027AAFB271B8E6AD326D439FD7C1556BEC000E024C7978B3E780AA25B6A7EB
samples\generated\composite\composite_realistic_25_r2.L5X,C:\l5x_scratch\acd\composite_realistic_25_r2.ACD,ok,adopted-existing,28A68C58BEDA75EBF919466742D73D25709B1D89F0598E440EDB09B86FED4C84
samples\generated\composite\composite_realistic_26_r2.L5X,C:\l5x_scratch\acd\composite_realistic_26_r2.ACD,ok,adopted-existing,0A61A7DA31BF38462014C7331D94B390427B15D4E08F3AE80FD0DD4F3D7E27A1
samples\generated\composite\composite_realistic_27_r2.L5X,C:\l5x_scratch\acd\composite_realistic_27_r2.ACD,ok,adopted-existing,D31327A29CC6DA4E5FB6B8F1E4D700A353284DAB6885A11C2A680893011357AE
samples\generated\composite\composite_realistic_28_r2.L5X,C:\l5x_scratch\acd\composite_realistic_28_r2.ACD,ok,adopted-existing,A9C2448A45A1D0149CFB4AB3F7AD01F5968D384AD89CBBEEF8BA2535D1F6F4C5
samples\generated\composite\composite_realistic_29_r2.L5X,C:\l5x_scratch\acd\composite_realistic_29_r2.ACD,ok,adopted-existing,6D121777BD3BE9C1A2DBAB57E60FCAFDB3A0A2FB8382208679DEB243033F2A8B
samples\generated\composite\composite_realistic_30_r2.L5X,C:\l5x_scratch\acd\composite_realistic_30_r2.ACD,ok,adopted-existing,398C474EF6E6BDF8870C3847A5C2E0886A66E9442544C0D53673BA475A6D87EA
samples\generated\composite\composite_realistic_31_r2.L5X,C:\l5x_scratch\acd\composite_realistic_31_r2.ACD,ok,adopted-existing,50CC938B85ABA8EAA1B51362503411E7EEC7A04F253BCCCDFCB5E82B4301DD4A
samples\generated\composite\composite_realistic_32_r3.L5X,C:\l5x_scratch\acd\composite_realistic_32_r3.ACD,ok,adopted-existing,211FFA1EB7DBE03ED8ABC77C9B89E324BF04FBB1ECBF9E49A7AA7A79564105E6
samples\generated\composite\composite_realistic_33_r2.L5X,C:\l5x_scratch\acd\composite_realistic_33_r2.ACD,ok,adopted-existing,D71D7296A72BA537E23731B542B6D779A479DC6A2279A81BFBE80BA46916EB0D
samples\generated\composite\composite_realistic_34_r3.L5X,C:\l5x_scratch\acd\composite_realistic_34_r3.ACD,ok,adopted-existing,D9CFEF34730F4CC1487D0D11FD87CE119A80F6B016FFC1802F61F69A9E3F712C
samples\generated\composite\composite_realistic_35_r2.L5X,C:\l5x_scratch\acd\composite_realistic_35_r2.ACD,ok,adopted-existing,D11364AE2B9C4608E6744453CA3E20C54894770C3F0970D9AFA1B8589A750C90
samples\generated\composite\composite_realistic_36_r3.L5X,C:\l5x_scratch\acd\composite_realistic_36_r3.ACD,ok,adopted-existing,8360698AE4A2379D1951F7FF74716382324BDDA97149D73B96E0185807C40F32
samples\generated\composite\composite_realistic_37_r2.L5X,C:\l5x_scratch\acd\composite_realistic_37_r2.ACD,ok,adopted-existing,3D423C2D7FA578F36A775F19689F189C984A48A91D861950F254796B89CC6191
samples\generated\composite\composite_realistic_38_r2.L5X,C:\l5x_scratch\acd\composite_realistic_38_r2.ACD,ok,adopted-existing,C7C7ACB91D0249B5CC00D3BD62117AD6C157EB06C84BCB2EC9812B6BC0E6EFAE
samples\generated\composite\composite_realistic_39_r2.L5X,C:\l5x_scratch\acd\composite_realistic_39_r2.ACD,ok,adopted-existing,134FD5421E7E7CEA261A79147501523D146B785CC944EFE029583A4D73A4A0A2
samples\generated\composite\composite_realistic_40_r2.L5X,C:\l5x_scratch\acd\composite_realistic_40_r2.ACD,ok,adopted-existing,C979DE381708F28FDE25C33D614F75C9E3C37A9F53F83E6555604B8AB199C51A
samples\generated\composite\composite_realistic_41_r2.L5X,C:\l5x_scratch\acd\composite_realistic_41_r2.ACD,ok,adopted-existing,A5918FEEE849178FC5CFD149B691E5774C83DFA5B6543B283FC0AFA121F622AC
samples\generated\composite\composite_realistic_42_r2.L5X,C:\l5x_scratch\acd\composite_realistic_42_r2.ACD,ok,adopted-existing,E22E13FDD72EB69643F6955FB78654BC1B93AA712D5E362C0A7FDA64D7302FC6
samples\generated\composite\composite_realistic_43_r2.L5X,C:\l5x_scratch\acd\composite_realistic_43_r2.ACD,ok,adopted-existing,72EB39F5898007AF4396E3A780DA2F3CAAA59CA5C5FD16EE6E0B94B952F97A06
samples\generated\composite\composite_realistic_44_r2.L5X,C:\l5x_scratch\acd\composite_realistic_44_r2.ACD,ok,adopted-existing,724903B55797200BB064EF5CC21051943FC6E09811A9528307737AC1848B32DB
samples\generated\composite\composite_realistic_45_r2.L5X,C:\l5x_scratch\acd\composite_realistic_45_r2.ACD,ok,adopted-existing,FD88B175DEB392A863291B7A735589BDA33FE1BF3E7286A73502202025D024D4
samples\generated\composite\composite_realistic_46_r3.L5X,C:\l5x_scratch\acd\composite_realistic_46_r3.ACD,ok,adopted-existing,4206D754FB65DD03B3DC029A52245BFA87BCAE28C8996F2C8258667759C06759
samples\generated\composite\composite_realistic_47_r3.L5X,C:\l5x_scratch\acd\composite_realistic_47_r3.ACD,ok,adopted-existing,692EF3E2D64B33E240B2ECFB400CFD89CF6BD8BA7B229D9BFFC860A8DF3F0487
samples\generated\composite\composite_realistic_48_r3.L5X,C:\l5x_scratch\acd\composite_realistic_48_r3.ACD,ok,adopted-existing,36DBACF199F6C2AE2286BC6E2B12D94D22310B009A518CDA1BA3C92FC74236B8
samples\generated\composite\composite_realistic_49_r2.L5X,C:\l5x_scratch\acd\composite_realistic_49_r2.ACD,ok,adopted-existing,5413DB242CE54DBC492BAB1D040B0B5C187F1BC3567975A211D6C1C10E72DAB1
samples\generated\composite\composite_realistic_50_r2.L5X,C:\l5x_scratch\acd\composite_realistic_50_r2.ACD,ok,adopted-existing,12FC0D315CD4261F9B5D05666335DACF928E1C10A5809394C9E6CE20283744B4
samples\generated\composite\composite_realistic_v3_01.L5X,C:\l5x_scratch\acd\composite_realistic_v3_01.ACD,ok,adopted-existing,9F84A9CFCEAEC1ED9350FB1D3C5F7A6A07596540AE5C65ABB0C47F0CC234A364
samples\generated\composite\composite_realistic_v3_02.L5X,C:\l5x_scratch\acd\composite_realistic_v3_02.ACD,ok,adopted-existing,2CEB904990922BE300B0001655167F44925E3DA403E79715C0234303F08BF8C1
samples\generated\composite\composite_realistic_v3_03.L5X,C:\l5x_scratch\acd\composite_realistic_v3_03.ACD,ok,adopted-existing,F326427EA280E04D6EC8FAE717157EAF707CB87450199E1527C0AF90B0A90140
samples\generated\composite\composite_realistic_v3_04.L5X,C:\l5x_scratch\acd\composite_realistic_v3_04.ACD,ok,adopted-existing,FB9C86EDA2594F6BF0296178F34024F3D0DD5559A3077182289A97E9DDD03659
samples\generated\composite\composite_realistic_v3_05.L5X,C:\l5x_scratch\acd\composite_realistic_v3_05.ACD,ok,adopted-existing,6C5D78E4F58E4861FDB4424BE5006DBEA8004AF5737BE658ACD50C3C58882F0C
samples\generated\composite\composite_realistic_v3_06.L5X,C:\l5x_scratch\acd\composite_realistic_v3_06.ACD,ok,adopted-existing,A4A8411E8E4773031235C55A279133DC081C5B1E842C186D9EAA9F424A7A61CC
samples\generated\composite\composite_realistic_v3_07.L5X,C:\l5x_scratch\acd\composite_realistic_v3_07.ACD,ok,adopted-existing,A6D2DC23AD83143B19767F9402C9E70BD8272B0FECB9E2A709974F7B65398D92
samples\generated\composite\composite_realistic_v3_08.L5X,C:\l5x_scratch\acd\composite_realistic_v3_08.ACD,ok,adopted-existing,80C225C380A518170CE13D959BC7B0BB29AF50EDCD3F94E0AE87AE06D179F7C5
samples\generated\composite\composite_realistic_v3_09.L5X,C:\l5x_scratch\acd\composite_realistic_v3_09.ACD,ok,adopted-existing,7184362F624E4B165C93A0985032EC2163C178D07C4DF021F21FA300C25329F3
samples\generated\composite\composite_realistic_v3_10.L5X,C:\l5x_scratch\acd\composite_realistic_v3_10.ACD,ok,adopted-existing,CB3BED852C5F775CDD03A2C2CEFAF5AE0F454B17302AFC8C5D0A6060B6DC2A7A
samples\generated\composite\composite_realistic_v3_11.L5X,C:\l5x_scratch\acd\composite_realistic_v3_11.ACD,ok,adopted-existing,E1684169EFD3D9BD09723F4EECFFAF64ABCCA5DCE3E6297C1EE59BF4F8868BC7
samples\generated\composite\composite_realistic_v3_12.L5X,C:\l5x_scratch\acd\composite_realistic_v3_12.ACD,ok,adopted-existing,E68FA046A6480458D4C359F1719AADA11815836AD56FB619FB2A3E8A55C41681
samples\generated\composite\composite_realistic_v3_13.L5X,C:\l5x_scratch\acd\composite_realistic_v3_13.ACD,ok,adopted-existing,9E4B007E8999E77C8F5A0AAD8FF65264DA10D5524128227E9E1BE2A1A647B7E0
samples\generated\composite\composite_realistic_v3_14.L5X,C:\l5x_scratch\acd\composite_realistic_v3_14.ACD,ok,adopted-existing,F9F40AABACEF14B8F75B109BCA01A0E89F5B0AEAF6260DC5A5C12CFF6671A640
samples\generated\composite\composite_realistic_v3_15.L5X,C:\l5x_scratch\acd\composite_realistic_v3_15.ACD,ok,adopted-existing,9057D348BCC8B056A2B7EC53FBE3516FF544E2BAED2B13C7245B9826C9023165
samples\generated\composite\composite_realistic_v3_16.L5X,C:\l5x_scratch\acd\composite_realistic_v3_16.ACD,ok,adopted-existing,F4A0FCFC37AD72C2A7CC05D2AD78AB3E481A8ACBE48562B5FFA155E33C430F7A
samples\generated\composite\composite_realistic_v3_17.L5X,C:\l5x_scratch\acd\composite_realistic_v3_17.ACD,ok,adopted-existing,C59BD5A2374EF55A6978B1441CF90281C1F07C7B2F7868E128B02EB9893D335A
samples\generated\composite\composite_realistic_v3_18.L5X,C:\l5x_scratch\acd\composite_realistic_v3_18.ACD,ok,adopted-existing,275EA94FE237B2C45EA1550F1F23C5C2E8BA05EF39B4AFB17F91E202B6C9EF40
samples\generated\composite\composite_realistic_v3_19.L5X,C:\l5x_scratch\acd\composite_realistic_v3_19.ACD,ok,adopted-existing,BDC450B8D4E3405C85B2858639CBFA37552A4921C6B4C1AD80B4269C622FB761
samples\generated\composite\composite_realistic_v3_20.L5X,C:\l5x_scratch\acd\composite_realistic_v3_20.ACD,ok,adopted-existing,F704E0122151DFA2836CA1B7354F4B6A5FC8F1B76181C32CCDE05D0D9CEDBB6F
samples\generated\composite\composite_realistic_v3_21.L5X,C:\l5x_scratch\acd\composite_realistic_v3_21.ACD,ok,adopted-existing,10CEB27C40C1F792BEA722CDF9E79CC53C4357BAF6DDA2A30B069CCD4039A401
samples\generated\composite\composite_realistic_v3_22.L5X,C:\l5x_scratch\acd\composite_realistic_v3_22.ACD,ok,adopted-existing,CC570BDA7A5E0BCE567629D9F2CC782317543D26671B73C0F7417E192DF1A07B
samples\generated\composite\composite_realistic_v3_23.L5X,C:\l5x_scratch\acd\composite_realistic_v3_23.ACD,ok,adopted-existing,1528303575EFF7EFBE9C6DC803DC02D46CEE03F9E21EFD23ADF8EF22B261FB81
samples\generated\composite\composite_realistic_v3_24.L5X,C:\l5x_scratch\acd\composite_realistic_v3_24.ACD,ok,adopted-existing,EC72626DD0BAE51063921EF6E4E0FBCB58BEAA849B83F6A35D0695D10219BC04
samples\generated\composite\composite_realistic_v3_25.L5X,C:\l5x_scratch\acd\composite_realistic_v3_25.ACD,ok,adopted-existing,6AA229A9DBC944B70867C638A797CBE28730A8BBD1A7F435D657306D013CE7E8
samples\generated\composite\composite_realistic_v3_26.L5X,C:\l5x_scratch\acd\composite_realistic_v3_26.ACD,ok,adopted-existing,8A0A9EA0B433C195227823F8EAD3D4CA43683B7AC5CE5D07F360902C71D65A61
samples\generated\composite\composite_realistic_v3_27.L5X,C:\l5x_scratch\acd\composite_realistic_v3_27.ACD,ok,adopted-existing,D6A5DBD03DC249E971E63227C71C17EB5E1E8F63B3C277AA792B31018AA1B56A
samples\generated\composite\composite_realistic_v3_28.L5X,C:\l5x_scratch\acd\composite_realistic_v3_28.ACD,ok,adopted-existing,A4A33B7AB8F2C81F385A437C24D3702A8F16B1EE1AF30AB28D63C25B752836C6
samples\generated\composite\composite_realistic_v3_29.L5X,C:\l5x_scratch\acd\composite_realistic_v3_29.ACD,ok,adopted-existing,FED0917B69DB4613290128959661651431BBE04A063F11BB17D045E5C0F0234D
samples\generated\composite\composite_realistic_v3_30.L5X,C:\l5x_scratch\acd\composite_realistic_v3_30.ACD,ok,adopted-existing,5E7F1A25C1319440EACFFB071BECD11F8A3BB2398AA6171FBA4E9586EEE402C3
samples\generated\composite\composite_realistic_v3_31.L5X,C:\l5x_scratch\acd\composite_realistic_v3_31.ACD,ok,adopted-existing,513E2E6BA79223D4616B70A4BD93D6BE35E13FECC2C61F28125264BB597C2245
samples\generated\composite\composite_realistic_v3_32.L5X,C:\l5x_scratch\acd\composite_realistic_v3_32.ACD,ok,adopted-existing,B994BC1992D25727FE50DF2D29A2592358106F67545DE9A6A5D7E7A6F4DFE15A
samples\generated\composite\composite_realistic_v3_33.L5X,C:\l5x_scratch\acd\composite_realistic_v3_33.ACD,ok,adopted-existing,87BD3EBB8F7E597FF95BE3BE4C4FF6524B0DC7BECDE6F88311C508A03F688DF4
samples\generated\composite\composite_realistic_v3_34.L5X,C:\l5x_scratch\acd\composite_realistic_v3_34.ACD,ok,adopted-existing,948460152B570CFF691792F58BFA3F1E423793B42170D88B9D77DDEC3DCE3DFD
samples\generated\composite\composite_realistic_v3_35.L5X,C:\l5x_scratch\acd\composite_realistic_v3_35.ACD,ok,adopted-existing,309B28D8E8E59D114DF1E67C8B0E7D12583CD48CF132C32C017FB2514FFC5B07
samples\generated\composite\composite_realistic_v3_36.L5X,C:\l5x_scratch\acd\composite_realistic_v3_36.ACD,ok,adopted-existing,A2CF41CEA3D659CCC5C2E42906B4FE21817D3F7DE2E16EEFA4B06F119C0BCB9B
samples\generated\composite\composite_realistic_v3_37.L5X,C:\l5x_scratch\acd\composite_realistic_v3_37.ACD,ok,adopted-existing,A71F2A2B05002A7EE89A002EB0CFB0B71D45B16694DF47F6B115B9A2D06B6BF8
samples\generated\composite\composite_realistic_v3_38.L5X,C:\l5x_scratch\acd\composite_realistic_v3_38.ACD,ok,adopted-existing,775533BB487796A46C9D2725E2A7CFB1151EE5BADA93D9DE6B7AD624221F61FF
samples\generated\composite\composite_realistic_v3_39.L5X,C:\l5x_scratch\acd\composite_realistic_v3_39.ACD,ok,adopted-existing,46EDEA8193B38B10CB9F87BC1E4C4A00ADAB6022010C099A52B343204529D06B
samples\generated\composite\composite_realistic_v3_40.L5X,C:\l5x_scratch\acd\composite_realistic_v3_40.ACD,ok,adopted-existing,7CE87CEA2B110375D39A1307F8F330341173ACD3279F5E8F6936C1224BEFBDBC
samples\generated\composite\composite_realistic_v3_41.L5X,C:\l5x_scratch\acd\composite_realistic_v3_41.ACD,ok,adopted-existing,7135389EDDF45C2697EF7C035F1C4CD04765C957D19D28795DDBF36521ED0CAE
samples\generated\composite\composite_realistic_v3_42.L5X,C:\l5x_scratch\acd\composite_realistic_v3_42.ACD,ok,adopted-existing,2BB5F528E701DF251EDD4DC2C01E110F1539B611017212F2A5214A5A86FA401A
samples\generated\composite\composite_realistic_v3_43.L5X,C:\l5x_scratch\acd\composite_realistic_v3_43.ACD,ok,adopted-existing,7CBB296EC5141A8C0BACCB3F07C0E0810860F0E378CC5541CCDE8EB1AB1EA9A6
samples\generated\composite\composite_realistic_v3_44.L5X,C:\l5x_scratch\acd\composite_realistic_v3_44.ACD,ok,adopted-existing,6ACCE2CE627B59B3C59F30AC30838267A155D0C87EEF886A154F883782FDF6E4
samples\generated\composite\composite_realistic_v3_45.L5X,C:\l5x_scratch\acd\composite_realistic_v3_45.ACD,ok,adopted-existing,9D3B2578F6CE80CBBCA7801FE6DCD344BFD150798A02AD28F0C0F36627180C35
samples\generated\composite\composite_realistic_v3_46.L5X,C:\l5x_scratch\acd\composite_realistic_v3_46.ACD,ok,adopted-existing,F030209BFC9CB262333A0C2F6EE9FC5B506722F6A634058853CEBC11B76D2778
samples\generated\composite\composite_realistic_v3_47.L5X,C:\l5x_scratch\acd\composite_realistic_v3_47.ACD,ok,adopted-existing,4223F8036B9EE1C515E03840B2FA850D7E0B0DD5D2B3B24323DE5C76833BFCF7
samples\generated\composite\composite_realistic_v3_48.L5X,C:\l5x_scratch\acd\composite_realistic_v3_48.ACD,ok,adopted-existing,AA2B37537FCAA040DCD48E715AAC9F3CA64BC666A8AE06ABF66468CAAF853B63
samples\generated\composite\composite_realistic_v3_49.L5X,C:\l5x_scratch\acd\composite_realistic_v3_49.ACD,ok,adopted-existing,67C5B7A542A258BC03AA52B36113DA1ECBDC54A55563760A29D8977BB1AF175E
samples\generated\composite\composite_realistic_v3_50.L5X,C:\l5x_scratch\acd\composite_realistic_v3_50.ACD,ok,adopted-existing,80B7ECB19214D7773056C7667365D1EBC9FCA8C9B78BD39A1607FB499986FA5C
samples\generated\composite\composite_realistic_v4_001.L5X,C:\l5x_scratch\acd\composite_realistic_v4_001.ACD,ok,adopted-existing,2E94115CA08C16C4FC15254469C87DC6521462D17205FE3EB421E44B64C61095
samples\generated\composite\composite_realistic_v4_002.L5X,C:\l5x_scratch\acd\composite_realistic_v4_002.ACD,ok,adopted-existing,23EAFC43550D31DBE2F959FB7CBCD8D211D7C4EC2BA6CAB83335772A60A33784
samples\generated\composite\composite_realistic_v4_003.L5X,C:\l5x_scratch\acd\composite_realistic_v4_003.ACD,ok,adopted-existing,8CA9754BC7DFC944BAFEDAF3DA3764819078E78B70B7DE7DE3332685686F599A
samples\generated\composite\composite_realistic_v4_004.L5X,C:\l5x_scratch\acd\composite_realistic_v4_004.ACD,ok,adopted-existing,C0F95B405AE47F938E7BC3B6616D1A0E0D79332188F1B06BB84D2F66DF06A8F5
samples\generated\composite\composite_realistic_v4_005.L5X,C:\l5x_scratch\acd\composite_realistic_v4_005.ACD,ok,adopted-existing,F56D96B07A7957497CDB773F24F88763CC7C7839DA93341F3C432940F9B411B6
samples\generated\composite\composite_realistic_v4_006.L5X,C:\l5x_scratch\acd\composite_realistic_v4_006.ACD,ok,adopted-existing,95B6C257747E544FEF964B22083B5A5EA5966542B9BAE8F3DAC0204BC90D9B56
samples\generated\composite\composite_realistic_v4_007.L5X,C:\l5x_scratch\acd\composite_realistic_v4_007.ACD,ok,adopted-existing,45B88B901E02C9AA389518AC2CAB10B78331957587E70C015953B14A28DEE07C
samples\generated\composite\composite_realistic_v4_008.L5X,C:\l5x_scratch\acd\composite_realistic_v4_008.ACD,ok,adopted-existing,0341C16BDBA980285FD6F3091BCFE3A249FF9E88022CBC7D5A277535782FC507
samples\generated\composite\composite_realistic_v4_009.L5X,C:\l5x_scratch\acd\composite_realistic_v4_009.ACD,ok,adopted-existing,EE04E316EEB36239D03FAF71B198FFDE0ABB0E2D8F414A5986D9936E5F7ECB4D
samples\generated\composite\composite_realistic_v4_010.L5X,C:\l5x_scratch\acd\composite_realistic_v4_010.ACD,ok,adopted-existing,0698E5D270DED80D9ADD7F57D1B8FC2D3936FF8E96AC46B02689E373441AE5BB
samples\generated\composite\composite_realistic_v4_011.L5X,C:\l5x_scratch\acd\composite_realistic_v4_011.ACD,ok,adopted-existing,938A6681C6F3A643F399CBEFD06FD84627B253464EEC22017306142AFC9E4459
samples\generated\composite\composite_realistic_v4_012.L5X,C:\l5x_scratch\acd\composite_realistic_v4_012.ACD,ok,adopted-existing,0A7714D90587BEB31BEEF25B07B204A5D7ADDB1853E0A1BA2898AE032AC3FE26
samples\generated\composite\composite_realistic_v4_013.L5X,C:\l5x_scratch\acd\composite_realistic_v4_013.ACD,ok,adopted-existing,26065325E13AC0652C0E6D54E8ED49E7D7631CC018D48267C16BEDCB4B6E09EE
samples\generated\composite\composite_realistic_v4_014.L5X,C:\l5x_scratch\acd\composite_realistic_v4_014.ACD,ok,adopted-existing,A3443047991447DCA710DCE5820DD4E194A4ABA626E888CAB15CFB1BC2C55477
samples\generated\composite\composite_realistic_v4_015.L5X,C:\l5x_scratch\acd\composite_realistic_v4_015.ACD,ok,adopted-existing,64DC1BA99EC7EA7D8785AFA1BA645319A6C392C23F82C11B99663CB8F114B878
samples\generated\composite\composite_realistic_v4_016.L5X,C:\l5x_scratch\acd\composite_realistic_v4_016.ACD,ok,adopted-existing,E9D3CA11D243FE5216AED96E76C1543F5E0CB2EA706E89F6B4EB2A5D0291A742
samples\generated\composite\composite_realistic_v4_017.L5X,C:\l5x_scratch\acd\composite_realistic_v4_017.ACD,ok,adopted-existing,C5EA638642F8366520971A79EE302E4E6F4681F99B7AC6BF949CBF881BB26B16
samples\generated\composite\composite_realistic_v4_018.L5X,C:\l5x_scratch\acd\composite_realistic_v4_018.ACD,ok,adopted-existing,E09F0844EF2D1632C47B219F0DEAE4116163D89C8386C7BD6A733C5DA702C528
samples\generated\composite\composite_realistic_v4_019.L5X,C:\l5x_scratch\acd\composite_realistic_v4_019.ACD,ok,adopted-existing,52DEF7C6C27CDC5763E3C24B59A76C74E1D320CBC26584D9AA175ED5581CCE14
samples\generated\composite\composite_realistic_v4_020.L5X,C:\l5x_scratch\acd\composite_realistic_v4_020.ACD,ok,adopted-existing,D6F09B7C189D5F77443A26D24153AB10CE397F068C2C53E6773FEE2DD30737AF
samples\generated\composite\composite_realistic_v4_021.L5X,C:\l5x_scratch\acd\composite_realistic_v4_021.ACD,ok,adopted-existing,DE2E9D53E4D356626EB879E622D611816980F8A3C1451233CE0049476FECBECA
samples\generated\composite\composite_realistic_v4_022.L5X,C:\l5x_scratch\acd\composite_realistic_v4_022.ACD,ok,adopted-existing,8103017E07DC84C9BA7DF6839E4B8A73DCDB16A33D6A5CAEAA74AFAECE0C445F
samples\generated\composite\composite_realistic_v4_023.L5X,C:\l5x_scratch\acd\composite_realistic_v4_023.ACD,ok,adopted-existing,ACBFF8B926B06B4EA45AF35ABEBDF2C108C360E7F2786CB44FE96614FBC5B676
samples\generated\composite\composite_realistic_v4_024.L5X,C:\l5x_scratch\acd\composite_realistic_v4_024.ACD,ok,adopted-existing,77053A65FDA9D16B3DBBF088190395845DF07A2F2901F74A109ED071466322D6
samples\generated\composite\composite_realistic_v4_025.L5X,C:\l5x_scratch\acd\composite_realistic_v4_025.ACD,ok,adopted-existing,AC5BAEE88BA47D378B0A548B57FEDEA5337FB0F4DE725C8CCD0F4FDED0B9120F
samples\generated\composite\composite_realistic_v4_026.L5X,C:\l5x_scratch\acd\composite_realistic_v4_026.ACD,ok,adopted-existing,02300855570173E4B0A9A9CF27C344B2A916A1AF8DD260B6562604E61CD19FD6
samples\generated\composite\composite_realistic_v4_027.L5X,C:\l5x_scratch\acd\composite_realistic_v4_027.ACD,ok,adopted-existing,B31797BA00BCDD1B8F68D189955FF78A018B647B3C84AC09DD566B9FA9E5C5D1
samples\generated\composite\composite_realistic_v4_028.L5X,C:\l5x_scratch\acd\composite_realistic_v4_028.ACD,ok,adopted-existing,4F6B92C4702AEEB7AA314C6DC913ADDEEEC9B60C3044E5E900AEAC1B3C17545A
samples\generated\composite\composite_realistic_v4_029.L5X,C:\l5x_scratch\acd\composite_realistic_v4_029.ACD,ok,adopted-existing,EA928662E0960BA559A83DF92FC264E6A14EA95A9810D503F5DED138E4A79565
samples\generated\composite\composite_realistic_v4_030.L5X,C:\l5x_scratch\acd\composite_realistic_v4_030.ACD,ok,adopted-existing,C8F071E71B67E018F2DD182C678530A53DD24BF27A690EE7FDBA5BDCDD49AB48
samples\generated\composite\composite_realistic_v4_031.L5X,C:\l5x_scratch\acd\composite_realistic_v4_031.ACD,ok,adopted-existing,72994D994BECBABDBBD725590A684A8C8CC9AFB8FC452B694A0FFB82BAB20552
samples\generated\composite\composite_realistic_v4_032.L5X,C:\l5x_scratch\acd\composite_realistic_v4_032.ACD,ok,adopted-existing,3CFE18F6DBAC51FBAAFCEF4EA9E08B44D2675309C376D24E0345EB7F4DF58496
samples\generated\composite\composite_realistic_v4_033.L5X,C:\l5x_scratch\acd\composite_realistic_v4_033.ACD,ok,adopted-existing,41329CDB866786D613DC778AAF53A1A2F13577E4E0757848385C567C4A15E567
samples\generated\composite\composite_realistic_v4_034.L5X,C:\l5x_scratch\acd\composite_realistic_v4_034.ACD,ok,adopted-existing,B71E66EC3AB82CEBA0D4591125E886EEA26D7F92864BF5CBB9BB4E3AE2823E94
samples\generated\composite\composite_realistic_v4_035.L5X,C:\l5x_scratch\acd\composite_realistic_v4_035.ACD,ok,adopted-existing,0B9AF2250F4A7D3D513795BEA6186FD0C5089F933651C0CE5BC8B17BF9C78EE6
samples\generated\composite\composite_realistic_v4_036.L5X,C:\l5x_scratch\acd\composite_realistic_v4_036.ACD,ok,adopted-existing,C93B1C09987CC4BEFA8597CD08545802FC3C1643B40192F848A0B9FC0DB28402
samples\generated\composite\composite_realistic_v4_037.L5X,C:\l5x_scratch\acd\composite_realistic_v4_037.ACD,ok,adopted-existing,4D216BEF93114392763A3D1C1762AD425FE61604A0A64B8D19C3438A485776C1
samples\generated\composite\composite_realistic_v4_038.L5X,C:\l5x_scratch\acd\composite_realistic_v4_038.ACD,ok,adopted-existing,D0DEAB7E43F0C0BAA7C103E8389FC1E1B34556E05D14E0AF29176C0A4C0D1C6A
samples\generated\composite\composite_realistic_v4_039.L5X,C:\l5x_scratch\acd\composite_realistic_v4_039.ACD,ok,adopted-existing,25F3361DE50ACAFBD30168CFF08C84988398885C49EF72732882082A5876A66F
samples\generated\composite\composite_realistic_v4_040.L5X,C:\l5x_scratch\acd\composite_realistic_v4_040.ACD,ok,adopted-existing,E693DD2A32C4A66424E639D68D6E347EA018AFBD92474E8B2C0085057B1438C6
samples\generated\composite\composite_realistic_v4_041.L5X,C:\l5x_scratch\acd\composite_realistic_v4_041.ACD,ok,adopted-existing,1C9D1D350F78FA4D77C546D193DF8DCD0CA1EBC0579DD5E2ED0210821376F736
samples\generated\composite\composite_realistic_v4_042.L5X,C:\l5x_scratch\acd\composite_realistic_v4_042.ACD,ok,adopted-existing,73A917553206D1F43E993675FDF0405191A184C6DE070C3EF1CF0A8035F97E18
samples\generated\composite\composite_realistic_v4_043.L5X,C:\l5x_scratch\acd\composite_realistic_v4_043.ACD,ok,adopted-existing,EB876643DF20991684A992C5F24D9A77957D32818696FE0891F969553151980E
samples\generated\composite\composite_realistic_v4_044.L5X,C:\l5x_scratch\acd\composite_realistic_v4_044.ACD,ok,adopted-existing,905BCD9BB5D7E10CADD8C73216BB1BE84ACB9F9C72CFD7DB660DF99078C07207
samples\generated\composite\composite_realistic_v4_045.L5X,C:\l5x_scratch\acd\composite_realistic_v4_045.ACD,ok,adopted-existing,60744B29A68C74432D8DB6F4CAACF18268A51CA44E3ACE9B3A4ACEDD2D4AC02D
samples\generated\composite\composite_realistic_v4_046.L5X,C:\l5x_scratch\acd\composite_realistic_v4_046.ACD,ok,adopted-existing,AFBA04A5E87DEA7131405DC90BD3426147F11264C7990AE455983B4056180DEA
samples\generated\composite\composite_realistic_v4_047.L5X,C:\l5x_scratch\acd\composite_realistic_v4_047.ACD,ok,adopted-existing,C09E7ABA896185E8C5CF7A00B2925BB8C8F0B7CB4BDC6C5693EF7888B07C41F3
samples\generated\composite\composite_realistic_v4_048.L5X,C:\l5x_scratch\acd\composite_realistic_v4_048.ACD,ok,adopted-existing,9751736633AEE80E45D28877EF8B3A2686802D9925ED85451E13A144E2B7F59C
samples\generated\composite\composite_realistic_v4_049.L5X,C:\l5x_scratch\acd\composite_realistic_v4_049.ACD,ok,adopted-existing,FD1E1701B9513BECE038967F9EDC5CCD9D380545E5CAD82750814F3E91D4C4A8
samples\generated\composite\composite_realistic_v4_050.L5X,C:\l5x_scratch\acd\composite_realistic_v4_050.ACD,ok,adopted-existing,9E5C1BD0DA3F21B7EE52172E87D6ECB9B6D5B55184F5CD09539945200AD2194B
samples\generated\composite\composite_realistic_v4_051.L5X,C:\l5x_scratch\acd\composite_realistic_v4_051.ACD,ok,adopted-existing,9A77C95B5B10CB7A1F06F0A36FC51E06231A233C3234D237E85748F5C521D1A8
samples\generated\composite\composite_realistic_v4_052.L5X,C:\l5x_scratch\acd\composite_realistic_v4_052.ACD,ok,adopted-existing,9AB8383DF12D5D1EA4D177AE19261B1C3D44084E9A362C8A2D512DB332B76458
samples\generated\composite\composite_realistic_v4_053.L5X,C:\l5x_scratch\acd\composite_realistic_v4_053.ACD,ok,adopted-existing,47B48555739C3BD3195EE51B33644BFF0474A3AF40A234DDE9F7CA49DA0295EB
samples\generated\composite\composite_realistic_v4_054.L5X,C:\l5x_scratch\acd\composite_realistic_v4_054.ACD,ok,adopted-existing,9BB7CEBE0957ED4A62B1FCE39781F03CC690711ED26D5CD471CF769F587922A6
samples\generated\composite\composite_realistic_v4_055.L5X,C:\l5x_scratch\acd\composite_realistic_v4_055.ACD,ok,adopted-existing,13CEA7BC6DB6DE3EC88F79BE608F7DF9469B1CDC42F6A8A69250E735E42F0654
samples\generated\composite\composite_realistic_v4_056.L5X,C:\l5x_scratch\acd\composite_realistic_v4_056.ACD,ok,adopted-existing,979E57D8C08511D3FEDD5726B633938ACCB93D68DD430F2523057DD0A4F63689
samples\generated\composite\composite_realistic_v4_057.L5X,C:\l5x_scratch\acd\composite_realistic_v4_057.ACD,ok,adopted-existing,9E79686218A5B3F6AE3602948939E698F27BAB6804E4056ECD93F06867582C71
samples\generated\composite\composite_realistic_v4_058.L5X,C:\l5x_scratch\acd\composite_realistic_v4_058.ACD,ok,adopted-existing,81C6842A6159BF0C675F97721AE26C13BC491EE52DFD72BE07F701DD831A5458
samples\generated\composite\composite_realistic_v4_059.L5X,C:\l5x_scratch\acd\composite_realistic_v4_059.ACD,ok,adopted-existing,7D29C0A526823136C2938DB974FDDC02997F2B03AEBEFBE6FEF7E95EF803B9CC
samples\generated\composite\composite_realistic_v4_060.L5X,C:\l5x_scratch\acd\composite_realistic_v4_060.ACD,ok,adopted-existing,4401EA652C292A0649FCB1417C831AB606ECC5276F344B45FAF710115D1DF10F
samples\generated\composite\composite_realistic_v4_061.L5X,C:\l5x_scratch\acd\composite_realistic_v4_061.ACD,ok,adopted-existing,9E45DB1B0960E9C97CA012BAA36B2A58ADA0B33C3666B6EF8933CEFAAB62014F
samples\generated\composite\composite_realistic_v4_062.L5X,C:\l5x_scratch\acd\composite_realistic_v4_062.ACD,ok,adopted-existing,9D983E4008A27F7A39B76AC470F98A0A6070DAE363FC7AEF4886507A29DBF2FE
samples\generated\composite\composite_realistic_v4_063.L5X,C:\l5x_scratch\acd\composite_realistic_v4_063.ACD,ok,adopted-existing,7A38AF9B88ECF31D609431AAC5CF40D7AF1B50B4A65EB5C10FA2BC1D9E88D294
samples\generated\composite\composite_realistic_v4_064.L5X,C:\l5x_scratch\acd\composite_realistic_v4_064.ACD,ok,adopted-existing,AD5C470D2F3A54328EF31EC10F2596CF5CDB1C0C58CE94631A04196E189683B8
samples\generated\composite\composite_realistic_v4_065.L5X,C:\l5x_scratch\acd\composite_realistic_v4_065.ACD,ok,adopted-existing,BE9D7EE079A2D3A6E30DBB5B3735A55AAA8DBBA8963BBC30C16491FEF05E8E80
samples\generated\composite\composite_realistic_v4_066.L5X,C:\l5x_scratch\acd\composite_realistic_v4_066.ACD,ok,adopted-existing,35560B6F5C7D622FF2C65880D184A55C708E8717EA4F132DA68A940C017E7E6C
samples\generated\composite\composite_realistic_v4_067.L5X,C:\l5x_scratch\acd\composite_realistic_v4_067.ACD,ok,adopted-existing,BC5DA00AAE8AAF62F6951D712E1ECC24B9816C6E5A82E8F8B20560C7B7E2C816
samples\generated\composite\composite_realistic_v4_068.L5X,C:\l5x_scratch\acd\composite_realistic_v4_068.ACD,ok,adopted-existing,27EA17DE2CF86AECE0E7EE04FEFFF10B8F8E759C31CFD9746268DBEC3E24803A
samples\generated\composite\composite_realistic_v4_069.L5X,C:\l5x_scratch\acd\composite_realistic_v4_069.ACD,ok,adopted-existing,C82567650D9825E0483FE6206E19AD0A390ADBF25F9403593C9280B90B8A28A3
samples\generated\composite\composite_realistic_v4_070.L5X,C:\l5x_scratch\acd\composite_realistic_v4_070.ACD,ok,adopted-existing,D689D0937A409FF410E14BEC1AF709DD19516C355F65F0B819E1581E54DD2486
samples\generated\composite\composite_realistic_v4_071.L5X,C:\l5x_scratch\acd\composite_realistic_v4_071.ACD,ok,adopted-existing,7FA97A5F57058C9C6E378028B6717391E9B8B64CC885349C8CC4A90205A6788A
samples\generated\composite\composite_realistic_v4_072.L5X,C:\l5x_scratch\acd\composite_realistic_v4_072.ACD,ok,adopted-existing,334615CE8E9A290EF5EE6895064FE7847AD7685F86B3C1F50C4995D55A08D898
samples\generated\composite\composite_realistic_v4_073.L5X,C:\l5x_scratch\acd\composite_realistic_v4_073.ACD,ok,adopted-existing,CA732576D069155F8182D9E3E47522B25E20E625C7D9A8995FF8B58B3A6C8645
samples\generated\composite\composite_realistic_v4_074.L5X,C:\l5x_scratch\acd\composite_realistic_v4_074.ACD,ok,adopted-existing,C3D246199789DF439B7767CEA859C7F4ADD856BA1C38D0ABA659AD64CE80C15E
samples\generated\composite\v3abl_control.L5X,C:\l5x_scratch\acd\v3abl_control.ACD,ok,adopted-existing,E2012B51DCFD87F145DD4EB8461F4F0D0426CEF7064A0C6139027381230FF632
samples\generated\composite\v3abl_minarrays.L5X,C:\l5x_scratch\acd\v3abl_minarrays.ACD,ok,adopted-existing,B3DE6666F2813B02CEA6628AF933DCB48D220171F6C415997079EEE3716988E0
samples\generated\composite\v3abl_minudt.L5X,C:\l5x_scratch\acd\v3abl_minudt.ACD,ok,adopted-existing,984ECFED0FF7A403324BF1BF02B9225D12EE64E6923B36D6DB8B4CC1A873E45C
samples\generated\composite\v3abl_noaoi.L5X,C:\l5x_scratch\acd\v3abl_noaoi.ACD,ok,adopted-existing,C5C6C4D660455DFF3CD0927AAD6A3F970707CA46CBF22254CD7463EE2928AFF2
samples\generated\composite\v3abl_nomodules.L5X,C:\l5x_scratch\acd\v3abl_nomodules.ACD,ok,adopted-existing,16EF3247800C38B551ABA498E7F4DAB1A4701EC06E957424B04235E9850ECD30
samples\generated\composite\v3abl_noprograms.L5X,C:\l5x_scratch\acd\v3abl_noprograms.ACD,ok,adopted-existing,D36C3ADD86A69F95601E69CCCE980AD63ECF114B790F20100AFFC24C117CFED6
samples\generated\composite\v3abl_norungs.L5X,C:\l5x_scratch\acd\v3abl_norungs.ACD,ok,adopted-existing,74F86B998FE1C672FBBE88377A6A545D2B4DC8C98480DFE7E9FB6C32C5C7230B
samples\generated\composite\v3abl_nostrings.L5X,C:\l5x_scratch\acd\v3abl_nostrings.ACD,ok,adopted-existing,31137D3D09AD547910F4AEA8E2ED716B1261B9C691D11DCE78F44C0BA9402A92
samples\generated\cpt\cptarrange_alternating_n03.L5X,C:\l5x_scratch\acd\cptarrange_alternating_n03.ACD,ok,adopted-existing,1739FCF3CD047F125B796BA6C48C1B11473C7BD9AA5F7CE4B866E380077E6A26
samples\generated\cpt\cptarrange_alternating_n04.L5X,C:\l5x_scratch\acd\cptarrange_alternating_n04.ACD,ok,adopted-existing,AE8A040FDAFDCC3577E12C838DB72EF9E79C1236D9688F579A884A92E070A66F
samples\generated\cpt\cptarrange_alternating_n05.L5X,C:\l5x_scratch\acd\cptarrange_alternating_n05.ACD,ok,adopted-existing,DEC9A12D3A88F6DCD9B46193D441D6158C10BFD40D959A8BFBF2A5A70DFF816F
samples\generated\cpt\cptarrange_alternating_n06.L5X,C:\l5x_scratch\acd\cptarrange_alternating_n06.ACD,ok,adopted-existing,1403BFF6D318CA644C6DAC4C173A2E04E6D3CC3489C69132F0B35484DD203220
samples\generated\cpt\cptarrange_alternating_n07.L5X,C:\l5x_scratch\acd\cptarrange_alternating_n07.ACD,ok,adopted-existing,8C9EEAB4794290354BD561DEE32F221DCB663268FAAD327199BDD53A8CCB56AA
samples\generated\cpt\cptarrange_alternating_n08.L5X,C:\l5x_scratch\acd\cptarrange_alternating_n08.ACD,ok,adopted-existing,68598DE5389F3A4034CB5965A65C2C49008602D5C1441559701F76B3DAE6C924
samples\generated\cpt\cptarrange_alternating_n09.L5X,C:\l5x_scratch\acd\cptarrange_alternating_n09.ACD,ok,adopted-existing,D8A2C63EE2AE4FD570715D0F17092409930BEB9EB5614B23E2C10CAEA6EB5B89
samples\generated\cpt\cptarrange_frontloaded_n03.L5X,C:\l5x_scratch\acd\cptarrange_frontloaded_n03.ACD,ok,adopted-existing,72BB22EB2E1C4CC3BE65288C558926F62055C91427BB96BEA51269BAE15E92CE
samples\generated\cpt\cptarrange_frontloaded_n04.L5X,C:\l5x_scratch\acd\cptarrange_frontloaded_n04.ACD,ok,adopted-existing,E6B5207040DC01C33CAD6D54D292091288B4677756084860BC46AA583205BD9C
samples\generated\cpt\cptarrange_frontloaded_n05.L5X,C:\l5x_scratch\acd\cptarrange_frontloaded_n05.ACD,ok,adopted-existing,A3C041D788E18A5BDDB7D0DAA8D18DB60D4C79D961D67E4919C66A62B6C08507
samples\generated\cpt\cptarrange_frontloaded_n06.L5X,C:\l5x_scratch\acd\cptarrange_frontloaded_n06.ACD,ok,adopted-existing,FEF3EDB9E31983A9BD24C91136B1D7BDBFACCC9E61F8192F87EC10A1876B09EE
samples\generated\cpt\cptarrange_frontloaded_n07.L5X,C:\l5x_scratch\acd\cptarrange_frontloaded_n07.ACD,ok,adopted-existing,C382158BFE121FF1EFF6D79C3906BDA8E2F8E2771119205B825957D9E71ADC0B
samples\generated\cpt\cptarrange_frontloaded_n08.L5X,C:\l5x_scratch\acd\cptarrange_frontloaded_n08.ACD,ok,adopted-existing,6D9D4BD903F930539A094BE5A6698433822A3DA7B891CED3969037B118CAC7DD
samples\generated\cpt\cptarrange_frontloaded_n09.L5X,C:\l5x_scratch\acd\cptarrange_frontloaded_n09.ACD,ok,adopted-existing,7039E287690A4698CB882B3B73CFE9B1630F400E0D202A098347CCC5625AEB0E
samples\generated\cpt\cptarrange_grouped_n03.L5X,C:\l5x_scratch\acd\cptarrange_grouped_n03.ACD,ok,adopted-existing,0C9472443CA8B38F37B09CEB7839CB36E3401290C54E96A4B19B12DEED548E56
samples\generated\cpt\cptarrange_grouped_n04.L5X,C:\l5x_scratch\acd\cptarrange_grouped_n04.ACD,ok,adopted-existing,B3B895E9656388BFA085BD2644E0EC95919F1D59198BEA73ADE88BC16D84607C
samples\generated\cpt\cptarrange_grouped_n05.L5X,C:\l5x_scratch\acd\cptarrange_grouped_n05.ACD,ok,adopted-existing,FDC039C996DA72DBF5CD84175C1CCEE530C5D23A2D4A1E7EE4DCCF56745E6CBD
samples\generated\cpt\cptarrange_grouped_n06.L5X,C:\l5x_scratch\acd\cptarrange_grouped_n06.ACD,ok,adopted-existing,82937BBB7EACC548DFAA820671457BC05CADB09AC13C83196386E26E3C5C9B86
samples\generated\cpt\cptarrange_grouped_n07.L5X,C:\l5x_scratch\acd\cptarrange_grouped_n07.ACD,ok,adopted-existing,1E67B8761225F0CB7CFFE6DC8D14D57D62D0BA07574E0F04C2CE49646D9FB01D
samples\generated\cpt\cptarrange_grouped_n08.L5X,C:\l5x_scratch\acd\cptarrange_grouped_n08.ACD,ok,adopted-existing,54C14A0FECBD1558C78335597B2B8821551EEBF0CC61E40BBE3D53E5C3DDC440
samples\generated\cpt\cptarrange_grouped_n09.L5X,C:\l5x_scratch\acd\cptarrange_grouped_n09.ACD,ok,adopted-existing,AAF4E4CB9406BABB44CA9304980AE73F21B8F1FB4D4A1929F60EEC6250D044F3
samples\generated\cpt\cptarrange_split_n03.L5X,C:\l5x_scratch\acd\cptarrange_split_n03.ACD,ok,adopted-existing,9FA36EBA5DC7C8051573D62DEEAFBA5876FB6ED6AA1AFED9535C0B65A6BB975A
samples\generated\cpt\cptarrange_split_n04.L5X,C:\l5x_scratch\acd\cptarrange_split_n04.ACD,ok,adopted-existing,CEDD4101D7A1DCDB898999A3578369660E7835B252D2D0BD21EA290CD7FD540F
samples\generated\cpt\cptarrange_split_n05.L5X,C:\l5x_scratch\acd\cptarrange_split_n05.ACD,ok,adopted-existing,EAEF0FC2ADDE6F183AA71F65E190ABC781845DECAF602136389F44FF7AA133AB
samples\generated\cpt\cptarrange_split_n06.L5X,C:\l5x_scratch\acd\cptarrange_split_n06.ACD,ok,adopted-existing,DD2D61A3F8E90F1A164F6820450817BB30C5B6CD2EEFC0EE314D28532F44365E
samples\generated\cpt\cptarrange_split_n07.L5X,C:\l5x_scratch\acd\cptarrange_split_n07.ACD,ok,adopted-existing,E77FDB006BE7CD4C0777BB9DDA6ADC337AE7938387025C3C14638EBFBFF9CA46
samples\generated\cpt\cptarrange_split_n08.L5X,C:\l5x_scratch\acd\cptarrange_split_n08.ACD,ok,adopted-existing,E134433F547B48C60111FADFF1CBD0D3F358065A5BA1187F5456D260FD3B6C35
samples\generated\cpt\cptarrange_split_n09.L5X,C:\l5x_scratch\acd\cptarrange_split_n09.ACD,ok,adopted-existing,2DBC02ABFDF40825D6CC6FCE51C1647127C55F829174A755E261FA9ECFC10003
samples\generated\cpt\cptidflit_k1.L5X,C:\l5x_scratch\acd\cptidflit_k1.ACD,ok,adopted-existing,39B83F9057FBA77A4C796C8BE230E66FFCEE48FEFE82D625538AA1CE46E376E2
samples\generated\cpt\cptidflit_k2.L5X,C:\l5x_scratch\acd\cptidflit_k2.ACD,ok,adopted-existing,778889A4B8F3784389A2C2025080E85AC2C6D1D70BDC6E25D967736C54DF8A25
samples\generated\cpt\cptidflit_k3.L5X,C:\l5x_scratch\acd\cptidflit_k3.ACD,ok,adopted-existing,4CADD2EC9DC0DA7DF295BE4376E9E9AB72B52AD074F3E170E3B56DD01C4D7243
samples\generated\cpt\cptnarrow_int_k0.L5X,C:\l5x_scratch\acd\cptnarrow_int_k0.ACD,ok,adopted-existing,483B603D50A36D588440111AED487A5623CBC5F23BD41AE1389E4C9CCBB952FD
samples\generated\cpt\cptnarrow_int_k1.L5X,C:\l5x_scratch\acd\cptnarrow_int_k1.ACD,ok,adopted-existing,6C3F7F85F1DF7CB928DD6260F40B35797D03AA690ED5B51C5A96A31E97AFE1AB
samples\generated\cpt\cptnarrow_int_k2.L5X,C:\l5x_scratch\acd\cptnarrow_int_k2.ACD,ok,adopted-existing,97AEEF97D07CAF74F468B850FAF4E03F459A9CECF7CC81B88DB3192F5AED1DC8
samples\generated\cpt\cptnarrow_int_k3.L5X,C:\l5x_scratch\acd\cptnarrow_int_k3.ACD,ok,adopted-existing,CA42AF20840A6541E1B2D07DA68B07F1D5DADEE9A12CE4F94CB043B98785E555
samples\generated\cpt\cptnarrow_int_k4.L5X,C:\l5x_scratch\acd\cptnarrow_int_k4.ACD,ok,adopted-existing,A8D52421674CA7D9112F90343429A204818918ED56CABE74710F239763796BC8
samples\generated\cpt\cptnarrow_sint_k0.L5X,C:\l5x_scratch\acd\cptnarrow_sint_k0.ACD,ok,adopted-existing,405F6584CF33649B6F00A7EF62EA40188A6EB6C1F04149E2A8AB2004B9C087F2
samples\generated\cpt\cptnarrow_sint_k1.L5X,C:\l5x_scratch\acd\cptnarrow_sint_k1.ACD,ok,adopted-existing,18814C6E7D621E17AFFB988F2A5424D203F7D7B9D4041D190D84D87DDF81E908
samples\generated\cpt\cptnarrow_sint_k2.L5X,C:\l5x_scratch\acd\cptnarrow_sint_k2.ACD,ok,adopted-existing,C1478ECD43EE8A9E406376A6C456BB06D710D18DDD544FBF983E91DAD7CFDCA6
samples\generated\cpt\cptnarrow_sint_k3.L5X,C:\l5x_scratch\acd\cptnarrow_sint_k3.ACD,ok,adopted-existing,B3B322BBA8AA1AF688797D6915F872B37E36C9408877D1B628E6895FF8CE28C0
samples\generated\cpt\cptnarrow_sint_k4.L5X,C:\l5x_scratch\acd\cptnarrow_sint_k4.ACD,ok,adopted-existing,86A9C065159F28D995A1D473B50E5FC925A12A75EBA5A391C016B19F07AC2448
samples\generated\cpt\cptrdarrange_alternating_n04.L5X,C:\l5x_scratch\acd\cptrdarrange_alternating_n04.ACD,ok,adopted-existing,2A5DF3ACD099D5EE5F2F0041360416F5A2912ADD0FD0A8E7197884AE99B1C90C
samples\generated\cpt\cptrdarrange_alternating_n05.L5X,C:\l5x_scratch\acd\cptrdarrange_alternating_n05.ACD,ok,adopted-existing,537CD08F2A3E31DDEE7C1FFB755B0D38153D55DD0FB67C13DDADC41884A0E46A
samples\generated\cpt\cptrdarrange_alternating_n06.L5X,C:\l5x_scratch\acd\cptrdarrange_alternating_n06.ACD,ok,adopted-existing,8EFAA7FDE9D025A76385BAB6A3E50BC177482C3C0C4AB56BF3DC210ADCA2007A
samples\generated\cpt\cptrdarrange_grouped_n04.L5X,C:\l5x_scratch\acd\cptrdarrange_grouped_n04.ACD,ok,adopted-existing,930EE5745769770804DED6BD861CBEB88E49FB1417263F387C469CBA0518E036
samples\generated\cpt\cptrdarrange_grouped_n05.L5X,C:\l5x_scratch\acd\cptrdarrange_grouped_n05.ACD,ok,adopted-existing,9D4603AE821448A2AE37E8883E21A0C1C31541E17DFB0440F632066A0D628804
samples\generated\cpt\cptrdarrange_grouped_n06.L5X,C:\l5x_scratch\acd\cptrdarrange_grouped_n06.ACD,ok,adopted-existing,C0DC7416FA67C8EE7706EDDF310545806454ECDB35B0E5F6FEBA966ACFB833AB
samples\generated\cpt\cptrddint_k1.L5X,C:\l5x_scratch\acd\cptrddint_k1.ACD,ok,adopted-existing,739CFD47CD53F7059BB99A2A38A3B1CC4CA412E09C31AC33A7818FBEDEAB6B5E
samples\generated\cpt\cptrdops_n07.L5X,C:\l5x_scratch\acd\cptrdops_n07.ACD,ok,adopted-existing,7A38113419FB1941C0AE4611EA10E96C2E38F1CF1CDFB227063B3B4035D8EF8B
samples\generated\cpt\cptrdops_n09.L5X,C:\l5x_scratch\acd\cptrdops_n09.ACD,ok,adopted-existing,AF856C975493B5A1537847F0846B4EA90863C56C75BF9B3A134A14B155B8942D
samples\generated\cpt\cptrdops_n10.L5X,C:\l5x_scratch\acd\cptrdops_n10.ACD,ok,adopted-existing,2598CAE0920214519743BE3915240CDCC76CC9E3D03F989E0591CF45EFD85374
samples\generated\cpt\cptrdpow_k2.L5X,C:\l5x_scratch\acd\cptrdpow_k2.ACD,ok,adopted-existing,11450019365404A228CB6C3C471D5986D853B8D7586C4DF0208DAF7D80B6FC09
samples\generated\cpt\cptrdpow_k3.L5X,C:\l5x_scratch\acd\cptrdpow_k3.ACD,ok,adopted-existing,8266F24B8234358B7488990E7F9314F0263B6418EC83810710155C859A53F36D
samples\generated\cpt\cptwide_lint_k1.L5X,C:\l5x_scratch\acd\cptwide_lint_k1.ACD,ok,adopted-existing,B1360277EB38219BB745AFB76BB2B8EA8EA67E791BAEA5314B4B9D7F1F737FD7
samples\generated\cpt\cptwide_lint_k2.L5X,C:\l5x_scratch\acd\cptwide_lint_k2.ACD,ok,adopted-existing,25E086B24EFABE4442CFA09B7E657CC9CCD39F9D28E460F1795056CE9819AFB5
samples\generated\cpt\cptwide_lint_k3.L5X,C:\l5x_scratch\acd\cptwide_lint_k3.ACD,ok,adopted-existing,FB055A9A385079C4F4E8640BB70844EF8F5A7F774857E83BDDC0684B90285BF2
samples\generated\cpt\cptwide_lint_k4.L5X,C:\l5x_scratch\acd\cptwide_lint_k4.ACD,ok,adopted-existing,AD12BC3848DC26516DB4B21EFA0607FA2B09B473A1EC94AE2CDFA1EE3EFA3104
samples\generated\cpt\cptwide_mixed_sint_lint.L5X,C:\l5x_scratch\acd\cptwide_mixed_sint_lint.ACD,ok,adopted-existing,933B16591D48996AE03E26DE5EAD770D8F151A17FCAF600B9D3D3DDC94C4A7FC
samples\generated\defscale\defscale_aoidefs_n001.L5X,C:\l5x_scratch\acd\defscale_aoidefs_n001.ACD,ok,adopted-existing,0BF15D2D872AC63C79D2D2CBD43256DDDBA8A9A551FE124F2219EBB0CAE883FE
samples\generated\defscale\defscale_aoidefs_n002.L5X,C:\l5x_scratch\acd\defscale_aoidefs_n002.ACD,ok,adopted-existing,6EB0F97EF8A12B4BCBB45B147A57B48B28A5D2DA2310524F2FDD288F911F3876
samples\generated\defscale\defscale_aoidefs_n005.L5X,C:\l5x_scratch\acd\defscale_aoidefs_n005.ACD,ok,adopted-existing,55E492417C450A1FEDEA9E00D13F7674CC47820888AC217918BC347332B783DE
samples\generated\defscale\defscale_aoidefs_n010.L5X,C:\l5x_scratch\acd\defscale_aoidefs_n010.ACD,ok,adopted-existing,BE4DCF1C714D1CF6A4AE82D8DE1B782522AF0B530CD5C7FD2C9F002E83B954A7
samples\generated\defscale\defscale_aoidefs_n020.L5X,C:\l5x_scratch\acd\defscale_aoidefs_n020.ACD,ok,adopted-existing,CC2D7D026C5564DB3DDF2DA6E00253982DBB5A0AA00977391CE5D4D71F3D494E
samples\generated\defscale\defscale_aoidefs_n040.L5X,C:\l5x_scratch\acd\defscale_aoidefs_n040.ACD,ok,adopted-existing,63E1AF4DEB01823FC20F3D66F5658F5239CBBB301F5F70590E29EAFE04EA08E5
samples\generated\defscale\defscale_aoidefs_n060.L5X,C:\l5x_scratch\acd\defscale_aoidefs_n060.ACD,ok,adopted-existing,42E190F3821959DF1671EC1F513ABA7631A8237108758C29A890520E69FA22D9
samples\generated\defscale\defscale_aoiinst_n001.L5X,C:\l5x_scratch\acd\defscale_aoiinst_n001.ACD,ok,adopted-existing,9BD6A8A0D352DB418B28123E28AC2517F88352241130085B441219BCA93B7503
samples\generated\defscale\defscale_aoiinst_n002.L5X,C:\l5x_scratch\acd\defscale_aoiinst_n002.ACD,ok,adopted-existing,68C5D8C1005C93CFD8F65A7E88FD22D06D92A971294DCC192E72616E716F5592
samples\generated\defscale\defscale_aoiinst_n005.L5X,C:\l5x_scratch\acd\defscale_aoiinst_n005.ACD,ok,adopted-existing,3D79115A6076E80795EE291C72F1B9C5A6AB7E28A71D95D6E473FC16FC155114
samples\generated\defscale\defscale_aoiinst_n010.L5X,C:\l5x_scratch\acd\defscale_aoiinst_n010.ACD,ok,adopted-existing,9EEBE9DCA4118F13CFDAB40B2016CD902F16C94B657D7B16593DE6D24E6755BC
samples\generated\defscale\defscale_aoiinst_n020.L5X,C:\l5x_scratch\acd\defscale_aoiinst_n020.ACD,ok,adopted-existing,17A66DCD4A0FC9A596248031193ABDE1D34C67869F9E27CA65107EE44848FDB1
samples\generated\defscale\defscale_aoiinst_n040.L5X,C:\l5x_scratch\acd\defscale_aoiinst_n040.ACD,ok,adopted-existing,C346045BE74ACABAF0F3D112523DFE79F7EDCA300E58479C436EA72BED828D3B
samples\generated\defscale\defscale_aoiinst_n060.L5X,C:\l5x_scratch\acd\defscale_aoiinst_n060.ACD,ok,adopted-existing,27C0DA4B6BB0F0B6CA3AAD66A40863001CA83E4B857E077259A32C232A8BB1D7
samples\generated\defscale\defscale_udts_n001.L5X,C:\l5x_scratch\acd\defscale_udts_n001.ACD,ok,adopted-existing,190850813933C2420420A52677CB4FE0D5C41467C6632A678D6493D76CA51A72
samples\generated\defscale\defscale_udts_n002.L5X,C:\l5x_scratch\acd\defscale_udts_n002.ACD,ok,adopted-existing,C1D42E72AE876BDB3756E5DCA73E52A196F2095695F6C366F6D7CE5A4CAAD557
samples\generated\defscale\defscale_udts_n005.L5X,C:\l5x_scratch\acd\defscale_udts_n005.ACD,ok,adopted-existing,0DB0BC42C5AA4D168196E1F2697462C0DC9F121D9E70A0A1B862E1CBBBFC8335
samples\generated\defscale\defscale_udts_n010.L5X,C:\l5x_scratch\acd\defscale_udts_n010.ACD,ok,adopted-existing,A9B34C2661676F3CA10B5EABE73FC14E3574C7A12D5B29ACE9A0D96EE269DFEE
samples\generated\defscale\defscale_udts_n025.L5X,C:\l5x_scratch\acd\defscale_udts_n025.ACD,ok,adopted-existing,ECA761560FC1D92501183D971087EED35E32001157785EBC6F93D91A78AEFF1C
samples\generated\defscale\defscale_udts_n050.L5X,C:\l5x_scratch\acd\defscale_udts_n050.ACD,ok,adopted-existing,BE44FD098904655C4A318A70937763B5E7A9A83FA95C730AB986E7AE93E1DC6D
samples\generated\defscale\defscale_udts_n100.L5X,C:\l5x_scratch\acd\defscale_udts_n100.ACD,ok,adopted-existing,889BAFC95F1E9B274DA610548A1B659012B688F3C2EDAE416B59A5B7028E0D79
samples\generated\defscale\defscale_udts_n200.L5X,C:\l5x_scratch\acd\defscale_udts_n200.ACD,ok,adopted-existing,C1EA95FFA96AB642218D41D283D1FCCCBE8BE2F698941C9AAEE59FFF414EDB9F
samples\generated\defscale\defscale_udttag_n001.L5X,C:\l5x_scratch\acd\defscale_udttag_n001.ACD,ok,adopted-existing,B5519E68C4002A331B3499020A41AA1AB9F23A9A33479411766D614126E5307F
samples\generated\defscale\defscale_udttag_n002.L5X,C:\l5x_scratch\acd\defscale_udttag_n002.ACD,ok,adopted-existing,48628788ECD465D597F24F80802A8E4072802D643B0896A91E066540EB7D0649
samples\generated\defscale\defscale_udttag_n005.L5X,C:\l5x_scratch\acd\defscale_udttag_n005.ACD,ok,adopted-existing,1170A7573C3D4FB18E80D985C6F4DE23CDC17D9EACFDEC7E4BC3A8DC22B280E1
samples\generated\defscale\defscale_udttag_n010.L5X,C:\l5x_scratch\acd\defscale_udttag_n010.ACD,ok,adopted-existing,182A1A7CC7E730EEC6F86D3034E94CB73422EA55EB80CEF6B92330467984AD9E
samples\generated\defscale\defscale_udttag_n025.L5X,C:\l5x_scratch\acd\defscale_udttag_n025.ACD,ok,adopted-existing,89993B70B794210EFB7D2D459DE4E6AA1780F4858CE0E94B605FFB4365465049
samples\generated\defscale\defscale_udttag_n050.L5X,C:\l5x_scratch\acd\defscale_udttag_n050.ACD,ok,adopted-existing,16DE1AA830F5FE36141E3B051CB7804799B8000D212827AF4D976A36A368ADEE
samples\generated\defscale\defscale_udttag_n100.L5X,C:\l5x_scratch\acd\defscale_udttag_n100.ACD,ok,adopted-existing,38197F9A6203AFDAF50E773673B537D6EEBD00E072EC13FE25566E2188760CA5
samples\generated\defscale\defscale_udttag_n200.L5X,C:\l5x_scratch\acd\defscale_udttag_n200.ACD,ok,adopted-existing,560C567DA9158B2220C674B62827608B3F58707BF1AF6F9E80EC03830C78D1C9
samples\generated\defscale\dscale2_aoi_arr002.L5X,C:\l5x_scratch\acd\dscale2_aoi_arr002.ACD,ok,adopted-existing,020DCA5FAE1CAC9A6E729B30C450C862C8858A9E22325576291A29C21622360B
samples\generated\defscale\dscale2_aoi_arr010.L5X,C:\l5x_scratch\acd\dscale2_aoi_arr010.ACD,ok,adopted-existing,4952E8FFC7784B489B91C63B6F81A541E47D819497B4FE35CECB4E0E71A26845
samples\generated\defscale\dscale2_aoi_arr050.L5X,C:\l5x_scratch\acd\dscale2_aoi_arr050.ACD,ok,adopted-existing,975E868523F804A12D16BAE104DD87FF8624D382B9A088415F69E114A4C2FCDB
samples\generated\defscale\dscale2_aoi_d001_t001_c005.L5X,C:\l5x_scratch\acd\dscale2_aoi_d001_t001_c005.ACD,ok,adopted-existing,E16A34DD109BBEE86C48BC723CD6BAB4CC24E1825135166599BCCA2204A41B68
samples\generated\defscale\dscale2_aoi_d001_t001_c020.L5X,C:\l5x_scratch\acd\dscale2_aoi_d001_t001_c020.ACD,ok,adopted-existing,510E0CFE40604EB767323BCA154B746070BC9693FAF677F8049E61D78476F7AE
samples\generated\defscale\dscale2_aoi_d001_t001_c060.L5X,C:\l5x_scratch\acd\dscale2_aoi_d001_t001_c060.ACD,ok,adopted-existing,8D3F187738C1248C9E94BB5240D29A4515A3BAC4272326305F00717C08022641
samples\generated\defscale\dscale2_aoi_d001_t001_call.L5X,C:\l5x_scratch\acd\dscale2_aoi_d001_t001_call.ACD,ok,adopted-existing,48E4FFA2C7EF69223B81219BE4ADB7E750EABB1E9D32BF65F488857BFC6110CA
samples\generated\defscale\dscale2_aoi_d001_t001_nocall.L5X,C:\l5x_scratch\acd\dscale2_aoi_d001_t001_nocall.ACD,ok,adopted-existing,6D93485B9E3D5C8C4983EA4DF539A6AC4259A169D4F69D25F19F15AD82C18295
samples\generated\defscale\dscale2_aoi_d001_t002_call.L5X,C:\l5x_scratch\acd\dscale2_aoi_d001_t002_call.ACD,ok,adopted-existing,CFFF1C67463F8B62D84A6BA357D4A2D3B8CED3079F51D8E1305C34A93ACEC325
samples\generated\defscale\dscale2_aoi_d001_t005_call.L5X,C:\l5x_scratch\acd\dscale2_aoi_d001_t005_call.ACD,ok,adopted-existing,2E459E247109723E02AFF6BB5C21A7C4B40267AF272AB603E3BE0ABD80C3F253
samples\generated\defscale\dscale2_aoi_d001_t005_nocall.L5X,C:\l5x_scratch\acd\dscale2_aoi_d001_t005_nocall.ACD,ok,adopted-existing,D1F52050C37DFF9E562532589F567B77B9BEBCFDA2204CC1348AFD3FD5BDFF68
samples\generated\defscale\dscale2_aoi_d001_t010_call.L5X,C:\l5x_scratch\acd\dscale2_aoi_d001_t010_call.ACD,ok,adopted-existing,843B3EAD34711BB1FD97FBCF0C59C3DEEC16F7A6C6E8A9B6A398491728E1D40D
samples\generated\defscale\dscale2_aoi_d001_t020_call.L5X,C:\l5x_scratch\acd\dscale2_aoi_d001_t020_call.ACD,ok,adopted-existing,4F7A188A0DFC9BA141213A67D044CDFB3AC74FF955FDEF337A795657395F8419
samples\generated\defscale\dscale2_aoi_d001_t020_nocall.L5X,C:\l5x_scratch\acd\dscale2_aoi_d001_t020_nocall.ACD,ok,adopted-existing,488B1A0D2656C04335B0AFF28ADB06380E7C3DFA674F1FA77194699835B2991D
samples\generated\defscale\dscale2_aoi_d001_t040_call.L5X,C:\l5x_scratch\acd\dscale2_aoi_d001_t040_call.ACD,ok,adopted-existing,F83B796E2EE3E35A71ECDE07646A4016BBE5434C69A43C6F9BE5B19708CA7D33
samples\generated\defscale\dscale2_aoi_d001_t060_call.L5X,C:\l5x_scratch\acd\dscale2_aoi_d001_t060_call.ACD,ok,adopted-existing,7CF83F11026DA3E0984BF5CE1112643EA2292BAA4E13222999C90E644C8F82A4
samples\generated\defscale\dscale2_aoi_d001_t060_nocall.L5X,C:\l5x_scratch\acd\dscale2_aoi_d001_t060_nocall.ACD,ok,adopted-existing,2E763B13A737D8D0BD3F2F3B3236D3DA545C8F8D2ECE5FB81D328861861E16BA
samples\generated\defscale\dscale2_aoi_d001_t100_call.L5X,C:\l5x_scratch\acd\dscale2_aoi_d001_t100_call.ACD,ok,adopted-existing,30269C4AB12D00E508824CC5BC12BFA85142BF39AB8467DED83449C1C4EB77B4
samples\generated\defscale\dscale2_aoi_d005_t005_nocall.L5X,C:\l5x_scratch\acd\dscale2_aoi_d005_t005_nocall.ACD,ok,adopted-existing,D8FA9BEC104274D92C1A9EAA0D073FF33473695486CBE5189D4FAF68499C1244
samples\generated\defscale\dscale2_aoi_d020_t020_nocall.L5X,C:\l5x_scratch\acd\dscale2_aoi_d020_t020_nocall.ACD,ok,adopted-existing,C4945AFB2613696214BB26D85719F99F1EC88FC691E68C1385801D0DA33D70D4
samples\generated\defscale\dscale2_aoi_d060_t060_nocall.L5X,C:\l5x_scratch\acd\dscale2_aoi_d060_t060_nocall.ACD,ok,adopted-existing,7F734973295A6D04124263A488F33EEA34E2D5B85C411F0CF08CDB9601F8B382
samples\generated\defscale\dscale2_udt_arr002.L5X,C:\l5x_scratch\acd\dscale2_udt_arr002.ACD,ok,adopted-existing,277A9A0077F060FD96D5AAE81A62888F0503EB74C371C1BB945D01FB38C68A54
samples\generated\defscale\dscale2_udt_arr010.L5X,C:\l5x_scratch\acd\dscale2_udt_arr010.ACD,ok,adopted-existing,971611401FF749489573C8EB92720884A6AAA1858C53D9F4BEF5F0262F1B5CA1
samples\generated\defscale\dscale2_udt_arr100.L5X,C:\l5x_scratch\acd\dscale2_udt_arr100.ACD,ok,adopted-existing,18FECB96B2054435EC903A119F3401AFB61EFD50159CA6FC19A0589C0B9C0422
samples\generated\defscale\dscale2_udt_arr500.L5X,C:\l5x_scratch\acd\dscale2_udt_arr500.ACD,ok,adopted-existing,7AAB0AB4D98F73BFBEC2DA0628A728D77DC831B89332DAC1C11208E5113C6F18
samples\generated\defscale\dscale2_udt_u001_t001.L5X,C:\l5x_scratch\acd\dscale2_udt_u001_t001.ACD,ok,adopted-existing,B13033E297FD6D16B7059FD31416AB28825E7B93E0F4378FAAE6CD6D48FB982F
samples\generated\defscale\dscale2_udt_u001_t002.L5X,C:\l5x_scratch\acd\dscale2_udt_u001_t002.ACD,ok,adopted-existing,8CCBA827A1F0FE9F086F883A78EBB969D2A14AC8D44C50C39968CCE166CB83A3
samples\generated\defscale\dscale2_udt_u001_t005.L5X,C:\l5x_scratch\acd\dscale2_udt_u001_t005.ACD,ok,adopted-existing,2364A4B521F2763D7F48EB1887C6ACEB85945A9C64A9F43BA487504CB6CC0A9E
samples\generated\defscale\dscale2_udt_u001_t010.L5X,C:\l5x_scratch\acd\dscale2_udt_u001_t010.ACD,ok,adopted-existing,4BABB075DA9CDB932F71B61FC7590B35C66625185647D8A91A42C269ED8EA965
samples\generated\defscale\dscale2_udt_u001_t025.L5X,C:\l5x_scratch\acd\dscale2_udt_u001_t025.ACD,ok,adopted-existing,65CDAE6BEE3CFA9042BD6F40AC19B106D1B850247F1FCE2FB848A2562FFBA49A
samples\generated\defscale\dscale2_udt_u001_t050.L5X,C:\l5x_scratch\acd\dscale2_udt_u001_t050.ACD,ok,adopted-existing,ADF965441AC398530D839B57B12F0119BEF6CA1444C00282C4E69F8CDCDDC8E5
samples\generated\defscale\dscale2_udt_u001_t100.L5X,C:\l5x_scratch\acd\dscale2_udt_u001_t100.ACD,ok,adopted-existing,DBC2B9D7DF9D7025216B35766F4DEBA34C21F24172ED9C67043ECDAF6A0FC364
samples\generated\defscale\dscale2_udt_u001_t200.L5X,C:\l5x_scratch\acd\dscale2_udt_u001_t200.ACD,ok,adopted-existing,9F58610AC9F11D0E684321CD240E0DE6913779CAD67D59BFC3663D9D339341CD
samples\generated\defscale\dscale2_udt_u001_t500.L5X,C:\l5x_scratch\acd\dscale2_udt_u001_t500.ACD,ok,adopted-existing,62781FD578B30B9B6A715310112D447883A61CF4083D5F9E7C3A69B349B73311
samples\generated\defscale\dscale2_udt_u005_t001.L5X,C:\l5x_scratch\acd\dscale2_udt_u005_t001.ACD,ok,adopted-existing,D09840E52914620C020FEF0BD15009836B41BCDDE5288905D40D0528A174E123
samples\generated\defscale\dscale2_udt_u005_t010.L5X,C:\l5x_scratch\acd\dscale2_udt_u005_t010.ACD,ok,adopted-existing,0393EC8A16CFDA4C1D6C1E7496D9AF4FBCB3212F0C43CDA1AD450465DF0BDC04
samples\generated\defscale\dscale2_udt_u005_t050.L5X,C:\l5x_scratch\acd\dscale2_udt_u005_t050.ACD,ok,adopted-existing,9EC32FBF73EA3302256E8A68A7DC05D27828A572D0695094AFB54ECF029D9247
samples\generated\defscale\dscale2_udt_u025_t001.L5X,C:\l5x_scratch\acd\dscale2_udt_u025_t001.ACD,ok,adopted-existing,1F77414B2D80EC826A14D411AF7F771FCC979312591C940AF8E20FD55A4E649B
samples\generated\defscale\dscale2_udt_u025_t010.L5X,C:\l5x_scratch\acd\dscale2_udt_u025_t010.ACD,ok,adopted-existing,AEB3CC1787A30896F4BB288EFF492818C8C992C0837D548FCAE91ADF60328D2D
samples\generated\driveaxis\daxis_axisn_k1.L5X,C:\l5x_scratch\acd\daxis_axisn_k1.ACD,ok,adopted-existing,64DFCBB6A6B6F42885FB771EB8328570741CE2050E3D1B7F82AF92C6EA23C958
samples\generated\driveaxis\daxis_axisn_k2.L5X,C:\l5x_scratch\acd\daxis_axisn_k2.ACD,ok,adopted-existing,AA9ED08151C759ED8490946CCBA8F8907809139A1D90CBED8E3AB069BC5DE53C
samples\generated\driveaxis\daxis_axisn_k3.L5X,C:\l5x_scratch\acd\daxis_axisn_k3.ACD,ok,adopted-existing,C29CB47A64E1BA6C8DEE4A7AA2FF1300FF8FCA91D3D23CE8502F94C085DB39D1
samples\generated\driveaxis\daxis_axis_cip_drive.L5X,C:\l5x_scratch\acd\daxis_axis_cip_drive.ACD,ok,adopted-existing,188BFA6DF1A50290C7CB1BE717AAFD1197A3EE861F3D4516C4C49F57EDA0531D
samples\generated\driveaxis\daxis_axis_servo.L5X,C:\l5x_scratch\acd\daxis_axis_servo.ACD,ok,adopted-existing,F716B755AA7EC52B680A9A5C5EEB3CD9E8BE3D69C0417C01C15F29D2BE98C0B3
samples\generated\driveaxis\daxis_axis_virtual.L5X,C:\l5x_scratch\acd\daxis_axis_virtual.ACD,ok,adopted-existing,17E3DD5EF28CC084A613639A3B492287C3BE2BF7EFF1F61BC9CC82890DDCB524
samples\generated\driveaxis\daxis_baseline.L5X,C:\l5x_scratch\acd\daxis_baseline.ACD,ok,adopted-existing,7B84D8175C7804F6CC4E50342E47905C55ADD89ECE7231FD1D230BAF68F4B805
samples\generated\driveaxis\daxis_full.L5X,C:\l5x_scratch\acd\daxis_full.ACD,ok,adopted-existing,237662626607A76BE251BCEAE4B39BD7116E144056A97691433E42AEED96BF74
samples\generated\driveaxis\daxis_nest_k0.L5X,C:\l5x_scratch\acd\daxis_nest_k0.ACD,ok,adopted-existing,1EEFCEE5F76ABD7586BBA6B6079659D2DF6933A4A0E8A8DB37C7EB802D09FE9C
samples\generated\driveaxis\daxis_nest_k1.L5X,C:\l5x_scratch\acd\daxis_nest_k1.ACD,ok,adopted-existing,D69181858BE7FB4E6CFC6101553AB2302B70191EBF756CF910BDACAFC52B3A87
samples\generated\driveaxis\daxis_nest_k2.L5X,C:\l5x_scratch\acd\daxis_nest_k2.ACD,ok,adopted-existing,8FC05B643DA719C87D3B15BEBFD530AC858B539451680734A77A7E36D54A470E
samples\generated\driveaxis\daxis_nest_k4.L5X,C:\l5x_scratch\acd\daxis_nest_k4.ACD,ok,adopted-existing,4712747D4F92FE4A0E0ED85C7262BB85B73ED72DF39C6FCC5BBD72ED22183F59
samples\generated\driveaxis\daxis_udtaoi_k1.L5X,C:\l5x_scratch\acd\daxis_udtaoi_k1.ACD,ok,adopted-existing,2782F95DA3DD6292C3AACBFE3F752EC69F42F2751F0EB348EC5C6F5D19992A51
samples\generated\driveaxis\daxis_udtaoi_k2.L5X,C:\l5x_scratch\acd\daxis_udtaoi_k2.ACD,ok,adopted-existing,B95F02F0A929044261B2F975E4705A940178057FCA9AC13A81F8E5F826B6E71D
samples\generated\driveaxis\daxis_udtaoi_k4.L5X,C:\l5x_scratch\acd\daxis_udtaoi_k4.ACD,ok,adopted-existing,01C8F229F8279790BAF864DECA1D54D975425A9830A960EA5D9595A3BDEF826D
samples\generated\fw_baseline\l81_v31.L5X,C:\l5x_scratch\acd\l81_v31.ACD,ok,adopted-existing,55C7EC9D6DE6D77F5C2A9A32B2BFD48B33F57DBEF88FBB601F52410212982BCC
samples\generated\fw_baseline\l81_v32.L5X,C:\l5x_scratch\acd\l81_v32.ACD,ok,adopted-existing,9137337E9E1D6C80857145BDE29873146CD564D5D3B3F85FDC2FA7E528F502B5
samples\generated\fw_baseline\l81_v33.L5X,C:\l5x_scratch\acd\l81_v33.ACD,ok,adopted-existing,5A77CF18E02397478232755FF9B9D2A1CEB0A2C06C02166823DBB78CF35A8EEE
samples\generated\fw_baseline\l81_v34.L5X,C:\l5x_scratch\acd\l81_v34.ACD,ok,adopted-existing,59691F229DB780630CD8E9A8340ECC1664E2422B326E07C3DB0B1BD1A044FDD4
samples\generated\fw_baseline\l81_v35.L5X,C:\l5x_scratch\acd\l81_v35.ACD,ok,adopted-existing,289116557990E8E65EF8BF4A8053B207FCAA037E97231E16A1EC3AD57CFB887A
samples\generated\fw_baseline\l81_v38.L5X,C:\l5x_scratch\acd\l81_v38.ACD,ok,adopted-existing,80A0AFE23555ABDBF4683F3378ED7A3BA7C5974698BD082FD832F38D53788E88
samples\generated\fw_baseline\v35_l16er.L5X,C:\l5x_scratch\acd\v35_l16er.ACD,ok,adopted-existing,AEEBF513F991BA56A3CFBCB420747A4B4417DD86F1FDBC3F3A4117DFAD0855A5
samples\generated\fw_baseline\v35_l18er.L5X,C:\l5x_scratch\acd\v35_l18er.ACD,ok,adopted-existing,6E9D08DE35CA3E8A27573082186F82FBA2E5ABF73793A5A3414B1D0A86D8EC02
samples\generated\fw_baseline\v35_l18erm.L5X,C:\l5x_scratch\acd\v35_l18erm.ACD,ok,adopted-existing,1F37FF9E3A61AA2F126AE44D5C1337DE278EDCD50F2B9E80481214594B85D19F
samples\generated\fw_baseline\v35_l19er.L5X,C:\l5x_scratch\acd\v35_l19er.ACD,ok,adopted-existing,C03936177D3E2971B21BB8247AF2514A03931506F5873D75071BBEA9E00D11DB
samples\generated\fw_baseline\v35_l24er.L5X,C:\l5x_scratch\acd\v35_l24er.ACD,ok,adopted-existing,30C72E86BD064EBCE7F67A4B948A98E4F69BF09C6629DD66AB9CE9C25A81EC99
samples\generated\fw_baseline\v35_l24er_qbfc1b.L5X,C:\l5x_scratch\acd\v35_l24er_qbfc1b.ACD,ok,adopted-existing,695952E19EC9DE4BEDDAC58ED74827E74256F4890323C0E679B971384E156711
samples\generated\fw_baseline\v35_l27erm_qbfc1b.L5X,C:\l5x_scratch\acd\v35_l27erm_qbfc1b.ACD,ok,adopted-existing,CE7C9DF85245993081A1315B72C03DE9ECD3CF5DD7DC0C32E1CC9D64B746DE30
samples\generated\fw_baseline\v35_l306er.L5X,C:\l5x_scratch\acd\v35_l306er.ACD,ok,adopted-existing,357E1C8BF89BFE7F5CB2B65187BF30B6517DD2786089AEC96F5C082798A30A99
samples\generated\fw_baseline\v35_l306erm.L5X,C:\l5x_scratch\acd\v35_l306erm.ACD,ok,adopted-existing,90C36F72B982A320850E0749DD2D1785A1095D16A917C55D2695555C20DE9022
samples\generated\fw_baseline\v35_l306erms2.L5X,C:\l5x_scratch\acd\v35_l306erms2.ACD,ok,adopted-existing,B905170496E1819754E63185F70F6A1CA3CBAE4F7230C52D73295D7E1C86E0FC
samples\generated\fw_baseline\v35_l306erms3.L5X,C:\l5x_scratch\acd\v35_l306erms3.ACD,ok,adopted-existing,C1F1DC555776E64C09A1FACCE33EE2A9CC403444571D9FD18EBE2405F5D44066
samples\generated\fw_baseline\v35_l306ers2.L5X,C:\l5x_scratch\acd\v35_l306ers2.ACD,ok,adopted-existing,67EEB5CA808A65D39BA42CEF7AFA79420EEE78EB41381175B4FE99D0A9A539DD
samples\generated\fw_baseline\v35_l30erm.L5X,C:\l5x_scratch\acd\v35_l30erm.ACD,ok,adopted-existing,03706403CBA261BE5080A4CCCB63BC97BC4EEAB5DA11DE2EF32A887418BFC1E7
samples\generated\fw_baseline\v35_l3100erm.L5X,C:\l5x_scratch\acd\v35_l3100erm.ACD,ok,adopted-existing,2FDD0A6DE1F3371B90CA0B27EC2EBD04D6266CDE581A1609D096D14440B4A940
samples\generated\fw_baseline\v35_l320er.L5X,C:\l5x_scratch\acd\v35_l320er.ACD,ok,adopted-existing,CBBE5AA5ED0AFC47CB9E3A240D0DC431EA88666C94DFB7D1CFD06DCF72756A84
samples\generated\fw_baseline\v35_l330er.L5X,C:\l5x_scratch\acd\v35_l330er.ACD,ok,adopted-existing,45C5D4A0F30C929B80FB3FA245F714285E88777D723B52128C5F33B5ABF61D14
samples\generated\fw_baseline\v35_l33er.L5X,C:\l5x_scratch\acd\v35_l33er.ACD,ok,adopted-existing,8952A0E0A0E80EF0BCF7953C6F988EDB2EC71B5E4FA79CF887C3A28AE905B710
samples\generated\fw_baseline\v35_l340er.L5X,C:\l5x_scratch\acd\v35_l340er.ACD,ok,adopted-existing,52BB950961E218B4FF50F01D9DCBD2582B1B7A86D391C339DF40D97BAE7954EA
samples\generated\fw_baseline\v35_l82e.L5X,C:\l5x_scratch\acd\v35_l82e.ACD,ok,adopted-existing,CF88FA3D0F92BB931559795F9C9527E3B76C29F1279BE9C1D4FAE740B8B8DC17
samples\generated\fw_baseline\v35_l83e.L5X,C:\l5x_scratch\acd\v35_l83e.ACD,ok,adopted-existing,C98A66CF35CEFC2037651577ED1CC7893437A259C592BCC18C48D94A8D4C5FB2
samples\generated\fw_baseline\v35_l84e.L5X,C:\l5x_scratch\acd\v35_l84e.ACD,ok,adopted-existing,4E557A391A76D5BB9202668DF6538CADC97E46C59D4C783A4F6A09F45D99A509
samples\generated\fw_baseline\v35_l85e.L5X,C:\l5x_scratch\acd\v35_l85e.ACD,ok,adopted-existing,3C13CDF6765ED12F38F412D49BC73DCBAF0E47D2C9765F91ECD023EBF9D37F3F
samples\generated\fw_catalog_matrix\fwmatrix_v31_1756_l71.L5X,C:\l5x_scratch\acd\fwmatrix_v31_1756_l71.ACD,ok,adopted-existing,9C1B348365415C604A71C19DE4A801DFAEDAEF6BC4F4C6B705121FA826B7F021
samples\generated\fw_catalog_matrix\fwmatrix_v31_1756_l72.L5X,C:\l5x_scratch\acd\fwmatrix_v31_1756_l72.ACD,ok,adopted-existing,23AD0CFDB6EB9732D0BAEDFA20208C223F7A9F85245853CE80E931D3A7704EDD
samples\generated\fw_catalog_matrix\fwmatrix_v31_1756_l73.L5X,C:\l5x_scratch\acd\fwmatrix_v31_1756_l73.ACD,ok,adopted-existing,ABA3EB7A49D13CEEFA5DC8120F98E3FE97CA614F75CAD2E7F529AE31DABAB9BE
samples\generated\fw_catalog_matrix\fwmatrix_v31_1756_l74.L5X,C:\l5x_scratch\acd\fwmatrix_v31_1756_l74.ACD,ok,adopted-existing,CCEE4FB4C03DA4CC9D4D626508549F02E63C8CFB84B3C55DA5F3A8AD583630E2
samples\generated\fw_catalog_matrix\fwmatrix_v31_1756_l75.L5X,C:\l5x_scratch\acd\fwmatrix_v31_1756_l75.ACD,ok,adopted-existing,B0FEADB542B6D78CD1895975F34BF608100E3618353A4EEE11376BFE5D32A089
samples\generated\fw_catalog_matrix\fwmatrix_v31_1756_l81e.L5X,C:\l5x_scratch\acd\fwmatrix_v31_1756_l81e.ACD,ok,adopted-existing,5F160ACC86BB8F24A949BB62201E527CA3AEC8DBA842BB438D27D7806433D4D8
samples\generated\fw_catalog_matrix\fwmatrix_v31_1756_l81es.L5X,C:\l5x_scratch\acd\fwmatrix_v31_1756_l81es.ACD,ok,adopted-existing,78A27EFAC1A3B1FCA679F59B8753BE6863C0580F358625CDB37A02C624E60E53
samples\generated\fw_catalog_matrix\fwmatrix_v31_1756_l82e.L5X,C:\l5x_scratch\acd\fwmatrix_v31_1756_l82e.ACD,ok,adopted-existing,589904C39AC3F3F26CE5FEE1976286B3B0D6050F1AE6DD8BC6CBDC80144FA9E9
samples\generated\fw_catalog_matrix\fwmatrix_v31_1756_l82es.L5X,C:\l5x_scratch\acd\fwmatrix_v31_1756_l82es.ACD,ok,adopted-existing,3C296FA0E7E036B6DDB84D7CB226EDCDD737576DD9555310E8DF302C4F54480A
samples\generated\fw_catalog_matrix\fwmatrix_v31_1756_l83e.L5X,C:\l5x_scratch\acd\fwmatrix_v31_1756_l83e.ACD,ok,adopted-existing,BDAF6D9B50B71C2B1DAFC60A3B86D377D7325A12A23A4A7283A42F75BE42244C
samples\generated\fw_catalog_matrix\fwmatrix_v31_1756_l83es.L5X,C:\l5x_scratch\acd\fwmatrix_v31_1756_l83es.ACD,ok,adopted-existing,B1A7F7D31E0E101895A13AE87D932079253DEA9A4FB0C3BB383E792FD4D493F9
samples\generated\fw_catalog_matrix\fwmatrix_v31_1756_l84e.L5X,C:\l5x_scratch\acd\fwmatrix_v31_1756_l84e.ACD,ok,adopted-existing,9531A8B34D3E141CECB9939370C7DCCF8931869A34215D7B51C9897721650B00
samples\generated\fw_catalog_matrix\fwmatrix_v31_1756_l84es.L5X,C:\l5x_scratch\acd\fwmatrix_v31_1756_l84es.ACD,ok,adopted-existing,6F40FA14D10ECD5F94B54C24B04647454553430BEBDAFFBC7D3203A5D075075E
samples\generated\fw_catalog_matrix\fwmatrix_v31_1756_l85e.L5X,C:\l5x_scratch\acd\fwmatrix_v31_1756_l85e.ACD,ok,adopted-existing,A082531A58A1BE9E6A132DDDB3315ACE8BA30D8C967920A21A7800420BF68402
samples\generated\fw_catalog_matrix\fwmatrix_v31_1769_l16er_bb1b.L5X,C:\l5x_scratch\acd\fwmatrix_v31_1769_l16er_bb1b.ACD,ok,adopted-existing,2F2CC3DF36C68F3D9A45DD5E20F61416A7EE3C0D56B5E70E15F5711CE297C018
samples\generated\fw_catalog_matrix\fwmatrix_v31_1769_l18erm_bb1b.L5X,C:\l5x_scratch\acd\fwmatrix_v31_1769_l18erm_bb1b.ACD,ok,adopted-existing,10AEB6AA33C0C4A9B03D75A63BF58C85849B2DA3436312DA8703BE502D48A2A8
samples\generated\fw_catalog_matrix\fwmatrix_v31_1769_l18er_bb1b.L5X,C:\l5x_scratch\acd\fwmatrix_v31_1769_l18er_bb1b.ACD,ok,adopted-existing,EA8744B1090C7203491A843BC99E3F033A4C7D80691B9165E38FCB3A3523ED22
samples\generated\fw_catalog_matrix\fwmatrix_v31_1769_l19er_bb1b.L5X,C:\l5x_scratch\acd\fwmatrix_v31_1769_l19er_bb1b.ACD,ok,adopted-existing,FFA65F22BE9C49A1A44AD0AD51ED3ADCEABF6851304C3C499CFAC2CCDFAAC726
samples\generated\fw_catalog_matrix\fwmatrix_v31_5069_l306er.L5X,C:\l5x_scratch\acd\fwmatrix_v31_5069_l306er.ACD,ok,adopted-existing,B17B9E62A764C44A44CBA391F4C9CDFD798CAD87C58354E86812C4D3DB3FEACD
samples\generated\fw_catalog_matrix\fwmatrix_v31_5069_l306erm.L5X,C:\l5x_scratch\acd\fwmatrix_v31_5069_l306erm.ACD,ok,adopted-existing,18CD661495D77487FD6FFC0A46A88F79AEBE3531A36D43F2CFD806BEBD1A0B80
samples\generated\fw_catalog_matrix\fwmatrix_v31_5069_l306erms2.L5X,C:\l5x_scratch\acd\fwmatrix_v31_5069_l306erms2.ACD,ok,adopted-existing,6438416E8E1F1E8D5441861C2F803B18AA3B75A321F6E1330A1F0BC258035708
samples\generated\fw_catalog_matrix\fwmatrix_v31_5069_l306ers2.L5X,C:\l5x_scratch\acd\fwmatrix_v31_5069_l306ers2.ACD,ok,adopted-existing,7B83A699BA0AC9166429F0B288E7303D3F95D117C247FAED7AD6C37D3C8EC509
samples\generated\fw_catalog_matrix\fwmatrix_v31_5069_l3100erm.L5X,C:\l5x_scratch\acd\fwmatrix_v31_5069_l3100erm.ACD,ok,adopted-existing,383D1D55BCC9704EADAA27387A312E982159B60C12558536F0B2712BBEF80A4A
samples\generated\fw_catalog_matrix\fwmatrix_v31_5069_l310ers2.L5X,C:\l5x_scratch\acd\fwmatrix_v31_5069_l310ers2.ACD,ok,adopted-existing,03A9B0B5225DA37303CB21DA428C588241BBB447013BAE7AA079B3AD221206D7
samples\generated\fw_catalog_matrix\fwmatrix_v31_5069_l320er.L5X,C:\l5x_scratch\acd\fwmatrix_v31_5069_l320er.ACD,ok,adopted-existing,7481778AE5BE7E343C60F61E8ED8CFBE2F0C8A5F34BECC3F4DB45EC71FAED10F
samples\generated\fw_catalog_matrix\fwmatrix_v31_5069_l320erms2.L5X,C:\l5x_scratch\acd\fwmatrix_v31_5069_l320erms2.ACD,ok,adopted-existing,741CF6C3E879FEC6192566A21A0554018BDAA6EB6437153F46C2C9EC466A2757
samples\generated\fw_catalog_matrix\fwmatrix_v31_5069_l330er.L5X,C:\l5x_scratch\acd\fwmatrix_v31_5069_l330er.ACD,ok,adopted-existing,34E6C985AE523B663694FA343284035A6F13688D3CEBCAA9EA6CA1E38702205B
samples\generated\fw_catalog_matrix\fwmatrix_v31_5069_l330erms2.L5X,C:\l5x_scratch\acd\fwmatrix_v31_5069_l330erms2.ACD,ok,adopted-existing,0F1C0B0A3A83B7370015D65272FD999E93D3DA28D8EB0D8694F5A9B37504565D
samples\generated\fw_catalog_matrix\fwmatrix_v31_5069_l340er.L5X,C:\l5x_scratch\acd\fwmatrix_v31_5069_l340er.ACD,ok,adopted-existing,FE89EB3F4CAC1A3A9B65D2165D4B87091133B5C93990E72F946B74A55FD440AA
samples\generated\fw_catalog_matrix\fwmatrix_v31_5069_l340ers2.L5X,C:\l5x_scratch\acd\fwmatrix_v31_5069_l340ers2.ACD,ok,adopted-existing,6AC3A67700FCD4A4F20C130CDF6DC9DE893C1924EF38999DAFD68D784C05B878
samples\generated\fw_catalog_matrix\fwmatrix_v32_1756_l71.L5X,C:\l5x_scratch\acd\fwmatrix_v32_1756_l71.ACD,ok,adopted-existing,CBD273FD125AB96E331CB5E03ED8D55AF50BA35D6C43EEF5C962B30F4B22CC3E
samples\generated\fw_catalog_matrix\fwmatrix_v32_1756_l72.L5X,C:\l5x_scratch\acd\fwmatrix_v32_1756_l72.ACD,ok,adopted-existing,284B0982420CE59433E098012E5E27FA20AF259329653E80C9DB3DD9DC1E3C63
samples\generated\fw_catalog_matrix\fwmatrix_v32_1756_l73.L5X,C:\l5x_scratch\acd\fwmatrix_v32_1756_l73.ACD,ok,adopted-existing,E2C9F93237DF0491C48BFA8136400F0C7BAB45BF6129CCE7896C1A761438122D
samples\generated\fw_catalog_matrix\fwmatrix_v32_1756_l74.L5X,C:\l5x_scratch\acd\fwmatrix_v32_1756_l74.ACD,ok,adopted-existing,EA9317A342FFEA9F5C5886AADB5F8E16B8C48BC3B763C08AAF739F145DB7DFD3
samples\generated\fw_catalog_matrix\fwmatrix_v32_1756_l75.L5X,C:\l5x_scratch\acd\fwmatrix_v32_1756_l75.ACD,ok,adopted-existing,753029CE0591D4B361624EAE0DD5B66C358865631DBB4A00B253DAF989A5FB59
samples\generated\fw_catalog_matrix\fwmatrix_v32_1756_l81e.L5X,C:\l5x_scratch\acd\fwmatrix_v32_1756_l81e.ACD,ok,adopted-existing,CB0B4A635D8E1E411EAE221B9DC8C12F3CE67A6CEE11A318E2B55F26CAE50AFC
samples\generated\fw_catalog_matrix\fwmatrix_v32_1756_l81es.L5X,C:\l5x_scratch\acd\fwmatrix_v32_1756_l81es.ACD,ok,adopted-existing,53C4AABF6AD1C04EB449C90779AC238DBEAEEBF6EDFD13CBD019E39FEF8CF848
samples\generated\fw_catalog_matrix\fwmatrix_v32_1756_l82e.L5X,C:\l5x_scratch\acd\fwmatrix_v32_1756_l82e.ACD,ok,adopted-existing,A66AA028C80070C0C48D72007E35BE0492B6A45FF1D0937D0BC6DF099F4849CD
samples\generated\fw_catalog_matrix\fwmatrix_v32_1756_l82es.L5X,C:\l5x_scratch\acd\fwmatrix_v32_1756_l82es.ACD,ok,adopted-existing,24BCC9DD72EC62A44F92E6EBFAA65A623486078E52E6813DD176E0D9BA38C691
samples\generated\fw_catalog_matrix\fwmatrix_v32_1756_l83e.L5X,C:\l5x_scratch\acd\fwmatrix_v32_1756_l83e.ACD,ok,adopted-existing,14FE0F63F9C09486357D7E0F15DB0A48FB7EC8A1D7E1B4C7EC48FB4662F4C668
samples\generated\fw_catalog_matrix\fwmatrix_v32_1756_l83es.L5X,C:\l5x_scratch\acd\fwmatrix_v32_1756_l83es.ACD,ok,adopted-existing,78641C25C6BC14E2DC0C0687322F5C2976453791B623F53B885407DD223F7006
samples\generated\fw_catalog_matrix\fwmatrix_v32_1756_l84e.L5X,C:\l5x_scratch\acd\fwmatrix_v32_1756_l84e.ACD,ok,adopted-existing,702D79C7124CBA51CF2BA87A53F68DC69A21F7CFD76ABAC7E3FB949DCA6C4776
samples\generated\fw_catalog_matrix\fwmatrix_v32_1756_l84es.L5X,C:\l5x_scratch\acd\fwmatrix_v32_1756_l84es.ACD,ok,adopted-existing,8F5F63868E1F2D7141EF9CCE7B10E2AFA02E3F9A6CB9A5B1E04569F801970E37
samples\generated\fw_catalog_matrix\fwmatrix_v32_1756_l85e.L5X,C:\l5x_scratch\acd\fwmatrix_v32_1756_l85e.ACD,ok,adopted-existing,9A03F3A596BFF685B859907E1C08CC4E97B42E36ECBA6AA0695A5F8778864D4E
samples\generated\fw_catalog_matrix\fwmatrix_v32_1769_l16er_bb1b.L5X,C:\l5x_scratch\acd\fwmatrix_v32_1769_l16er_bb1b.ACD,ok,adopted-existing,451CF0EB94FFF781734943AD8D310DA00867D747A69F6C5ADF573432B0467026
samples\generated\fw_catalog_matrix\fwmatrix_v32_1769_l18erm_bb1b.L5X,C:\l5x_scratch\acd\fwmatrix_v32_1769_l18erm_bb1b.ACD,ok,adopted-existing,4BC24FF2AFA4F2E82F862EC0B49AB952DCB1248FAF52EDC3E5C3C9B700A0FACE
samples\generated\fw_catalog_matrix\fwmatrix_v32_1769_l18er_bb1b.L5X,C:\l5x_scratch\acd\fwmatrix_v32_1769_l18er_bb1b.ACD,ok,adopted-existing,BE61E05E90BB5C35708BC714A7E63F28D13A9B2CF508706F27A459B25211E148
samples\generated\fw_catalog_matrix\fwmatrix_v32_1769_l19er_bb1b.L5X,C:\l5x_scratch\acd\fwmatrix_v32_1769_l19er_bb1b.ACD,ok,adopted-existing,3E5BE255E7009946B03CEA27E7DB9E8A5EAD97C56FEC5F03B34F4824936B595E
samples\generated\fw_catalog_matrix\fwmatrix_v32_5069_l306er.L5X,C:\l5x_scratch\acd\fwmatrix_v32_5069_l306er.ACD,ok,adopted-existing,9413D692B55351A056C1CBFEA29CD3E30AB59EFA1784239767D420F34524D927
samples\generated\fw_catalog_matrix\fwmatrix_v32_5069_l306erm.L5X,C:\l5x_scratch\acd\fwmatrix_v32_5069_l306erm.ACD,ok,adopted-existing,618E3C390CC39321A47D43F9F0E52A336191CBC8C102453970A5112769C4C9F3
samples\generated\fw_catalog_matrix\fwmatrix_v32_5069_l306erms2.L5X,C:\l5x_scratch\acd\fwmatrix_v32_5069_l306erms2.ACD,ok,adopted-existing,950B4F61E1C36F9A34FA3D0FCE8BF847C575F6808E7A48FDC4C2E90D22729251
samples\generated\fw_catalog_matrix\fwmatrix_v32_5069_l306erms3.L5X,C:\l5x_scratch\acd\fwmatrix_v32_5069_l306erms3.ACD,ok,adopted-existing,A3AC895C2697A6891B99055106E5FC0BFFA83D89777CB64438789F8734D6F11F
samples\generated\fw_catalog_matrix\fwmatrix_v32_5069_l306ers2.L5X,C:\l5x_scratch\acd\fwmatrix_v32_5069_l306ers2.ACD,ok,adopted-existing,FF7B35490F6D9FC47500BAEC7328E95BED6853589CEDF6B44A920F3A0BA1450C
samples\generated\fw_catalog_matrix\fwmatrix_v32_5069_l3100erm.L5X,C:\l5x_scratch\acd\fwmatrix_v32_5069_l3100erm.ACD,ok,adopted-existing,7BD710B14B2CEE74A64750388E83CBEB3D68AE39E3D55BB2B4CC801D6ABCE037
samples\generated\fw_catalog_matrix\fwmatrix_v32_5069_l310ers2.L5X,C:\l5x_scratch\acd\fwmatrix_v32_5069_l310ers2.ACD,ok,adopted-existing,7954016D87581FEB3B02802D1C6B276C06B5235C6C58BC8FCFC8DADD09C1EE51
samples\generated\fw_catalog_matrix\fwmatrix_v32_5069_l320er.L5X,C:\l5x_scratch\acd\fwmatrix_v32_5069_l320er.ACD,ok,adopted-existing,BAB6F7D700FF9233D183E763924C414EAE3B74134533C37169EA93F4E9136D87
samples\generated\fw_catalog_matrix\fwmatrix_v32_5069_l320erms2.L5X,C:\l5x_scratch\acd\fwmatrix_v32_5069_l320erms2.ACD,ok,adopted-existing,D9765D4C0C70C3686037E3361362B59E727246F1B2B7A4B2DF8BB4AE4345F823
samples\generated\fw_catalog_matrix\fwmatrix_v32_5069_l320erms3.L5X,C:\l5x_scratch\acd\fwmatrix_v32_5069_l320erms3.ACD,ok,adopted-existing,00D7FEECDB134838C839BF77581F9AF860E443BA9F6D8153AFEDAA49799BDC4D
samples\generated\fw_catalog_matrix\fwmatrix_v32_5069_l330er.L5X,C:\l5x_scratch\acd\fwmatrix_v32_5069_l330er.ACD,ok,adopted-existing,3CEA77C6F67D8EC3A2B5A130DAE3831A5A5390AD65008D0A6A1E091A785271AD
samples\generated\fw_catalog_matrix\fwmatrix_v32_5069_l330erms2.L5X,C:\l5x_scratch\acd\fwmatrix_v32_5069_l330erms2.ACD,ok,adopted-existing,40F3854C8BFD97A34E8C9D550B24FABB507C555E13BF3468D96932801338E749
samples\generated\fw_catalog_matrix\fwmatrix_v32_5069_l340er.L5X,C:\l5x_scratch\acd\fwmatrix_v32_5069_l340er.ACD,ok,adopted-existing,A3812FA98F02E5C56D40C42D81B7E7DC048C6B76A01360083F6D5C150644D497
samples\generated\fw_catalog_matrix\fwmatrix_v32_5069_l340ers2.L5X,C:\l5x_scratch\acd\fwmatrix_v32_5069_l340ers2.ACD,ok,adopted-existing,6B5D171F34F106E5934629B8E57B8445B6AB33F96385DCE0F72A2AFAD61C99FE
samples\generated\fw_catalog_matrix\fwmatrix_v33_1756_l71.L5X,C:\l5x_scratch\acd\fwmatrix_v33_1756_l71.ACD,ok,adopted-existing,8A542DBBAA21DA8DED9839D1D4834E9E91B2F59566FDABE11B063724BF796526
samples\generated\fw_catalog_matrix\fwmatrix_v33_1756_l72.L5X,C:\l5x_scratch\acd\fwmatrix_v33_1756_l72.ACD,ok,adopted-existing,F7E58A58A9B1B1FBDF2338AFB614EAE0B4EFCB9F7FDD691EFE1BDE618DF057BE
samples\generated\fw_catalog_matrix\fwmatrix_v33_1756_l73.L5X,C:\l5x_scratch\acd\fwmatrix_v33_1756_l73.ACD,ok,adopted-existing,D94A0D315DD48EFC7C2E1BEE2E731557836AD4F50E6D16E302076BC4E2297110
samples\generated\fw_catalog_matrix\fwmatrix_v33_1756_l74.L5X,C:\l5x_scratch\acd\fwmatrix_v33_1756_l74.ACD,ok,adopted-existing,3D7F510744F03B9EEB64906F7E7F058B6ECB1C4DDE0931D27E3D0AD72AC6117E
samples\generated\fw_catalog_matrix\fwmatrix_v33_1756_l75.L5X,C:\l5x_scratch\acd\fwmatrix_v33_1756_l75.ACD,ok,adopted-existing,B22448F3C4A311F9D5907918CB3F7B3F1A914BDBDA58E80306DFE664B99782E0
samples\generated\fw_catalog_matrix\fwmatrix_v33_1756_l81e.L5X,C:\l5x_scratch\acd\fwmatrix_v33_1756_l81e.ACD,ok,adopted-existing,B8E590C3E08ED05BD98E030E768EE59E4F17974CF9A308BDEF59239F8A7A8914
samples\generated\fw_catalog_matrix\fwmatrix_v33_1756_l81es.L5X,C:\l5x_scratch\acd\fwmatrix_v33_1756_l81es.ACD,ok,adopted-existing,40CF3344C7A9F8BFBAB605773B00B0AAC3CC30D7779D5387A732D04476FCFE51
samples\generated\fw_catalog_matrix\fwmatrix_v33_1756_l82e.L5X,C:\l5x_scratch\acd\fwmatrix_v33_1756_l82e.ACD,ok,adopted-existing,BB0D896C65D3F4C0820E993611DEE7E43843F06BFD564B39430956F6498284FB
samples\generated\fw_catalog_matrix\fwmatrix_v33_1756_l82es.L5X,C:\l5x_scratch\acd\fwmatrix_v33_1756_l82es.ACD,ok,adopted-existing,D702915F6B9679B012DF389F64231FAADBC9F8C240C9FF4CADE04E4DA996CF9C
samples\generated\fw_catalog_matrix\fwmatrix_v33_1756_l83e.L5X,C:\l5x_scratch\acd\fwmatrix_v33_1756_l83e.ACD,ok,adopted-existing,8FFCAC2A3867E7415A9634FB5A9FFA152442C89355CA2C400FD6908813E5948B
samples\generated\fw_catalog_matrix\fwmatrix_v33_1756_l83es.L5X,C:\l5x_scratch\acd\fwmatrix_v33_1756_l83es.ACD,ok,adopted-existing,F0C0D5B91E5B57F2502BFBC747127BE28AF6ACAC0823AE7EFA157BA7A3A84A84
samples\generated\fw_catalog_matrix\fwmatrix_v33_1756_l84e.L5X,C:\l5x_scratch\acd\fwmatrix_v33_1756_l84e.ACD,ok,adopted-existing,5135F7131F82BE437E2F65FA3FAB5B9CC72ABFEC629A39E4FC1309EA18AC6B1E
samples\generated\fw_catalog_matrix\fwmatrix_v33_1756_l84es.L5X,C:\l5x_scratch\acd\fwmatrix_v33_1756_l84es.ACD,ok,adopted-existing,581FD0C70349472D6AFDBC895CAB9908E3E86AD79D653C779219233764E2AE59
samples\generated\fw_catalog_matrix\fwmatrix_v33_1756_l85e.L5X,C:\l5x_scratch\acd\fwmatrix_v33_1756_l85e.ACD,ok,adopted-existing,DC962C580EA0125AD27925C9D657C27E78568D4B168B269871A46AE9868543D8
samples\generated\fw_catalog_matrix\fwmatrix_v33_1769_l16er_bb1b.L5X,C:\l5x_scratch\acd\fwmatrix_v33_1769_l16er_bb1b.ACD,ok,adopted-existing,13DB1E1AC3953F6ABD1AECFCB9D9DE97CE25535417763171EE47AA2B94866144
samples\generated\fw_catalog_matrix\fwmatrix_v33_1769_l18erm_bb1b.L5X,C:\l5x_scratch\acd\fwmatrix_v33_1769_l18erm_bb1b.ACD,ok,adopted-existing,914FF726FC9E337209E1A99C0BFD974D7ACCC962B9289AD4BCBC2DFCE86A5C5A
samples\generated\fw_catalog_matrix\fwmatrix_v33_1769_l18er_bb1b.L5X,C:\l5x_scratch\acd\fwmatrix_v33_1769_l18er_bb1b.ACD,ok,adopted-existing,2DCA7B129AE0B4FD06C351BD8410FE55F89E2AC9CBCFE1C477347C55D9F5D138
samples\generated\fw_catalog_matrix\fwmatrix_v33_1769_l19er_bb1b.L5X,C:\l5x_scratch\acd\fwmatrix_v33_1769_l19er_bb1b.ACD,ok,adopted-existing,27618E1350829F4DADDEE5A5395615F0365037F4FEF5C3578CD6FB2293AC7B0F
samples\generated\fw_catalog_matrix\fwmatrix_v33_5069_l306er.L5X,C:\l5x_scratch\acd\fwmatrix_v33_5069_l306er.ACD,ok,adopted-existing,26A9C7619C1F9B2786B0D2D8E3E0CE3D6235CBAD9758DF6E3E51B342FD03690D
samples\generated\fw_catalog_matrix\fwmatrix_v33_5069_l306erm.L5X,C:\l5x_scratch\acd\fwmatrix_v33_5069_l306erm.ACD,ok,adopted-existing,EAC1C69133B1649AFCAB9A8F6EBEA24682DB6A3EC3B4CABC73D40A4FBC03D753
samples\generated\fw_catalog_matrix\fwmatrix_v33_5069_l306erms2.L5X,C:\l5x_scratch\acd\fwmatrix_v33_5069_l306erms2.ACD,ok,adopted-existing,330BFE1E18528C3961C7A65B9DED0F191CD2B85358F54FA7087F8C9DE9EBC3A7
samples\generated\fw_catalog_matrix\fwmatrix_v33_5069_l306erms3.L5X,C:\l5x_scratch\acd\fwmatrix_v33_5069_l306erms3.ACD,ok,adopted-existing,128D52CFEF7D1503676179CCC46CE8A44E76A85054C605A7AF5760701FC20A1E
samples\generated\fw_catalog_matrix\fwmatrix_v33_5069_l306ers2.L5X,C:\l5x_scratch\acd\fwmatrix_v33_5069_l306ers2.ACD,ok,adopted-existing,07A96E1B0C966DB6B8C00532D47A55E98D7C4D2B6B7D077F3DADF7E01C401E4A
samples\generated\fw_catalog_matrix\fwmatrix_v33_5069_l3100erm.L5X,C:\l5x_scratch\acd\fwmatrix_v33_5069_l3100erm.ACD,ok,adopted-existing,C0D5B70D0824033A30803F41654BEA4273FB38BFAED2CF52AA37B9C9DCDB379A
samples\generated\fw_catalog_matrix\fwmatrix_v33_5069_l310ers2.L5X,C:\l5x_scratch\acd\fwmatrix_v33_5069_l310ers2.ACD,ok,adopted-existing,1F9F515807583D782240A2CD841209B4E0F9777C75512775C02991CF96ACA70A
samples\generated\fw_catalog_matrix\fwmatrix_v33_5069_l320er.L5X,C:\l5x_scratch\acd\fwmatrix_v33_5069_l320er.ACD,ok,adopted-existing,2BD4476DE85937E2074B96DC50DF5D78EAD0DC356B0D43477F031FCF5B65810E
samples\generated\fw_catalog_matrix\fwmatrix_v33_5069_l320erms2.L5X,C:\l5x_scratch\acd\fwmatrix_v33_5069_l320erms2.ACD,ok,adopted-existing,FC285A1FB5B16C2034034B0B3306F2E49C103EB2372AC3DE3D4D030AF39B70F0
samples\generated\fw_catalog_matrix\fwmatrix_v33_5069_l320erms3.L5X,C:\l5x_scratch\acd\fwmatrix_v33_5069_l320erms3.ACD,ok,adopted-existing,B1236CADDDAB8C2EFB469863052CFCA041221BBF49B61A585ECDE75F7FA6C246
samples\generated\fw_catalog_matrix\fwmatrix_v33_5069_l330er.L5X,C:\l5x_scratch\acd\fwmatrix_v33_5069_l330er.ACD,ok,adopted-existing,2CF9942C41DAAB6423896686A481D7888F2DE46A3D85E05824151849C5812C4A
samples\generated\fw_catalog_matrix\fwmatrix_v33_5069_l330erms2.L5X,C:\l5x_scratch\acd\fwmatrix_v33_5069_l330erms2.ACD,ok,adopted-existing,9170F9A4FC408AB49896A193B6E13C24720DFF988F35A5D699E1F06D12E844B1
samples\generated\fw_catalog_matrix\fwmatrix_v33_5069_l340er.L5X,C:\l5x_scratch\acd\fwmatrix_v33_5069_l340er.ACD,ok,adopted-existing,7F6BD8C69F051E1C73626C48341EEF3E428240144C50C1262A85C85C9CB1BF50
samples\generated\fw_catalog_matrix\fwmatrix_v33_5069_l340ers2.L5X,C:\l5x_scratch\acd\fwmatrix_v33_5069_l340ers2.ACD,ok,adopted-existing,44A025FB889CE66EF9FF7A323956C10F072401D55E1B8618CE6092C4841A8395
samples\generated\fw_catalog_matrix\fwmatrix_v34_1756_l71.L5X,C:\l5x_scratch\acd\fwmatrix_v34_1756_l71.ACD,ok,adopted-existing,FF3F314549646769D2F9C4A046A3FD302E390BCACA37532570B7A97E6CE21565
samples\generated\fw_catalog_matrix\fwmatrix_v34_1756_l72.L5X,C:\l5x_scratch\acd\fwmatrix_v34_1756_l72.ACD,ok,adopted-existing,4AB003FC8B8568A2DC3A778ABDCF285FA03555D197D2D45E68BBCE9639CAD43E
samples\generated\fw_catalog_matrix\fwmatrix_v34_1756_l73.L5X,C:\l5x_scratch\acd\fwmatrix_v34_1756_l73.ACD,ok,adopted-existing,2E980F4AB2ED337CB3B74F88692223C070AECEBF1B6093A487D7032D6C3A620F
samples\generated\fw_catalog_matrix\fwmatrix_v34_1756_l74.L5X,C:\l5x_scratch\acd\fwmatrix_v34_1756_l74.ACD,ok,adopted-existing,FD221CEB0A3F956325EC7CC72258414201D2F20009165C7CD15A4A9C2ED9B300
samples\generated\fw_catalog_matrix\fwmatrix_v34_1756_l75.L5X,C:\l5x_scratch\acd\fwmatrix_v34_1756_l75.ACD,ok,adopted-existing,1609C75F84772D9EC07D21426F7120820DE265B25332C8BF2FA115CF67F7BFB9
samples\generated\fw_catalog_matrix\fwmatrix_v34_1756_l81e.L5X,C:\l5x_scratch\acd\fwmatrix_v34_1756_l81e.ACD,ok,adopted-existing,AF7BD4109F1347B18D4206255313DF156FA177FB6F088F0273DD828CB6563BF3
samples\generated\fw_catalog_matrix\fwmatrix_v34_1756_l81es.L5X,C:\l5x_scratch\acd\fwmatrix_v34_1756_l81es.ACD,ok,adopted-existing,29124D0A9B75D7F1AC7CA8DCBB478D4DA1F0B188D09F852CBFC2B9D6288730D9
samples\generated\fw_catalog_matrix\fwmatrix_v34_1756_l82e.L5X,C:\l5x_scratch\acd\fwmatrix_v34_1756_l82e.ACD,ok,adopted-existing,8937226332BCA343AB9BB28F0B8F48FD0405A8F0EF724BE2B0CFD1797E6C8164
samples\generated\fw_catalog_matrix\fwmatrix_v34_1756_l82es.L5X,C:\l5x_scratch\acd\fwmatrix_v34_1756_l82es.ACD,ok,adopted-existing,754B83ECC0ED65E7AE644E965B136886F59E696D24F58F51880EC6463CA8E35F
samples\generated\fw_catalog_matrix\fwmatrix_v34_1756_l83e.L5X,C:\l5x_scratch\acd\fwmatrix_v34_1756_l83e.ACD,ok,adopted-existing,D36781D5AF8A8DF05731E565DF41918375D0AB801B268135C9366EC2B4617DA3
samples\generated\fw_catalog_matrix\fwmatrix_v34_1756_l83es.L5X,C:\l5x_scratch\acd\fwmatrix_v34_1756_l83es.ACD,ok,adopted-existing,3510118A36509832CFC4FA7402A1108A7B5EBBFE7DF0807DAC3DADCC49257173
samples\generated\fw_catalog_matrix\fwmatrix_v34_1756_l84e.L5X,C:\l5x_scratch\acd\fwmatrix_v34_1756_l84e.ACD,ok,adopted-existing,EC3B99F189E09C5898D6A295EBA2CD456C0355870B9FA2A947D564E339D24B1F
samples\generated\fw_catalog_matrix\fwmatrix_v34_1756_l84es.L5X,C:\l5x_scratch\acd\fwmatrix_v34_1756_l84es.ACD,ok,adopted-existing,B9AD19FC0E2B6B179A8D568E144FA158E30F76362BB686A98C6FC529C4ACE29A
samples\generated\fw_catalog_matrix\fwmatrix_v34_1756_l85e.L5X,C:\l5x_scratch\acd\fwmatrix_v34_1756_l85e.ACD,ok,adopted-existing,E4A2FAA709B45181CEDF17C99AC24A3B10B0978966661A524E35F265CD3EDC94
samples\generated\fw_catalog_matrix\fwmatrix_v34_1769_l16er_bb1b.L5X,C:\l5x_scratch\acd\fwmatrix_v34_1769_l16er_bb1b.ACD,ok,adopted-existing,27E44F47BF0D5DB85B33CC975F824922B300FDCD976A3FBA87ADE5B7D1F23AB9
samples\generated\fw_catalog_matrix\fwmatrix_v34_1769_l18erm_bb1b.L5X,C:\l5x_scratch\acd\fwmatrix_v34_1769_l18erm_bb1b.ACD,ok,adopted-existing,B58596FCA0997D1BDEC43CB29B2F26F977FCD629451899BB12E0CDA2538AF986
samples\generated\fw_catalog_matrix\fwmatrix_v34_1769_l18er_bb1b.L5X,C:\l5x_scratch\acd\fwmatrix_v34_1769_l18er_bb1b.ACD,ok,adopted-existing,968655F9FA712F02A66EE0D7D184D3B80041559F7BFD3FECECE860E21BA80733
samples\generated\fw_catalog_matrix\fwmatrix_v34_1769_l19er_bb1b.L5X,C:\l5x_scratch\acd\fwmatrix_v34_1769_l19er_bb1b.ACD,ok,adopted-existing,A57A2B0BBC47F70CF4167AFA8085EB929C285DDAB9B468AE0ABDB81DC64E1DF1
samples\generated\fw_catalog_matrix\fwmatrix_v34_5069_l306er.L5X,C:\l5x_scratch\acd\fwmatrix_v34_5069_l306er.ACD,ok,adopted-existing,B403BD140B251E449A46E230C3D06F83C311E5048C4723A45230749CB13F3156
samples\generated\fw_catalog_matrix\fwmatrix_v34_5069_l306erm.L5X,C:\l5x_scratch\acd\fwmatrix_v34_5069_l306erm.ACD,ok,adopted-existing,3AA67B24AA79F9EAAF2E22099E4921737C13C4B2F1E4C96085D7FBF2255BF4F3
samples\generated\fw_catalog_matrix\fwmatrix_v34_5069_l306erms2.L5X,C:\l5x_scratch\acd\fwmatrix_v34_5069_l306erms2.ACD,ok,adopted-existing,636470C25B4F5C8BF7D2C3FFDDF5C1AE5EA8D2B3C70D3F1CDAAF69DFB5E566E3
samples\generated\fw_catalog_matrix\fwmatrix_v34_5069_l306erms3.L5X,C:\l5x_scratch\acd\fwmatrix_v34_5069_l306erms3.ACD,ok,adopted-existing,F6DB441A9503EF11FA612D27B9D6D5157FF296409CEBB8ECDA30AD1C209E4B8C
samples\generated\fw_catalog_matrix\fwmatrix_v34_5069_l306ers2.L5X,C:\l5x_scratch\acd\fwmatrix_v34_5069_l306ers2.ACD,ok,adopted-existing,F0F6D7894AA8F0705E42AFE3BCF19A4C16089EBAC964DFDE45997DF914147212
samples\generated\fw_catalog_matrix\fwmatrix_v34_5069_l3100erm.L5X,C:\l5x_scratch\acd\fwmatrix_v34_5069_l3100erm.ACD,ok,adopted-existing,F0D022CFB91B2903EDC3056BC1058925B8E6485C1E5F6378632D4B6EA6F89BA9
samples\generated\fw_catalog_matrix\fwmatrix_v34_5069_l310ers2.L5X,C:\l5x_scratch\acd\fwmatrix_v34_5069_l310ers2.ACD,ok,adopted-existing,068C2FDBF042AC4B17384A0F4CE570EC6846A27B83E1397C8C58F1DDD702E135
samples\generated\fw_catalog_matrix\fwmatrix_v34_5069_l320er.L5X,C:\l5x_scratch\acd\fwmatrix_v34_5069_l320er.ACD,ok,adopted-existing,55BD68496FC040823215F1465E8981427C26129B0887CF500791CE713994EE1C
samples\generated\fw_catalog_matrix\fwmatrix_v34_5069_l320erms2.L5X,C:\l5x_scratch\acd\fwmatrix_v34_5069_l320erms2.ACD,ok,adopted-existing,94FAE42B6067A08180EFCDB9CDAF3E9367E54340DA9799404020C29F4601D659
samples\generated\fw_catalog_matrix\fwmatrix_v34_5069_l320erms3.L5X,C:\l5x_scratch\acd\fwmatrix_v34_5069_l320erms3.ACD,ok,adopted-existing,A6A196D5BE8C40C8814817E68742C7B2FB98E188B22AC145702598B168EB4999
samples\generated\fw_catalog_matrix\fwmatrix_v34_5069_l330er.L5X,C:\l5x_scratch\acd\fwmatrix_v34_5069_l330er.ACD,ok,adopted-existing,5E3EBE409D7D91F568B3A887BC8F950290D929CFD6BC535FE4829E1576CE55AD
samples\generated\fw_catalog_matrix\fwmatrix_v34_5069_l330erms2.L5X,C:\l5x_scratch\acd\fwmatrix_v34_5069_l330erms2.ACD,ok,adopted-existing,670058142AC7E20CD20D7A2736DF5F8215DC923E1D7C4C6F3CA73719A660CF64
samples\generated\fw_catalog_matrix\fwmatrix_v34_5069_l340er.L5X,C:\l5x_scratch\acd\fwmatrix_v34_5069_l340er.ACD,ok,adopted-existing,1B69B939403358C87B4657BB3B37A5621CCB308F53A3E75ADDC51F54C50F199B
samples\generated\fw_catalog_matrix\fwmatrix_v34_5069_l340ers2.L5X,C:\l5x_scratch\acd\fwmatrix_v34_5069_l340ers2.ACD,ok,adopted-existing,939B523514C8ABC505824D31F533FBE3A520D3531D87630B89CC6A21587F60A1
samples\generated\fw_catalog_matrix\fwmatrix_v35_1756_l71.L5X,C:\l5x_scratch\acd\fwmatrix_v35_1756_l71.ACD,ok,adopted-existing,DCB16400B524080DF788D4E667D7D96C185C438501AC23BCC018DC2D7243DFC3
samples\generated\fw_catalog_matrix\fwmatrix_v35_1756_l72.L5X,C:\l5x_scratch\acd\fwmatrix_v35_1756_l72.ACD,ok,adopted-existing,04402790183584E5ED78C5A918F85CA953CEF8A2669649CC63539D9973186853
samples\generated\fw_catalog_matrix\fwmatrix_v35_1756_l73.L5X,C:\l5x_scratch\acd\fwmatrix_v35_1756_l73.ACD,ok,adopted-existing,C22E8B2623BA64AE65E4C3C6AD61FEBC9CCA05695137AAC4C9ECB0FA2AE264F3
samples\generated\fw_catalog_matrix\fwmatrix_v35_1756_l74.L5X,C:\l5x_scratch\acd\fwmatrix_v35_1756_l74.ACD,ok,adopted-existing,8B6FBE09466BFFD652185758A0F6A3BB9B1D33D34B4C30F3E909E411B667BDF5
samples\generated\fw_catalog_matrix\fwmatrix_v35_1756_l75.L5X,C:\l5x_scratch\acd\fwmatrix_v35_1756_l75.ACD,ok,adopted-existing,AFFD71CFFEC40862EF678CD2440A10C261928FE452E21ADCD0CDF0C434BE7FE0
samples\generated\fw_catalog_matrix\fwmatrix_v35_1756_l81e.L5X,C:\l5x_scratch\acd\fwmatrix_v35_1756_l81e.ACD,ok,adopted-existing,99E426B7DB97DA745247A31B39F46BAA4CA2FF6AD0A99A28FA51619EB06EB759
samples\generated\fw_catalog_matrix\fwmatrix_v35_1756_l81es.L5X,C:\l5x_scratch\acd\fwmatrix_v35_1756_l81es.ACD,ok,adopted-existing,500B6B12A33BCBA757C404589CB7EB8A7E8F587EC5CA9D93D430988711517CF2
samples\generated\fw_catalog_matrix\fwmatrix_v35_1756_l82e.L5X,C:\l5x_scratch\acd\fwmatrix_v35_1756_l82e.ACD,ok,adopted-existing,95F0713F3D661EF568327516FD33BF5E8C7744535CF8A4F67AD8FBF3A554FE1D
samples\generated\fw_catalog_matrix\fwmatrix_v35_1756_l82es.L5X,C:\l5x_scratch\acd\fwmatrix_v35_1756_l82es.ACD,ok,adopted-existing,38FB75E863AD18F00B2A66A3790DE8236842CCB6F49D13E9916FFB7F619C126F
samples\generated\fw_catalog_matrix\fwmatrix_v35_1756_l83e.L5X,C:\l5x_scratch\acd\fwmatrix_v35_1756_l83e.ACD,ok,adopted-existing,47BA7E0B553F0953288B56BCE76FC604077E7D6A114361510300A91B5C61E9FE
samples\generated\fw_catalog_matrix\fwmatrix_v35_1756_l83es.L5X,C:\l5x_scratch\acd\fwmatrix_v35_1756_l83es.ACD,ok,adopted-existing,1A79E1151490B26253C91B814D2612657E536E5008CBBB0AB5768F8DEC1365CB
samples\generated\fw_catalog_matrix\fwmatrix_v35_1756_l84e.L5X,C:\l5x_scratch\acd\fwmatrix_v35_1756_l84e.ACD,ok,adopted-existing,300080802D2499A492CDF01EC8F2430761BEFA9F2124A70052E247DBDC6417AD
samples\generated\fw_catalog_matrix\fwmatrix_v35_1756_l84es.L5X,C:\l5x_scratch\acd\fwmatrix_v35_1756_l84es.ACD,ok,adopted-existing,75D12493096FA607C1B0BA3B7E8ABA1D2FB0427991ADF71ACDE91DE5B7E3AFAB
samples\generated\fw_catalog_matrix\fwmatrix_v35_1756_l85e.L5X,C:\l5x_scratch\acd\fwmatrix_v35_1756_l85e.ACD,ok,adopted-existing,9DB3F91105BAB08D0C4B1E37D06CBB9C21C7248F48092123D5F1DD6CC20F5443
samples\generated\fw_catalog_matrix\fwmatrix_v35_1769_l16er_bb1b.L5X,C:\l5x_scratch\acd\fwmatrix_v35_1769_l16er_bb1b.ACD,ok,adopted-existing,23FF8BEBDEC895E11C5088AC4F9A6C51B0B4BFA119A0E7FFA479564700A43FBE
samples\generated\fw_catalog_matrix\fwmatrix_v35_1769_l18erm_bb1b.L5X,C:\l5x_scratch\acd\fwmatrix_v35_1769_l18erm_bb1b.ACD,ok,adopted-existing,8022270C2DC36C91F1539F4C1B3570E9F0A9EAAF3109A3C55D90BC79717982CF
samples\generated\fw_catalog_matrix\fwmatrix_v35_1769_l18er_bb1b.L5X,C:\l5x_scratch\acd\fwmatrix_v35_1769_l18er_bb1b.ACD,ok,adopted-existing,3CF3AB91BE79ECF875537559D7CC39CCBCD3ADF1EAC51F5B8F2858DD9722544E
samples\generated\fw_catalog_matrix\fwmatrix_v35_1769_l19er_bb1b.L5X,C:\l5x_scratch\acd\fwmatrix_v35_1769_l19er_bb1b.ACD,ok,adopted-existing,CBAB2BC33660C99B8DE399ECC95D73D8359A19C8510CCAE8C5CA3A62FFF82D11
samples\generated\fw_catalog_matrix\fwmatrix_v35_5069_l306er.L5X,C:\l5x_scratch\acd\fwmatrix_v35_5069_l306er.ACD,ok,adopted-existing,1206D0A31BBC8A7565B46DD1D041263966F72D5EBED6BBCEC2B3090E23532A39
samples\generated\fw_catalog_matrix\fwmatrix_v35_5069_l306erm.L5X,C:\l5x_scratch\acd\fwmatrix_v35_5069_l306erm.ACD,ok,adopted-existing,957C0A9CC1404CFEAAC435A2B2E9E9C2664E4D37D4901B04924BAACD706BB382
samples\generated\fw_catalog_matrix\fwmatrix_v35_5069_l306erms2.L5X,C:\l5x_scratch\acd\fwmatrix_v35_5069_l306erms2.ACD,ok,adopted-existing,B71E6C0AE3D8A210D765E55AFC81A4A3255CF2EC654C440EAF6CA393AED91CEF
samples\generated\fw_catalog_matrix\fwmatrix_v35_5069_l306erms3.L5X,C:\l5x_scratch\acd\fwmatrix_v35_5069_l306erms3.ACD,ok,adopted-existing,234E9B79EEC9EA78DFC46921BF518E00808B9B7B943B7DF8A2323253AEC30675
samples\generated\fw_catalog_matrix\fwmatrix_v35_5069_l306ers2.L5X,C:\l5x_scratch\acd\fwmatrix_v35_5069_l306ers2.ACD,ok,adopted-existing,C8850271319842B4A1AD80AF7B5A53906D015539BDE278B6B810BF29844B2DB6
samples\generated\fw_catalog_matrix\fwmatrix_v35_5069_l3100erm.L5X,C:\l5x_scratch\acd\fwmatrix_v35_5069_l3100erm.ACD,ok,adopted-existing,883F998F9DBF9CC9A5E8F4ED19DCAF65F3900A29208E2CBE14519CA5EE0F933D
samples\generated\fw_catalog_matrix\fwmatrix_v35_5069_l310ers2.L5X,C:\l5x_scratch\acd\fwmatrix_v35_5069_l310ers2.ACD,ok,adopted-existing,80F790AB6D5AEEF785FA318880BA8E841DB76057650C82ED1610F9BC1BB99647
samples\generated\fw_catalog_matrix\fwmatrix_v35_5069_l320er.L5X,C:\l5x_scratch\acd\fwmatrix_v35_5069_l320er.ACD,ok,adopted-existing,75CF3A39544541F58D8F9A41C958D93ADDEED7000E5F2016559BACFE25A26226
samples\generated\fw_catalog_matrix\fwmatrix_v35_5069_l320erms2.L5X,C:\l5x_scratch\acd\fwmatrix_v35_5069_l320erms2.ACD,ok,adopted-existing,9CDFFA5DA72516C961EAFB2B6C12D24FD0E047F178EC7AF695B76F71EFC92032
samples\generated\fw_catalog_matrix\fwmatrix_v35_5069_l320erms3.L5X,C:\l5x_scratch\acd\fwmatrix_v35_5069_l320erms3.ACD,ok,adopted-existing,DA76B3489D4CDC05A0092867243C5ED65E312B767012500879AE2EDB9F9911E4
samples\generated\fw_catalog_matrix\fwmatrix_v35_5069_l330er.L5X,C:\l5x_scratch\acd\fwmatrix_v35_5069_l330er.ACD,ok,adopted-existing,A9468ED20453D0E2CA3EC6231D8DFD0573E3972A904C9B09A14FFF602ABFE2FD
samples\generated\fw_catalog_matrix\fwmatrix_v35_5069_l330erms2.L5X,C:\l5x_scratch\acd\fwmatrix_v35_5069_l330erms2.ACD,ok,adopted-existing,5CABF15E478765E3BD6B71D5C84C5BE1895A015BAD2F4D441BAC48FD3D8E5BAF
samples\generated\fw_catalog_matrix\fwmatrix_v35_5069_l340er.L5X,C:\l5x_scratch\acd\fwmatrix_v35_5069_l340er.ACD,ok,adopted-existing,FE51CA60C5AA712D0ACABD3B0C10EEACC78F6AC032E2CD8A2511C1A049FB44CA
samples\generated\fw_catalog_matrix\fwmatrix_v35_5069_l340ers2.L5X,C:\l5x_scratch\acd\fwmatrix_v35_5069_l340ers2.ACD,ok,adopted-existing,BD485F2DB61730D9D741025C574049F7502C2BB422BDA71FA8E3E3B9F27AB0AC
samples\generated\fw_catalog_matrix\fwmatrix_v38_1756_l71.L5X,C:\l5x_scratch\acd\fwmatrix_v38_1756_l71.ACD,ok,adopted-existing,71B9833F366ECB5C16976C33E9C14E53A16D2B2A05320B5792FAB94DD48FDEE2
samples\generated\fw_catalog_matrix\fwmatrix_v38_1756_l72.L5X,C:\l5x_scratch\acd\fwmatrix_v38_1756_l72.ACD,ok,adopted-existing,868059A571603644F6F453BEE3470AB4D4BAD280724C967BC9AADBAA7F31DB14
samples\generated\fw_catalog_matrix\fwmatrix_v38_1756_l73.L5X,C:\l5x_scratch\acd\fwmatrix_v38_1756_l73.ACD,ok,adopted-existing,9CA2A88A2F0D63F7412BCC5D2906180DEBDE974BEC23F80E11A11D866B7684DB
samples\generated\fw_catalog_matrix\fwmatrix_v38_1756_l74.L5X,C:\l5x_scratch\acd\fwmatrix_v38_1756_l74.ACD,ok,adopted-existing,E6C7A078E3A59503966664395A5F48C9DD1A5EAB059D3E464F7BB238690CDCC2
samples\generated\fw_catalog_matrix\fwmatrix_v38_1756_l75.L5X,C:\l5x_scratch\acd\fwmatrix_v38_1756_l75.ACD,ok,adopted-existing,2F548E282E8226807BE64AFF3B4888262B3A26CD12BF646620E9D38E63609E6F
samples\generated\fw_catalog_matrix\fwmatrix_v38_1756_l81e.L5X,C:\l5x_scratch\acd\fwmatrix_v38_1756_l81e.ACD,ok,adopted-existing,F0C1A80522BFCA8F288D95943FF235C5F1B29CCF589A4DCBC1BCA23154CBB225
samples\generated\fw_catalog_matrix\fwmatrix_v38_1756_l81es.L5X,C:\l5x_scratch\acd\fwmatrix_v38_1756_l81es.ACD,ok,adopted-existing,97C56C7D4278CE1ED0803CF2BAA6C83FB8794A695DFACFB131CC3AE69EF956AE
samples\generated\fw_catalog_matrix\fwmatrix_v38_1756_l82e.L5X,C:\l5x_scratch\acd\fwmatrix_v38_1756_l82e.ACD,ok,adopted-existing,87FBBE5447619F4F1CA1B4B8F8C26D42C324718E66F799B0181B10471A6773E4
samples\generated\fw_catalog_matrix\fwmatrix_v38_1756_l82es.L5X,C:\l5x_scratch\acd\fwmatrix_v38_1756_l82es.ACD,ok,adopted-existing,6263AA16A6E3BEDD02A47A73909EA026BEEC955593EE4223EDC510243D694EFB
samples\generated\fw_catalog_matrix\fwmatrix_v38_1756_l83e.L5X,C:\l5x_scratch\acd\fwmatrix_v38_1756_l83e.ACD,ok,adopted-existing,DA2B69EB1D1E1CF390B0F30907B96A23167085B770B26B9EA755A4CBB6AA68F3
samples\generated\fw_catalog_matrix\fwmatrix_v38_1756_l83es.L5X,C:\l5x_scratch\acd\fwmatrix_v38_1756_l83es.ACD,ok,adopted-existing,E7A85DA1B6F6F26008B7EE054637003F9F364686487BB9834EA54CB52E2CFA07
samples\generated\fw_catalog_matrix\fwmatrix_v38_1756_l84e.L5X,C:\l5x_scratch\acd\fwmatrix_v38_1756_l84e.ACD,ok,adopted-existing,871EF2FB3BCBDFA052338356649E6298AFDEFAA871354B575DE75E95E60DBCD8
samples\generated\fw_catalog_matrix\fwmatrix_v38_1756_l84es.L5X,C:\l5x_scratch\acd\fwmatrix_v38_1756_l84es.ACD,ok,adopted-existing,12E4DBB3646083BBB6FB8886965697445DCEE230B22FB5356B3FF40EFF73D6DF
samples\generated\fw_catalog_matrix\fwmatrix_v38_1756_l85e.L5X,C:\l5x_scratch\acd\fwmatrix_v38_1756_l85e.ACD,ok,adopted-existing,3DA856E79FB3ED41FDA5897E4375857939D97DDBDA4A95EFC27613E99C11DFC5
samples\generated\fw_catalog_matrix\fwmatrix_v38_1756_l902ts.L5X,C:\l5x_scratch\acd\fwmatrix_v38_1756_l902ts.ACD,ok,adopted-existing,3F25B9BA17A90CC046D22BBD639CCC63DF567A72AEEA53EF521136679C2A1CA4
samples\generated\fw_catalog_matrix\fwmatrix_v38_1756_l905ts.L5X,C:\l5x_scratch\acd\fwmatrix_v38_1756_l905ts.ACD,ok,adopted-existing,4C2B2BFAA122AA59E8DA610D92ECD6F58E3297D98431FA2560B3002DECBB5FCD
samples\generated\fw_catalog_matrix\fwmatrix_v38_1756_l908ts.L5X,C:\l5x_scratch\acd\fwmatrix_v38_1756_l908ts.ACD,ok,adopted-existing,2435C5ED116D02772AFC3B135E047B7FE87227E4F9F109AF8A054CF83B46780D
samples\generated\fw_catalog_matrix\fwmatrix_v38_1756_l915ts.L5X,C:\l5x_scratch\acd\fwmatrix_v38_1756_l915ts.ACD,ok,adopted-existing,81DAD339D736AC39FA0CF24A6E0B289677EEB1641CCA5174BB6AE817854C9D87
samples\generated\fw_catalog_matrix\fwmatrix_v38_1769_l16er_bb1b.L5X,C:\l5x_scratch\acd\fwmatrix_v38_1769_l16er_bb1b.ACD,ok,adopted-existing,A8687CF6C3A90A8A12246B814169B12D152D073D6E4AAB3881753CB4BC46030C
samples\generated\fw_catalog_matrix\fwmatrix_v38_1769_l18erm_bb1b.L5X,C:\l5x_scratch\acd\fwmatrix_v38_1769_l18erm_bb1b.ACD,ok,adopted-existing,71DDD7652D8868012A1D07AF3744BD49629776B870981D359EC26E4FC660ADAD
samples\generated\fw_catalog_matrix\fwmatrix_v38_1769_l18er_bb1b.L5X,C:\l5x_scratch\acd\fwmatrix_v38_1769_l18er_bb1b.ACD,ok,adopted-existing,5BAE0F919CF931658C366B30C5D5476CFB7B1D69BE27533B18F5C2656A8B53CB
samples\generated\fw_catalog_matrix\fwmatrix_v38_1769_l19er_bb1b.L5X,C:\l5x_scratch\acd\fwmatrix_v38_1769_l19er_bb1b.ACD,ok,adopted-existing,998A7CA2D81ADF6729BDCE3D15CBFCC0ACE677DB7B3EF4410779C22E0E3A5BE9
samples\generated\fw_catalog_matrix\fwmatrix_v38_5069_l306er.L5X,C:\l5x_scratch\acd\fwmatrix_v38_5069_l306er.ACD,ok,adopted-existing,22E1058B4FE6E9459895B8105052564BAB42AF0E3056B3FCEBFD2CE42334F1C2
samples\generated\fw_catalog_matrix\fwmatrix_v38_5069_l306erm.L5X,C:\l5x_scratch\acd\fwmatrix_v38_5069_l306erm.ACD,ok,adopted-existing,00FF4CDE3D03088B2BA0C898CAEF069A76961958698829CDF0883113DC37134D
samples\generated\fw_catalog_matrix\fwmatrix_v38_5069_l306erms2.L5X,C:\l5x_scratch\acd\fwmatrix_v38_5069_l306erms2.ACD,ok,adopted-existing,F696FA586CBB1B7CCEEC05944D35FFBC4B6CFBE879EE19901B8653202A17B14B
samples\generated\fw_catalog_matrix\fwmatrix_v38_5069_l306erms3.L5X,C:\l5x_scratch\acd\fwmatrix_v38_5069_l306erms3.ACD,ok,adopted-existing,C74FA49F45AA9513C46F79787DB4837C6D91B163F6603DA6E43054302EB31458
samples\generated\fw_catalog_matrix\fwmatrix_v38_5069_l306ers2.L5X,C:\l5x_scratch\acd\fwmatrix_v38_5069_l306ers2.ACD,ok,adopted-existing,89612279CD83EF381C4D388AC525520AEBAE78653243CC9277013A1563F52C5F
samples\generated\fw_catalog_matrix\fwmatrix_v38_5069_l3100erm.L5X,C:\l5x_scratch\acd\fwmatrix_v38_5069_l3100erm.ACD,ok,adopted-existing,244FD9F6A58CFB9F20FAC54CA95E2175821FF36AD90CC6571CDB21325A9841B6
samples\generated\fw_catalog_matrix\fwmatrix_v38_5069_l310ers2.L5X,C:\l5x_scratch\acd\fwmatrix_v38_5069_l310ers2.ACD,ok,adopted-existing,FBA1FC5C4E65B956902F95391E66326CAEFDD0A74AC1A745D06689C0B515B053
samples\generated\fw_catalog_matrix\fwmatrix_v38_5069_l320er.L5X,C:\l5x_scratch\acd\fwmatrix_v38_5069_l320er.ACD,ok,adopted-existing,C3D0377E217F0030BE3B3A14009FFFE686449AC72B6DD9BBDBB5BF5BBC72A2A6
samples\generated\fw_catalog_matrix\fwmatrix_v38_5069_l320erms2.L5X,C:\l5x_scratch\acd\fwmatrix_v38_5069_l320erms2.ACD,ok,adopted-existing,A45626674AB09E0CC8FA679A009DBC7C8A8E3B71681407E256335FFC19F90358
samples\generated\fw_catalog_matrix\fwmatrix_v38_5069_l320erms3.L5X,C:\l5x_scratch\acd\fwmatrix_v38_5069_l320erms3.ACD,ok,adopted-existing,260927BCD4B55E70F502845ADC2B4B993041FCFC39CF708CCB52AC742C018049
samples\generated\fw_catalog_matrix\fwmatrix_v38_5069_l330er.L5X,C:\l5x_scratch\acd\fwmatrix_v38_5069_l330er.ACD,ok,adopted-existing,3E72BE3700B3BD55515E0A33B30F76E1F1B9793DBA7D480865DE0F49470EA4D5
samples\generated\fw_catalog_matrix\fwmatrix_v38_5069_l330erms2.L5X,C:\l5x_scratch\acd\fwmatrix_v38_5069_l330erms2.ACD,ok,adopted-existing,610BE73F79DE4195ABC26B220188A85EB219585ACEB48C0461BBD38963E9C0F0
samples\generated\fw_catalog_matrix\fwmatrix_v38_5069_l340er.L5X,C:\l5x_scratch\acd\fwmatrix_v38_5069_l340er.ACD,ok,adopted-existing,7D7D6AC7491A4905FB5362897F6B17DC6B171B9B6B4C80800F99B04EA4F8F42C
samples\generated\fw_catalog_matrix\fwmatrix_v38_5069_l340ers2.L5X,C:\l5x_scratch\acd\fwmatrix_v38_5069_l340ers2.ACD,ok,adopted-existing,D5B1F95BCF13DEAE64C8449FD46240C358CA51352AD06C66796A8760E9B32DBC
samples\generated\instructions\uwclose_event_n00010.L5X,C:\l5x_scratch\acd\uwclose_event_n00010.ACD,ok,adopted-existing,BD3E306757F7E0958BD10C09C825BE5E559D4DAE25DD0E5346CB74A996A0D193
samples\generated\instructions\uwclose_event_n00100.L5X,C:\l5x_scratch\acd\uwclose_event_n00100.ACD,ok,adopted-existing,494A55E2FD41738E060AD35C57C447310FE12CEBE9774F38807059F59EA19E32
samples\generated\instructions\uwclose_event_n01000.L5X,C:\l5x_scratch\acd\uwclose_event_n01000.ACD,ok,adopted-existing,62128957D15A1A2076AF88044D6E47BA0F84859D9440376D65825682FACBE3EC
samples\generated\l9v38\l9v38_d0000_l8v35.L5X,C:\l5x_scratch\acd\l9v38_d0000_l8v35.ACD,ok,adopted-existing,74CDECF345C6DCB86A0A400EE4D6E65A7CEFE88A857BD39F56EA36055CCA92C2
samples\generated\l9v38\l9v38_d0000_l8v38.L5X,C:\l5x_scratch\acd\l9v38_d0000_l8v38.ACD,ok,adopted-existing,1E01F7F83A8514928666D9D1FFC30A8BA5D0C250C46C89FE85D315428E33B91C
samples\generated\l9v38\l9v38_d0000_l9v38.L5X,C:\l5x_scratch\acd\l9v38_d0000_l9v38.ACD,ok,adopted-existing,6790B927C00AB3D0062BAF2B84039E7D03B2FDCBB85DDE596B9C3103732E9363
samples\generated\l9v38\l9v38_d0025_l8v35.L5X,C:\l5x_scratch\acd\l9v38_d0025_l8v35.ACD,ok,adopted-existing,AB99934BA989DA4C5B13E34F4721858A35AA7E4B3EB1D68BD1637A64A75E4AA8
samples\generated\l9v38\l9v38_d0025_l8v38.L5X,C:\l5x_scratch\acd\l9v38_d0025_l8v38.ACD,ok,adopted-existing,B9DBFD443E930439BCCCE6D59D7DF0FE10C403C5BA5E36F566E30838CFF511B2
samples\generated\l9v38\l9v38_d0025_l9v38.L5X,C:\l5x_scratch\acd\l9v38_d0025_l9v38.ACD,ok,adopted-existing,C8BD446D6FD74F758037F04DB7FF95701B45E6D82374F1C12CCDE8C34F018E5E
samples\generated\l9v38\l9v38_d0100_l8v35.L5X,C:\l5x_scratch\acd\l9v38_d0100_l8v35.ACD,ok,adopted-existing,8E36C3594D6932D6F3BF7A94990070F390231F0E42B23DCC5E496BD124A11E1F
samples\generated\l9v38\l9v38_d0100_l8v38.L5X,C:\l5x_scratch\acd\l9v38_d0100_l8v38.ACD,ok,adopted-existing,35242CAE32C2753102D6DE973977CF9802D306C82EEEAFE4786334E63752B151
samples\generated\l9v38\l9v38_d0100_l9v38.L5X,C:\l5x_scratch\acd\l9v38_d0100_l9v38.ACD,ok,adopted-existing,315C20C9EEFF56FDE64E3F0636D38964BC5DE162FA45E9486D282E1FE7E3FF26
samples\generated\l9v38\l9v38_d0400_l8v35.L5X,C:\l5x_scratch\acd\l9v38_d0400_l8v35.ACD,ok,adopted-existing,3C265353CA7FB93E5316801927F897887DFBEA5E0A15DCB8B1C76F735E9D61D5
samples\generated\l9v38\l9v38_d0400_l8v38.L5X,C:\l5x_scratch\acd\l9v38_d0400_l8v38.ACD,ok,adopted-existing,2EB7EE2C0DF8D1273949E1CA3F09A6F3FA39A6D5516A13E5BE4C4DB7C78DE583
samples\generated\l9v38\l9v38_d0400_l9v38.L5X,C:\l5x_scratch\acd\l9v38_d0400_l9v38.ACD,ok,adopted-existing,A50DA7BEB64035370E655F0B0328B2C5C6FD892C23390DAC2419968A014FE5E1
samples\generated\l9v38\l9v38_d1600_l8v35.L5X,C:\l5x_scratch\acd\l9v38_d1600_l8v35.ACD,ok,adopted-existing,820CBD1CBDEFED593CE4E473CCF0E0BD802ACE87DAA521FAFF12285BE752D24E
samples\generated\l9v38\l9v38_d1600_l8v38.L5X,C:\l5x_scratch\acd\l9v38_d1600_l8v38.ACD,ok,adopted-existing,E626D9FF116A63566B5D5609D0D845AF78B737BAD1735E9F3C3488B0555F4FC7
samples\generated\l9v38\l9v38_d1600_l9v38.L5X,C:\l5x_scratch\acd\l9v38_d1600_l9v38.ACD,ok,adopted-existing,DE66972DE86EC581F925AA92A85626772714172A8D435EBDF78D4CA2EF7BC928
samples\generated\l9v38\l9v38_i_add_l8v35.L5X,C:\l5x_scratch\acd\l9v38_i_add_l8v35.ACD,ok,adopted-existing,19B9061DBB2F95E7899732F345373112318FC364B03B0D9D8DF8CBB8AB9E1C6D
samples\generated\l9v38\l9v38_i_add_l8v38.L5X,C:\l5x_scratch\acd\l9v38_i_add_l8v38.ACD,ok,adopted-existing,91BA24332D45B318506DC49E2495DA50EFDBF2FA4617ED3A65CE70339397AF2F
samples\generated\l9v38\l9v38_i_add_l9v38.L5X,C:\l5x_scratch\acd\l9v38_i_add_l9v38.ACD,ok,adopted-existing,2081309186F56359496F54B9A49D643DB9B915A7C295C1C3B707494042EF9271
samples\generated\l9v38\l9v38_i_clr_l8v35.L5X,C:\l5x_scratch\acd\l9v38_i_clr_l8v35.ACD,ok,adopted-existing,78EE9D4AD0DA9DCD82062D4B3DAA7B1F97C03E3CABB21D58AC9ED0C660C12823
samples\generated\l9v38\l9v38_i_clr_l8v38.L5X,C:\l5x_scratch\acd\l9v38_i_clr_l8v38.ACD,ok,adopted-existing,707F7047161B779670A471E24CFA6B170E2E241420B50D90DDC66A77E409BA0C
samples\generated\l9v38\l9v38_i_clr_l9v38.L5X,C:\l5x_scratch\acd\l9v38_i_clr_l9v38.ACD,ok,adopted-existing,7709CAA1B14D29CFB187DC3BE0D3098D874D7788504AB03BF88F62F03CB1544E
samples\generated\l9v38\l9v38_i_cop_l8v35.L5X,C:\l5x_scratch\acd\l9v38_i_cop_l8v35.ACD,ok,adopted-existing,581329BED4F7E6B02CCD875996CC3769D56585B48EC9E9649F692BF17A1FEF7C
samples\generated\l9v38\l9v38_i_cop_l8v38.L5X,C:\l5x_scratch\acd\l9v38_i_cop_l8v38.ACD,ok,adopted-existing,DF41EF8E51FEEF79C28781A80D0AA916618292120B61950BA15571708170D660
samples\generated\l9v38\l9v38_i_cop_l9v38.L5X,C:\l5x_scratch\acd\l9v38_i_cop_l9v38.ACD,ok,adopted-existing,A8C4E4F9083375BA3BE10E7F26344ECEE7B5A502DD55A4E58F61798DA70DD501
samples\generated\l9v38\l9v38_i_equ_l8v35.L5X,C:\l5x_scratch\acd\l9v38_i_equ_l8v35.ACD,ok,adopted-existing,D9AB5202767724A5269E557CAEC3E68E6660956951202F240C09A3BD965689FC
samples\generated\l9v38\l9v38_i_equ_l8v38.L5X,C:\l5x_scratch\acd\l9v38_i_equ_l8v38.ACD,ok,adopted-existing,954B85241C3E6F841712E271BB9342224D87AF68C6DB75629BF2D3D1EE65F1C2
samples\generated\l9v38\l9v38_i_equ_l9v38.L5X,C:\l5x_scratch\acd\l9v38_i_equ_l9v38.ACD,ok,adopted-existing,DEFD5E4EF42069BD0A17C7FE86A0D3C66D6F99477E0BAB3A69DAFE4C6682653C
samples\generated\l9v38\l9v38_i_geq_l8v35.L5X,C:\l5x_scratch\acd\l9v38_i_geq_l8v35.ACD,ok,adopted-existing,16CC7C43CA055D78E542CFEBEE0E1AEE137E099C533114407A8649917DC526D9
samples\generated\l9v38\l9v38_i_geq_l8v38.L5X,C:\l5x_scratch\acd\l9v38_i_geq_l8v38.ACD,ok,adopted-existing,E68C68CD017CDF669A5856E69B82175A064537F7D7FC2B320B38BE50AD0466A4
samples\generated\l9v38\l9v38_i_geq_l9v38.L5X,C:\l5x_scratch\acd\l9v38_i_geq_l9v38.ACD,ok,adopted-existing,83BD46F0BE9FF0D3D4BC8A66F0DAE6BFA0CFF664ED70B15EF7489FFC07664AFD
samples\generated\l9v38\l9v38_i_grt_l8v35.L5X,C:\l5x_scratch\acd\l9v38_i_grt_l8v35.ACD,ok,adopted-existing,3B11188D6226EB102BFD06AE6A3BF01B5E779AEB3A3C670F147F81C797FB16EA
samples\generated\l9v38\l9v38_i_grt_l8v38.L5X,C:\l5x_scratch\acd\l9v38_i_grt_l8v38.ACD,ok,adopted-existing,3F55A023335A06863A3B668F801D9088F1BC16EF911751C19AE6F5EB5F850B11
samples\generated\l9v38\l9v38_i_grt_l9v38.L5X,C:\l5x_scratch\acd\l9v38_i_grt_l9v38.ACD,ok,adopted-existing,6A5BC24290DD1D43475405211E65880270E1B0309BC4BAFA8EC6F2B0604DE940
samples\generated\l9v38\l9v38_i_jsr_l8v35.L5X,C:\l5x_scratch\acd\l9v38_i_jsr_l8v35.ACD,ok,adopted-existing,236C144A2FEF45818F74357309F2A15C82C754094ED672124CA087E7B6469A7E
samples\generated\l9v38\l9v38_i_jsr_l8v38.L5X,C:\l5x_scratch\acd\l9v38_i_jsr_l8v38.ACD,ok,adopted-existing,7D5AAF9212D70CC86E9E7FD0DC687040965CFF38C7B8F7AC0876EDF68344A8A2
samples\generated\l9v38\l9v38_i_jsr_l9v38.L5X,C:\l5x_scratch\acd\l9v38_i_jsr_l9v38.ACD,ok,adopted-existing,4F2B0A64064A56A7D7BCEF5BBE8AC86ECCC4E649E2716A8A0AA8FB874C393159
samples\generated\l9v38\l9v38_i_leq_l8v35.L5X,C:\l5x_scratch\acd\l9v38_i_leq_l8v35.ACD,ok,adopted-existing,C771F34FBEB3E0494A961299DC15AE264CA43E8556C97D57250F3F7F7C65B404
samples\generated\l9v38\l9v38_i_leq_l8v38.L5X,C:\l5x_scratch\acd\l9v38_i_leq_l8v38.ACD,ok,adopted-existing,BBC9E44FA6504A42FC843B0094261CF8485506833B62F1212DA7BE63B49C6260
samples\generated\l9v38\l9v38_i_leq_l9v38.L5X,C:\l5x_scratch\acd\l9v38_i_leq_l9v38.ACD,ok,adopted-existing,3B9D0FE10A5CFF6473E8991AA5517358B5D1CDD1CE465326E9C45587B6B9EB7D
samples\generated\l9v38\l9v38_i_les_l8v35.L5X,C:\l5x_scratch\acd\l9v38_i_les_l8v35.ACD,ok,adopted-existing,FE7CE7B68ABB2A733C31D5E8158189F7484CF280C043C2D19A2B932FD3CA2E75
samples\generated\l9v38\l9v38_i_les_l8v38.L5X,C:\l5x_scratch\acd\l9v38_i_les_l8v38.ACD,ok,adopted-existing,97839707C6BBDE03683AF52F5CBA09B2F247F184534C24DE9DE35F72FBC33369
samples\generated\l9v38\l9v38_i_les_l9v38.L5X,C:\l5x_scratch\acd\l9v38_i_les_l9v38.ACD,ok,adopted-existing,4CF4E5CB645C4CDD34B39416F745D8A0C22C98F12B64FD8586D1D3CC44940F63
samples\generated\l9v38\l9v38_i_lim_l8v35.L5X,C:\l5x_scratch\acd\l9v38_i_lim_l8v35.ACD,ok,adopted-existing,E1609D0591F3DF8BB3767E5CBEAD5BC797AD23D22B5284CA789A7F8A7D80E9BA
samples\generated\l9v38\l9v38_i_lim_l8v38.L5X,C:\l5x_scratch\acd\l9v38_i_lim_l8v38.ACD,ok,adopted-existing,85CDEBE63ED2203F7AD4DF436ED1064FD860A6EB1240AB9C9A0D97A495016869
samples\generated\l9v38\l9v38_i_lim_l9v38.L5X,C:\l5x_scratch\acd\l9v38_i_lim_l9v38.ACD,ok,adopted-existing,26F422C56999B6E2B4891DC49FA02A9065BB1A266F1226F66BE7132898361888
samples\generated\l9v38\l9v38_i_mov_l8v35.L5X,C:\l5x_scratch\acd\l9v38_i_mov_l8v35.ACD,ok,adopted-existing,D811696CFF87CEB316B70FE55CCF9B6999782514C1751FAEEDD6341D9A69C6E5
samples\generated\l9v38\l9v38_i_mov_l8v38.L5X,C:\l5x_scratch\acd\l9v38_i_mov_l8v38.ACD,ok,adopted-existing,D9ADFA7D34BEEEEBEDF75438282D5A021B92D8088EACA157734FEFC6A4C1D8FD
samples\generated\l9v38\l9v38_i_mov_l9v38.L5X,C:\l5x_scratch\acd\l9v38_i_mov_l9v38.ACD,ok,adopted-existing,508AB63CF2D67DE1E7E42998BD50C971648CBA18E360DC2033A48F61643A2E3A
samples\generated\l9v38\l9v38_i_neq_l8v35.L5X,C:\l5x_scratch\acd\l9v38_i_neq_l8v35.ACD,ok,adopted-existing,2E87A98B876F6DC5B151DF45BD4864E5F147639CD8DD05FBA19B09D594E10A6E
samples\generated\l9v38\l9v38_i_neq_l8v38.L5X,C:\l5x_scratch\acd\l9v38_i_neq_l8v38.ACD,ok,adopted-existing,2A700592554E3D32714FB160FD1518FD43A8A2A4D93D201AFB9C3AD32B3AB136
samples\generated\l9v38\l9v38_i_neq_l9v38.L5X,C:\l5x_scratch\acd\l9v38_i_neq_l9v38.ACD,ok,adopted-existing,E7053E04AF449177EF3DE8D43D9CDF7064B6DE8532C94B0E9275C1FA75FE90C1
samples\generated\l9v38\l9v38_i_nop_l8v35.L5X,C:\l5x_scratch\acd\l9v38_i_nop_l8v35.ACD,ok,adopted-existing,39AA6685D549D84C96830D42A312849EF5ABD31351532E04E2937EA103B21A54
samples\generated\l9v38\l9v38_i_nop_l8v38.L5X,C:\l5x_scratch\acd\l9v38_i_nop_l8v38.ACD,ok,adopted-existing,8F51FE2BD9C04EF9DC0858CB52D57F677066F4DC8D6CFE6395CAACCF91DD279C
samples\generated\l9v38\l9v38_i_nop_l9v38.L5X,C:\l5x_scratch\acd\l9v38_i_nop_l9v38.ACD,ok,adopted-existing,C9E31EE74396C2230DB349440A72AC09E18CD7D383AC700093A870AA0A92DF3F
samples\generated\l9v38\l9v38_i_ons_l8v35.L5X,C:\l5x_scratch\acd\l9v38_i_ons_l8v35.ACD,ok,adopted-existing,0FB40F0C965A86185793F72637E69665D94A2D226990650733A1C836C4DAADFD
samples\generated\l9v38\l9v38_i_ons_l8v38.L5X,C:\l5x_scratch\acd\l9v38_i_ons_l8v38.ACD,ok,adopted-existing,F20B47783B1DA9981B922E8ED206F85CA83DBD7D54A382AE4C335B1D5678C8FD
samples\generated\l9v38\l9v38_i_ons_l9v38.L5X,C:\l5x_scratch\acd\l9v38_i_ons_l9v38.ACD,ok,adopted-existing,DD404EA5E565FB1882D99AF13640C250E6C17578CAAD300D4CA70054C09B7549
samples\generated\l9v38\l9v38_i_ote_l8v35.L5X,C:\l5x_scratch\acd\l9v38_i_ote_l8v35.ACD,ok,adopted-existing,604CE8B98991EE98CCA0EE6B45C9FA794E82CB63A9611A04F7EFF0CC56BC9025
samples\generated\l9v38\l9v38_i_ote_l8v38.L5X,C:\l5x_scratch\acd\l9v38_i_ote_l8v38.ACD,ok,adopted-existing,32E37DE2D402F001F1F0EF90F8E60B6B4C36D47CBE2C5DA1074861278BB8D3BB
samples\generated\l9v38\l9v38_i_ote_l9v38.L5X,C:\l5x_scratch\acd\l9v38_i_ote_l9v38.ACD,ok,adopted-existing,3DE04CEE11D04D604616EAD3AC57F1359068E0745736151DA41559BB53C19DB1
samples\generated\l9v38\l9v38_i_otl_l8v35.L5X,C:\l5x_scratch\acd\l9v38_i_otl_l8v35.ACD,ok,adopted-existing,4D788B63039887B832121A1F788EE04E19FB4D31EE4C722E768F6B0CC7928541
samples\generated\l9v38\l9v38_i_otl_l8v38.L5X,C:\l5x_scratch\acd\l9v38_i_otl_l8v38.ACD,ok,adopted-existing,06B8E76E9818CFD2396483C585298EE67A55C30F3357C8FE4AA24DFCDE01FC41
samples\generated\l9v38\l9v38_i_otl_l9v38.L5X,C:\l5x_scratch\acd\l9v38_i_otl_l9v38.ACD,ok,adopted-existing,75785C1882F6D359C3F4964D698F6DA23787A9B98C8DDD3114A2F3D06493A41F
samples\generated\l9v38\l9v38_i_otu_l8v35.L5X,C:\l5x_scratch\acd\l9v38_i_otu_l8v35.ACD,ok,adopted-existing,5AB1920979D7005BD9473680740A39D82B9EF87EE8862554404645F9CE9F3FEE
samples\generated\l9v38\l9v38_i_otu_l8v38.L5X,C:\l5x_scratch\acd\l9v38_i_otu_l8v38.ACD,ok,adopted-existing,B523405852BDB0C5AFC39328009E8602DC40474A526E79BC0405AD5D272C46ED
samples\generated\l9v38\l9v38_i_otu_l9v38.L5X,C:\l5x_scratch\acd\l9v38_i_otu_l9v38.ACD,ok,adopted-existing,68DBB079934033F2B426AD9A5DE35E62BA677429208700301C1CD6A414275967
samples\generated\l9v38\l9v38_i_sub_l8v35.L5X,C:\l5x_scratch\acd\l9v38_i_sub_l8v35.ACD,ok,adopted-existing,BF071DF67B99560F125C5CA49D43D108DE11CA3BBD92434551D33427A484C042
samples\generated\l9v38\l9v38_i_sub_l8v38.L5X,C:\l5x_scratch\acd\l9v38_i_sub_l8v38.ACD,ok,adopted-existing,A79283916BDED79ABB87117DF37B81F877B7922E5D7E646F1B34DE77788AD552
samples\generated\l9v38\l9v38_i_sub_l9v38.L5X,C:\l5x_scratch\acd\l9v38_i_sub_l9v38.ACD,ok,adopted-existing,0B089B6325A1B9CEEF589168799DDCE6F162799D4F83289547F6FA4A443A0BEB
samples\generated\l9v38\l9v38_i_ton_l8v35.L5X,C:\l5x_scratch\acd\l9v38_i_ton_l8v35.ACD,ok,adopted-existing,2CA2A0A725A2A059AF84ADBAF8024B5422097265004B79F2C4A9D94755B8AADB
samples\generated\l9v38\l9v38_i_ton_l8v38.L5X,C:\l5x_scratch\acd\l9v38_i_ton_l8v38.ACD,ok,adopted-existing,860011E4E2689B3FBE92E4AB8F3A4BE227CB735741CCAEA7EB87618CEA24E377
samples\generated\l9v38\l9v38_i_ton_l9v38.L5X,C:\l5x_scratch\acd\l9v38_i_ton_l9v38.ACD,ok,adopted-existing,C4EE8E5A415C5198A97369290EBA1CF4D77B2DC8338DCE776A62CF86650499B3
samples\generated\l9v38\l9v38_i_xic_l8v35.L5X,C:\l5x_scratch\acd\l9v38_i_xic_l8v35.ACD,ok,adopted-existing,CB7254A89257B69DD939C1FB8913F22FEA0FEDB30F64E8EC649423136A6B10A9
samples\generated\l9v38\l9v38_i_xic_l8v38.L5X,C:\l5x_scratch\acd\l9v38_i_xic_l8v38.ACD,ok,adopted-existing,3DBF1146DB7A4FA011A44F51588DC7BD539F4A18241C6825B0632ED58E63D338
samples\generated\l9v38\l9v38_i_xic_l9v38.L5X,C:\l5x_scratch\acd\l9v38_i_xic_l9v38.ACD,ok,adopted-existing,9473B99C1C068CD13563ACCB4F62892CD40CD149645C8C7D8C349A6FEAFF488D
samples\generated\l9v38\l9v38_i_xio_l8v35.L5X,C:\l5x_scratch\acd\l9v38_i_xio_l8v35.ACD,ok,adopted-existing,9997B85D91EE76E0EB5C9C8D8483564F5924F7D96A43F0ACFE099FAB6D134EF0
samples\generated\l9v38\l9v38_i_xio_l8v38.L5X,C:\l5x_scratch\acd\l9v38_i_xio_l8v38.ACD,ok,adopted-existing,DE8673F95E36642FE67741E341AB990C910F84E25E365A4085AB1CDE022D1394
samples\generated\l9v38\l9v38_i_xio_l9v38.L5X,C:\l5x_scratch\acd\l9v38_i_xio_l9v38.ACD,ok,adopted-existing,A5467C403C0BC78173FDE5008C695EE1E907EFEC82A6DFCBB0FDAFD5ACD5C1B1
samples\generated\l9v38\l9v38_m_alarms_l8v35.L5X,C:\l5x_scratch\acd\l9v38_m_alarms_l8v35.ACD,ok,adopted-existing,36E3CD1DED33A825234C70FCE850C37E7A74D45ED8348B358F1320A680F4A2E2
samples\generated\l9v38\l9v38_m_alarms_l8v38.L5X,C:\l5x_scratch\acd\l9v38_m_alarms_l8v38.ACD,ok,adopted-existing,45A330417307FE8BB407A9EE81939FF73B3088878ECB89A7FAB2BC34AEC82A0A
samples\generated\l9v38\l9v38_m_alarms_l9v38.L5X,C:\l5x_scratch\acd\l9v38_m_alarms_l9v38.ACD,ok,adopted-existing,7E0C80CF9F0C16A8CA63063665E63C89EAC0B92D91EA6FAA4A5A6152F8E9C3CC
samples\generated\l9v38\l9v38_m_geneth_l8v35.L5X,C:\l5x_scratch\acd\l9v38_m_geneth_l8v35.ACD,ok,adopted-existing,530B223A5C4DA6BF0F61B608D229B2F56D6972F7C19FB7938793A4B48B1DD6E0
samples\generated\l9v38\l9v38_m_geneth_l8v38.L5X,C:\l5x_scratch\acd\l9v38_m_geneth_l8v38.ACD,ok,adopted-existing,0E4B3268AFDE8F8B4EFF8739B406D2AF640B989B7ECB5FD2C90D68151DA3D262
samples\generated\l9v38\l9v38_m_geneth_l9v38.L5X,C:\l5x_scratch\acd\l9v38_m_geneth_l9v38.ACD,ok,adopted-existing,C6F792338592BB7CDA24A7E83FAECE3C740577211F631859AD6C588B0F9CC170
samples\generated\l9v38\l9v38_m_kinetix_l8v35.L5X,C:\l5x_scratch\acd\l9v38_m_kinetix_l8v35.ACD,ok,adopted-existing,17AE4655524BA5B186B2E0D676DFC35A83765E5CFFC59F1869C89073CC33EA75
samples\generated\l9v38\l9v38_m_kinetix_l8v38.L5X,C:\l5x_scratch\acd\l9v38_m_kinetix_l8v38.ACD,ok,adopted-existing,59EF320621C174A6FD1FCB95502C781794050D4BCE7D5E60BF73CE0C7ECB0430
samples\generated\l9v38\l9v38_m_kinetix_l9v38.L5X,C:\l5x_scratch\acd\l9v38_m_kinetix_l9v38.ACD,ok,adopted-existing,612D887BCDB25BBBCAEB70A52AE35B7CA6B38CEF827EF87FFC9F429576E1C2E4
samples\generated\l9v38\l9v38_m_local1756_l8v35.L5X,C:\l5x_scratch\acd\l9v38_m_local1756_l8v35.ACD,ok,adopted-existing,52D5A4F148ECB85B05511767F1EFF0EC5260A5731DC884A8827E5C2FE7AC7ED1
samples\generated\l9v38\l9v38_m_local1756_l8v38.L5X,C:\l5x_scratch\acd\l9v38_m_local1756_l8v38.ACD,ok,adopted-existing,B4022004BF4263E520155345B6EB8CE3D9D7E6A8B0BF3A2BEBEFF95784493744
samples\generated\l9v38\l9v38_m_local1756_l9v38.L5X,C:\l5x_scratch\acd\l9v38_m_local1756_l9v38.ACD,ok,adopted-existing,CC7855CBF38AC92D6B2181A0EDA8B5B5267B159F370F58CC226110EBBEEB323A
samples\generated\l9v38\l9v38_m_pf525_l8v35.L5X,C:\l5x_scratch\acd\l9v38_m_pf525_l8v35.ACD,ok,adopted-existing,D2C58E594784359F44BA3E055114490B63050F55A50B09843FD41FD9A086FA1F
samples\generated\l9v38\l9v38_m_pf525_l8v38.L5X,C:\l5x_scratch\acd\l9v38_m_pf525_l8v38.ACD,ok,adopted-existing,606628FD49513354C400913C0CAA5586A228BB6D7A9E1E5C8AFBF6EBEDFFE4DE
samples\generated\l9v38\l9v38_m_pf525_l9v38.L5X,C:\l5x_scratch\acd\l9v38_m_pf525_l9v38.ACD,ok,adopted-existing,2C9271C432865F9485564D4D2ECCCE14959B5004982A9D20040F4BC0D9FBE1AE
samples\generated\l9v38\l9v38_m_pointio_l8v35.L5X,C:\l5x_scratch\acd\l9v38_m_pointio_l8v35.ACD,ok,adopted-existing,FE31F4B31C41B3F35D41683ECA35294966E2955ECD74C1A811397A1CB9EE0989
samples\generated\l9v38\l9v38_m_pointio_l8v38.L5X,C:\l5x_scratch\acd\l9v38_m_pointio_l8v38.ACD,ok,adopted-existing,7711172CBB6140FF8F0EFC7A7845EC0FDFA354CA319863CDE5F7A6D4D94C87AB
samples\generated\l9v38\l9v38_m_pointio_l9v38.L5X,C:\l5x_scratch\acd\l9v38_m_pointio_l9v38.ACD,ok,adopted-existing,6C6EBD68C00E3101EB8F37281BCEE24B4409F3FD102EC7FD31FBF7FE0CAC83A9
samples\generated\logic\almd_minimal.L5X,C:\l5x_scratch\acd\almd_minimal.ACD,ok,adopted-existing,2B3EB449016ACB3B9E318C7527A385467E7B0994D1DFA06A7EA954F0EF1CC330
samples\generated\logic\almd_minimal_r2.L5X,C:\l5x_scratch\acd\almd_minimal_r2.ACD,ok,adopted-existing,DA498C41DB47841D6DFD038C2CAD94688D1168AC0E151D5B22DAD52CA1E593FD
samples\generated\logic\almd_minimal_r3.L5X,C:\l5x_scratch\acd\almd_minimal_r3.ACD,ok,adopted-existing,E084B3D2D80C29E5A3F5C9E44D018A2BB1FD64F6F0D01948EE3B7398030E4C9B
samples\generated\logic\almd_realtext.L5X,C:\l5x_scratch\acd\almd_realtext.ACD,ok,adopted-existing,C550C41434394EBFC6617E40AD463ED2F452C5823D47328DBD4081CD28CE646F
samples\generated\logic\almd_realtext_r2.L5X,C:\l5x_scratch\acd\almd_realtext_r2.ACD,ok,adopted-existing,3EE59A030776297C6535FCD19728F2ABAAE22B16D25AF3B249701E87EFF93A01
samples\generated\logic\almd_realtext_r3.L5X,C:\l5x_scratch\acd\almd_realtext_r3.ACD,ok,adopted-existing,B05FB383C2F007D2A24F20CBBA65B028FD19C07AE9C485A43BBF0F161ACED4D6
samples\generated\logic\bitshift_bsl_n00010.L5X,C:\l5x_scratch\acd\bitshift_bsl_n00010.ACD,ok,adopted-existing,029ED01AC2D2437B14E7476FD98C2A073CFB1495AA880F14A487B5507F0420A8
samples\generated\logic\bitshift_bsl_n00050.L5X,C:\l5x_scratch\acd\bitshift_bsl_n00050.ACD,ok,adopted-existing,D0AB847C1F8041D8DB8FBE5B182E311DAEF702A50A70DB4C8548D8CEF4FC127C
samples\generated\logic\bitshift_bsl_n00100.L5X,C:\l5x_scratch\acd\bitshift_bsl_n00100.ACD,ok,adopted-existing,AC26731BBE4E2544E6AA52E2FD52F88233702FD9B432AE9D65CF57A13AF1CF43
samples\generated\logic\bitshift_bsl_n00500.L5X,C:\l5x_scratch\acd\bitshift_bsl_n00500.ACD,ok,adopted-existing,A27D967295866A475D47A24AC77B095E9EF99486B25EFB177884140D02B842B0
samples\generated\logic\bitshift_bsl_n01000.L5X,C:\l5x_scratch\acd\bitshift_bsl_n01000.ACD,ok,adopted-existing,2821E8409ED3218BC7EAE73254BBE66F2B7F028E90A2951A7ABD4929D0CF98C3
samples\generated\logic\bitshift_bsr_len0032.L5X,C:\l5x_scratch\acd\bitshift_bsr_len0032.ACD,ok,adopted-existing,AE24C31BDDB5C9C49E7C0F19CF4D4A6A0F7FB7EF04811DD2E031046D76BF0699
samples\generated\logic\bitshift_bsr_len0064.L5X,C:\l5x_scratch\acd\bitshift_bsr_len0064.ACD,ok,adopted-existing,0A0103B28FED4F8380763F2C495BDD3006144615FED7AB7ADA6987D6CA77F794
samples\generated\logic\bitshift_bsr_len0128.L5X,C:\l5x_scratch\acd\bitshift_bsr_len0128.ACD,ok,adopted-existing,A442BB44D46B08B632909760DE7D28BAB6136100E912D01B6ABCBE57634D81ED
samples\generated\logic\bitshift_bsr_len0256.L5X,C:\l5x_scratch\acd\bitshift_bsr_len0256.ACD,ok,adopted-existing,01BD0106E5C3FA9EE8BA8521C2E739680D1C15C522BB89B6E6097C46CEA436C1
samples\generated\logic\bitshift_bsr_n00010.L5X,C:\l5x_scratch\acd\bitshift_bsr_n00010.ACD,ok,adopted-existing,70B029DFB386477F0722D17BFDCF5CB010FF0B1A071237B803A71C6FBE2A9E44
samples\generated\logic\bitshift_bsr_n00050.L5X,C:\l5x_scratch\acd\bitshift_bsr_n00050.ACD,ok,adopted-existing,E337F58DCB11B1F36140A07161DAD7D8B6D8258A91ED6968BC31618A38A146BA
samples\generated\logic\bitshift_bsr_n00100.L5X,C:\l5x_scratch\acd\bitshift_bsr_n00100.ACD,ok,adopted-existing,0F62EED7205213838BA6BE5512A2C239E0262030E1FF3598BFC632934C0F31DB
samples\generated\logic\bitshift_bsr_n00500.L5X,C:\l5x_scratch\acd\bitshift_bsr_n00500.ACD,ok,adopted-existing,9B7F4808E12E47625D17C2100E3DC9ACB53BD5459EA83AAEB469AA6D65028AB3
samples\generated\logic\bitshift_bsr_n01000.L5X,C:\l5x_scratch\acd\bitshift_bsr_n01000.ACD,ok,adopted-existing,41C41C7D5793E3C3413769A0E2E7C483B86F277C0691929920BDDFB30057232E
samples\generated\logic\bitshift_ctlper_n01000.L5X,C:\l5x_scratch\acd\bitshift_ctlper_n01000.ACD,ok,adopted-existing,66403AFCDF661ECB1B0B7628BF63B1F8762CF03B6D4CF9AF8FAA6D223F71E1BD
samples\generated\logic\branchdepthc_legs02_n01000.L5X,C:\l5x_scratch\acd\branchdepthc_legs02_n01000.ACD,ok,adopted-existing,470E990DE17F6503ED2753FA651DCA3A3AF572CDB488657B6C7CCDEEE0D99400
samples\generated\logic\branchdepthc_legs04_n01000.L5X,C:\l5x_scratch\acd\branchdepthc_legs04_n01000.ACD,ok,adopted-existing,5AED743844AB1E226F875504015B5EB7811912EFA36A52787BFD9BC2D47647B9
samples\generated\logic\branchdepthc_legs06_n01000.L5X,C:\l5x_scratch\acd\branchdepthc_legs06_n01000.ACD,ok,adopted-existing,71F2144F84AA7D62ABA9FE38C75512AD2E81824302EA2AB688B3C65AE44FF3FB
samples\generated\logic\branchdepthc_legs08_n01000.L5X,C:\l5x_scratch\acd\branchdepthc_legs08_n01000.ACD,ok,adopted-existing,3D30B212256B3AFD290A83B2CCE3177ED0E2666F27D0F6648AEE30CB55959BA5
samples\generated\logic\branchdepthc_legs10_n01000.L5X,C:\l5x_scratch\acd\branchdepthc_legs10_n01000.ACD,ok,adopted-existing,CBE5FC89A5EA315383A287A0FB0ACF1A9F16A9F87716CAF43AD3A4208DAE7F25
samples\generated\logic\branchdepthc_legs15_n01000.L5X,C:\l5x_scratch\acd\branchdepthc_legs15_n01000.ACD,ok,adopted-existing,E9CF178F92C38BF4D830CBE8C58B1BC70D06FC60E695BC176D49A2303BB739BC
samples\generated\logic\branchdepthc_legs20_n01000.L5X,C:\l5x_scratch\acd\branchdepthc_legs20_n01000.ACD,ok,adopted-existing,12374C85769EF4E5CB67C6AA98F715ED2FD218D95ABEB06A4E11D26E4ABEAAC1
samples\generated\logic\branchdepthc_legs30_n01000.L5X,C:\l5x_scratch\acd\branchdepthc_legs30_n01000.ACD,ok,adopted-existing,2D1676BF894CAAF1B686BB42116099547CD0FDE06E58E82418E44DED9F69CB33
samples\generated\logic\branchdepthstag_d01_n01000.L5X,C:\l5x_scratch\acd\branchdepthstag_d01_n01000.ACD,ok,adopted-existing,4E4C588D26E39D857890F7960C9CAAEF3A98C663227668658E05A57765D0010D
samples\generated\logic\branchdepthstag_d02_n01000.L5X,C:\l5x_scratch\acd\branchdepthstag_d02_n01000.ACD,ok,adopted-existing,D4E24C0B241DCE2AAC6307AB361CA18CD31B8ED2C9DEF435E57277A930166CFE
samples\generated\logic\branchdepthstag_d03_n01000.L5X,C:\l5x_scratch\acd\branchdepthstag_d03_n01000.ACD,ok,adopted-existing,925701796EE998DBF6A03516A4D4A57025F81A9A12FD8C224F9015A8104651A2
samples\generated\logic\branchdepthstag_d04_n01000.L5X,C:\l5x_scratch\acd\branchdepthstag_d04_n01000.ACD,ok,adopted-existing,873569F605B22C428570745E9061D3841681A959543B4F0C02580BB49850ADE3
samples\generated\logic\branchdepthstag_d05_n01000.L5X,C:\l5x_scratch\acd\branchdepthstag_d05_n01000.ACD,ok,adopted-existing,27948FA26CA9A2FAA322BE72A3F6C097438CB0096CB9FBB6A9ABE2825324C01D
samples\generated\logic\branchdepthstag_d06_n01000.L5X,C:\l5x_scratch\acd\branchdepthstag_d06_n01000.ACD,ok,adopted-existing,5D871AD0A743A7376CAE4F7B43A55EAE2446532A959C39D2C54F45C665B9B6A5
samples\generated\logic\branchdepth_legs01_n01000.L5X,C:\l5x_scratch\acd\branchdepth_legs01_n01000.ACD,ok,adopted-existing,572B4DE06F055141D2E50E0E6D71CD431BD4F5937DF6FACC16B2F2D93576EFBD
samples\generated\logic\branchdepth_legs03_n01000.L5X,C:\l5x_scratch\acd\branchdepth_legs03_n01000.ACD,ok,adopted-existing,E9802CC2269D6BE43F4ED2A5CFF75B551B9C70B43C3AC0E64E4EDC2880769FBC
samples\generated\logic\branchdepth_legs05_n01000.L5X,C:\l5x_scratch\acd\branchdepth_legs05_n01000.ACD,ok,adopted-existing,257879E4500F20BE6B3C882937CA4AB15D40AD60FFB29A6CFA7AE3DBB4245882
samples\generated\logic\closeout_cptmix_ddintoreal_m1.L5X,C:\l5x_scratch\acd\closeout_cptmix_ddintoreal_m1.ACD,ok,adopted-existing,24E7DCE6555E6C0CEF3A7B8C563761D1D78EB1C4D1BD5655205AD13ABA8007AC
samples\generated\logic\closeout_cptmix_ddintoreal_m2.L5X,C:\l5x_scratch\acd\closeout_cptmix_ddintoreal_m2.ACD,ok,adopted-existing,917C9838937B0251363CC8BD6AD4B284659F0551C29370A76C703F50E18815FE
samples\generated\logic\closeout_cptmix_drealodint_m1.L5X,C:\l5x_scratch\acd\closeout_cptmix_drealodint_m1.ACD,ok,adopted-existing,674CE812E989482826224B42B4B55840B6137CF999504ECA8843C62AF9425E79
samples\generated\logic\closeout_cptmix_drealodint_m2.L5X,C:\l5x_scratch\acd\closeout_cptmix_drealodint_m2.ACD,ok,adopted-existing,B7C7D71CA64AD8A278EBD9CDE27B39272844E61FF37BE520E336B3463B6D0521
samples\generated\logic\cmpcpt_cmp_and_compound_n00100.L5X,C:\l5x_scratch\acd\cmpcpt_cmp_and_compound_n00100.ACD,ok,adopted-existing,C1AA13800A2587B8FCB3105DF2E45713174C81D4C992B66BBEBB48E5723E9061
samples\generated\logic\cmpcpt_cmp_and_compound_n01000.L5X,C:\l5x_scratch\acd\cmpcpt_cmp_and_compound_n01000.ACD,ok,adopted-existing,27815DE3D5918A185C33DFB0F7F07FF5DD377CF17E27734858A4AD5E5742AFDE
samples\generated\logic\cmpcpt_cmp_duplicate_cond_n00100.L5X,C:\l5x_scratch\acd\cmpcpt_cmp_duplicate_cond_n00100.ACD,ok,adopted-existing,529901672A2CE2E15F361E3433EB05095D1A555A55C5A2616C8CDE76DF6EA3AA
samples\generated\logic\cmpcpt_cmp_duplicate_cond_n01000.L5X,C:\l5x_scratch\acd\cmpcpt_cmp_duplicate_cond_n01000.ACD,ok,adopted-existing,2FA6763C1BC9E1FA843EC8A5E81F731F61C5D1FDB1B6A2EE512F7EA1CE69A328
samples\generated\logic\cmpcpt_cmp_floatliteral_n01000.L5X,C:\l5x_scratch\acd\cmpcpt_cmp_floatliteral_n01000.ACD,ok,adopted-existing,692FC8E24179D609FFBF12896AD86B5AB7AFD543BAB1E032C820F7682DEF2C5B
samples\generated\logic\cmpcpt_cmp_intliteral_n01000.L5X,C:\l5x_scratch\acd\cmpcpt_cmp_intliteral_n01000.ACD,ok,adopted-existing,D66BC702ABE748B117846CB4024DB2AF861AF6A2CB3A39088F0D8D0BBC3C5DF1
samples\generated\logic\cmpcpt_cmp_or_compound_n00100.L5X,C:\l5x_scratch\acd\cmpcpt_cmp_or_compound_n00100.ACD,ok,adopted-existing,52DBB8C5D469754A8B2C32CA80161AED8059DDD82B78C71EC45FF2A86BC7E220
samples\generated\logic\cmpcpt_cmp_or_compound_n01000.L5X,C:\l5x_scratch\acd\cmpcpt_cmp_or_compound_n01000.ACD,ok,adopted-existing,AE6C434C6805C9A845EE7D4209A790FFE68336A50EC178F236107728CFCBB24A
samples\generated\logic\cmpcpt_cmp_single_n00100.L5X,C:\l5x_scratch\acd\cmpcpt_cmp_single_n00100.ACD,ok,adopted-existing,A47AB112342CC899CF0F7C56A6F42930EC6C18D77BD9903A5FE4EF53D9EB4F26
samples\generated\logic\cmpcpt_cmp_single_n01000.L5X,C:\l5x_scratch\acd\cmpcpt_cmp_single_n01000.ACD,ok,adopted-existing,9CF4BB3670F004E0DEF905E6300C4168180A068FA72AA5FA9FEF168591920085
samples\generated\logic\cmpcpt_cpt_barecopy_n00010.L5X,C:\l5x_scratch\acd\cmpcpt_cpt_barecopy_n00010.ACD,ok,adopted-existing,991C78A7DFD8AFAA28F497BC5AE04CB638CD73EE0EEF89D63F1B0CC0AAC69F12
samples\generated\logic\cmpcpt_cpt_barecopy_n00100.L5X,C:\l5x_scratch\acd\cmpcpt_cpt_barecopy_n00100.ACD,ok,adopted-existing,EEB1378A856AE501C9544BF86A7151CEE7EF34E5310A602532F1AD0E139D9D49
samples\generated\logic\cmpcpt_cpt_barecopy_n01000.L5X,C:\l5x_scratch\acd\cmpcpt_cpt_barecopy_n01000.ACD,ok,adopted-existing,344431A8E26C3E41BB578AE87FAA1FA94688393206287C71D7D386A1674F2370
samples\generated\logic\cmpcpt_cpt_chain10_n01000.L5X,C:\l5x_scratch\acd\cmpcpt_cpt_chain10_n01000.ACD,ok,adopted-existing,561BC2115293975F5B02464697E7EBC0D560177FDF2FE7BEFF55FD831B8FDAFB
samples\generated\logic\cmpcpt_cpt_chain3_n01000.L5X,C:\l5x_scratch\acd\cmpcpt_cpt_chain3_n01000.ACD,ok,adopted-existing,1F723789D8C3C39A5D5771D515F3FE1EF0FC9574B094AA61001A5E3C292F5272
samples\generated\logic\cmpcpt_cpt_chain4_n01000.L5X,C:\l5x_scratch\acd\cmpcpt_cpt_chain4_n01000.ACD,ok,adopted-existing,D79FFC52443C7E4BB85F17DCBCFF78EAD95A1AD9AB6C5FBA3FB80FFE62C52B98
samples\generated\logic\cmpcpt_cpt_chain5_n01000.L5X,C:\l5x_scratch\acd\cmpcpt_cpt_chain5_n01000.ACD,ok,adopted-existing,AA758EC59C531B04190726FA519D9233438D0CA053A7697002F17B42CED73AB7
samples\generated\logic\cmpcpt_cpt_chain6_n01000.L5X,C:\l5x_scratch\acd\cmpcpt_cpt_chain6_n01000.ACD,ok,adopted-existing,AB947A21A957923BC56BB4D34172E281EC77C93F8B9410EF7062D089BF667A5D
samples\generated\logic\cmpcpt_cpt_chain8_n01000.L5X,C:\l5x_scratch\acd\cmpcpt_cpt_chain8_n01000.ACD,ok,adopted-existing,BF0977F9C952D7F5FB86CEEA81C416FC533B5E111EA2611A4331D7AAA63FFF47
samples\generated\logic\cmpcpt_cpt_op_add_floatliteral_n00010.L5X,C:\l5x_scratch\acd\cmpcpt_cpt_op_add_floatliteral_n00010.ACD,ok,adopted-existing,26FCA8BAA0C7E4EA72C6D9BFB16C10D370032E636F9854B891DDEA9478978C3A
samples\generated\logic\cmpcpt_cpt_op_add_floatliteral_n00100.L5X,C:\l5x_scratch\acd\cmpcpt_cpt_op_add_floatliteral_n00100.ACD,ok,adopted-existing,FF2CBC9C909112F2B5D19D938CF0047031AD6BCB48E4661E0DC63116245244F8
samples\generated\logic\cmpcpt_cpt_op_add_floatliteral_n01000.L5X,C:\l5x_scratch\acd\cmpcpt_cpt_op_add_floatliteral_n01000.ACD,ok,adopted-existing,7EED4319A86A2948D0649B88A3DED1D14CF10D9660B543E76CFCC472855B181A
samples\generated\logic\cmpcpt_cpt_op_add_intliteral_n00010.L5X,C:\l5x_scratch\acd\cmpcpt_cpt_op_add_intliteral_n00010.ACD,ok,adopted-existing,84F5BD4E86DA1D914B1B896B481352C96CF8A74E4C96C6594E0772E7BAA59F7A
samples\generated\logic\cmpcpt_cpt_op_add_intliteral_n00100.L5X,C:\l5x_scratch\acd\cmpcpt_cpt_op_add_intliteral_n00100.ACD,ok,adopted-existing,BE06FF8BE1E7B31E614F4941F94FAFE512754633E2CE5DFDCB397B4E0B8D2C59
samples\generated\logic\cmpcpt_cpt_op_add_intliteral_n01000.L5X,C:\l5x_scratch\acd\cmpcpt_cpt_op_add_intliteral_n01000.ACD,ok,adopted-existing,1167DE569B2415D5860C3806D7E0FC01A428B1B6B95B383C8D9B8A3B69DD5A5E
samples\generated\logic\cmpcpt_cpt_op_add_n00010.L5X,C:\l5x_scratch\acd\cmpcpt_cpt_op_add_n00010.ACD,ok,adopted-existing,DB5BD27E86B586A5419A0A4FFA99648A40EC9DD8F41D1393B33F9617838257DF
samples\generated\logic\cmpcpt_cpt_op_add_n00100.L5X,C:\l5x_scratch\acd\cmpcpt_cpt_op_add_n00100.ACD,ok,adopted-existing,3DC321ED1D3CD6B4ECA11127B49663418725AD80355F14BF138745655781BB97
samples\generated\logic\cmpcpt_cpt_op_add_n01000.L5X,C:\l5x_scratch\acd\cmpcpt_cpt_op_add_n01000.ACD,ok,adopted-existing,3036E0D68A09F1BD7A5A2F89187985B60A83EB75B8DAF6B211F05A26D8DC3D2C
samples\generated\logic\cmpcpt_cpt_op_div_floatliteral_n00010.L5X,C:\l5x_scratch\acd\cmpcpt_cpt_op_div_floatliteral_n00010.ACD,ok,adopted-existing,250B8320CBAFEFE5D58741A24109DB9C2DC9BF6AE48A4E38F942FC2654FD5842
samples\generated\logic\cmpcpt_cpt_op_div_floatliteral_n00100.L5X,C:\l5x_scratch\acd\cmpcpt_cpt_op_div_floatliteral_n00100.ACD,ok,adopted-existing,385ED1A51A390D0DA2C348C6342D494A6D82C925383527319BDE459AF77F2FAE
samples\generated\logic\cmpcpt_cpt_op_div_floatliteral_n01000.L5X,C:\l5x_scratch\acd\cmpcpt_cpt_op_div_floatliteral_n01000.ACD,ok,adopted-existing,F12DF1698422EB3A99AAD73DC081A9EE09D2687F94F43230B3A79B5A950451EE
samples\generated\logic\cmpcpt_cpt_op_div_intliteral_n01000.L5X,C:\l5x_scratch\acd\cmpcpt_cpt_op_div_intliteral_n01000.ACD,ok,adopted-existing,89C507A8428987F38113F62FE0D2A2F218955D212FA82ACECC863BD9D0DA4A78
samples\generated\logic\cmpcpt_cpt_op_div_n00010.L5X,C:\l5x_scratch\acd\cmpcpt_cpt_op_div_n00010.ACD,ok,adopted-existing,3C5F8F5CE8929D0C879B3886EDF30AFFA7C36DE06EC95141D818AB66F4B08B5A
samples\generated\logic\cmpcpt_cpt_op_div_n00100.L5X,C:\l5x_scratch\acd\cmpcpt_cpt_op_div_n00100.ACD,ok,adopted-existing,2E73D116ABA8788458A5017CE63DA85D9FBF0E9AF65672FA5A30F88A41A82B57
samples\generated\logic\cmpcpt_cpt_op_div_n01000.L5X,C:\l5x_scratch\acd\cmpcpt_cpt_op_div_n01000.ACD,ok,adopted-existing,B23B35A27F7E7834B087776CFD4F29F2E8416A1C77FA64F85136D307A8844D58
samples\generated\logic\cmpcpt_cpt_op_mod_n00010.L5X,C:\l5x_scratch\acd\cmpcpt_cpt_op_mod_n00010.ACD,ok,adopted-existing,AC4D1230FD552C3D32E59DFAA1543B656DADEA64E4AA75B601F52AD827E5478D
samples\generated\logic\cmpcpt_cpt_op_mod_n00100.L5X,C:\l5x_scratch\acd\cmpcpt_cpt_op_mod_n00100.ACD,ok,adopted-existing,67DF9B038407B4BD443932A7C940AC87D6CC12714FC60E68A540B584783E4C6B
samples\generated\logic\cmpcpt_cpt_op_mod_n01000.L5X,C:\l5x_scratch\acd\cmpcpt_cpt_op_mod_n01000.ACD,ok,adopted-existing,E6E318C16ED643E609DF7BDD290BCC80C92709DA696493097BED328BB75254F3
samples\generated\logic\cmpcpt_cpt_op_mul_floatliteral_n00010.L5X,C:\l5x_scratch\acd\cmpcpt_cpt_op_mul_floatliteral_n00010.ACD,ok,adopted-existing,E9276F100C8640E57D2CA23FDF0669BFEEC898CFB0D60E98C1B626AA2083D352
samples\generated\logic\cmpcpt_cpt_op_mul_floatliteral_n00100.L5X,C:\l5x_scratch\acd\cmpcpt_cpt_op_mul_floatliteral_n00100.ACD,ok,adopted-existing,D58AB1D131F83731C354DCE9FFB73C169E3DD38D64CE7E46CD017CABDC424271
samples\generated\logic\cmpcpt_cpt_op_mul_floatliteral_n01000.L5X,C:\l5x_scratch\acd\cmpcpt_cpt_op_mul_floatliteral_n01000.ACD,ok,adopted-existing,CF2FB5993DAF7ABA044717DDD80C1B61E2FEB35328531313870FB4E7D8F4E400
samples\generated\logic\cmpcpt_cpt_op_mul_intliteral_n01000.L5X,C:\l5x_scratch\acd\cmpcpt_cpt_op_mul_intliteral_n01000.ACD,ok,adopted-existing,2076DFB9DED359CC43BC31FE0C8313F8BB185B86EEFA9C22C249F1356FD015DB
samples\generated\logic\cmpcpt_cpt_op_mul_n00010.L5X,C:\l5x_scratch\acd\cmpcpt_cpt_op_mul_n00010.ACD,ok,adopted-existing,F658DC8DF19077B6F64DE3F1788D46E0CC9C8DFA5EEE988EC998D38B427D8574
samples\generated\logic\cmpcpt_cpt_op_mul_n00100.L5X,C:\l5x_scratch\acd\cmpcpt_cpt_op_mul_n00100.ACD,ok,adopted-existing,5AF3F0CE6CE308F0E09CF46D665E55AD9336D90908CA5AB3965DBD392FB00ED4
samples\generated\logic\cmpcpt_cpt_op_mul_n01000.L5X,C:\l5x_scratch\acd\cmpcpt_cpt_op_mul_n01000.ACD,ok,adopted-existing,206FA69ECA8E862BF7484E36F6438BCD3B4622FE683E28D6B763B67363CCF3A2
samples\generated\logic\cmpcpt_cpt_op_pow_floatliteral_n00010.L5X,C:\l5x_scratch\acd\cmpcpt_cpt_op_pow_floatliteral_n00010.ACD,ok,adopted-existing,A3847F18EA1830B0AD89E3FB10864F0FAC0D9E74121B00CC67BC8D1C0B78BC4A
samples\generated\logic\cmpcpt_cpt_op_pow_floatliteral_n00100.L5X,C:\l5x_scratch\acd\cmpcpt_cpt_op_pow_floatliteral_n00100.ACD,ok,adopted-existing,B928FEA231215B76BB9D19BED63C020F762F5C740D5DED48D2672ED8032CDA55
samples\generated\logic\cmpcpt_cpt_op_pow_floatliteral_n01000.L5X,C:\l5x_scratch\acd\cmpcpt_cpt_op_pow_floatliteral_n01000.ACD,ok,adopted-existing,B72E25BCE0575E760A5E2209D68468795D29994CCB69FB4082FCAF52BFFB994A
samples\generated\logic\cmpcpt_cpt_op_pow_intliteral_n01000.L5X,C:\l5x_scratch\acd\cmpcpt_cpt_op_pow_intliteral_n01000.ACD,ok,adopted-existing,5A725BDDAF777D33A4707E4832F663B97B6B959715C076C6825FD5F2A1033E7A
samples\generated\logic\cmpcpt_cpt_op_pow_n00010.L5X,C:\l5x_scratch\acd\cmpcpt_cpt_op_pow_n00010.ACD,ok,adopted-existing,5F19E0A85A28BF2523BFD3B2259240218718C1B7A16D736965C2363778E6575F
samples\generated\logic\cmpcpt_cpt_op_pow_n00100.L5X,C:\l5x_scratch\acd\cmpcpt_cpt_op_pow_n00100.ACD,ok,adopted-existing,C99A1640D0D16AD12E7BF810160E8B7ED9D15D8F66A760E0DAABF86DCB0B944B
samples\generated\logic\cmpcpt_cpt_op_pow_n01000.L5X,C:\l5x_scratch\acd\cmpcpt_cpt_op_pow_n01000.ACD,ok,adopted-existing,1708A91116BCE64DC3E7CD8895C3F1A7BF6C05CE2C624EC5BCE00F8A34F92A29
samples\generated\logic\cmpcpt_cpt_op_sub_floatliteral_n00010.L5X,C:\l5x_scratch\acd\cmpcpt_cpt_op_sub_floatliteral_n00010.ACD,ok,adopted-existing,7260020E2D2101F16D6ADE79AD4C856F2CD12E35F01E9702D4D45338FB72BA7D
samples\generated\logic\cmpcpt_cpt_op_sub_floatliteral_n00100.L5X,C:\l5x_scratch\acd\cmpcpt_cpt_op_sub_floatliteral_n00100.ACD,ok,adopted-existing,3E9DA8E824495525AD3A1F2F0F16777C3D2C0770C945C09EBFF8D9B3C7D778FC
samples\generated\logic\cmpcpt_cpt_op_sub_floatliteral_n01000.L5X,C:\l5x_scratch\acd\cmpcpt_cpt_op_sub_floatliteral_n01000.ACD,ok,adopted-existing,AE52AD1432C8CB952A4531868A61AFFCBEC3CA35F1EE4849907EBF7F3A1D6336
samples\generated\logic\cmpcpt_cpt_op_sub_intliteral_n01000.L5X,C:\l5x_scratch\acd\cmpcpt_cpt_op_sub_intliteral_n01000.ACD,ok,adopted-existing,6A90FDE677B6113EC6077CD904B41669BB6FC2F530E34482338CF7296A10CC53
samples\generated\logic\cmpcpt_cpt_op_sub_n00010.L5X,C:\l5x_scratch\acd\cmpcpt_cpt_op_sub_n00010.ACD,ok,adopted-existing,E531280C65F860BE21469AE44172C0A34C7E87FA9C3D1CEF4760BC6A846C7CA3
samples\generated\logic\cmpcpt_cpt_op_sub_n00100.L5X,C:\l5x_scratch\acd\cmpcpt_cpt_op_sub_n00100.ACD,ok,adopted-existing,4B48F0976694BC8A6932DFFE0CD12F944E2AE2E9959DE1533B5842E2666893B0
samples\generated\logic\cmpcpt_cpt_op_sub_n01000.L5X,C:\l5x_scratch\acd\cmpcpt_cpt_op_sub_n01000.ACD,ok,adopted-existing,64AACA5ECE29E7DD40EBA454C0EAF706FEFD7B27F9D801FA9D01DCC4190B48B4
samples\generated\logic\cmpcpt_cpt_pluszero_n01000.L5X,C:\l5x_scratch\acd\cmpcpt_cpt_pluszero_n01000.ACD,ok,adopted-existing,71C8D7B28702E7470F9D9BFD019061D4DB2DC947C6AA6932CCF131861E715090
samples\generated\logic\cmpcpt_cpt_samematag_n01000.L5X,C:\l5x_scratch\acd\cmpcpt_cpt_samematag_n01000.ACD,ok,adopted-existing,3FAD7D8EDAF4F8361F20BC9845E0259231647F2CDC3F40CA1E417027A69218DE
samples\generated\logic\cmpcpt_randommix_00_n00553rungs.L5X,C:\l5x_scratch\acd\cmpcpt_randommix_00_n00553rungs.ACD,ok,adopted-existing,296BA10A382221A24184A26226A6F868FF7C9224C9F84574EF5AA9542E60EF56
samples\generated\logic\cmpcpt_randommix_01_n00655rungs.L5X,C:\l5x_scratch\acd\cmpcpt_randommix_01_n00655rungs.ACD,ok,adopted-existing,71B7BE6DC5BFCBB3C3FFD6234711F631A7DAF9AA50A5C7DB27A2A6263339C1CD
samples\generated\logic\cmpcx_baretags.L5X,C:\l5x_scratch\acd\cmpcx_baretags.ACD,ok,adopted-existing,E80F83F608424234D5DC3FBE135A90E2B112153247DC65DEB310E02709F5D828
samples\generated\logic\cmpcx_complex.L5X,C:\l5x_scratch\acd\cmpcx_complex.ACD,ok,adopted-existing,8423C9C8269AA98015F42DF1AA18F0E3DAB8E743EC1D110661A88BE71F9A3F22
samples\generated\logic\cmpcx_compound_expr.L5X,C:\l5x_scratch\acd\cmpcx_compound_expr.ACD,ok,adopted-existing,B4E98FE08EC0B6C27820F1AF926A5CEFC922B8F95E25F5F132C029E3C62AF09E
samples\generated\logic\cmpcx_compound_simple.L5X,C:\l5x_scratch\acd\cmpcx_compound_simple.ACD,ok,adopted-existing,1974BA65A62CC1116AFF7E90FCB2194B6EF5AA44209DD747094BE3A8DA559EED
samples\generated\logic\cmpcx_exprboth.L5X,C:\l5x_scratch\acd\cmpcx_exprboth.ACD,ok,adopted-existing,C36B9EAF637F67FBADE176DBF11ED0C0F631B3EB692147FBDE96C213054182A6
samples\generated\logic\cmpcx_exprleft.L5X,C:\l5x_scratch\acd\cmpcx_exprleft.ACD,ok,adopted-existing,430D1624505027AD6622DC7F3CF23724D01B761DD88BC827EB32367B8C425979
samples\generated\logic\cmpcx_exprplusliteral.L5X,C:\l5x_scratch\acd\cmpcx_exprplusliteral.ACD,ok,adopted-existing,DC44F1AB48B3BA64E740EC977F97CE4C746F7EF1F5FE12E5644B75D4CFBF49FB
samples\generated\logic\cmpcx_floatconstmixed.L5X,C:\l5x_scratch\acd\cmpcx_floatconstmixed.ACD,ok,adopted-existing,B1448169741427CDF4F519DCEF00D10395B82DF66EDB88FD7EC8BF447B27ED66
samples\generated\logic\cmpcx_floatliteral.L5X,C:\l5x_scratch\acd\cmpcx_floatliteral.ACD,ok,adopted-existing,F0F504DE44723936AD3E02B638499CD8399F9CAB1F9119DFF676459B8CF19D70
samples\generated\logic\cmpcx_intliteral.L5X,C:\l5x_scratch\acd\cmpcx_intliteral.ACD,ok,adopted-existing,2EC7CED77707F1C1AE1A43E46484AFD8EE2181D5074F9D425401DFE6DD74E0BC
samples\generated\logic\cmpcx_spotcheck_baretags_n100.L5X,C:\l5x_scratch\acd\cmpcx_spotcheck_baretags_n100.ACD,ok,adopted-existing,6A5A17692712D2E08F6CD42AC65075E356E098C1740D00C46D30289625F3E181
samples\generated\logic\cmpfl_f0_op1.L5X,C:\l5x_scratch\acd\cmpfl_f0_op1.ACD,ok,adopted-existing,B3F0B541DF88822494CE510CA94645D0360BF3597AA3403F8289A64211AFAB2A
samples\generated\logic\cmpfl_f1_op0.L5X,C:\l5x_scratch\acd\cmpfl_f1_op0.ACD,ok,adopted-existing,AF92D76C4E5E70307C2BB889F816E2A75BAD62932FC062D0D1F1E07777D547DB
samples\generated\logic\cmpfl_f1_op1.L5X,C:\l5x_scratch\acd\cmpfl_f1_op1.ACD,ok,adopted-existing,06658D2CBCAF33358D525078DD3D2FDF86F4272B2B6DC721E65ECDBE73054764
samples\generated\logic\cmpfl_f1_op2_add.L5X,C:\l5x_scratch\acd\cmpfl_f1_op2_add.ACD,ok,adopted-existing,420D813018EA06FC1F648074E387199DEE6DD475AC70F0740399C18E62D07C14
samples\generated\logic\cmpfl_f1_op2_mul.L5X,C:\l5x_scratch\acd\cmpfl_f1_op2_mul.ACD,ok,adopted-existing,81B0915487B6E82FFC785518EEF9568448A89081001686A764FC6653E3E82EEE
samples\generated\logic\cmpfl_f2_op1.L5X,C:\l5x_scratch\acd\cmpfl_f2_op1.ACD,ok,adopted-existing,1AFC78BD92145F8FA0B412A548BB08B636E99EDA6E4D1EAC21C08E1663BFF11B
samples\generated\logic\cmpfl_f2_op2_mul.L5X,C:\l5x_scratch\acd\cmpfl_f2_op2_mul.ACD,ok,adopted-existing,431FA09E81B9762F37EC9F6B8D291D3E8DB200E14DD9CDD19C4361C6B4AB6557
samples\generated\logic\cmpfl_f3_op1.L5X,C:\l5x_scratch\acd\cmpfl_f3_op1.ACD,ok,adopted-existing,2A27D640DC53E09D906E28FCC78121D9E8F15D823C0130B4DE5194B770DAC8B5
samples\generated\logic\cmpfl_realmix_op1.L5X,C:\l5x_scratch\acd\cmpfl_realmix_op1.ACD,ok,adopted-existing,30ABB0EE14065C9124CA1E84332B6DAA373C5CCFBCDAB3CA990D29826F232705
samples\generated\logic\cmpfl_realtag_op0.L5X,C:\l5x_scratch\acd\cmpfl_realtag_op0.ACD,ok,adopted-existing,77A4F9C16F21E9FE2893A1CCE14E7D393E81961A9B4BDBB614791A81CC6F1E08
samples\generated\logic\cmpfl_realtag_op1.L5X,C:\l5x_scratch\acd\cmpfl_realtag_op1.ACD,ok,adopted-existing,5A3E9A98C19CB0C2DDDC056A48E6AAF2096E2A097DC05BF8E338D0927DDF1FF3
samples\generated\logic\cmpfl_realtag_op1_mul.L5X,C:\l5x_scratch\acd\cmpfl_realtag_op1_mul.ACD,ok,adopted-existing,AF85E0C64688E9BA80AF414FE456E53FED90DB16F734970A3A232E5227BBBA4E
samples\generated\logic\cmpfl_realtag_op2.L5X,C:\l5x_scratch\acd\cmpfl_realtag_op2.ACD,ok,adopted-existing,3D4C23BD20B7A2CD9B74BB08B4D8C748F34E4A36A3EE20047951CA4FCA3988F4
samples\generated\logic\cptcx_constants_floatconst_n2.L5X,C:\l5x_scratch\acd\cptcx_constants_floatconst_n2.ACD,ok,adopted-existing,ED0E2DCD56DC420AED67C61D5AE67915F9C4306956B23BDB481896D3FD6FAB5E
samples\generated\logic\cptcx_constants_floatconst_n4.L5X,C:\l5x_scratch\acd\cptcx_constants_floatconst_n4.ACD,ok,adopted-existing,E4DE8DBC2B921F7B2E14CBDB07666105651D5C9AAC354739CFDFD64666DFEA1A
samples\generated\logic\cptcx_constants_intconst_n2.L5X,C:\l5x_scratch\acd\cptcx_constants_intconst_n2.ACD,ok,adopted-existing,735BAD2153D434DC780172022CA551DBF3C0D9F460BA20DC6C1BDD5460921D57
samples\generated\logic\cptcx_constants_intconst_n3.L5X,C:\l5x_scratch\acd\cptcx_constants_intconst_n3.ACD,ok,adopted-existing,2FE70B1A4D35B52DE9E456840BB183F7C298A86DB40A5EDF59D650CEDD82DCFA
samples\generated\logic\cptcx_constants_intconst_n4.L5X,C:\l5x_scratch\acd\cptcx_constants_intconst_n4.ACD,ok,adopted-existing,AA991F769E979D0A99EBC19542D9A5C5926B437B905AB7A43E8CFB381EFFA255
samples\generated\logic\cptcx_operandcount_n01.L5X,C:\l5x_scratch\acd\cptcx_operandcount_n01.ACD,ok,adopted-existing,7BB28B23FA96A28B1C2F21D3108DD8BCE31115F4AD6A281568C272436467587B
samples\generated\logic\cptcx_operandcount_n02.L5X,C:\l5x_scratch\acd\cptcx_operandcount_n02.ACD,ok,adopted-existing,A3362536568C394E441C1C9BA65438A876794E259B87E556DCAA18E41E3AA7D7
samples\generated\logic\cptcx_operandcount_n03.L5X,C:\l5x_scratch\acd\cptcx_operandcount_n03.ACD,ok,adopted-existing,EBA780FBA0F36D545FF33DCC5C7211E28D10AEE092E0F41485C9634DB733C924
samples\generated\logic\cptcx_operandcount_n04.L5X,C:\l5x_scratch\acd\cptcx_operandcount_n04.ACD,ok,adopted-existing,1CC4925F89EB5E9D907E4DB81AE4AA07422CFFF6CA1DA063B1805EB4D5D56FBC
samples\generated\logic\cptcx_operandcount_n05.L5X,C:\l5x_scratch\acd\cptcx_operandcount_n05.ACD,ok,adopted-existing,2465CCD986F0836858BEC11E6D420E4D4F62F028334F1858043BBF1BF983B3C8
samples\generated\logic\cptcx_operandcount_n06.L5X,C:\l5x_scratch\acd\cptcx_operandcount_n06.ACD,ok,adopted-existing,58F55CF2AF0034A20C5EC788FB613E58B52B53BFC499200FDA37731D0E68CBAF
samples\generated\logic\cptcx_operandcount_n08.L5X,C:\l5x_scratch\acd\cptcx_operandcount_n08.ACD,ok,adopted-existing,2A11339F6D534DB528B1E1E83CBB4F60AF61F46CF90FD461D0AE66EC59732BD0
samples\generated\logic\cptcx_operandcount_n10.L5X,C:\l5x_scratch\acd\cptcx_operandcount_n10.ACD,ok,adopted-existing,CF2C430E7F21BE90FF0D3D82DB56FFFBF775F2A1658264DC8B4A788E94019570
samples\generated\logic\cptcx_operatormix_mixedops.L5X,C:\l5x_scratch\acd\cptcx_operatormix_mixedops.ACD,ok,adopted-existing,4A01EE6E2308B4BA1A2F2582088A168FB0136B4BD1E3E99853F16B0DEAA8ECAF
samples\generated\logic\cptcx_operatormix_nested.L5X,C:\l5x_scratch\acd\cptcx_operatormix_nested.ACD,ok,adopted-existing,755E5F9F719CE3A04B41477EF39F20B51C5E7D4ED3711897864D2534E165B62A
samples\generated\logic\cptcx_operatormix_powermix.L5X,C:\l5x_scratch\acd\cptcx_operatormix_powermix.ACD,ok,adopted-existing,00C083BA493635D7FE9B409E9AD9741D3C663D39B83D332DD74230625E87C5C2
samples\generated\logic\cptcx_spotcheck_mixedops4op_n100.L5X,C:\l5x_scratch\acd\cptcx_spotcheck_mixedops4op_n100.ACD,ok,adopted-existing,6613C75A1BAC33A86D4B23C870FB6A6490123BF99F3F1F646E4F43D6B5EA0C48
samples\generated\logic\cptcx_spotcheck_simple2op_n100.L5X,C:\l5x_scratch\acd\cptcx_spotcheck_simple2op_n100.ACD,ok,adopted-existing,F2A19736895841282251D0F227AE1B2B49107F8E1DEAE85C9C0B1FCE7DD560CC
samples\generated\logic\cptdest_ddintodint_n00010.L5X,C:\l5x_scratch\acd\cptdest_ddintodint_n00010.ACD,ok,adopted-existing,3CB92264F133BB29325BD3D148F0C635977491391CCF41A9466F6B60A1CFEC24
samples\generated\logic\cptdest_ddintodint_n00100.L5X,C:\l5x_scratch\acd\cptdest_ddintodint_n00100.ACD,ok,adopted-existing,460986459A7170158ACBCE256E6C6922D3CCE9B07589B6D3AC58DDF2FEBEEA34
samples\generated\logic\cptdest_ddintodint_n01000.L5X,C:\l5x_scratch\acd\cptdest_ddintodint_n01000.ACD,ok,adopted-existing,164495A08C61376F26EDB356BD0A6DBEFA382677E1958FFC14482C07A17CB430
samples\generated\logic\cptdest_ddintoreal_n00010.L5X,C:\l5x_scratch\acd\cptdest_ddintoreal_n00010.ACD,ok,adopted-existing,D918E9C00A6567D3B722016A5C4A491AC81E14A1EC7741A0134D6F5C9B464309
samples\generated\logic\cptdest_ddintoreal_n00100.L5X,C:\l5x_scratch\acd\cptdest_ddintoreal_n00100.ACD,ok,adopted-existing,4F4B3E7A8A55BCDA1079F62DD15A3A1FD5BCCBFBF5CB97909047DDE74E9FF6E2
samples\generated\logic\cptdest_ddintoreal_n01000.L5X,C:\l5x_scratch\acd\cptdest_ddintoreal_n01000.ACD,ok,adopted-existing,68B458489E780D1C3E11714A27EF19B29A10F205E5325FCE828264BAFCF816F6
samples\generated\logic\cptdest_drealodint_n00010.L5X,C:\l5x_scratch\acd\cptdest_drealodint_n00010.ACD,ok,adopted-existing,B8248C4A061D8D9B2CF054FEFD3B64CEEBF896AD1F1AF697002F3EC059A6BF99
samples\generated\logic\cptdest_drealodint_n00100.L5X,C:\l5x_scratch\acd\cptdest_drealodint_n00100.ACD,ok,adopted-existing,024934EDC7E555F71ED89DAB58D3B548784C80719AFEFA6D9D8081382885197D
samples\generated\logic\cptdest_drealodint_n01000.L5X,C:\l5x_scratch\acd\cptdest_drealodint_n01000.ACD,ok,adopted-existing,76CED442C68EE7A09635F8DA13355F1690091A7AF6113D2E338BCC141A33CB92
samples\generated\logic\cptdest_drealoreal_n00010.L5X,C:\l5x_scratch\acd\cptdest_drealoreal_n00010.ACD,ok,adopted-existing,8EFE6E6D1AEB66E78794B5D1BA22C5EC455FCF00DD6516CE4D329732C389E867
samples\generated\logic\cptdest_drealoreal_n00100.L5X,C:\l5x_scratch\acd\cptdest_drealoreal_n00100.ACD,ok,adopted-existing,ECCE669AAFAF96CD00A01616D8B002FCE5366118461AE728EA87ACBEE27C7166
samples\generated\logic\cptdest_drealoreal_n01000.L5X,C:\l5x_scratch\acd\cptdest_drealoreal_n01000.ACD,ok,adopted-existing,16487E96BFCFB09861A3F12ADD4EC06B9FFA5B9E0D832CB366417B0009125E55
samples\generated\logic\cptmix_disentangle_float1_noreal.L5X,C:\l5x_scratch\acd\cptmix_disentangle_float1_noreal.ACD,ok,adopted-existing,5748F8AB2F9936F4CD55D3A2AC9E91118BAA3FCFFC61C7C55FB355F735C5EEF1
samples\generated\logic\cptmix_disentangle_real1_float1.L5X,C:\l5x_scratch\acd\cptmix_disentangle_real1_float1.ACD,ok,adopted-existing,D3CB7AED1E0815226EB46B7DA0F324C6803D8E04A5340CD2BAB131E498079D68
samples\generated\logic\cptmix_disentangle_real1_noliteral.L5X,C:\l5x_scratch\acd\cptmix_disentangle_real1_noliteral.ACD,ok,adopted-existing,BD7A5C5422B26B7EA9A6E5F698DFAA931784E3F16DE85198C5E84654DFC79E0D
samples\generated\logic\cptmix_disentangle_real2_float2_noint.L5X,C:\l5x_scratch\acd\cptmix_disentangle_real2_float2_noint.ACD,ok,adopted-existing,8D969E14F14834890036B890548B4BAFF3C9186733BD31A2AEEF2CA7C92F42AD
samples\generated\logic\cptmix_fifteen_n00001.L5X,C:\l5x_scratch\acd\cptmix_fifteen_n00001.ACD,ok,adopted-existing,C86F7C0246D2ED5D3571F41FD4CBDC926FBDBBB9C501DF6BE1781CB1683BC0AD
samples\generated\logic\cptmix_fifteen_n00100.L5X,C:\l5x_scratch\acd\cptmix_fifteen_n00100.ACD,ok,adopted-existing,36BFF887D6F5996DC1997B3E49662B20DFA8050DDBA374603C1704A634842984
samples\generated\logic\cptmix_float1_pos_divisor.L5X,C:\l5x_scratch\acd\cptmix_float1_pos_divisor.ACD,ok,adopted-existing,07D934401E4D5ADA970CA02CEDB17A7137970FD3AF7333AD9818A01D90780E6E
samples\generated\logic\cptmix_float1_pos_first.L5X,C:\l5x_scratch\acd\cptmix_float1_pos_first.ACD,ok,adopted-existing,C33BABD1013CDA616A69D89EA679AA1840AA2765FCFDB56869E6380C6AF22C11
samples\generated\logic\cptmix_litpos_alltag_baseline.L5X,C:\l5x_scratch\acd\cptmix_litpos_alltag_baseline.ACD,ok,adopted-existing,F6BC03680F3589A115C7B5E7F069B2946C5A72C0F7E8E3D00CA46D9EF49319AD
samples\generated\logic\cptmix_litpos_literal_first.L5X,C:\l5x_scratch\acd\cptmix_litpos_literal_first.ACD,ok,adopted-existing,9CD0B2CE60143E264BDC8EFCDE35789172A818D840BE37D4910C037918814971
samples\generated\logic\cptmix_litpos_literal_last.L5X,C:\l5x_scratch\acd\cptmix_litpos_literal_last.ACD,ok,adopted-existing,983355AF1C3AEEAD59115FF913C2B2662C804E2A4BED68867562DF602107FE44
samples\generated\logic\cptmix_litpos_literal_middle.L5X,C:\l5x_scratch\acd\cptmix_litpos_literal_middle.ACD,ok,adopted-existing,895047C822E68FBEB4453E29E34D8750CBB4067A65D5EBCF9400BD921DF07326
samples\generated\logic\cptmix_pair_t1t2_t1first.L5X,C:\l5x_scratch\acd\cptmix_pair_t1t2_t1first.ACD,ok,adopted-existing,9913A993FED4C1F5F2D0563849C9D15E902220410FD387C3E3EB5F9FCA94DF14
samples\generated\logic\cptmix_pair_t1t2_t2first.L5X,C:\l5x_scratch\acd\cptmix_pair_t1t2_t2first.ACD,ok,adopted-existing,E5B4DAB5059E0287F1AA17FF581E1601F3160B1B691DA4BC25DE9BDFC05E7C6D
samples\generated\logic\cptmix_pair_t1t3_t1first.L5X,C:\l5x_scratch\acd\cptmix_pair_t1t3_t1first.ACD,ok,adopted-existing,2D1B2A805D5F0C172E151FE5123D39DA576FB308B5E9A79BECA82E748DFBEBB5
samples\generated\logic\cptmix_pair_t1t3_t3first.L5X,C:\l5x_scratch\acd\cptmix_pair_t1t3_t3first.ACD,ok,adopted-existing,744A5365DDC1B6C082064969ADF0A6320EE07B4A2C339DC51BE4BCF9374E54C1
samples\generated\logic\cptmix_pair_t2t3_t2first.L5X,C:\l5x_scratch\acd\cptmix_pair_t2t3_t2first.ACD,ok,adopted-existing,215828EBEF5F4825020D682B0C9F88F412D1576EF2F57A5501F6D4F801A59EAC
samples\generated\logic\cptmix_pair_t2t3_t3first.L5X,C:\l5x_scratch\acd\cptmix_pair_t2t3_t3first.ACD,ok,adopted-existing,06B7310E26C3B7D86E5E11407FBD771A4E281C76A4C12B7F2578668C20DC0427
samples\generated\logic\cptmix_real1_float1.L5X,C:\l5x_scratch\acd\cptmix_real1_float1.ACD,ok,adopted-existing,08066DAC56296FE605C357E9124A713275DDC382093741E31EA55891041007BF
samples\generated\logic\cptmix_real1_nested.L5X,C:\l5x_scratch\acd\cptmix_real1_nested.ACD,ok,adopted-existing,D65217B8DB9C7723ED1736A0A70FBE94C8B9BC73367A74B3904B1CCA5BE4181A
samples\generated\logic\cptmix_real1_pos_first.L5X,C:\l5x_scratch\acd\cptmix_real1_pos_first.ACD,ok,adopted-existing,3FD915551E0ADD39F9AB73F072D0C780FF711F4A5BA3F05764B93C5CDD03DA20
samples\generated\logic\cptmix_real1_pos_last.L5X,C:\l5x_scratch\acd\cptmix_real1_pos_last.ACD,ok,adopted-existing,CA1902A3DA2F9AC7E3606412A9A5AA8FC26214FF69AA5DB5C88104C100593A4C
samples\generated\logic\cptmix_real2_adjacent.L5X,C:\l5x_scratch\acd\cptmix_real2_adjacent.ACD,ok,adopted-existing,980355DB074A52B532D6C0C9ACAA3FFE7649DE54BAD380195C6C4A1FE5B8F2FF
samples\generated\logic\cptmix_real2_adjacent_float1.L5X,C:\l5x_scratch\acd\cptmix_real2_adjacent_float1.ACD,ok,adopted-existing,4BC7C4D81470D0E78D545AA66DA99774B384BEFD5E128144C1D3D7A3480B7A28
samples\generated\logic\cptmix_real2_nested.L5X,C:\l5x_scratch\acd\cptmix_real2_nested.ACD,ok,adopted-existing,6C4C025B6018F074375D44092211372EFF41DBB13F505053CDC6B7ABF1D72DEC
samples\generated\logic\cptmix_real2_spread.L5X,C:\l5x_scratch\acd\cptmix_real2_spread.ACD,ok,adopted-existing,63F70B4398EA938AB681A7371B8202D318FC0397A2A9134A9BE755FBCA497940
samples\generated\logic\cptmix_real3_adjacent.L5X,C:\l5x_scratch\acd\cptmix_real3_adjacent.ACD,ok,adopted-existing,C09F54A7BAF55C673E9665DAA7774DB747E829F40B14A5B461D8E5196B32FB95
samples\generated\logic\cptmix_real3_adjacent_float1.L5X,C:\l5x_scratch\acd\cptmix_real3_adjacent_float1.ACD,ok,adopted-existing,59905EE237FF49E495B34348EFD425F3141F7C8B4C1C3F8A75C2FBEA2AB9F67D
samples\generated\logic\cptmix_realcheck_dint.L5X,C:\l5x_scratch\acd\cptmix_realcheck_dint.ACD,ok,adopted-existing,A77F90F0FF9EAD4F0EF29B89396C3E0416DA867BD80015D638B8E1CBE50E9918
samples\generated\logic\cptmix_realcheck_real.L5X,C:\l5x_scratch\acd\cptmix_realcheck_real.ACD,ok,adopted-existing,D4D437A0B25A4E8805F86C3DDE763B1DCD616CC5D8085685039A6BC8BB97C5C2
samples\generated\logic\cptmix_scaling_alternating_n03.L5X,C:\l5x_scratch\acd\cptmix_scaling_alternating_n03.ACD,ok,adopted-existing,C12F9F13BE49620A7CC1AD9D22A8062035D89BD1854AFBB41503C1A6FF820F58
samples\generated\logic\cptmix_scaling_alternating_n05.L5X,C:\l5x_scratch\acd\cptmix_scaling_alternating_n05.ACD,ok,adopted-existing,E98A35597C84404AA39FA72D5AB640B1C8EEFD2FB6DE46C900508DC71FE7D5EE
samples\generated\logic\cptmix_scaling_alternating_n08.L5X,C:\l5x_scratch\acd\cptmix_scaling_alternating_n08.ACD,ok,adopted-existing,EF7BFB07992D0B4A93E0578547F977F4F320BCA0A8602956A35E74726529414B
samples\generated\logic\cptmix_scaling_alternating_n11.L5X,C:\l5x_scratch\acd\cptmix_scaling_alternating_n11.ACD,ok,adopted-existing,DC5FAA37AE57E4307BE79B5F426C8B3ABA74EB90E33109CF45DB878F983A93D4
samples\generated\logic\cptmix_scaling_alternating_n15.L5X,C:\l5x_scratch\acd\cptmix_scaling_alternating_n15.ACD,ok,adopted-existing,EDBECB0C6CC44C05A16C9D5BF635C8A96EFB3851F99B2C6B5B55175D3DC2AD29
samples\generated\logic\cptmix_scaling_grouped_n03.L5X,C:\l5x_scratch\acd\cptmix_scaling_grouped_n03.ACD,ok,adopted-existing,24E70B7CC7EFDF320B153DBFD0D3430BCD5365B7007FB6F4852FE8198150F595
samples\generated\logic\cptmix_scaling_grouped_n05.L5X,C:\l5x_scratch\acd\cptmix_scaling_grouped_n05.ACD,ok,adopted-existing,25E451A775D3794C93EFC602E5751DA0764923248BBE753A83A07966E440FFAD
samples\generated\logic\cptmix_scaling_grouped_n08.L5X,C:\l5x_scratch\acd\cptmix_scaling_grouped_n08.ACD,ok,adopted-existing,9A2264C07F030EF85A73E35B70F3CCFB6EEC6AF4CBCE76183299A8FE865B7F82
samples\generated\logic\cptmix_scaling_grouped_n11.L5X,C:\l5x_scratch\acd\cptmix_scaling_grouped_n11.ACD,ok,adopted-existing,5DF918FF7439EAF94E6E68FC016DE54779EF1C02A0BE0BC7A4FD99917DAB21EC
samples\generated\logic\cptmix_scaling_grouped_n15.L5X,C:\l5x_scratch\acd\cptmix_scaling_grouped_n15.ACD,ok,adopted-existing,FB56B0306E4A595EC322B793D5FA2CCEA0939796E026EA37A67B8461E1F681E0
samples\generated\logic\cptmix_scaling_t1t3_alternating_n03.L5X,C:\l5x_scratch\acd\cptmix_scaling_t1t3_alternating_n03.ACD,ok,adopted-existing,336B1D2726500F7BE415A5FAEE0F99FAE709976674EA19AA84B7BB29554D7643
samples\generated\logic\cptmix_scaling_t1t3_alternating_n05.L5X,C:\l5x_scratch\acd\cptmix_scaling_t1t3_alternating_n05.ACD,ok,adopted-existing,D43A8132D6B67921D217AB0DCF0F4CFD1155A9078A46D2B2C70FEDC01EDC719B
samples\generated\logic\cptmix_scaling_t1t3_alternating_n08.L5X,C:\l5x_scratch\acd\cptmix_scaling_t1t3_alternating_n08.ACD,ok,adopted-existing,937896E4B7C447BA58B559C287C87BE3420C119E911907D69E773B680AE6B2F4
samples\generated\logic\cptmix_scaling_t1t3_alternating_n11.L5X,C:\l5x_scratch\acd\cptmix_scaling_t1t3_alternating_n11.ACD,ok,adopted-existing,9A4ED6B308ED9EE4960B70DB01F42C47872155BD360DD08D939AA9DCFF430285
samples\generated\logic\cptmix_scaling_t1t3_alternating_n15.L5X,C:\l5x_scratch\acd\cptmix_scaling_t1t3_alternating_n15.ACD,ok,adopted-existing,D0AA2558F1548FE03ECCDA67823FCBA0882955361FD0A4919F0D04CF30F62A47
samples\generated\logic\cptmix_scaling_t2t3_alternating_n03.L5X,C:\l5x_scratch\acd\cptmix_scaling_t2t3_alternating_n03.ACD,ok,adopted-existing,5DF9F00E8493707CC9D312F202EDF64BCF07D42BB33009CD7623DE88B5A51983
samples\generated\logic\cptmix_scaling_t2t3_alternating_n05.L5X,C:\l5x_scratch\acd\cptmix_scaling_t2t3_alternating_n05.ACD,ok,adopted-existing,56591550B03F645689B46E5960AB44371B1173DD426991B7F632DF6FBFDC267C
samples\generated\logic\cptmix_scaling_t2t3_alternating_n08.L5X,C:\l5x_scratch\acd\cptmix_scaling_t2t3_alternating_n08.ACD,ok,adopted-existing,8BDD4DD224D11BAE1B03537EFF4E6D10894E3E869CF1D7407FD02CCFA5009BAB
samples\generated\logic\cptmix_scaling_t2t3_alternating_n11.L5X,C:\l5x_scratch\acd\cptmix_scaling_t2t3_alternating_n11.ACD,ok,adopted-existing,7BBBA47D59A8361B88994377914F8DF6871F9E9AFB5EFC6F284A52AD2E95AFE7
samples\generated\logic\cptmix_scaling_t2t3_alternating_n15.L5X,C:\l5x_scratch\acd\cptmix_scaling_t2t3_alternating_n15.ACD,ok,adopted-existing,F00DAE8AFDE80678C49819635992C185AC508B1A747F5A6AE77689CD58522964
samples\generated\logic\cptmix_stacked_alldint_noliteral.L5X,C:\l5x_scratch\acd\cptmix_stacked_alldint_noliteral.ACD,ok,adopted-existing,9E2E8A736CCA4B24E7E14BC40DB5FA1CC9431DBA8F789378D928CFD07CB9C394
samples\generated\logic\cptmix_stacked_dint_floatliteral.L5X,C:\l5x_scratch\acd\cptmix_stacked_dint_floatliteral.ACD,ok,adopted-existing,15EA640ED326C522094376A0779AB56E44CE7D9B87B4FB15C5FDDDA912F4B57A
samples\generated\logic\cptmix_stacked_dint_intliteral.L5X,C:\l5x_scratch\acd\cptmix_stacked_dint_intliteral.ACD,ok,adopted-existing,835A9DBB8D4F241E5430E651A8851291FF8F7D1FF7058EBA9328F911488B13F9
samples\generated\logic\cptmix_stacked_mixed_dint_real_noliteral.L5X,C:\l5x_scratch\acd\cptmix_stacked_mixed_dint_real_noliteral.ACD,ok,adopted-existing,A99AE0A9E949E4E72635BBBBF5D7824CCB68A55E212022C41575529D5B8C7EB8
samples\generated\logic\cptmix_stacked_original_shape.L5X,C:\l5x_scratch\acd\cptmix_stacked_original_shape.ACD,ok,adopted-existing,FE7EDB225573FB5B4DBC7ADCBB458BFD20D24EDE7DF9A7DCCB367F9C7EEB07C2
samples\generated\logic\cptmix_threetier_n03.L5X,C:\l5x_scratch\acd\cptmix_threetier_n03.ACD,ok,adopted-existing,C19BBD57A4E080762F07D2543689E5D442274E5BCCD0EEA8F791E88ED8508D94
samples\generated\logic\cptmix_threetier_n05.L5X,C:\l5x_scratch\acd\cptmix_threetier_n05.ACD,ok,adopted-existing,E4E54BCD12C3DBFAAA397291001D8C7A95D1C32F7E7924899422FE95C45D45E6
samples\generated\logic\cptmix_threetier_n08.L5X,C:\l5x_scratch\acd\cptmix_threetier_n08.ACD,ok,adopted-existing,70BB12B07F97B640E2A457AC9E2075DA0A51EEFD4B07DCE9A2C5A17E8AFC0BBE
samples\generated\logic\cptmix_threetier_n10.L5X,C:\l5x_scratch\acd\cptmix_threetier_n10.ACD,ok,adopted-existing,DD42E82FFF8038C4BF9612F12B90391EE69828B580EA82144D1955BAA9D395CC
samples\generated\logic\cptmix_threetier_n11.L5X,C:\l5x_scratch\acd\cptmix_threetier_n11.ACD,ok,adopted-existing,BA24EA565FA49ED212DC4ABCAE398705D3B451988E8D1B596592658BBCC941DB
samples\generated\logic\cptmix_threetier_n15.L5X,C:\l5x_scratch\acd\cptmix_threetier_n15.ACD,ok,adopted-existing,E3E1850D1C1BDC365D43F536558FE65C87EE4B3D195EBAE0AE6F1C1FC053DB15
samples\generated\logic\cptmix_threetier_rem2_n06.L5X,C:\l5x_scratch\acd\cptmix_threetier_rem2_n06.ACD,ok,adopted-existing,FCDA8F510491091C851A09AC5234DB172266031F919B6D8A46519D262A0C52FF
samples\generated\logic\cptmix_threetier_rem2_n09.L5X,C:\l5x_scratch\acd\cptmix_threetier_rem2_n09.ACD,ok,adopted-existing,B7A38BB7DF48895ACB0DB7AF466AD42E0DF0A1822191F9AE9961A08AE8070994
samples\generated\logic\cptmix_threetier_rem2_n12.L5X,C:\l5x_scratch\acd\cptmix_threetier_rem2_n12.ACD,ok,adopted-existing,594390BC0DD10FF90D11B798E4818C3D8EB4B3CF09CB1CE862B16ECAC2E3D521
samples\generated\logic\cptnar_j3of4_n01000.L5X,C:\l5x_scratch\acd\cptnar_j3of4_n01000.ACD,ok,adopted-existing,9D7CB2A0CCF8EC931A711628F2DDE271E3F09573CF502E4CF3105E0B63EBE284
samples\generated\logic\cptnar_j3of6_n01000.L5X,C:\l5x_scratch\acd\cptnar_j3of6_n01000.ACD,ok,adopted-existing,E80C3DBD51AD6BD7A33924FF6074F252A32724CFAEC4702FDF45A50A69A37AC7
samples\generated\logic\cptnar_j5of6_n01000.L5X,C:\l5x_scratch\acd\cptnar_j5of6_n01000.ACD,ok,adopted-existing,B1235A3EDDB28D0F5CDC9AFA1BD11E3FD08CD1854F73986FEC20019B3449EA99
samples\generated\logic\cptpos_add_n09.L5X,C:\l5x_scratch\acd\cptpos_add_n09.ACD,ok,adopted-existing,3C80360588B64D224C92613877B467A55FD7318B291062212B460E358F033BD6
samples\generated\logic\cptpos_m1_n09.L5X,C:\l5x_scratch\acd\cptpos_m1_n09.ACD,ok,adopted-existing,1AB0B3E36F55D567CAB22489C1B104E8278078B0F0723228446F092687D6B4EF
samples\generated\logic\cptpos_m2_n09.L5X,C:\l5x_scratch\acd\cptpos_m2_n09.ACD,ok,adopted-existing,DFB360AFE147D4449638FFF8A03699786F93EFF3097F26265A92F34C824030ED
samples\generated\logic\cptpos_m3_n09.L5X,C:\l5x_scratch\acd\cptpos_m3_n09.ACD,ok,adopted-existing,950CA3DE2B83EF580E586C15547E9519DAC4C8C4B7297A5141EB995490C0DA46
samples\generated\logic\cptpos_m4_n09.L5X,C:\l5x_scratch\acd\cptpos_m4_n09.ACD,ok,adopted-existing,C6AEF92437A2E6FE036E3BA3BA159C2BB93A397E56A1FDCEBA398823B3B928FC
samples\generated\logic\cptpos_m5_n09.L5X,C:\l5x_scratch\acd\cptpos_m5_n09.ACD,ok,adopted-existing,7BAC24798A7FB3EBBB93F7CE9F2FCA650C95E739C47B28CBF6A969F9A6124CAD
samples\generated\logic\cptpos_m6_n09.L5X,C:\l5x_scratch\acd\cptpos_m6_n09.ACD,ok,adopted-existing,8C65834862C696404FE20E137AE51DCC13C9B495854857E5FFC650D2B7B27FB9
samples\generated\logic\cptpos_m7_n09.L5X,C:\l5x_scratch\acd\cptpos_m7_n09.ACD,ok,adopted-existing,DCE44F63804B513D4E7945B0F689180D01BDAA7B0797FAF3AB7E3BA839203049
samples\generated\logic\cptpos_m8_n09.L5X,C:\l5x_scratch\acd\cptpos_m8_n09.ACD,ok,adopted-existing,3276CC0DB7B5DC95BE20CF6B1679F5BAE25E996F2C3A7E3DAC7841BADFFB3F00
samples\generated\logic\cptpow_p1_n001.L5X,C:\l5x_scratch\acd\cptpow_p1_n001.ACD,ok,adopted-existing,9CD1D5E65B3CADF1C6F38E3C86C96463B6B4EB4CF8BD016C1AD9709831A2AA92
samples\generated\logic\cptpow_p1_n100.L5X,C:\l5x_scratch\acd\cptpow_p1_n100.ACD,ok,adopted-existing,36A5961FE2151C58C3F597D950B3F2A0E547DD5B1764F02C896683641B77B36B
samples\generated\logic\cptpow_p1_t1x1_n001.L5X,C:\l5x_scratch\acd\cptpow_p1_t1x1_n001.ACD,ok,adopted-existing,73D806FE46247D7F5BF15AB735D6EDD0EEB868A1F421DBE5684BACA579FB7C73
samples\generated\logic\cptpow_p1_t1x1_n100.L5X,C:\l5x_scratch\acd\cptpow_p1_t1x1_n100.ACD,ok,adopted-existing,25593CB7DAB43667F2F1A2883345518DF2E5C2AF6DC2FCD8805BD158615F58EB
samples\generated\logic\cptpow_p1_t2x1_n001.L5X,C:\l5x_scratch\acd\cptpow_p1_t2x1_n001.ACD,ok,adopted-existing,29BD3A520C49BD1FEE75D752A3A5AA0C9E06B226C638A3992DDEB6FC159E21A7
samples\generated\logic\cptpow_p1_t2x1_n100.L5X,C:\l5x_scratch\acd\cptpow_p1_t2x1_n100.ACD,ok,adopted-existing,280DDC4770915095E2C7149B80BABC2A39D4FE2360FB6FC1304BEA8599EE7B48
samples\generated\logic\cptpow_p2_adjacent_n001.L5X,C:\l5x_scratch\acd\cptpow_p2_adjacent_n001.ACD,ok,adopted-existing,7DC5AEC41CA043D40CC5DC186E59EF0B3DF576C1BBD9DE7F83E20CCE32C72F0A
samples\generated\logic\cptpow_p2_adjacent_n100.L5X,C:\l5x_scratch\acd\cptpow_p2_adjacent_n100.ACD,ok,adopted-existing,4C0756ADA918A31374DE3323AAAAE4F373D326543C5D3F3E0E13A839936346E1
samples\generated\logic\cptpow_p2_n001.L5X,C:\l5x_scratch\acd\cptpow_p2_n001.ACD,ok,adopted-existing,72CAC682BD8842D0A89DFC3B8BBA8DA0E375041C6482F78C5C58F8921A60DB3B
samples\generated\logic\cptpow_p2_n100.L5X,C:\l5x_scratch\acd\cptpow_p2_n100.ACD,ok,adopted-existing,DBAD3FB10C504BD6A46B8B945763117E36AD4DD432C75F16322B34AE19F0729C
samples\generated\logic\cptpow_p3_n001.L5X,C:\l5x_scratch\acd\cptpow_p3_n001.ACD,ok,adopted-existing,C189C483BED1F9FB1881783D2E259A3B4C280D8E26E61D6A07B9391BA0A95F78
samples\generated\logic\cptpow_p3_n100.L5X,C:\l5x_scratch\acd\cptpow_p3_n100.ACD,ok,adopted-existing,E9CA3C47515119CF17A4651408C79A200E7466481278471B5E7D44B79CAF305F
samples\generated\logic\cptrd_opcount_n03.L5X,C:\l5x_scratch\acd\cptrd_opcount_n03.ACD,ok,adopted-existing,9ABA426EAEC099A0BB8D4233CC48ECCA5049D7D34F9088FDD2E34056BC2A69B2
samples\generated\logic\cptrd_opcount_n04.L5X,C:\l5x_scratch\acd\cptrd_opcount_n04.ACD,ok,adopted-existing,F161CC2A3C6DB5EB4F3E767E687A20D79E3D15AE21D8C14273FABD1CCCEDB1AE
samples\generated\logic\cptrd_opcount_n06.L5X,C:\l5x_scratch\acd\cptrd_opcount_n06.ACD,ok,adopted-existing,03E313B2CC0187ADF95499F2771EEB12005BB8BB8BB7F8485B7F16B720F71059
samples\generated\logic\cptrd_opcount_n08.L5X,C:\l5x_scratch\acd\cptrd_opcount_n08.ACD,ok,adopted-existing,3800B0F06E3D4E13C36B7E31D0D0BAE6158A7D051B1A1B90FE3FD169FC708134
samples\generated\logic\cptrd_operand_bool.L5X,C:\l5x_scratch\acd\cptrd_operand_bool.ACD,ok,adopted-existing,42CCC9E28F79963A5960729BC1B45DAD7CF4BAF5B21C4C4B1B0288DDB9946CC7
samples\generated\logic\cptrd_operand_lint.L5X,C:\l5x_scratch\acd\cptrd_operand_lint.ACD,ok,adopted-existing,070B9BCDEBECF5A6C210EA9B319D68C8FDA103CACB43A691C570E901EB0C0FF4
samples\generated\logic\cptrd_operand_sint.L5X,C:\l5x_scratch\acd\cptrd_operand_sint.ACD,ok,adopted-existing,E9D2D873B3C798FC2F976FFB7E378C4E1EFB86DDF4BEF9D60AAF3FBFD18B5EB6
samples\generated\logic\cptrd_powmulti_n02.L5X,C:\l5x_scratch\acd\cptrd_powmulti_n02.ACD,ok,adopted-existing,39D5EF3671BE3839E54C1439C5F1605EF63836029568AC8D9A78C69B00850818
samples\generated\logic\cptrd_powmulti_n03.L5X,C:\l5x_scratch\acd\cptrd_powmulti_n03.ACD,ok,adopted-existing,E8601647E3257A4801A1C1CF1B470AAB32378CAA3BD4EA4806E7F65E7C49E207
samples\generated\logic\cptrd_powmulti_n05.L5X,C:\l5x_scratch\acd\cptrd_powmulti_n05.ACD,ok,adopted-existing,583E839DB79057965DBCA1A8687934A27E648E9CD579E67BB8AD6343D2CAE9F9
samples\generated\logic\cpttier_k3_nested_t1x1_t2x2_n001.L5X,C:\l5x_scratch\acd\cpttier_k3_nested_t1x1_t2x2_n001.ACD,ok,adopted-existing,0C1A7D5AE1A0AAC42466298D44C6CF6B10DBE108E95D8CA15F07549C2F529B89
samples\generated\logic\cpttier_k3_nested_t1x1_t2x2_n100.L5X,C:\l5x_scratch\acd\cpttier_k3_nested_t1x1_t2x2_n100.ACD,ok,adopted-existing,1A40F66497C687AC1BC82EEB94AA18D7BEFB99D192CC93358B6190AFA9710C80
samples\generated\logic\cpttier_k3_nested_t1x2_t2x1_n001.L5X,C:\l5x_scratch\acd\cpttier_k3_nested_t1x2_t2x1_n001.ACD,ok,adopted-existing,D682A27C4A4CD946E6C1C201B016CF8713A9ACBD8F393E377B8DDC4E4AC915EB
samples\generated\logic\cpttier_k3_nested_t1x2_t2x1_n100.L5X,C:\l5x_scratch\acd\cpttier_k3_nested_t1x2_t2x1_n100.ACD,ok,adopted-existing,30562E8391A59F78062CCEB68C7632A3C9C4D8DBBCC7A707194393682AA71BC1
samples\generated\logic\cpttier_k3_t1x1_t2x2_n001.L5X,C:\l5x_scratch\acd\cpttier_k3_t1x1_t2x2_n001.ACD,ok,adopted-existing,0498AB4E8F097BAD1CF7E12C45C35D2517C61CA1680B9C6B68AC043B3CE78717
samples\generated\logic\cpttier_k3_t1x1_t2x2_n100.L5X,C:\l5x_scratch\acd\cpttier_k3_t1x1_t2x2_n100.ACD,ok,adopted-existing,2A5D8ACD9F6DF1833D731285D9E05CE7E62DB27037711A10DB9303A8F6EF1750
samples\generated\logic\cpttier_k3_t1x2_t2x1_n001.L5X,C:\l5x_scratch\acd\cpttier_k3_t1x2_t2x1_n001.ACD,ok,adopted-existing,64041A60C2950EE794FEEFBFF69931AC037D32FED767482518CA2467C70D3FEB
samples\generated\logic\cpttier_k3_t1x2_t2x1_n100.L5X,C:\l5x_scratch\acd\cpttier_k3_t1x2_t2x1_n100.ACD,ok,adopted-existing,5E0B7800260928C313F4C275EB2FD47615BF8AB6D8F02DE31BA8493927DE3342
samples\generated\logic\cpttier_k3_t1x3_n001.L5X,C:\l5x_scratch\acd\cpttier_k3_t1x3_n001.ACD,ok,adopted-existing,F47F5F0C90BDEF0CA655D2382D033902F370B61E95B242A269337C72034E6A07
samples\generated\logic\cpttier_k3_t1x3_n100.L5X,C:\l5x_scratch\acd\cpttier_k3_t1x3_n100.ACD,ok,adopted-existing,7C9C95655779BD903267A0AF11CB573A20B172D4660769112B4DAA2EE5AC4D50
samples\generated\logic\cpttier_k3_t2x3_n001.L5X,C:\l5x_scratch\acd\cpttier_k3_t2x3_n001.ACD,ok,adopted-existing,42021804B55E29311796800CE6FCCDCEF6CBA95463AE234EB190CE17C57CDA79
samples\generated\logic\cpttier_k3_t2x3_n100.L5X,C:\l5x_scratch\acd\cpttier_k3_t2x3_n100.ACD,ok,adopted-existing,71DC6ED3FD1B27BE1CF55AEC3F26E4E45353F1E0F5D62E9A3751F7B60626E196
samples\generated\logic\cpttier_k4_t1x1_t2x3_n001.L5X,C:\l5x_scratch\acd\cpttier_k4_t1x1_t2x3_n001.ACD,ok,adopted-existing,1F0492C7A2E61F4201717E5DB93169E980034C0B642FF68472B4BEC9CCC4C840
samples\generated\logic\cpttier_k4_t1x1_t2x3_n100.L5X,C:\l5x_scratch\acd\cpttier_k4_t1x1_t2x3_n100.ACD,ok,adopted-existing,73B604AAB3DE298D5F2D481F5D1C6C5DC34A6C8995B60D27C2133397250FC02C
samples\generated\logic\cpttier_k4_t1x2_t2x2_n001.L5X,C:\l5x_scratch\acd\cpttier_k4_t1x2_t2x2_n001.ACD,ok,adopted-existing,562690AD239123DE0B7BC3E31B6668BFDACCB95841C152BAEF5B52F2E5946DD1
samples\generated\logic\cpttier_k4_t1x2_t2x2_n100.L5X,C:\l5x_scratch\acd\cpttier_k4_t1x2_t2x2_n100.ACD,ok,adopted-existing,598490E63335F22FEAF61BAADE44DF95E7ABE7272CED7D1CC1D88C2364A47516
samples\generated\logic\cpttier_k4_t1x3_t2x1_n001.L5X,C:\l5x_scratch\acd\cpttier_k4_t1x3_t2x1_n001.ACD,ok,adopted-existing,2D9088348B190DD76E9ADB31FFFA4317E2F71134D67DFB63E685AF86DF0DDC40
samples\generated\logic\cpttier_k4_t1x3_t2x1_n100.L5X,C:\l5x_scratch\acd\cpttier_k4_t1x3_t2x1_n100.ACD,ok,adopted-existing,BB484004CC5A0206A3C81BD2ED4B719EC03F6F95E6B86CC293DABDA96559E3B7
samples\generated\logic\cpttier_k4_t1x4_n001.L5X,C:\l5x_scratch\acd\cpttier_k4_t1x4_n001.ACD,ok,adopted-existing,3181940B9575F929C143C7712E05E411D2849EDAE36E4E6DF02BCBAEFBC4CC37
samples\generated\logic\cpttier_k4_t1x4_n100.L5X,C:\l5x_scratch\acd\cpttier_k4_t1x4_n100.ACD,ok,adopted-existing,02570399D41041A5AB3752968C33B1FF1A03D2DE1A29F7DB544A47696AB0F703
samples\generated\logic\cpttier_k4_t2x4_n001.L5X,C:\l5x_scratch\acd\cpttier_k4_t2x4_n001.ACD,ok,adopted-existing,427DD86816CC0696284B39F5A81BBEC0B2E0B72786A39068A7D15FD54246E252
samples\generated\logic\cpttier_k4_t2x4_n100.L5X,C:\l5x_scratch\acd\cpttier_k4_t2x4_n100.ACD,ok,adopted-existing,23199BE194159AF0F234FF5707A92D15FA574ACE76F7CF05B2D7DCB4D551FFA2
samples\generated\logic\cpttri_k3_t211_n01000.L5X,C:\l5x_scratch\acd\cpttri_k3_t211_n01000.ACD,ok,adopted-existing,65BAF1A2E74430F15E19BDBBEA8B1572086EE139FB70A98F4AB1DBBD79961D99
samples\generated\logic\cpttri_k3_t212_n01000.L5X,C:\l5x_scratch\acd\cpttri_k3_t212_n01000.ACD,ok,adopted-existing,3F0248760BE5A9C93C3A2124F12A8A0727CAFC54B28287A92AD56B1797ED672C
samples\generated\logic\cpttri_k3_t221_n01000.L5X,C:\l5x_scratch\acd\cpttri_k3_t221_n01000.ACD,ok,adopted-existing,5EC66BA839A921E390F7D68CED24149208B1381A1EE4840CF7B3293990889384
samples\generated\logic\cpttri_pow_p3_adjacent_n01000.L5X,C:\l5x_scratch\acd\cpttri_pow_p3_adjacent_n01000.ACD,ok,adopted-existing,4A3B430AF0FDFDE8E5464B71224FCF73FAA4B712536D0276FC80AA68F60D7056
samples\generated\logic\emptyroutine_n01.L5X,C:\l5x_scratch\acd\emptyroutine_n01.ACD,ok,adopted-existing,96D0E28A884C440CF97B51186A38DE6BAE214ED2598065C60DF466B1523003B6
samples\generated\logic\emptyroutine_n02.L5X,C:\l5x_scratch\acd\emptyroutine_n02.ACD,ok,adopted-existing,8AC4C0AD25195F787DDA86663EA6B02F7D1522FD3B625D136E60FBB3C573B18E
samples\generated\logic\emptyroutine_n03.L5X,C:\l5x_scratch\acd\emptyroutine_n03.ACD,ok,adopted-existing,9D3F7940A35C458BA06565941C8267E56A5D336BF3DFB79912A433BAF3270105
samples\generated\logic\emptyrungs_n00010.L5X,C:\l5x_scratch\acd\emptyrungs_n00010.ACD,ok,adopted-existing,401A9722FFB2697B72B3A348FF30B1CCC0B0860CB773B3F1567C504A049067E2
samples\generated\logic\emptyrungs_n00100.L5X,C:\l5x_scratch\acd\emptyrungs_n00100.ACD,ok,adopted-existing,1DF043F5EC3EB7E3DD167EC6D52D19E818739EFE7723AF15ABDEEFFF6912AE6A
samples\generated\logic\emptyrungs_n01000.L5X,C:\l5x_scratch\acd\emptyrungs_n01000.ACD,ok,adopted-existing,39AC72E702253216274C4169D408F3655BF6CBB437A3E188187B05CF15EF7CA9
samples\generated\logic\eventtask_axiswatch.L5X,C:\l5x_scratch\acd\eventtask_axiswatch.ACD,ok,adopted-existing,A9888D4F04A7710188DAA6945DF2507ED39FA081A4075EEF31F6F0D5FAF394D0
samples\generated\logic\eventtask_axiswatch_r2.L5X,C:\l5x_scratch\acd\eventtask_axiswatch_r2.ACD,ok,adopted-existing,D76D3D8E3700DD89FDA9DAE94ED6B2DE954227C8611EDAA872EF84E2064906A9
samples\generated\logic\eventtask_instronly.L5X,C:\l5x_scratch\acd\eventtask_instronly.ACD,ok,adopted-existing,E147ECC6135F82F861B80D3D0C4B0470F6B0860DBEFDC4457C2D3CD9DFB8898A
samples\generated\logic\forloop_ctl_r001.L5X,C:\l5x_scratch\acd\forloop_ctl_r001.ACD,ok,adopted-existing,61CD93D95E47D5B2E590179DD21752E859C1C7C76E39604537DFC03B0F10D40E
samples\generated\logic\forloop_ctl_r005.L5X,C:\l5x_scratch\acd\forloop_ctl_r005.ACD,ok,adopted-existing,63C86350655030F5A1BDC352A046F1B749257298AA65A64CA8956741584F4D93
samples\generated\logic\forloop_ctl_r025.L5X,C:\l5x_scratch\acd\forloop_ctl_r025.ACD,ok,adopted-existing,4576DC37153A915094FCF715B6E355B82B931BB4BD410951D19041EF54E647FD
samples\generated\logic\forloop_ctl_r100.L5X,C:\l5x_scratch\acd\forloop_ctl_r100.ACD,ok,adopted-existing,EDD6E93B88FD1940B2075079CB6F6225F7A0B34A44F4176DDF18600C728BE4D1
samples\generated\logic\forloop_for_r001.L5X,C:\l5x_scratch\acd\forloop_for_r001.ACD,ok,adopted-existing,46D45124FF33567D19C7BC75FDDD01B87CDC16DAC9DB2A64E69E2F937EE3DC77
samples\generated\logic\forloop_for_r005.L5X,C:\l5x_scratch\acd\forloop_for_r005.ACD,ok,adopted-existing,B8CA04ACA77CD38DF94C42FF09D85720FBAF6DA28458E61EEBEE26C433651441
samples\generated\logic\forloop_for_r025.L5X,C:\l5x_scratch\acd\forloop_for_r025.ACD,ok,adopted-existing,FEAE0A2180BC609202529A576FF50BD0B674A174204CEDA11420F5998A0EB3FE
samples\generated\logic\forloop_for_r100.L5X,C:\l5x_scratch\acd\forloop_for_r100.ACD,ok,adopted-existing,457456FA57A648F6E61400FDD2F10FE6567016E612F14E9157FD523FB478B3B8
samples\generated\logic\identnamelen_prog_c01.L5X,C:\l5x_scratch\acd\identnamelen_prog_c01.ACD,ok,adopted-existing,3CFACE75D12506887BC58681B87323576B44724D2E309B464B8805C78AACC7CF
samples\generated\logic\identnamelen_prog_c02.L5X,C:\l5x_scratch\acd\identnamelen_prog_c02.ACD,ok,adopted-existing,6DABF8C9E514491F139BF6C44E8663667F5CBBB18EB24F6A99E8873EF943EB8D
samples\generated\logic\identnamelen_prog_c03.L5X,C:\l5x_scratch\acd\identnamelen_prog_c03.ACD,ok,adopted-existing,1C041191652AA41291647F568087E87C1561B46AB4BD38CC1B12730AD767B34C
samples\generated\logic\identnamelen_prog_c04.L5X,C:\l5x_scratch\acd\identnamelen_prog_c04.ACD,ok,adopted-existing,511F37B2AAFA0141FE3D37B279AAFB58463670A57A27A1BD9A25C7A17A922778
samples\generated\logic\identnamelen_prog_c05.L5X,C:\l5x_scratch\acd\identnamelen_prog_c05.ACD,ok,adopted-existing,522B1D18F5939669200A835C9FB4C81D332443C7E8A72DA700A847B0C883C1FA
samples\generated\logic\identnamelen_prog_c06.L5X,C:\l5x_scratch\acd\identnamelen_prog_c06.ACD,ok,adopted-existing,F01B21DCF31B6F1358AA27D0F89FB5BC11E0993179721B0562E681A66FB5CD91
samples\generated\logic\identnamelen_prog_c07.L5X,C:\l5x_scratch\acd\identnamelen_prog_c07.ACD,ok,adopted-existing,EC618676391B85FB298366C51A6900AB672C4E4B466EB863E1C61D03B981E4F1
samples\generated\logic\identnamelen_prog_c08.L5X,C:\l5x_scratch\acd\identnamelen_prog_c08.ACD,ok,adopted-existing,E13BE3C1731E041BC435795F9E313C668D0BC21A6215EB2685DEF5A0C3BC8D99
samples\generated\logic\identnamelen_prog_c09.L5X,C:\l5x_scratch\acd\identnamelen_prog_c09.ACD,ok,adopted-existing,0B4F85ED64C8647CF2DE9012A78796DAE516E048FB30627FA42B3ABF77DF87E0
samples\generated\logic\identnamelen_prog_c10.L5X,C:\l5x_scratch\acd\identnamelen_prog_c10.ACD,ok,adopted-existing,255EFE073DF286152F180EB9CC4E4265EC82A8C546368C09DF23671918FD8056
samples\generated\logic\identnamelen_prog_c11.L5X,C:\l5x_scratch\acd\identnamelen_prog_c11.ACD,ok,adopted-existing,219014BA9C38E8D4D8F79B81FBDC3475E93FE3E4B3D311C2BF50F56A964D1550
samples\generated\logic\identnamelen_prog_c12.L5X,C:\l5x_scratch\acd\identnamelen_prog_c12.ACD,ok,adopted-existing,E2B38A33B229520327663D0609A58516B924DEF9B651AE3F42E159679A330E11
samples\generated\logic\identnamelen_rtn_c01.L5X,C:\l5x_scratch\acd\identnamelen_rtn_c01.ACD,ok,adopted-existing,6C9D0C7DF515BBAD778A8951BEEC5C3A5A74AB420150211483DA639C98B027C0
samples\generated\logic\identnamelen_rtn_c04.L5X,C:\l5x_scratch\acd\identnamelen_rtn_c04.ACD,ok,adopted-existing,32C496BD28AC069149F4274B7548AD522EB89372214BE6EFD701613431400D07
samples\generated\logic\identnamelen_rtn_c08.L5X,C:\l5x_scratch\acd\identnamelen_rtn_c08.ACD,ok,adopted-existing,F7F76B3668CC253C91E2FBF9D9FFD939B22FC77711B140E8C22EA78911BA20AC
samples\generated\logic\identnamelen_rtn_c12.L5X,C:\l5x_scratch\acd\identnamelen_rtn_c12.ACD,ok,adopted-existing,013CAA18590796FC335DB4A235A4655FE43F9C890BDA615134590411468D1565
samples\generated\logic\identnamelen_rtn_c16.L5X,C:\l5x_scratch\acd\identnamelen_rtn_c16.ACD,ok,adopted-existing,D69B59D4CC1EC011966695A83036BA8CC1255D29C2D92B7AA593EE00F040D9C2
samples\generated\logic\identnamelen_rtn_c32.L5X,C:\l5x_scratch\acd\identnamelen_rtn_c32.ACD,ok,adopted-existing,FC75571074471FC7CD7EB1A7970A1C5DFD280B87B0E7A74FF11D214C857C1ADF
samples\generated\logic\identnamelen_rtn_c40.L5X,C:\l5x_scratch\acd\identnamelen_rtn_c40.ACD,ok,adopted-existing,D16AF5A9012422584523EB540014161018D5F370A8186B63CE52EE9FC96016B8
samples\generated\logic\identnamelen_task_c04.L5X,C:\l5x_scratch\acd\identnamelen_task_c04.ACD,ok,adopted-existing,1AA40D952843A675CE25BB652AC24FC9AE6DBD3B21C8E2BC6FA0A59BB0EA6209
samples\generated\logic\identnamelen_task_c08.L5X,C:\l5x_scratch\acd\identnamelen_task_c08.ACD,ok,adopted-existing,E4B79D4F78D69089EF0FE95A5134605EAE2AD2AF43E378A420D68FE2689AFCF0
samples\generated\logic\identnamelen_task_c16.L5X,C:\l5x_scratch\acd\identnamelen_task_c16.ACD,ok,adopted-existing,1945D362B112ADB9C64D735C69E89D78E8D104D8C99CA0B0927ADF019ACC3A7B
samples\generated\logic\identnamelen_task_c32.L5X,C:\l5x_scratch\acd\identnamelen_task_c32.ACD,ok,adopted-existing,F4818720A55CF7AE9CFB1922A724F5AEA023DF91319E50B7AF56C91DF0001E1C
samples\generated\logic\identnamelen_task_c40.L5X,C:\l5x_scratch\acd\identnamelen_task_c40.ACD,ok,adopted-existing,8D9DBF5C059C9EC6A31613B2226ED7EAE841E85AC72AC2B65D139CD9E81A3F90
samples\generated\logic\indirect_direct_index_n01000.L5X,C:\l5x_scratch\acd\indirect_direct_index_n01000.ACD,ok,adopted-existing,0ECCF00F87EBC3181C4DA6A6415ECC08147D45664A9878C2C4DFD0BF505AF5E1
samples\generated\logic\indirect_tag_index_n00010.L5X,C:\l5x_scratch\acd\indirect_tag_index_n00010.ACD,ok,adopted-existing,28571D465CBC2F2405AC04D66194CFF1A31EB258251B29EA68D47C27E85E669E
samples\generated\logic\indirect_tag_index_n00050.L5X,C:\l5x_scratch\acd\indirect_tag_index_n00050.ACD,ok,adopted-existing,7DEFD9F64E159F5A2A55787DA32D9681AC182691D2D79EE3306B4428FADB6573
samples\generated\logic\indirect_tag_index_n00100.L5X,C:\l5x_scratch\acd\indirect_tag_index_n00100.ACD,ok,adopted-existing,D3BEC083DCB6B38412436DC6862F188EB8CD389C6BB8EB113F841AF07BEF157C
samples\generated\logic\indirect_tag_index_n01000.L5X,C:\l5x_scratch\acd\indirect_tag_index_n01000.ACD,ok,adopted-existing,C4C7786E26FF55ACF648A669801B15CB533E245F9D664B179D11A24FE0EFDA59
samples\generated\logic\indirect_tag_offset_index_n00010.L5X,C:\l5x_scratch\acd\indirect_tag_offset_index_n00010.ACD,ok,adopted-existing,62039A822E96F9F52B49D5D272778BA064363B48F348D789790099E286CF41C6
samples\generated\logic\indirect_tag_offset_index_n00050.L5X,C:\l5x_scratch\acd\indirect_tag_offset_index_n00050.ACD,ok,adopted-existing,DFB6D72539200F649B8DE4EC86DFC4B1F844518E071F743CA6383D53D18DE6EC
samples\generated\logic\indirect_tag_offset_index_n00100.L5X,C:\l5x_scratch\acd\indirect_tag_offset_index_n00100.ACD,ok,adopted-existing,F8EF55FF174899413933E06E398878982816C29B05F120538BD0E4FF3EA25949
samples\generated\logic\indirect_tag_offset_index_n01000.L5X,C:\l5x_scratch\acd\indirect_tag_offset_index_n01000.ACD,ok,adopted-existing,EAF430E063407ACCBDEEF31E91E46073613C6DE89479D3F7C41126DFC2914EFC
samples\generated\logic\instrfirst_atn.L5X,C:\l5x_scratch\acd\instrfirst_atn.ACD,ok,adopted-existing,E150DE9DD7E6689C27094E7EDC96DCC6B4C710406D315BEF9ACDBB2D5CC8E520
samples\generated\logic\instrfirst_atn_x10.L5X,C:\l5x_scratch\acd\instrfirst_atn_x10.ACD,ok,adopted-existing,CB1BE738629C57A8EF016E58FE7AB6528F8EEADA906CCE9A640662ECA11A9320
samples\generated\logic\instrfirst_ave.L5X,C:\l5x_scratch\acd\instrfirst_ave.ACD,ok,adopted-existing,EF4E42AB6AD62615023B9FB4FD45CE4FB4664760E478C4A635A875D264125530
samples\generated\logic\instrfirst_ave_x10.L5X,C:\l5x_scratch\acd\instrfirst_ave_x10.ACD,ok,adopted-existing,680CA66F917867E6DE846D0C21A57085AD5884FEC638C4986DD1F1AA45040828
samples\generated\logic\instrfirst_bsl.L5X,C:\l5x_scratch\acd\instrfirst_bsl.ACD,ok,adopted-existing,AD1FBDCAFB0D2BBC8967CC41B81E9B4270EC9805EC8ED98731A3F67E129A7FF1
samples\generated\logic\instrfirst_bsl_x10.L5X,C:\l5x_scratch\acd\instrfirst_bsl_x10.ACD,ok,adopted-existing,E228A0867FC3F78BA43D9763E2E62E9259DAF895F6EE04B61477C33E500C3E12
samples\generated\logic\instrfirst_bsr.L5X,C:\l5x_scratch\acd\instrfirst_bsr.ACD,ok,adopted-existing,EF7D9E81040C26E68DA2E42D3B1CF19466AA0A8D6E4C1BFAA7A4089D1CBF94D8
samples\generated\logic\instrfirst_bsr_x10.L5X,C:\l5x_scratch\acd\instrfirst_bsr_x10.ACD,ok,adopted-existing,B33A1A9DF444A48B271E7486ECD6E7A1F3B9BD99137005165A4EC479885677E6
samples\generated\logic\instrfirst_crout.L5X,C:\l5x_scratch\acd\instrfirst_crout.ACD,ok,adopted-existing,58F7F57D4D3A8C80A49F71E43C3718F6EF88152E49B7C997FF0C238EC74A0C9A
samples\generated\logic\instrfirst_crout_x10.L5X,C:\l5x_scratch\acd\instrfirst_crout_x10.ACD,ok,adopted-existing,89F64FC921D589ED85C1699D7D56822F508868365E98F3268EA3A874602CB37B
samples\generated\logic\instrfirst_deg.L5X,C:\l5x_scratch\acd\instrfirst_deg.ACD,ok,adopted-existing,84EB5A7E97FA4DE23C917C550535A5F32259DDA9BE7FBE3D40B98D892531CCCC
samples\generated\logic\instrfirst_deg_x10.L5X,C:\l5x_scratch\acd\instrfirst_deg_x10.ACD,ok,adopted-existing,DC1D57D0CC2E2668F8CAC1CC3E041C0C5CB02680EF2F1CFE45F7E71156BBAEA2
samples\generated\logic\instrfirst_fal.L5X,C:\l5x_scratch\acd\instrfirst_fal.ACD,ok,adopted-existing,7196DC587628C42411C5CE6DE6BE3BBB06AA215903B4188AED5798E30C6A99D2
samples\generated\logic\instrfirst_fal_x10.L5X,C:\l5x_scratch\acd\instrfirst_fal_x10.ACD,ok,adopted-existing,D3C03018884B359A82A67800182850B2FC34C3078433D6F2B59EF6F18B39B9B1
samples\generated\logic\instrfirst_ffl.L5X,C:\l5x_scratch\acd\instrfirst_ffl.ACD,ok,adopted-existing,2B9B601C53295D13F3B5AFA11E6BF323C7FA7B21DC731559EA6EC3A6C87A17E2
samples\generated\logic\instrfirst_ffl_x10.L5X,C:\l5x_scratch\acd\instrfirst_ffl_x10.ACD,ok,adopted-existing,EC924966E23CA454BEE49B48611DFFF8D060641A015B8B2CBB246C716292A518
samples\generated\logic\instrfirst_ffu.L5X,C:\l5x_scratch\acd\instrfirst_ffu.ACD,ok,adopted-existing,D02689D53252F9A871409438D63BCDBA5B9EE983B941AAD19126E0736DA05A23
samples\generated\logic\instrfirst_ffu_x10.L5X,C:\l5x_scratch\acd\instrfirst_ffu_x10.ACD,ok,adopted-existing,DF12876897D94324A69F71F02F75F31A2BC24D5957345F3D4953C05B4499EC22
samples\generated\logic\instrfirst_find.L5X,C:\l5x_scratch\acd\instrfirst_find.ACD,ok,adopted-existing,90044A711828838894CC9FE1B01B191E47FFBFAB01E483183CCA2C307FA3DBDE
samples\generated\logic\instrfirst_find_x10.L5X,C:\l5x_scratch\acd\instrfirst_find_x10.ACD,ok,adopted-existing,6FEA25C1E1A53D4B68345A790A58A3A8BDDA8787BABA4E30570F1EF9C9BA1297
samples\generated\logic\instrfirst_fsc.L5X,C:\l5x_scratch\acd\instrfirst_fsc.ACD,ok,adopted-existing,ACC7A633B6BCCAA8B39C1BB3B21DBD285FEB9598530C6273C9D53866F14A2164
samples\generated\logic\instrfirst_fsc_x10.L5X,C:\l5x_scratch\acd\instrfirst_fsc_x10.ACD,ok,adopted-existing,C42BD0CBF46AD5208141C411D60EA25C74E963D561DC855A24CF77BF722179AA
samples\generated\logic\instrfirst_insert.L5X,C:\l5x_scratch\acd\instrfirst_insert.ACD,ok,adopted-existing,87EB13FC3B18C6A63CE95141F701F40E354C102C47EFEA3FB4E7D52701197EA9
samples\generated\logic\instrfirst_insert_x10.L5X,C:\l5x_scratch\acd\instrfirst_insert_x10.ACD,ok,adopted-existing,7BB78A7A3A4268DB7CA0A739E36736BA7DB82EB63E2FA6443FAF0CCEB34798A3
samples\generated\logic\instrfirst_mafr.L5X,C:\l5x_scratch\acd\instrfirst_mafr.ACD,ok,adopted-existing,8B9DEAD9678189B398086E86AB69B87336B5D8F1D6BDD30045EF5DB5AC0D9EC3
samples\generated\logic\instrfirst_mafr_x10.L5X,C:\l5x_scratch\acd\instrfirst_mafr_x10.ACD,ok,adopted-existing,6121CA935868C18CBE280731870DCC16E663CEB2F8E0E0B06D44BE0D20A1A6D5
samples\generated\logic\instrfirst_mapc.L5X,C:\l5x_scratch\acd\instrfirst_mapc.ACD,ok,adopted-existing,4E91259701905EA3FA34F1FEF5A927E4BB714F78DE03E209D610B75946A4DD2C
samples\generated\logic\instrfirst_mapc_v2.L5X,C:\l5x_scratch\acd\instrfirst_mapc_v2.ACD,ok,adopted-existing,C51249D562210AF6B4DA1749E97083B69FB3E63533D58F855179FA4250C61C31
samples\generated\logic\instrfirst_mapc_v2_x10.L5X,C:\l5x_scratch\acd\instrfirst_mapc_v2_x10.ACD,ok,adopted-existing,488FE1999E8E863FE5ED5A139A952241B580627D78FBE0526BBCD8A236B01843
samples\generated\logic\instrfirst_mapc_v2_x100.L5X,C:\l5x_scratch\acd\instrfirst_mapc_v2_x100.ACD,ok,adopted-existing,3A185F68171DAE622A72C1233C636FD9C448204C1F1DC848D12F7B6381408A9E
samples\generated\logic\instrfirst_mapc_x10.L5X,C:\l5x_scratch\acd\instrfirst_mapc_x10.ACD,ok,adopted-existing,3E4F2DA43A84DE72E0BFC63E5C2E33058225A190F1927FF620AAACEAF4149BCF
samples\generated\logic\instrfirst_masd.L5X,C:\l5x_scratch\acd\instrfirst_masd.ACD,ok,adopted-existing,F6FB637CF3BD967AFBA4D9F08E6AB70FD39ECAAA2B3173663B276597572E45DA
samples\generated\logic\instrfirst_masd_x10.L5X,C:\l5x_scratch\acd\instrfirst_masd_x10.ACD,ok,adopted-existing,5B315AB5042C631D958454A6839DFF4138EE0EA956FCEDD86E337323889C79D8
samples\generated\logic\instrfirst_masr.L5X,C:\l5x_scratch\acd\instrfirst_masr.ACD,ok,adopted-existing,EE9A02ACA89F5CEE0F01C0EFDEDA6C250178721E70FBCFB37417FBA6A609EBC9
samples\generated\logic\instrfirst_masr_x10.L5X,C:\l5x_scratch\acd\instrfirst_masr_x10.ACD,ok,adopted-existing,D03BE5A0CA05EE8AC18BF47B03ADA7982C60B5AF61C6EB39DED7CDDBD3505A00
samples\generated\logic\instrfirst_mccp.L5X,C:\l5x_scratch\acd\instrfirst_mccp.ACD,ok,adopted-existing,F11225872A376E17CEBB7844846D41FCDE352B2CD28A1D8EDF04665FA079587B
samples\generated\logic\instrfirst_mccp_x10.L5X,C:\l5x_scratch\acd\instrfirst_mccp_x10.ACD,ok,adopted-existing,37AA4E3AA2FC238489B70F7F9CC1BD49F5EDCDF75B9F8713A7AF67499F85D5DC
samples\generated\logic\instrfirst_mcr.L5X,C:\l5x_scratch\acd\instrfirst_mcr.ACD,ok,adopted-existing,AE2109EB42D82045006A1FEC164CD4DB7A4689D6CF57E37E0A17171B157C3D3A
samples\generated\logic\instrfirst_mcr_x10.L5X,C:\l5x_scratch\acd\instrfirst_mcr_x10.ACD,ok,adopted-existing,73E6DC895DA8CBC6911512C5195FD1BC0EAB39AF842ECF886DFC17E33F92E02F
samples\generated\logic\instrfirst_mdw.L5X,C:\l5x_scratch\acd\instrfirst_mdw.ACD,ok,adopted-existing,605F8ED7FF48F71414E9F5B3C5525AA3CC4C9DD38CD51710E84578EFF2203A50
samples\generated\logic\instrfirst_mdw_x10.L5X,C:\l5x_scratch\acd\instrfirst_mdw_x10.ACD,ok,adopted-existing,AFF7E9AC78CFEACD90EEB2ED39FCD4D5E8E86958DB93E05B8DC00D984E5AD656
samples\generated\logic\instrfirst_mgsd.L5X,C:\l5x_scratch\acd\instrfirst_mgsd.ACD,ok,adopted-existing,8732BEC77DC6E6DE0E4C54E42B3430825B5269D364690CE60EBFC5E1216EA2BC
samples\generated\logic\instrfirst_mgsd_x10.L5X,C:\l5x_scratch\acd\instrfirst_mgsd_x10.ACD,ok,adopted-existing,18D0295501B977A9934CB1B6A42D9A238F026DAE3CB386E1D45CFECEB0A143DC
samples\generated\logic\instrfirst_mgsr.L5X,C:\l5x_scratch\acd\instrfirst_mgsr.ACD,ok,adopted-existing,095BD6ADEABF72D7643752CF0CAF208E93FA571FE42AA6B35446401EC41F5C37
samples\generated\logic\instrfirst_mgsr_x10.L5X,C:\l5x_scratch\acd\instrfirst_mgsr_x10.ACD,ok,adopted-existing,088EE6200EA83AFAACD8C1D50829F9BBD2B735AF45CF53538D700A570E017A26
samples\generated\logic\instrfirst_msg.L5X,C:\l5x_scratch\acd\instrfirst_msg.ACD,ok,adopted-existing,2F584863BD94CB4973859D48DFDD3104206D1A824A3E333F1CC8208BD14E7ACE
samples\generated\logic\instrfirst_msg_x10.L5X,C:\l5x_scratch\acd\instrfirst_msg_x10.ACD,ok,adopted-existing,85C04AF48C1AC595BDC027475CA0717DA44256F9247E91D0460D1485382B6107
samples\generated\logic\instrfirst_neg.L5X,C:\l5x_scratch\acd\instrfirst_neg.ACD,ok,adopted-existing,E75F65D9D8A8A57A7528AB7CDC9229F49DCA2819EEEEC93686DB534FA75D0F46
samples\generated\logic\instrfirst_neg_x10.L5X,C:\l5x_scratch\acd\instrfirst_neg_x10.ACD,ok,adopted-existing,609B0F7ECF95058C2F6DC89191F55C0D6EC14AB8DA2F30D46C57442153254AD8
samples\generated\logic\instrfirst_not.L5X,C:\l5x_scratch\acd\instrfirst_not.ACD,ok,adopted-existing,B3F7F8C50ECE7E6F25DAFFE4A7C68256AB614F72693C87400933429D67C7997F
samples\generated\logic\instrfirst_not_x10.L5X,C:\l5x_scratch\acd\instrfirst_not_x10.ACD,ok,adopted-existing,34CDCA4C2449B68EDF23035C28592CBE9212ABE1A906CD12ECE793C0F49F57CB
samples\generated\logic\instrfirst_osf.L5X,C:\l5x_scratch\acd\instrfirst_osf.ACD,ok,adopted-existing,603D0546FF74440CDDD620C2F28F382DEFF5B6311FA117A6DDDAE07258871584
samples\generated\logic\instrfirst_osf_x10.L5X,C:\l5x_scratch\acd\instrfirst_osf_x10.ACD,ok,adopted-existing,951D2449E1D5EE3AC8BFB3D338839F79E1C469CA302EB944E301D16830CE403D
samples\generated\logic\instrfirst_osr.L5X,C:\l5x_scratch\acd\instrfirst_osr.ACD,ok,adopted-existing,0AD58A9CD8D38428A2391C8C6F089DC3E2A424015823E89FB636C9E5390A5ABB
samples\generated\logic\instrfirst_osr_x10.L5X,C:\l5x_scratch\acd\instrfirst_osr_x10.ACD,ok,adopted-existing,138C39EDD1B9EFFB9A75D27D859C0DD74E07561AB15091AEB0ED7663578BA9E4
samples\generated\logic\instrfirst_rad.L5X,C:\l5x_scratch\acd\instrfirst_rad.ACD,ok,adopted-existing,3B13793463B0B9C42BE8D0CDF4B06B5C2707CF32F69C337B5F0C38E6F1CBD482
samples\generated\logic\instrfirst_rad_x10.L5X,C:\l5x_scratch\acd\instrfirst_rad_x10.ACD,ok,adopted-existing,866FA9491F87C2BA1B4601B93B60B504F6228E5502D842DA18F7DED5931C8317
samples\generated\logic\instrfirst_sqr.L5X,C:\l5x_scratch\acd\instrfirst_sqr.ACD,ok,adopted-existing,85E0FC5758E4E9C93506AFBA86ABA34257D257160102029E79E938FEA1B8BE18
samples\generated\logic\instrfirst_sqr_x10.L5X,C:\l5x_scratch\acd\instrfirst_sqr_x10.ACD,ok,adopted-existing,DF7F0CA8EA2CDC65696EF546754C32C58911595AEE23A584A3709E48B205C342
samples\generated\logic\instrfirst_srt.L5X,C:\l5x_scratch\acd\instrfirst_srt.ACD,ok,adopted-existing,A20C79E6C28575683061DB1424E2070C0D0F3DA6C90F653D5C732842DA416652
samples\generated\logic\instrfirst_srt_x10.L5X,C:\l5x_scratch\acd\instrfirst_srt_x10.ACD,ok,adopted-existing,889562DCF917B7C3BAD44DC2BDF6469BC27D472AA5F22F102D60345FF87DBAE3
samples\generated\logic\instrfirst_swpb.L5X,C:\l5x_scratch\acd\instrfirst_swpb.ACD,ok,adopted-existing,B8F70A7C6D420B7A51EC7ACA9D45C3D0B0C6B931B12B1A18B4BF7A64A05B74CA
samples\generated\logic\instrfirst_swpb_x10.L5X,C:\l5x_scratch\acd\instrfirst_swpb_x10.ACD,ok,adopted-existing,9D408E7B037CB27C8214C3C7B8876C22282919FDBC728B637C3067F9F7F5559F
samples\generated\logic\instrfirst_tan.L5X,C:\l5x_scratch\acd\instrfirst_tan.ACD,ok,adopted-existing,7BA1C9F0CBFAB511DEE77D3331E05DC7CC8C22CE721BC85919E9C44709CB3F26
samples\generated\logic\instrfirst_tan_x10.L5X,C:\l5x_scratch\acd\instrfirst_tan_x10.ACD,ok,adopted-existing,C0DDF92B26D49161159884402F3A307517F4102E254906FBC43C2431681B0B66
samples\generated\logic\instrfirst_tnd.L5X,C:\l5x_scratch\acd\instrfirst_tnd.ACD,ok,adopted-existing,F349FADB78867F235F5694561E40FCB5D1718048A692318410E06A8EF326AB28
samples\generated\logic\instrfirst_tnd_x10.L5X,C:\l5x_scratch\acd\instrfirst_tnd_x10.ACD,ok,adopted-existing,152BEA4F40FAC283F9AA79850EB818CE5DBADB3ACCC002F66693B53AB7FD579A
samples\generated\logic\instrfirst_trn.L5X,C:\l5x_scratch\acd\instrfirst_trn.ACD,ok,adopted-existing,CA9090733EE2FBD0B2C9F14DE4DB11344BB57EE7794308FB2B256175350B9148
samples\generated\logic\instrfirst_trn_x10.L5X,C:\l5x_scratch\acd\instrfirst_trn_x10.ACD,ok,adopted-existing,83CA919C0D104F394ECA0F0F308DB2F1635E1275EA63D6602985C6073D369D0A
samples\generated\logic\instrfirst_uid.L5X,C:\l5x_scratch\acd\instrfirst_uid.ACD,ok,adopted-existing,FA6B0A97499BBEF78A20E83FE4DD8CD16F2501C4DF6D01C89DF6B94A29499524
samples\generated\logic\instrfirst_uid_x10.L5X,C:\l5x_scratch\acd\instrfirst_uid_x10.ACD,ok,adopted-existing,B92198FF78B8513AD30349EA8786C92DEB55B7EFEA704C3A98FC94D98DD28C33
samples\generated\logic\instrfirst_uie.L5X,C:\l5x_scratch\acd\instrfirst_uie.ACD,ok,adopted-existing,2D0DE3DA0C53AFF7646B0DD96D3310E9BC7F843A8F3257706054A0CC33E24527
samples\generated\logic\instrfirst_uie_x10.L5X,C:\l5x_scratch\acd\instrfirst_uie_x10.ACD,ok,adopted-existing,AD418C9BD3BAF252B35C096B4A6E12FD829EB265B0E44A84D35037E18DD74724
samples\generated\logic\instrfirst_xor.L5X,C:\l5x_scratch\acd\instrfirst_xor.ACD,ok,adopted-existing,C19E6A031AD0EF8C314759852C76154A59F127A4A38BBE64BD1F6C52A82AA066
samples\generated\logic\instrfirst_xor_x10.L5X,C:\l5x_scratch\acd\instrfirst_xor_x10.ACD,ok,adopted-existing,55E48D3337C338B762061AC296A4D4D39C4197F7B95742EE50FE7C080857665C
samples\generated\logic\instr_abs_n00010.L5X,C:\l5x_scratch\acd\instr_abs_n00010.ACD,ok,adopted-existing,DEDE3BA679877FFF3808AC0E7506BDED64C312B51DB780ECCCA0D2F44A363CB2
samples\generated\logic\instr_abs_n00050.L5X,C:\l5x_scratch\acd\instr_abs_n00050.ACD,ok,adopted-existing,68887FB4C815EE676301191C21D7477DA65DC46CD797077FC64163F56E8200C4
samples\generated\logic\instr_abs_n00100.L5X,C:\l5x_scratch\acd\instr_abs_n00100.ACD,ok,adopted-existing,2607233B126ED123A4A2D315A94C17B44F03E324E6B14323FB5D188919CF9543
samples\generated\logic\instr_abs_n01000.L5X,C:\l5x_scratch\acd\instr_abs_n01000.ACD,ok,adopted-existing,0460AF97A91BC785521265DA3A47FB224471ED42D5B26A41490B4504416041BE
samples\generated\logic\instr_abs_n05000.L5X,C:\l5x_scratch\acd\instr_abs_n05000.ACD,ok,adopted-existing,340F296D10CF3CCCB05971A957456D456B73F4AD0A8A86F44281EC9B58C5356F
samples\generated\logic\instr_add_n00010.L5X,C:\l5x_scratch\acd\instr_add_n00010.ACD,ok,adopted-existing,C2832F133EBAACC6A83E7D663A940B629EF32C482606A03932FDBBC41BBAF91F
samples\generated\logic\instr_add_n00050.L5X,C:\l5x_scratch\acd\instr_add_n00050.ACD,ok,adopted-existing,34919156ACEF723A693FDD14D0CCD2D6E511C054D73DE6422B754A748A7FCE52
samples\generated\logic\instr_add_n00100.L5X,C:\l5x_scratch\acd\instr_add_n00100.ACD,ok,adopted-existing,FD9807BE6F0B228A4E541F8764F92DACEBD87FECF88665171899F470C3F50537
samples\generated\logic\instr_add_n01000.L5X,C:\l5x_scratch\acd\instr_add_n01000.ACD,ok,adopted-existing,ADE35E4AEC8C8CECD14500817E28AD54BEA3F4900BA702D51A4AD6ED85C7087A
samples\generated\logic\instr_add_n05000.L5X,C:\l5x_scratch\acd\instr_add_n05000.ACD,ok,adopted-existing,59B58F0C403AF3CCC3A46BFE268DE1922463A3B737EB42456FB6C168454BE1C9
samples\generated\logic\instr_afi_n00010.L5X,C:\l5x_scratch\acd\instr_afi_n00010.ACD,ok,adopted-existing,DBB3E558E3649AF84CDCC0977AEEA5BD24B510AFC61FD2090ADDDFCE2F1E5BD3
samples\generated\logic\instr_afi_n00050.L5X,C:\l5x_scratch\acd\instr_afi_n00050.ACD,ok,adopted-existing,81EE84196667320777E34DFC1918C9497F8529F8F6B387E9A5FDBAF738B9ED6D
samples\generated\logic\instr_afi_n00100.L5X,C:\l5x_scratch\acd\instr_afi_n00100.ACD,ok,adopted-existing,3B545125D77310D9D802997DF2B6838332CA727F57C07F4FFD75B18147B2C607
samples\generated\logic\instr_afi_n01000.L5X,C:\l5x_scratch\acd\instr_afi_n01000.ACD,ok,adopted-existing,126CB387607FDDD9F57A9FD1FA26AE8BFBDB5520065D323C67C247463B684324
samples\generated\logic\instr_afi_n05000.L5X,C:\l5x_scratch\acd\instr_afi_n05000.ACD,ok,adopted-existing,27973FD95E51FB261BE17DD6AA1F9275912F21248F4119421D279F50E928428F
samples\generated\logic\instr_btd_n00010.L5X,C:\l5x_scratch\acd\instr_btd_n00010.ACD,ok,adopted-existing,D8574AF5EBFE505D1EB248D43169137EE0B8E379E525012598C9B4ABBB99BA9D
samples\generated\logic\instr_btd_n00050.L5X,C:\l5x_scratch\acd\instr_btd_n00050.ACD,ok,adopted-existing,5867FD49BAD46B74C3338D6BA1B06D78BC24B161EC22219385E9F305D51891EE
samples\generated\logic\instr_btd_n00100.L5X,C:\l5x_scratch\acd\instr_btd_n00100.ACD,ok,adopted-existing,BA9AC4887BC7668E31BD6CAFD42C63C63A02A9894FE3686C883FA969539EC52B
samples\generated\logic\instr_btd_n01000.L5X,C:\l5x_scratch\acd\instr_btd_n01000.ACD,ok,adopted-existing,FF4050654D12247C22872CCC6D6092B4471E68B0F719ABE0323F72ABCC240FD4
samples\generated\logic\instr_btd_n05000.L5X,C:\l5x_scratch\acd\instr_btd_n05000.ACD,ok,adopted-existing,91D843C388394A9407F10794A18ECE55E4A2775153C25728F92298377883BD09
samples\generated\logic\instr_clr_n00010.L5X,C:\l5x_scratch\acd\instr_clr_n00010.ACD,ok,adopted-existing,A19ECFD7B7B9FBE2508E6BB56C6543B5DE0F3F00F4CE8C21BFCD12D13C30317A
samples\generated\logic\instr_clr_n00050.L5X,C:\l5x_scratch\acd\instr_clr_n00050.ACD,ok,adopted-existing,F0051241417CF06FE794433AB5AC69AA0BB6464C63E5E31BE033E1CF6017E445
samples\generated\logic\instr_clr_n00100.L5X,C:\l5x_scratch\acd\instr_clr_n00100.ACD,ok,adopted-existing,7BC8326408908E59B6FE2907C4B5E8B193C88B4375EDA75580A494C562E23020
samples\generated\logic\instr_clr_n01000.L5X,C:\l5x_scratch\acd\instr_clr_n01000.ACD,ok,adopted-existing,D0982A55A93CA1EBD673CBF07ECB41DBE6666F0D4D12082CEA4C78333753C971
samples\generated\logic\instr_clr_n05000.L5X,C:\l5x_scratch\acd\instr_clr_n05000.ACD,ok,adopted-existing,21B740FBC922478EE08D4CDB2DC136961A921E2E3A76DF94B0852DDCC3B403E4
samples\generated\logic\instr_cmp_n00010.L5X,C:\l5x_scratch\acd\instr_cmp_n00010.ACD,ok,adopted-existing,D18DA75E88AD3068B4E15C8E845C5BCE8BC78D4B32AA4C30AF0AD07D3595999E
samples\generated\logic\instr_cmp_n00050.L5X,C:\l5x_scratch\acd\instr_cmp_n00050.ACD,ok,adopted-existing,64DF0E1BBD0D1315B21A65C16B5E95881E6CC2585C5C170A1A4AF5DF6EB5F098
samples\generated\logic\instr_cmp_n00100.L5X,C:\l5x_scratch\acd\instr_cmp_n00100.ACD,ok,adopted-existing,3A759EACD1E3615B1E9E072B5C22534A86DB83746B29DA256ECD65DE6044EAE3
samples\generated\logic\instr_cmp_n01000.L5X,C:\l5x_scratch\acd\instr_cmp_n01000.ACD,ok,adopted-existing,A4E63DA545EB85C44CE75CD3B4AA5C165522E8E29BA8366A06452ABB9A91F272
samples\generated\logic\instr_cmp_n05000.L5X,C:\l5x_scratch\acd\instr_cmp_n05000.ACD,ok,adopted-existing,C736814648EB0EAC27F2A16D75C748A2D59C6AD2765573658F90778B202F39B2
samples\generated\logic\instr_concat_n00010.L5X,C:\l5x_scratch\acd\instr_concat_n00010.ACD,ok,adopted-existing,83150C5F9A91987089B21F9C947F31375C355AA33DAC60E591F7FB14281EB1F7
samples\generated\logic\instr_concat_n00050.L5X,C:\l5x_scratch\acd\instr_concat_n00050.ACD,ok,adopted-existing,72210DD340CCFCC2301CC6F702B1292653F8C573214132733B24FCE9A31EEFFD
samples\generated\logic\instr_concat_n00100.L5X,C:\l5x_scratch\acd\instr_concat_n00100.ACD,ok,adopted-existing,70E8743266C936F03EA30D6FA0A37E149A7FEDDF22FB0F84AF2C64400704DD59
samples\generated\logic\instr_concat_n01000.L5X,C:\l5x_scratch\acd\instr_concat_n01000.ACD,ok,adopted-existing,37502ED875738417D06C225F7F0CB67D99312E47C63243DD8A19B9DCD6830C9E
samples\generated\logic\instr_concat_n05000.L5X,C:\l5x_scratch\acd\instr_concat_n05000.ACD,ok,adopted-existing,19D70223DE47C337B1D6AEBD1A36630FDF131CA6DA5E59F6DDF3FC2F9B473780
samples\generated\logic\instr_cop_n00010.L5X,C:\l5x_scratch\acd\instr_cop_n00010.ACD,ok,adopted-existing,D8AAF41146B43D75051B9BF526C7E8D79951264CE7175BCA93CD5570FAA0DC96
samples\generated\logic\instr_cop_n00050.L5X,C:\l5x_scratch\acd\instr_cop_n00050.ACD,ok,adopted-existing,895FE2433C8BAC02F4337320DDC21DA0B3B7395695F33D56CA74266D222B4272
samples\generated\logic\instr_cop_n00100.L5X,C:\l5x_scratch\acd\instr_cop_n00100.ACD,ok,adopted-existing,6A49122C2CAF42E02A16D5ACCF3E29AD9B333596B5EFC2E0B8E837FEC786BA17
samples\generated\logic\instr_cop_n01000.L5X,C:\l5x_scratch\acd\instr_cop_n01000.ACD,ok,adopted-existing,336C4BF76F10013FBAD4314C72502C78365131D35E91EAFC062A0063DCA93E20
samples\generated\logic\instr_cop_n05000.L5X,C:\l5x_scratch\acd\instr_cop_n05000.ACD,ok,adopted-existing,D4FCB3E184484F8736602A08212491233CC8430500D9F8D8B00C54A5247525A6
samples\generated\logic\instr_cps_n00010.L5X,C:\l5x_scratch\acd\instr_cps_n00010.ACD,ok,adopted-existing,DBE8BBF2C6824D6DDD67FB391B1B5B9D77A5644688F8AAD1609CD0142355B305
samples\generated\logic\instr_cps_n00050.L5X,C:\l5x_scratch\acd\instr_cps_n00050.ACD,ok,adopted-existing,CE9F9787088B4901F7128FFD3087C607459BCC5B2BBFA83CA2EFC10B7E50243B
samples\generated\logic\instr_cps_n00100.L5X,C:\l5x_scratch\acd\instr_cps_n00100.ACD,ok,adopted-existing,23FAD3C42439A748465F8E942E1D0D3B92A8800FD5549C475486015208EDE537
samples\generated\logic\instr_cps_n01000.L5X,C:\l5x_scratch\acd\instr_cps_n01000.ACD,ok,adopted-existing,0D15FE36201289406D508843767EBE6B0CA0B5E3A74783735A1D52754A344F01
samples\generated\logic\instr_cps_n05000.L5X,C:\l5x_scratch\acd\instr_cps_n05000.ACD,ok,adopted-existing,E661623891587BB2334531F445E7FEB607E1D28537389D0AED991875F7A451A2
samples\generated\logic\instr_cpt_literaloperands_n01000.L5X,C:\l5x_scratch\acd\instr_cpt_literaloperands_n01000.ACD,ok,adopted-existing,4870B32FE9A3064FE3923BEBD5019C742A98018F273A719EBB51DC9458D05419
samples\generated\logic\instr_cpt_n00010.L5X,C:\l5x_scratch\acd\instr_cpt_n00010.ACD,ok,adopted-existing,679F447DD773A0D1140E3AA43941BDE131268A5E2183E47FD06110E4EF076D6C
samples\generated\logic\instr_cpt_n00050.L5X,C:\l5x_scratch\acd\instr_cpt_n00050.ACD,ok,adopted-existing,A74B08263C3FF6511A260D61CABABCD146D2FC7B2480E47391278B5CEBEEBFDF
samples\generated\logic\instr_cpt_n00100.L5X,C:\l5x_scratch\acd\instr_cpt_n00100.ACD,ok,adopted-existing,2B200225186E91C5E8590D15AEB0B54E7F0B23B463A675EC6C719BCA6EC2355E
samples\generated\logic\instr_cpt_n01000.L5X,C:\l5x_scratch\acd\instr_cpt_n01000.ACD,ok,adopted-existing,84C8483965D83E7582872AEB3119AE7FC14F0C98AB994F3279427548BDC3CE52
samples\generated\logic\instr_cpt_n05000.L5X,C:\l5x_scratch\acd\instr_cpt_n05000.ACD,ok,adopted-existing,818289067BB84A4181BEA2F0B2A532C6995A75FE86EE58C69F44E4DF527E446E
samples\generated\logic\instr_cpt_n05000_comment100.L5X,C:\l5x_scratch\acd\instr_cpt_n05000_comment100.ACD,ok,adopted-existing,EA6832BA85CD6EC2BF108D13ED31D36ED01670BA79E8B83F6D126D5FE252BE38
samples\generated\logic\instr_cpt_n05000_nocomment.L5X,C:\l5x_scratch\acd\instr_cpt_n05000_nocomment.ACD,ok,adopted-existing,D800A5D59224428FFC01A254E1B1608A5225A4ECEFE4E58CC365462142982A4A
samples\generated\logic\instr_cpt_tagoperands_n01000.L5X,C:\l5x_scratch\acd\instr_cpt_tagoperands_n01000.ACD,ok,adopted-existing,F9CC21B58BB4DD70750C683E946BE42553567ECB18EC983568ACE86F6C4688B3
samples\generated\logic\instr_ctu_n00010.L5X,C:\l5x_scratch\acd\instr_ctu_n00010.ACD,ok,adopted-existing,7E7C9371C0907E97BA8663A772B20E642A1DDE2CD3E43A9BA94DF5ED5899CD13
samples\generated\logic\instr_ctu_n00050.L5X,C:\l5x_scratch\acd\instr_ctu_n00050.ACD,ok,adopted-existing,CC6442F15197EB983A0B86640B5AAD0862DED35ECC2FC660690C9FADE0FDAD31
samples\generated\logic\instr_ctu_n00100.L5X,C:\l5x_scratch\acd\instr_ctu_n00100.ACD,ok,adopted-existing,01098D0204414DD755AF2E5D0DEE61FC52453F255E4472B8174D3D0DA997B1A5
samples\generated\logic\instr_ctu_n01000.L5X,C:\l5x_scratch\acd\instr_ctu_n01000.ACD,ok,adopted-existing,C9E9C18C3F8976D0CFDF8C6635842D59A541710F157546CCDB8CDF443A3B1D62
samples\generated\logic\instr_ctu_n05000.L5X,C:\l5x_scratch\acd\instr_ctu_n05000.ACD,ok,adopted-existing,C866928B8D6F9538CDBC9DF9AC0675123B7A727EAF28DEF7C2F94FD5B24A1E15
samples\generated\logic\instr_delete_n00010.L5X,C:\l5x_scratch\acd\instr_delete_n00010.ACD,ok,adopted-existing,2AFE32B648DA97F9A72DE2822D6577CF06584DF2E46478888FFDBE66ED5A6B48
samples\generated\logic\instr_delete_n00050.L5X,C:\l5x_scratch\acd\instr_delete_n00050.ACD,ok,adopted-existing,67793443F90CA990BB713BEA597132EC84A7939549EA86D1B75B798A1B55C57C
samples\generated\logic\instr_delete_n00100.L5X,C:\l5x_scratch\acd\instr_delete_n00100.ACD,ok,adopted-existing,4D27D1DEC7C2D2FDE5B65D3D4F6A6CE2EEA67C41C1BE86D209197C021FC811A2
samples\generated\logic\instr_delete_n01000.L5X,C:\l5x_scratch\acd\instr_delete_n01000.ACD,ok,adopted-existing,88AD6113D0527340E199F94FC598242C27A9101A0B43450EC7D01DA65C82349A
samples\generated\logic\instr_delete_n05000.L5X,C:\l5x_scratch\acd\instr_delete_n05000.ACD,ok,adopted-existing,AA240ACB98781D0CCF3171659F5063065CE46464B94509B7DA5CA19AFEE2D4EA
samples\generated\logic\instr_div_n00010.L5X,C:\l5x_scratch\acd\instr_div_n00010.ACD,ok,adopted-existing,11EDBFF99B7225D01557CE796CDD4B3BC49E2B6083DF7F75AD35B75FC62F7872
samples\generated\logic\instr_div_n00050.L5X,C:\l5x_scratch\acd\instr_div_n00050.ACD,ok,adopted-existing,8C62157D345291CD2A9452E73BA3C91ADCD986F2C20C38EAC904C80E7FB4C46D
samples\generated\logic\instr_div_n00100.L5X,C:\l5x_scratch\acd\instr_div_n00100.ACD,ok,adopted-existing,749DF3D36F5B20E2A761868B19A0D7A501AAEF2E2B9DB9E5D2F6F02F427D6241
samples\generated\logic\instr_div_n01000.L5X,C:\l5x_scratch\acd\instr_div_n01000.ACD,ok,adopted-existing,2EE65BEF3361F9D2DBBA55D3B6F261C8281520BEC0C7044F27D9719EBDD670E6
samples\generated\logic\instr_div_n05000.L5X,C:\l5x_scratch\acd\instr_div_n05000.ACD,ok,adopted-existing,882E96A0049F1D96D9181BC92648C706302F92F682F585D4BBFB66442A39AE35
samples\generated\logic\instr_dtos_n00010.L5X,C:\l5x_scratch\acd\instr_dtos_n00010.ACD,ok,adopted-existing,D7D4CC37FEA83BAF44E558BDD5A1DA405BDD532BF1903910ED3156849E8FCE38
samples\generated\logic\instr_dtos_n00050.L5X,C:\l5x_scratch\acd\instr_dtos_n00050.ACD,ok,adopted-existing,E203D6762CB74C659355481B9E7D2E15758D59ED5C1C9142621D59E91A6CA346
samples\generated\logic\instr_dtos_n00100.L5X,C:\l5x_scratch\acd\instr_dtos_n00100.ACD,ok,adopted-existing,E51A4B32D2DC58FE883C329BED3763FB715937E2F019AF30DB9260D9F288B142
samples\generated\logic\instr_dtos_n01000.L5X,C:\l5x_scratch\acd\instr_dtos_n01000.ACD,ok,adopted-existing,3BD63F74D19B8CB9268F09D499D25E53E2265FC6FFC6D66D624D0DC8D43D3056
samples\generated\logic\instr_dtos_n05000.L5X,C:\l5x_scratch\acd\instr_dtos_n05000.ACD,ok,adopted-existing,3C87828768114EBB731E06BA63E40519127E3679A6DC053EC069DD829F5D8AD8
samples\generated\logic\instr_equ_n00010.L5X,C:\l5x_scratch\acd\instr_equ_n00010.ACD,ok,adopted-existing,0B1EFD907770C329EAC4DDCC01B4E3E0E552BCA540B62C80572689DF66C02AF9
samples\generated\logic\instr_equ_n00050.L5X,C:\l5x_scratch\acd\instr_equ_n00050.ACD,ok,adopted-existing,41A73FC195EA664E0F5A7F96E00ACF45001159790F30DF035B78CB1F6C30BC6D
samples\generated\logic\instr_equ_n00100.L5X,C:\l5x_scratch\acd\instr_equ_n00100.ACD,ok,adopted-existing,53297F8200E4C4741ABD48FB17AA837CD664A2E7C034FE0B9FD85D023EACCFCF
samples\generated\logic\instr_equ_n01000.L5X,C:\l5x_scratch\acd\instr_equ_n01000.ACD,ok,adopted-existing,0F5B148832DEED6FF712282DCEEA61BF3C9F255DFB12EA4FC2912FE719BD50ED
samples\generated\logic\instr_equ_n05000.L5X,C:\l5x_scratch\acd\instr_equ_n05000.ACD,ok,adopted-existing,32A9D190E338818A8BA3B4216DBA765C314BC6370C1FD77DAD7F2D570BA35FCE
samples\generated\logic\instr_fll_n00010.L5X,C:\l5x_scratch\acd\instr_fll_n00010.ACD,ok,adopted-existing,CC3729D68098E2E03D2545DE1B38509DC6624A88A28E9FD2C98B258BACE27D59
samples\generated\logic\instr_fll_n00050.L5X,C:\l5x_scratch\acd\instr_fll_n00050.ACD,ok,adopted-existing,A0AA69820FAEE47B8E7D8A39B1FB92CEC3F44FF427671293E4ECE05F927DBF28
samples\generated\logic\instr_fll_n00100.L5X,C:\l5x_scratch\acd\instr_fll_n00100.ACD,ok,adopted-existing,7F60A17EF2A3C80FA196E4726040CBCB2A99D9B291F52A8A1E3A6A58B4728F09
samples\generated\logic\instr_fll_n01000.L5X,C:\l5x_scratch\acd\instr_fll_n01000.ACD,ok,adopted-existing,16E1A7D0174512D7B785F203B670D7462DE3ECE8A655BA8F0521FF4EA5959894
samples\generated\logic\instr_fll_n05000.L5X,C:\l5x_scratch\acd\instr_fll_n05000.ACD,ok,adopted-existing,91D01787B3F75D852D09E8DE388E7D8E078927DB8A34C970093FA0C9B193EE92
samples\generated\logic\instr_geq_n00010.L5X,C:\l5x_scratch\acd\instr_geq_n00010.ACD,ok,adopted-existing,F3FA640B32AFAE581C879C28B3BD2D90E1EB58708DA1108197917D3DB38707B9
samples\generated\logic\instr_geq_n00050.L5X,C:\l5x_scratch\acd\instr_geq_n00050.ACD,ok,adopted-existing,A4A78BBE01E255EC36C4D89D6296F568BCB1583F84FF6F9FB0E05C3494D9B04F
samples\generated\logic\instr_geq_n00100.L5X,C:\l5x_scratch\acd\instr_geq_n00100.ACD,ok,adopted-existing,84DFC6A86DD4B5328B72C112457009AAC3DB648E36EEC26DD1CBF0F76BA2F237
samples\generated\logic\instr_geq_n01000.L5X,C:\l5x_scratch\acd\instr_geq_n01000.ACD,ok,adopted-existing,D36B3C5F345DB0D9507683DCE6BE7706BC0E7338FAAC366529AF0AFDF5DCE916
samples\generated\logic\instr_geq_n05000.L5X,C:\l5x_scratch\acd\instr_geq_n05000.ACD,ok,adopted-existing,0C60C9261C9FEA5C2169441820EBC1E3E97715D5A72E4390829067E912B804DD
samples\generated\logic\instr_grt_n00010.L5X,C:\l5x_scratch\acd\instr_grt_n00010.ACD,ok,adopted-existing,20F20736EA60A4D048E2FC21D9F3F5C58A3AB3AC1E310C7859916F0E2B6C92CD
samples\generated\logic\instr_grt_n00050.L5X,C:\l5x_scratch\acd\instr_grt_n00050.ACD,ok,adopted-existing,289FE4F91D603E526800877B1846EB7AACB1F334FCFB1FB802B6772AC1BBAEEE
samples\generated\logic\instr_grt_n00100.L5X,C:\l5x_scratch\acd\instr_grt_n00100.ACD,ok,adopted-existing,03D3AEEC8E29E5C49E1F7DD5117ED44D4A5045867D5D8283257926B144AE9C67
samples\generated\logic\instr_grt_n01000.L5X,C:\l5x_scratch\acd\instr_grt_n01000.ACD,ok,adopted-existing,ECB245EFA470E32196A0D494049D80F875D568A614D008B6E1D7BDB3CDCCA7F5
samples\generated\logic\instr_grt_n05000.L5X,C:\l5x_scratch\acd\instr_grt_n05000.ACD,ok,adopted-existing,F3CD9B577181B25BCE2964E298542A4673E67F9B41A8D564EE5EB4C2BCE33ACA
samples\generated\logic\instr_gsv_n00010.L5X,C:\l5x_scratch\acd\instr_gsv_n00010.ACD,ok,adopted-existing,2CE2CF1E6F50F42144168BF074690F613F08CEA08019B44B4064213599FCD55A
samples\generated\logic\instr_gsv_n00050.L5X,C:\l5x_scratch\acd\instr_gsv_n00050.ACD,ok,adopted-existing,2B2EFEAB46E271B071FC6443849706CCCB208207234111575A0CDA1C96A4A1FA
samples\generated\logic\instr_gsv_n00100.L5X,C:\l5x_scratch\acd\instr_gsv_n00100.ACD,ok,adopted-existing,A94ED6DD4FA622DD743C7F822C5F66902FBFA3DDDBEE8087D689B063C0341530
samples\generated\logic\instr_gsv_n01000.L5X,C:\l5x_scratch\acd\instr_gsv_n01000.ACD,ok,adopted-existing,814857540E4A6C6EFA931EC9057714446C4AE7A6ED3601A54FB921052734C9D4
samples\generated\logic\instr_gsv_n05000.L5X,C:\l5x_scratch\acd\instr_gsv_n05000.ACD,ok,adopted-existing,D1B53AD9CA54357188D1E9B62E52EBBB565BBD0707FE5E74D5F8C179EEF26A33
samples\generated\logic\instr_jsr_n00010.L5X,C:\l5x_scratch\acd\instr_jsr_n00010.ACD,ok,adopted-existing,CA63FD488B8E965AE60647715D5CE63FEFAFC6E3EE5D22707454CE927675894A
samples\generated\logic\instr_jsr_n00050.L5X,C:\l5x_scratch\acd\instr_jsr_n00050.ACD,ok,adopted-existing,27858C88D3669DD636A713B3E9A024896A9D3425D638741CDDC5B9150C8B5CFF
samples\generated\logic\instr_jsr_n00100.L5X,C:\l5x_scratch\acd\instr_jsr_n00100.ACD,ok,adopted-existing,DC40E6FF5B9B64231F3961EBC8C3473DF0B60D97942D4887A4857C033C72CC45
samples\generated\logic\instr_jsr_n01000.L5X,C:\l5x_scratch\acd\instr_jsr_n01000.ACD,ok,adopted-existing,0242440A5A54D215B5C5E9134D58D5A0DD586EDA0416A3746A7953EB3781B1B9
samples\generated\logic\instr_jsr_n05000.L5X,C:\l5x_scratch\acd\instr_jsr_n05000.ACD,ok,adopted-existing,F8583D3EB1EB4EB46F7DC7D5EB7799DBC55305B2770F7F7B73F62ECA2F23ACF3
samples\generated\logic\instr_lbljmp_n00010.L5X,C:\l5x_scratch\acd\instr_lbljmp_n00010.ACD,ok,adopted-existing,D013FE5FAF0E830B9FC11D5B79D4C9DF24B8B5C55EE12FF2B825BA4567DBCED6
samples\generated\logic\instr_lbljmp_n00050.L5X,C:\l5x_scratch\acd\instr_lbljmp_n00050.ACD,ok,adopted-existing,A322236150CFA35CAC6523F9ED00717D9A6867566555639602F05684D6DA34B6
samples\generated\logic\instr_lbljmp_n00100.L5X,C:\l5x_scratch\acd\instr_lbljmp_n00100.ACD,ok,adopted-existing,A86C6872C111EDE384B377A86001FC3FF53EFCDA7FAAED45CDA188B7742EFE47
samples\generated\logic\instr_lbljmp_n01000.L5X,C:\l5x_scratch\acd\instr_lbljmp_n01000.ACD,ok,adopted-existing,FBD7625A539A6CEB36EF1634110E37136D9943E597A2C493D58D692CAD8E19EE
samples\generated\logic\instr_lbljmp_n05000.L5X,C:\l5x_scratch\acd\instr_lbljmp_n05000.ACD,ok,adopted-existing,963BAD0B188BA6178D94BB3E9811354CA739178A2762613A0EB011C6652F967D
samples\generated\logic\instr_leq_n00010.L5X,C:\l5x_scratch\acd\instr_leq_n00010.ACD,ok,adopted-existing,18942FCBB60D2D6E680B2E5A69927D23B010E373354DE9C9896B5823B1D19B16
samples\generated\logic\instr_leq_n00050.L5X,C:\l5x_scratch\acd\instr_leq_n00050.ACD,ok,adopted-existing,72265EE5FBEBDE87541A534E15DD31A973684536682355DC49779E2025B7A419
samples\generated\logic\instr_leq_n00100.L5X,C:\l5x_scratch\acd\instr_leq_n00100.ACD,ok,adopted-existing,5776789F76E343695E8F7157D10378E067AE0B709AA72732DC3CDB8C86E0BC4A
samples\generated\logic\instr_leq_n01000.L5X,C:\l5x_scratch\acd\instr_leq_n01000.ACD,ok,adopted-existing,E4C1F493AA7628ABF676EEFF6C4A66C2BB1873804453B2B2E7314CF796BF8EF7
samples\generated\logic\instr_leq_n05000.L5X,C:\l5x_scratch\acd\instr_leq_n05000.ACD,ok,adopted-existing,598B8089C16E014A1F644EA4276B40F4186A2602E821DB180544E16BF97B0513
samples\generated\logic\instr_les_n00010.L5X,C:\l5x_scratch\acd\instr_les_n00010.ACD,ok,adopted-existing,26C90FD15F29CB8DE6A307A7C69E087D05E299FC836ADFA670D3C2362D6DB713
samples\generated\logic\instr_les_n00050.L5X,C:\l5x_scratch\acd\instr_les_n00050.ACD,ok,adopted-existing,919B7DB488DB44376284B228D43A885196914E37346052927E3A6B76743FB4A9
samples\generated\logic\instr_les_n00100.L5X,C:\l5x_scratch\acd\instr_les_n00100.ACD,ok,adopted-existing,52389AF87697DB3A3FF62E0FF74A55EAEE344EA1594069C68EBD3A7585742FB5
samples\generated\logic\instr_les_n01000.L5X,C:\l5x_scratch\acd\instr_les_n01000.ACD,ok,adopted-existing,B7BEB4D09A95C0E3DE4FC13B59961AD8039D06BCE84150B2052C426E0D15A6E4
samples\generated\logic\instr_les_n05000.L5X,C:\l5x_scratch\acd\instr_les_n05000.ACD,ok,adopted-existing,78718A38EC70B90CDB45F6CBB71CDEA8DAC0F23A59935E2DBD1368B6220FAD50
samples\generated\logic\instr_lim_n00010.L5X,C:\l5x_scratch\acd\instr_lim_n00010.ACD,ok,adopted-existing,84A991A854A8F431A29ABDA83A858A358567B803D71C3D96CABEDDF96316C96D
samples\generated\logic\instr_lim_n00050.L5X,C:\l5x_scratch\acd\instr_lim_n00050.ACD,ok,adopted-existing,D0BE9E44AACD733EEEE577FDC57F58D89706554E5F61CEA8412FA25CDF2FBDF9
samples\generated\logic\instr_lim_n00100.L5X,C:\l5x_scratch\acd\instr_lim_n00100.ACD,ok,adopted-existing,43BD7D1621FB606EFFAB5711685A6FA99CE9C5DB67DBDB3511749C13DBC3AF75
samples\generated\logic\instr_lim_n01000.L5X,C:\l5x_scratch\acd\instr_lim_n01000.ACD,ok,adopted-existing,3F062D660C93368353A626E7D2F0884816FB5BF08C929B16E7FAC159F9193E8C
samples\generated\logic\instr_lim_n05000.L5X,C:\l5x_scratch\acd\instr_lim_n05000.ACD,ok,adopted-existing,E3B2782A5FE86945C1484D4DB51D3055099FBA389865E3F93661425B5739C92A
samples\generated\logic\instr_meq_n00010.L5X,C:\l5x_scratch\acd\instr_meq_n00010.ACD,ok,adopted-existing,ECA2D517603508C0B345A9F3EC942F1F01B1D30F6994CDADD2211820129165B4
samples\generated\logic\instr_meq_n00050.L5X,C:\l5x_scratch\acd\instr_meq_n00050.ACD,ok,adopted-existing,962AA5140318C75EA9516BEB9CD63B1077F2A89A9AAE56973350D335F0003200
samples\generated\logic\instr_meq_n00100.L5X,C:\l5x_scratch\acd\instr_meq_n00100.ACD,ok,adopted-existing,FF3379F11AC78E4CE189011C66990C29658AD3760009CA3328045180B9FF6102
samples\generated\logic\instr_meq_n01000.L5X,C:\l5x_scratch\acd\instr_meq_n01000.ACD,ok,adopted-existing,47790E12EEE24761BB031E3162C43AA9056039D2FF8CFF18976556A3E6AA57CE
samples\generated\logic\instr_meq_n05000.L5X,C:\l5x_scratch\acd\instr_meq_n05000.ACD,ok,adopted-existing,7C01CBF4FD3D6A4D8C9B8D83D099BD113BDA16A6E81FAF090E045CF6317AC052
samples\generated\logic\instr_mid_n00010.L5X,C:\l5x_scratch\acd\instr_mid_n00010.ACD,ok,adopted-existing,C3174AE5A1ED99E110727CA51DC3E9647C9076EA7760223F39D19E05C0D706AE
samples\generated\logic\instr_mid_n00050.L5X,C:\l5x_scratch\acd\instr_mid_n00050.ACD,ok,adopted-existing,BB0F38097FD545A3E7E18F5F849682885D99C0EECE580736FB96A9D8A6EF4426
samples\generated\logic\instr_mid_n00100.L5X,C:\l5x_scratch\acd\instr_mid_n00100.ACD,ok,adopted-existing,0948D230B702422214AF91C3234F7D3EAF2B82F9CCBB4D94E2E2A5DFBEEF6D78
samples\generated\logic\instr_mid_n01000.L5X,C:\l5x_scratch\acd\instr_mid_n01000.ACD,ok,adopted-existing,2DEF12E2E1D45D61D9931413CFC17E89B0E017179BB062577141342A6A231FE8
samples\generated\logic\instr_mid_n05000.L5X,C:\l5x_scratch\acd\instr_mid_n05000.ACD,ok,adopted-existing,6D1E2EC7868EE78DE6D30813800F2449DDD505EC3DA599B04D5628C69EC5E6BD
samples\generated\logic\instr_mod_n00010.L5X,C:\l5x_scratch\acd\instr_mod_n00010.ACD,ok,adopted-existing,981389F4619278C6F3462D5A23AAB42216D26D4237A7EB2108275C2BF84215BA
samples\generated\logic\instr_mod_n00050.L5X,C:\l5x_scratch\acd\instr_mod_n00050.ACD,ok,adopted-existing,963023C5C74426816723D1BF9635EB61725F00EF6DC3A083EA35178B1662A864
samples\generated\logic\instr_mod_n00100.L5X,C:\l5x_scratch\acd\instr_mod_n00100.ACD,ok,adopted-existing,0B2F4081D91D519C43F743AA22EFE534F2403ECEC112DB3371F818052695B8B1
samples\generated\logic\instr_mod_n01000.L5X,C:\l5x_scratch\acd\instr_mod_n01000.ACD,ok,adopted-existing,98E0B75BAA75C9732FF4E4314071BBC3DF04885218BA2676597AEA2C339D8608
samples\generated\logic\instr_mod_n05000.L5X,C:\l5x_scratch\acd\instr_mod_n05000.ACD,ok,adopted-existing,1AD794368546C327A4E72EC4AE03E3FA02FB3F77D86C8A012327C91D41AB3B25
samples\generated\logic\instr_mov_n00010.L5X,C:\l5x_scratch\acd\instr_mov_n00010.ACD,ok,adopted-existing,B8F203BD91451AF0CDEBF58BFA64ADA09236C421A2C15FC2EBABE70684B55A22
samples\generated\logic\instr_mov_n00050.L5X,C:\l5x_scratch\acd\instr_mov_n00050.ACD,ok,adopted-existing,FF16D2401C4CAE2F8710BB05383CB1B68CA764230CE23116F589FC50E1F72D33
samples\generated\logic\instr_mov_n00100.L5X,C:\l5x_scratch\acd\instr_mov_n00100.ACD,ok,adopted-existing,525B762FA026CDE96E9DF973333E7BC7E0DB7B1F91E7FE4CF68F223EE73433F4
samples\generated\logic\instr_mov_n01000.L5X,C:\l5x_scratch\acd\instr_mov_n01000.ACD,ok,adopted-existing,244359AFFF6F8A086CC52DF235CDC9FCE87610C3F4ECFB7A04EB3FEBC59085EE
samples\generated\logic\instr_mov_n05000.L5X,C:\l5x_scratch\acd\instr_mov_n05000.ACD,ok,adopted-existing,C11E1492C692402671B8521364869591F25F2FE1C6A29CF08354F7C11B16BC3F
samples\generated\logic\instr_mul_n00010.L5X,C:\l5x_scratch\acd\instr_mul_n00010.ACD,ok,adopted-existing,4AC0B3D6644AA394624248A053EE1C477424049465403ABB9C9ED3B6C62EAC82
samples\generated\logic\instr_mul_n00050.L5X,C:\l5x_scratch\acd\instr_mul_n00050.ACD,ok,adopted-existing,37E3ED75BA1EA7A59F28F6F53842FC6D491AD9E961F917ABC1CBB301AE8E801A
samples\generated\logic\instr_mul_n00100.L5X,C:\l5x_scratch\acd\instr_mul_n00100.ACD,ok,adopted-existing,FB3D72C985F77A8306B45DFAA69F2ACFFC0D248438E15D3B5706C1DEDA47E13D
samples\generated\logic\instr_mul_n01000.L5X,C:\l5x_scratch\acd\instr_mul_n01000.ACD,ok,adopted-existing,C2145F8FAA77BE636A979E01747E2B3A6BD14C857C1D56B45DCD4E91C6344D60
samples\generated\logic\instr_mul_n05000.L5X,C:\l5x_scratch\acd\instr_mul_n05000.ACD,ok,adopted-existing,B605974CBC2C3AC011B70D92A0B296DBE6D42C57D1BBBE7ACBCE8091438D62D5
samples\generated\logic\instr_mvm_n00010.L5X,C:\l5x_scratch\acd\instr_mvm_n00010.ACD,ok,adopted-existing,E764998CAC5EB845BD43FD44E275288ADB8A969DAE03E713FFE60C32BB0FC87D
samples\generated\logic\instr_mvm_n00050.L5X,C:\l5x_scratch\acd\instr_mvm_n00050.ACD,ok,adopted-existing,067E6C1AF8015BCEDCD07F5AFE6C2320464AB48228B3685505F638284B697E73
samples\generated\logic\instr_mvm_n00100.L5X,C:\l5x_scratch\acd\instr_mvm_n00100.ACD,ok,adopted-existing,6002EF9F29B6EE033D9EE5624DEB605A5261C389DAB13A94B9D8D3A5B1E831A5
samples\generated\logic\instr_mvm_n01000.L5X,C:\l5x_scratch\acd\instr_mvm_n01000.ACD,ok,adopted-existing,1A595B552A1A157F53C6624F07EF6F7158F31A640A77D66FF3CEB2D03BA6A680
samples\generated\logic\instr_mvm_n05000.L5X,C:\l5x_scratch\acd\instr_mvm_n05000.ACD,ok,adopted-existing,78CEC93F80C593B2B065DDDCF4BD0CB16505D5DC6142DF833D9AD7484016DC97
samples\generated\logic\instr_neq_n00010.L5X,C:\l5x_scratch\acd\instr_neq_n00010.ACD,ok,adopted-existing,8FC85A450CBC96FEB170DBABAB82BC07ACDDCBDD0F2A3D70B924A2A11AE97894
samples\generated\logic\instr_neq_n00050.L5X,C:\l5x_scratch\acd\instr_neq_n00050.ACD,ok,adopted-existing,1BAE55183DC610BF686DFF44A17D7935038D4BC0114709A65B3EF16510A119FF
samples\generated\logic\instr_neq_n00100.L5X,C:\l5x_scratch\acd\instr_neq_n00100.ACD,ok,adopted-existing,F13DE3EFA1322F768A1E19F21CE9060C0D20FBC0AECA30F77DF366323A8CBA6C
samples\generated\logic\instr_neq_n01000.L5X,C:\l5x_scratch\acd\instr_neq_n01000.ACD,ok,adopted-existing,155245D1B3833EE4EBD9A6B5EF10D2F072EE8AF3F4237BAEE39A550A76B8237D
samples\generated\logic\instr_neq_n05000.L5X,C:\l5x_scratch\acd\instr_neq_n05000.ACD,ok,adopted-existing,78B0E209F5A223E2483CA51F862891608AE0AA433B96B3B216EC094B40D933FC
samples\generated\logic\instr_nop_n00010.L5X,C:\l5x_scratch\acd\instr_nop_n00010.ACD,ok,adopted-existing,F55462C12E6BF1E0F9EAD115E81037BE6C4548BFD049C5EC89A956F71CBDD966
samples\generated\logic\instr_nop_n00050.L5X,C:\l5x_scratch\acd\instr_nop_n00050.ACD,ok,adopted-existing,D2E6CB75278E71CED0594AE4463473D9031805EE45940A064019E3B499FF8820
samples\generated\logic\instr_nop_n00100.L5X,C:\l5x_scratch\acd\instr_nop_n00100.ACD,ok,adopted-existing,743ED84A8F9B49FE09C1CAE83268CCF1D3281AA179B9C34ADFDAB16F691B2945
samples\generated\logic\instr_nop_n01000.L5X,C:\l5x_scratch\acd\instr_nop_n01000.ACD,ok,adopted-existing,BCCA005861C821AC741FAD378ABC6BD6FFEB417285BCAD5F7F20ECE8FEDB358E
samples\generated\logic\instr_nop_n05000.L5X,C:\l5x_scratch\acd\instr_nop_n05000.ACD,ok,adopted-existing,30F221034649150489BCD45E30A47EBAAA81DEBDA705AD9407508911D8000FC9
samples\generated\logic\instr_ons_n00010.L5X,C:\l5x_scratch\acd\instr_ons_n00010.ACD,ok,adopted-existing,72954A9CD8747A826F5DB1E4C19C7E3EF7D79B8A8D986247FFD53CF3A2B14E11
samples\generated\logic\instr_ons_n00050.L5X,C:\l5x_scratch\acd\instr_ons_n00050.ACD,ok,adopted-existing,33493273F458B174EE6AA3CC314E3EB26AE8247AAA2F73A5E2552E7F7ECA3037
samples\generated\logic\instr_ons_n00100.L5X,C:\l5x_scratch\acd\instr_ons_n00100.ACD,ok,adopted-existing,49637F28A40154879EB9C29BD76084122B9E1E7B59D11A1A33D27D1022990080
samples\generated\logic\instr_ons_n01000.L5X,C:\l5x_scratch\acd\instr_ons_n01000.ACD,ok,adopted-existing,D8AF1DDE8DB325B327C8A4D265F5BE22964A16BDD5335E28E3C19E1AD47DFF22
samples\generated\logic\instr_ons_n05000.L5X,C:\l5x_scratch\acd\instr_ons_n05000.ACD,ok,adopted-existing,831F31E9E08B0045603D12C7DEB5E8D87636071595784E647BA2B0EA83903FF4
samples\generated\logic\instr_ote_n00010.L5X,C:\l5x_scratch\acd\instr_ote_n00010.ACD,ok,adopted-existing,A56E47A39AFE48049B8F3FCAD9041951CB2BD6F96EBCECAB7E601716625C380C
samples\generated\logic\instr_ote_n00050.L5X,C:\l5x_scratch\acd\instr_ote_n00050.ACD,ok,adopted-existing,2E14B197114531A0029DFA922D33E16035A670DE51279930F868B7165FC9DF74
samples\generated\logic\instr_ote_n00100.L5X,C:\l5x_scratch\acd\instr_ote_n00100.ACD,ok,adopted-existing,D6B8D8E35A2D600569B7164BF96AABFC2B89D818E022D8C1A2B42DA2C5110370
samples\generated\logic\instr_ote_n01000.L5X,C:\l5x_scratch\acd\instr_ote_n01000.ACD,ok,adopted-existing,FE7A53E12658115043BE03B6D809C39FAC61ED98A9E85CC84B00A544D1A57133
samples\generated\logic\instr_ote_n05000.L5X,C:\l5x_scratch\acd\instr_ote_n05000.ACD,ok,adopted-existing,17F9A91FBE4BB429B0ABF533DCA10F7DF2D670CA08F5FDFF2438C849A7E1E0E1
samples\generated\logic\instr_otl_n00010.L5X,C:\l5x_scratch\acd\instr_otl_n00010.ACD,ok,adopted-existing,466A79CDC63E980EE2740B197CAAAD047448257E5D8820FA65BF09D96275C26A
samples\generated\logic\instr_otl_n00050.L5X,C:\l5x_scratch\acd\instr_otl_n00050.ACD,ok,adopted-existing,742880F10418B230C38FEB65D043C2C9BC7980141321F18F03B2FAEBA9AE1B79
samples\generated\logic\instr_otl_n00100.L5X,C:\l5x_scratch\acd\instr_otl_n00100.ACD,ok,adopted-existing,0253A25260D21396F81D6C7391A7E2D4DA46AC34DA5A948E5C6A3C775F5AC7ED
samples\generated\logic\instr_otl_n01000.L5X,C:\l5x_scratch\acd\instr_otl_n01000.ACD,ok,adopted-existing,C0BF92E637BDD1C2F8B177C157652D56F5C6704FD789D43F42B261555CEA0FB6
samples\generated\logic\instr_otl_n05000.L5X,C:\l5x_scratch\acd\instr_otl_n05000.ACD,ok,adopted-existing,AC5BB46E4DF072CC02609C3773A588055F51E5BFF7E3E1306D13119D7810387A
samples\generated\logic\instr_otu_n00010.L5X,C:\l5x_scratch\acd\instr_otu_n00010.ACD,ok,adopted-existing,681064B9AF7F67437017A6E3B942670494CAF44E58C1714773B6F6E19BA682AC
samples\generated\logic\instr_otu_n00050.L5X,C:\l5x_scratch\acd\instr_otu_n00050.ACD,ok,adopted-existing,297F2C37036656EB5261133A166D11B228EDF572AAF71F7DCECD9803053BDC3E
samples\generated\logic\instr_otu_n00100.L5X,C:\l5x_scratch\acd\instr_otu_n00100.ACD,ok,adopted-existing,554EC1142D2E5F467D63989B64C7C1CB2BDDB72EEFD65A4812276AE73AD93612
samples\generated\logic\instr_otu_n01000.L5X,C:\l5x_scratch\acd\instr_otu_n01000.ACD,ok,adopted-existing,498D75A5E9E1C81EAFA9F4AB10D1A8EF999D09A723E3257AB8BCD809A05D2EB8
samples\generated\logic\instr_otu_n05000.L5X,C:\l5x_scratch\acd\instr_otu_n05000.ACD,ok,adopted-existing,26AFC48AEFF91032F59150A808B2A4AED1AA4176D72A80D5DC2A76793852A373
samples\generated\logic\instr_res_n00010.L5X,C:\l5x_scratch\acd\instr_res_n00010.ACD,ok,adopted-existing,F4152400A63F17EEC0EAAE97D8D013A651065FEBE18623164A36AE3F2C7FBC10
samples\generated\logic\instr_res_n00050.L5X,C:\l5x_scratch\acd\instr_res_n00050.ACD,ok,adopted-existing,6D23220CF3C2819B176C615E01656A2CC09B19B3BA0AFC74FF2D821B688F9D8A
samples\generated\logic\instr_res_n00100.L5X,C:\l5x_scratch\acd\instr_res_n00100.ACD,ok,adopted-existing,30C5A7316C9F59FB865ACD7AAE3DB0EFB31175CEDB100446C22A0CCDE7D25001
samples\generated\logic\instr_res_n01000.L5X,C:\l5x_scratch\acd\instr_res_n01000.ACD,ok,adopted-existing,E321666F1127F9C0951AB7D0BD3E6B66BC7D0B1348C60AD541A2664161FB79A7
samples\generated\logic\instr_res_n05000.L5X,C:\l5x_scratch\acd\instr_res_n05000.ACD,ok,adopted-existing,517749188A36F3D40AB331BA0605B8F12637B5F43EC9275C561E3F6F3FB939CC
samples\generated\logic\instr_rto_n00010.L5X,C:\l5x_scratch\acd\instr_rto_n00010.ACD,ok,adopted-existing,2F79D3215417AE18E33E7A1F3F1E23E3BEBD4AF61778AC6ABD5BEBA43B773B81
samples\generated\logic\instr_rto_n00050.L5X,C:\l5x_scratch\acd\instr_rto_n00050.ACD,ok,adopted-existing,9BFF9811C02669121615114C08ED4A95B92C935592D2FADE95BB3D18B6724B9D
samples\generated\logic\instr_rto_n00100.L5X,C:\l5x_scratch\acd\instr_rto_n00100.ACD,ok,adopted-existing,6B03BF4B0A42F319734F11C780F5990CA4EB13BA989A9249F29AB06C1A7BF9B3
samples\generated\logic\instr_rto_n01000.L5X,C:\l5x_scratch\acd\instr_rto_n01000.ACD,ok,adopted-existing,0A8E732D696C56AEEAC2F84D6CEB319A8046DA5931369835C4E944D8E370E637
samples\generated\logic\instr_rto_n05000.L5X,C:\l5x_scratch\acd\instr_rto_n05000.ACD,ok,adopted-existing,A4C2A9110FC9FFB6D94A44CA52DB02EF13A8D975DF0B44048D2037BFB9A78830
samples\generated\logic\instr_size_n00010.L5X,C:\l5x_scratch\acd\instr_size_n00010.ACD,ok,adopted-existing,133284608CF01D552929F15BCA9CBBE89B3A6191F1EC7745FD2F44EFEA4BB860
samples\generated\logic\instr_size_n00050.L5X,C:\l5x_scratch\acd\instr_size_n00050.ACD,ok,adopted-existing,092526B1A9EB92E00CBD5FAE685A4DFD0AB3575E6A0F3687E90C3C1CEB238784
samples\generated\logic\instr_size_n00100.L5X,C:\l5x_scratch\acd\instr_size_n00100.ACD,ok,adopted-existing,D2F692A24C0235E3303A05877BFA37B09F54FC4696664A5E35D2D8E5809A096E
samples\generated\logic\instr_size_n01000.L5X,C:\l5x_scratch\acd\instr_size_n01000.ACD,ok,adopted-existing,D85552DA1DD1845EB97F0C7C7E8732A36531F671F10A31D85633613B7F486C63
samples\generated\logic\instr_size_n05000.L5X,C:\l5x_scratch\acd\instr_size_n05000.ACD,ok,adopted-existing,675133B2F295C5378E923C4FEC3A20479400F9F74B8516872C04F5FF5FF9F37C
samples\generated\logic\instr_ssv_n00010.L5X,C:\l5x_scratch\acd\instr_ssv_n00010.ACD,ok,adopted-existing,6EEA37B8029305E17352428B6A15196E15088E45F65AEC70E531B8392004DD8B
samples\generated\logic\instr_ssv_n00050.L5X,C:\l5x_scratch\acd\instr_ssv_n00050.ACD,ok,adopted-existing,B90AEC000784D9A0FC22B5CDC0FFC8BDD53D818464CB0D2EC54173698426A045
samples\generated\logic\instr_ssv_n00100.L5X,C:\l5x_scratch\acd\instr_ssv_n00100.ACD,ok,adopted-existing,60BE3BACF58E8BD5B2C8F8715C078B5D04D24152C29AF9EB2E3B1FCCBB380387
samples\generated\logic\instr_ssv_n01000.L5X,C:\l5x_scratch\acd\instr_ssv_n01000.ACD,ok,adopted-existing,2536BF97522ADE47BA78D46583F5EFC27D1A951B89DFD7B8606492DE391F7A77
samples\generated\logic\instr_ssv_n05000.L5X,C:\l5x_scratch\acd\instr_ssv_n05000.ACD,ok,adopted-existing,3280EA042AED3ED9E5D81B24E6B76E529B7DDAA1125E677D047E1F91B6D855A0
samples\generated\logic\instr_stod_n00010.L5X,C:\l5x_scratch\acd\instr_stod_n00010.ACD,ok,adopted-existing,8F81C4F2BD11022B670E8FA109333A1AD44F835E7F224194C6AAEC8AB5BFEF07
samples\generated\logic\instr_stod_n00050.L5X,C:\l5x_scratch\acd\instr_stod_n00050.ACD,ok,adopted-existing,30DB7C5FA5B164853AB8B794AE94EDEEFDBC6DF86AA624605FDB7533AB58555C
samples\generated\logic\instr_stod_n00100.L5X,C:\l5x_scratch\acd\instr_stod_n00100.ACD,ok,adopted-existing,23690713F5046105913028249D576C6FDAF1D0DC3E3F0D53F10A07BC9D1D1FFA
samples\generated\logic\instr_stod_n01000.L5X,C:\l5x_scratch\acd\instr_stod_n01000.ACD,ok,adopted-existing,AF06AF3B73313DBAE4BA1E3E611AAFB55FFBECE1D3D30802117270C27CA166FB
samples\generated\logic\instr_stod_n05000.L5X,C:\l5x_scratch\acd\instr_stod_n05000.ACD,ok,adopted-existing,5A122D32A2F5E6877EA212E152F4E8985FB4D2573AABDF79DF47CA28E2E1DB11
samples\generated\logic\instr_sub_n00010.L5X,C:\l5x_scratch\acd\instr_sub_n00010.ACD,ok,adopted-existing,0B697FCD7F27E085D5CDFC9EFB357148A3959ACAC2C2796CFFC454ECC9840CD8
samples\generated\logic\instr_sub_n00050.L5X,C:\l5x_scratch\acd\instr_sub_n00050.ACD,ok,adopted-existing,4EDADB9CE92BBBDCBF8F53F586515C2B4B16674694D575613C40586CADA7D8E1
samples\generated\logic\instr_sub_n00100.L5X,C:\l5x_scratch\acd\instr_sub_n00100.ACD,ok,adopted-existing,1482A4871F149E70B85A301B04556C8D314198EC2C3DDACB661CFDD51C8A9CAB
samples\generated\logic\instr_sub_n01000.L5X,C:\l5x_scratch\acd\instr_sub_n01000.ACD,ok,adopted-existing,58BCAC49CD2CD5E1C292C14C11D79EFFFE114D0F753643594B95DD73EBBDF5FF
samples\generated\logic\instr_sub_n05000.L5X,C:\l5x_scratch\acd\instr_sub_n05000.ACD,ok,adopted-existing,CAFADA30F5B4ADE72FE35A90DEC8CF02783D24BDA519B168E69EF39E22207C81
samples\generated\logic\instr_tof_n00010.L5X,C:\l5x_scratch\acd\instr_tof_n00010.ACD,ok,adopted-existing,DD4CEAF7DFCF03010A8CAAD132A3F1D0F13C967A6ED6DA05D748A5A98530437D
samples\generated\logic\instr_tof_n00050.L5X,C:\l5x_scratch\acd\instr_tof_n00050.ACD,ok,adopted-existing,F4DE477250E2EDE51588C81D6F84C8FC04B727CADB09FB0C9272E323EDE32A2C
samples\generated\logic\instr_tof_n00100.L5X,C:\l5x_scratch\acd\instr_tof_n00100.ACD,ok,adopted-existing,9173B354FF68CDA8628A3BF3DA72944B06D07DF78F741143AEE4E7D29A447E55
samples\generated\logic\instr_tof_n01000.L5X,C:\l5x_scratch\acd\instr_tof_n01000.ACD,ok,adopted-existing,2B3B83DDEC900AB400C03D7067F0BBE8165E69A30F922817FF684F0163C421B1
samples\generated\logic\instr_tof_n05000.L5X,C:\l5x_scratch\acd\instr_tof_n05000.ACD,ok,adopted-existing,5508E554A8004510DD3BDD84FB5D0D20EF2B8CA41865FDBF0AEC5493255A6DCE
samples\generated\logic\instr_ton_n00010.L5X,C:\l5x_scratch\acd\instr_ton_n00010.ACD,ok,adopted-existing,82640E83310B34DE29E3F0F88A242A996AF4FD1E15974AEC50740044D5EFFAD3
samples\generated\logic\instr_ton_n00050.L5X,C:\l5x_scratch\acd\instr_ton_n00050.ACD,ok,adopted-existing,1AA5BE0A5DFC54C27758FDCC9C2105F73D2B6BA41204E7977E7FEAAA78F8A5CF
samples\generated\logic\instr_ton_n00100.L5X,C:\l5x_scratch\acd\instr_ton_n00100.ACD,ok,adopted-existing,977924388CA546FB0F9966CDB85254D4FBD816561BE79C46AA726E865B440B7F
samples\generated\logic\instr_ton_n01000.L5X,C:\l5x_scratch\acd\instr_ton_n01000.ACD,ok,adopted-existing,98AE0C2AE3178631ACDBA512AC62F004AA1F1463ED6A35791B253E7CFDC71D84
samples\generated\logic\instr_ton_n05000.L5X,C:\l5x_scratch\acd\instr_ton_n05000.ACD,ok,adopted-existing,EA2B6A3A6A889B28EFC8D1D3D7CE5A07BE9C150F94FC62A7528D893665469069
samples\generated\logic\instr_xic_n00010.L5X,C:\l5x_scratch\acd\instr_xic_n00010.ACD,ok,adopted-existing,D566AB2BB98E5B80AB1CC5455F32625C495DE8B672A75E8C63AB3641B877C36E
samples\generated\logic\instr_xic_n00050.L5X,C:\l5x_scratch\acd\instr_xic_n00050.ACD,ok,adopted-existing,E623C389421C3529716CF8CFFA990762B65594E7BE62CB2A22D7CDE1F2C82E88
samples\generated\logic\instr_xic_n00100.L5X,C:\l5x_scratch\acd\instr_xic_n00100.ACD,ok,adopted-existing,D3A1BD7BBBEAC99C76CABF4B717CD4167105E294E43332AB58385B070F3200E4
samples\generated\logic\instr_xic_n01000.L5X,C:\l5x_scratch\acd\instr_xic_n01000.ACD,ok,adopted-existing,03DC73DDC863CEF401C3E540BB488918E0EDF16951AED9A1A142DA30233AB3CA
samples\generated\logic\instr_xic_n05000.L5X,C:\l5x_scratch\acd\instr_xic_n05000.ACD,ok,adopted-existing,49F00EC8CD92B282BA309AECFA3B67681DCB7B07E268187D0DADDF3EB34FBB28
samples\generated\logic\instr_xio_n00010.L5X,C:\l5x_scratch\acd\instr_xio_n00010.ACD,ok,adopted-existing,4DA6FABF40904DAB5EF75EC72D5F7808E723AB71837D79D62D6A764DB5F3C7C7
samples\generated\logic\instr_xio_n00050.L5X,C:\l5x_scratch\acd\instr_xio_n00050.ACD,ok,adopted-existing,C4D16056FF7FA6BD23370A941E8DE0F8173F392A827E6E7CF689B515DD8CFE95
samples\generated\logic\instr_xio_n00100.L5X,C:\l5x_scratch\acd\instr_xio_n00100.ACD,ok,adopted-existing,DFF7B9811D1E6CF9B90EB30C5880626D969909903CD241084508860926D3DB2C
samples\generated\logic\instr_xio_n01000.L5X,C:\l5x_scratch\acd\instr_xio_n01000.ACD,ok,adopted-existing,48A1C494E85B61931FBAA35F74C94FE64755043DA93575124BEB8D36345A7394
samples\generated\logic\instr_xio_n05000.L5X,C:\l5x_scratch\acd\instr_xio_n05000.ACD,ok,adopted-existing,3AABCAD713F53C48DE8633F9109CE5338BC7FA9E02A2695B851340E280BA6CBA
samples\generated\logic\instr_xpy_n00010.L5X,C:\l5x_scratch\acd\instr_xpy_n00010.ACD,ok,adopted-existing,13C0B865FE9E7FE0A92CB5D7D5451AA51B385C8A98D45A672B756B3971E323A4
samples\generated\logic\instr_xpy_n00050.L5X,C:\l5x_scratch\acd\instr_xpy_n00050.ACD,ok,adopted-existing,8F155A37E9ED9A410F88E4C124C4469E55BD597AC46A32F869C87AFA1E771E5E
samples\generated\logic\instr_xpy_n00100.L5X,C:\l5x_scratch\acd\instr_xpy_n00100.ACD,ok,adopted-existing,281A8D569DBD00DA97863467782C60581FC1CE1695C7F71CF0308ECE1CAF7F61
samples\generated\logic\instr_xpy_n01000.L5X,C:\l5x_scratch\acd\instr_xpy_n01000.ACD,ok,adopted-existing,D89203A8FF57DD7071DC206D0C4D4009775451EF9F68EEC3904B227C7DCE8041
samples\generated\logic\instr_xpy_n05000.L5X,C:\l5x_scratch\acd\instr_xpy_n05000.ACD,ok,adopted-existing,97050012EA165B371E203CCC1B8B1172B7B3ACCD72DE018EAC28EE49C13547E7
samples\generated\logic\jsrcallers_k01.L5X,C:\l5x_scratch\acd\jsrcallers_k01.ACD,ok,adopted-existing,F3AAAB1196C9CECB61AC601D74F7B9446C9BB0F15407725F908D102D76909439
samples\generated\logic\jsrcallers_k02.L5X,C:\l5x_scratch\acd\jsrcallers_k02.ACD,ok,adopted-existing,B11EB081839EFB320C04585459F5A1EE49147FF780D403929FB64EECFA8FF62A
samples\generated\logic\jsrcallers_k04.L5X,C:\l5x_scratch\acd\jsrcallers_k04.ACD,ok,adopted-existing,447C922091F409D22A805A9446C8A1FF36466E5A4A96616EE6E8312B6FD8D445
samples\generated\logic\jsrcallers_k05.L5X,C:\l5x_scratch\acd\jsrcallers_k05.ACD,ok,adopted-existing,18BF90554181D43C9F04807B1CE7B63E2E3110FFAAE377B5830B5EB1AE1884D1
samples\generated\logic\jsrcallers_k10.L5X,C:\l5x_scratch\acd\jsrcallers_k10.ACD,ok,adopted-existing,E9A5CB02666E60CF64A6ED8129F28203B40CE2626F887D0FA9C9899477A68F35
samples\generated\logic\jsrcallers_k20.L5X,C:\l5x_scratch\acd\jsrcallers_k20.ACD,ok,adopted-existing,258C06467D0A374B47C0944A27A6D3D8A6BFC24C43813B3CBDDAEF30FDB9E6B7
samples\generated\logic\jsredge_in_bare_n1_r00100.L5X,C:\l5x_scratch\acd\jsredge_in_bare_n1_r00100.ACD,ok,adopted-existing,E910F2281CF5A0407C18A503B9C8DBF75F5850D4EB739D4CD22E4E4E2D8B5D16
samples\generated\logic\jsredge_in_bare_n3_r00100.L5X,C:\l5x_scratch\acd\jsredge_in_bare_n3_r00100.ACD,ok,adopted-existing,C4A41ADFC1F27BB82F1BBF4ACDA600A171032BACF2E35A1ECF8C4F0FD80BE74D
samples\generated\logic\jsredge_in_member_n1_r00100.L5X,C:\l5x_scratch\acd\jsredge_in_member_n1_r00100.ACD,ok,adopted-existing,789B119768901C4C25B3A441C914D89CE6BDEF3E3B89586EAEB2B3B06FE63164
samples\generated\logic\jsredge_in_member_n3_r00100.L5X,C:\l5x_scratch\acd\jsredge_in_member_n3_r00100.ACD,ok,adopted-existing,A61E90F247DACFF17AC091D9C67A938207D83050AE1DF8622262653FA6830C9C
samples\generated\logic\jsredge_ret_dint_n1_r00100.L5X,C:\l5x_scratch\acd\jsredge_ret_dint_n1_r00100.ACD,ok,adopted-existing,9D2EDC380FB5E232F259C02B2CC9BD2FCCFD1DDDEE39C5BEBFBDE9A79BB9BDE1
samples\generated\logic\jsredge_ret_dint_n3_r00100.L5X,C:\l5x_scratch\acd\jsredge_ret_dint_n3_r00100.ACD,ok,adopted-existing,27BFB01D3B4A779CD66ADC83D87F4C1E9D6318C481E2140FF4456E8929CD0ACC
samples\generated\logic\jsredge_ret_udt_n1_r00100.L5X,C:\l5x_scratch\acd\jsredge_ret_udt_n1_r00100.ACD,ok,adopted-existing,A8F6009B09696C1D2E76D74E935F3AD2CAA453A658C1BE02CC5EA7D3C636F202
samples\generated\logic\jsredge_ret_udt_n3_r00100.L5X,C:\l5x_scratch\acd\jsredge_ret_udt_n3_r00100.ACD,ok,adopted-existing,3B1768CA29B237F34135B14D2D94F208A90A4C9E92F5B9992A1D70C48A75ACB6
samples\generated\logic\jsr_crossed_n20_namelen16.L5X,C:\l5x_scratch\acd\jsr_crossed_n20_namelen16.ACD,ok,adopted-existing,31060847BC08B8016910002361E081C738CB15DD2C589F9435482D1EC77A837A
samples\generated\logic\jsr_crossed_n20_namelen32.L5X,C:\l5x_scratch\acd\jsr_crossed_n20_namelen32.ACD,ok,adopted-existing,A7094CC7B59EBE6A8DF0BBC9190B415448B1D5D5D05D44B76131AC5582118643
samples\generated\logic\jsr_crossed_n40_namelen16.L5X,C:\l5x_scratch\acd\jsr_crossed_n40_namelen16.ACD,ok,adopted-existing,E5FA5BAA1122EFB954A19EFFEA628563960D9B1510B19CB334DA31F66657FAD6
samples\generated\logic\jsr_crossed_n40_namelen32.L5X,C:\l5x_scratch\acd\jsr_crossed_n40_namelen32.ACD,ok,adopted-existing,4ED4D87ED23B39F5DB5A9A65A3D3393E607DD477C557A05C3369FCBDE73732EB
samples\generated\logic\jsr_mixedio_5in_2out_r01000.L5X,C:\l5x_scratch\acd\jsr_mixedio_5in_2out_r01000.ACD,ok,adopted-existing,38EA521B809654B6A7E7722F541438308B244FC9479BD94AD46062C2D7FC8A5C
samples\generated\logic\jsr_multiret_n02_r01000.L5X,C:\l5x_scratch\acd\jsr_multiret_n02_r01000.ACD,ok,adopted-existing,1D7EFAD0E68C5D5A3598E132CAD81E4BE4FB1B957E3A367EE0F316FAC6475493
samples\generated\logic\jsr_multiret_n04_r01000.L5X,C:\l5x_scratch\acd\jsr_multiret_n04_r01000.ACD,ok,adopted-existing,4E06D8CEF0263B43998C113A7C874D5F9F2E7277E827CE3A6B51DFF31CBE760B
samples\generated\logic\jsr_multi_distinct_targets_01.L5X,C:\l5x_scratch\acd\jsr_multi_distinct_targets_01.ACD,ok,adopted-existing,0EF8A4F30AF37E3DF97C75067D179BD09D9E51EE99DCF8C9EF3AF7EA62C87AB6
samples\generated\logic\jsr_multi_distinct_targets_03.L5X,C:\l5x_scratch\acd\jsr_multi_distinct_targets_03.ACD,ok,adopted-existing,A9C673B6D69CE83D48F5639F4C7734F07D0688F384520A0793B0509F02C3F16D
samples\generated\logic\jsr_multi_distinct_targets_05.L5X,C:\l5x_scratch\acd\jsr_multi_distinct_targets_05.ACD,ok,adopted-existing,9C9527A63BBB2482DF890AD5FE88D216E8AFD3B400413638E573513C1ADFE076
samples\generated\logic\jsr_multi_distinct_targets_n05.L5X,C:\l5x_scratch\acd\jsr_multi_distinct_targets_n05.ACD,ok,adopted-existing,755A1317F871936455DCF38B96D9407BD620CF8E9B1FC9C03F046ECD1A6BB9C3
samples\generated\logic\jsr_multi_distinct_targets_n10.L5X,C:\l5x_scratch\acd\jsr_multi_distinct_targets_n10.ACD,ok,adopted-existing,64049EF372A237A53E2340A31CFEEACB868273DD78EDE53CBD3CBBC9153EB30F
samples\generated\logic\jsr_multi_distinct_targets_n15.L5X,C:\l5x_scratch\acd\jsr_multi_distinct_targets_n15.ACD,ok,adopted-existing,32E66D560336D4B858F5447AAA0F64852D6B1DBC6280E0749A79B0B68D65A3AC
samples\generated\logic\jsr_multi_distinct_targets_n20.L5X,C:\l5x_scratch\acd\jsr_multi_distinct_targets_n20.ACD,ok,adopted-existing,CAFE635BE4E043D90FB7116BB19C6491BBC42DAA435602799B02747141D3B5D6
samples\generated\logic\jsr_multi_distinct_targets_n50.L5X,C:\l5x_scratch\acd\jsr_multi_distinct_targets_n50.ACD,ok,adopted-existing,96E0B8A62C5EA3AEF1DB71BF0740E524695B682A26C5DB848BF977C3F7369302
samples\generated\logic\jsr_multi_distinct_targets_namelen04.L5X,C:\l5x_scratch\acd\jsr_multi_distinct_targets_namelen04.ACD,ok,adopted-existing,E9880CE0980E70327C539EC98C1F4AC79A52E092BFAFE161D2DD93846560CC49
samples\generated\logic\jsr_multi_distinct_targets_namelen08.L5X,C:\l5x_scratch\acd\jsr_multi_distinct_targets_namelen08.ACD,ok,adopted-existing,560C67F494EBA2C814D5E5015F28A5608AD3454D75398CA2837FF1317155BAF2
samples\generated\logic\jsr_multi_distinct_targets_namelen16.L5X,C:\l5x_scratch\acd\jsr_multi_distinct_targets_namelen16.ACD,ok,adopted-existing,3C611CE84390F3B7B5998BE65EAAB8BB2D378CEC0C7ABBD51E0593CEA8D22751
samples\generated\logic\jsr_multi_distinct_targets_namelen32.L5X,C:\l5x_scratch\acd\jsr_multi_distinct_targets_namelen32.ACD,ok,adopted-existing,72B3FFC4F2752798ABCCA5EE890A43BA393E6F574500C9FD90737A8433AC05D0
samples\generated\logic\jsr_multi_distinct_targets_namelen40.L5X,C:\l5x_scratch\acd\jsr_multi_distinct_targets_namelen40.ACD,ok,adopted-existing,AC1F2CC3444ADF6A8D8B17DA742347EA1315EB01A14D242513BCB17E1BCFFF11
samples\generated\logic\jsr_paramcount_n01_r00100.L5X,C:\l5x_scratch\acd\jsr_paramcount_n01_r00100.ACD,ok,adopted-existing,0AE3B367A5DA381AC36BCB7992850683B3922C9DB480009D15CDACE8D9D5D0E2
samples\generated\logic\jsr_paramcount_n01_r01000.L5X,C:\l5x_scratch\acd\jsr_paramcount_n01_r01000.ACD,ok,adopted-existing,885DBC1ACB3364EDDF80452E2CD5EF8B68C01B084AF0E77809123D7C91A67C19
samples\generated\logic\jsr_paramcount_n02_r00100.L5X,C:\l5x_scratch\acd\jsr_paramcount_n02_r00100.ACD,ok,adopted-existing,882DF0EBF6FF2B2024531E0A44D9009E8A15ED484EA17472CCEA56DD5C44D949
samples\generated\logic\jsr_paramcount_n03_r00100.L5X,C:\l5x_scratch\acd\jsr_paramcount_n03_r00100.ACD,ok,adopted-existing,C101E38A24696DE5E20CA20C6CD3C4E8E16B4946A19416597B701540D37B1D42
samples\generated\logic\jsr_paramcount_n04_r00100.L5X,C:\l5x_scratch\acd\jsr_paramcount_n04_r00100.ACD,ok,adopted-existing,38952D5FA6A094C4964F6DCA7306C4FE4A09BADC0D627FFD99AE5E90F490B967
samples\generated\logic\jsr_paramcount_n05_r00100_decompose.L5X,C:\l5x_scratch\acd\jsr_paramcount_n05_r00100_decompose.ACD,ok,adopted-existing,C6B33215F4E66BDA366D9FA12C1289930C8A4D3DBF8883AC4491D2596ADE7474
samples\generated\logic\jsr_paramcount_n05_r01000.L5X,C:\l5x_scratch\acd\jsr_paramcount_n05_r01000.ACD,ok,adopted-existing,36E167FDD12061181C2D9DCE7463FF1C072B5022D9F21F34F9EA7AFD170B2633
samples\generated\logic\jsr_paramcount_n06_r00100.L5X,C:\l5x_scratch\acd\jsr_paramcount_n06_r00100.ACD,ok,adopted-existing,CAE02B40B6384BFF59856091C9E2CD253758816D278F245EF177DA809FDE8545
samples\generated\logic\jsr_paramcount_n07_r00010.L5X,C:\l5x_scratch\acd\jsr_paramcount_n07_r00010.ACD,ok,adopted-existing,22AFBBFAD5D575B258CC7552E66EB08706F31D3126BA730806955F3623AE4DDF
samples\generated\logic\jsr_paramcount_n08_r00100.L5X,C:\l5x_scratch\acd\jsr_paramcount_n08_r00100.ACD,ok,adopted-existing,54F1DBE9D2490D0A53E657EB3B2F8B64A155992F626C3702C7F38F463DF0CDB7
samples\generated\logic\jsr_paramcount_n08_r01000_decompose.L5X,C:\l5x_scratch\acd\jsr_paramcount_n08_r01000_decompose.ACD,ok,adopted-existing,54796D17AF8A39B3C92DE2DE874282DB4395DF2652A2952F6C7A797981B05B77
samples\generated\logic\jsr_paramcount_n09_r00010.L5X,C:\l5x_scratch\acd\jsr_paramcount_n09_r00010.ACD,ok,adopted-existing,3521F53999941C8BD509B6A84E19385B5B6EE5E681576F856D86DC3C32CE00C7
samples\generated\logic\jsr_paramcount_n10_r00100_decompose.L5X,C:\l5x_scratch\acd\jsr_paramcount_n10_r00100_decompose.ACD,ok,adopted-existing,80AC96B7D129D6FEC4BE8C988342D1D3076578FC3121C1968F308651F8FE21C2
samples\generated\logic\jsr_paramcount_n10_r01000.L5X,C:\l5x_scratch\acd\jsr_paramcount_n10_r01000.ACD,ok,adopted-existing,3A32EABE531C871FA5963DC5E924216EABA4213D60CDB8D0ED768AE238DF2EA8
samples\generated\logic\jsr_paramcount_n12_r00100.L5X,C:\l5x_scratch\acd\jsr_paramcount_n12_r00100.ACD,ok,adopted-existing,791C6BB0180C05C39FC02958B22626316A1B64809BE644B1C51061B2ACFE3FB3
samples\generated\logic\jsr_paramcount_n15_r00010.L5X,C:\l5x_scratch\acd\jsr_paramcount_n15_r00010.ACD,ok,adopted-existing,99296C751EE425EC2F8843DBFB397504A2F7E898EEB2AF21AB23E8E527B61E31
samples\generated\logic\jsr_paramtype_real_n05_r00100.L5X,C:\l5x_scratch\acd\jsr_paramtype_real_n05_r00100.ACD,ok,adopted-existing,7676ED506147BE4971AEA2659480D3A699D9D1908CA10F4342F8A98385414929
samples\generated\logic\jsr_paramtype_string_n01_r00100_iso2.L5X,C:\l5x_scratch\acd\jsr_paramtype_string_n01_r00100_iso2.ACD,ok,adopted-existing,D289FEAB9C4C2B68FDF92FDE4398FEF70E630025161B6544E379C5822AAF4E20
samples\generated\logic\jsr_paramtype_string_n03_r00100_iso2.L5X,C:\l5x_scratch\acd\jsr_paramtype_string_n03_r00100_iso2.ACD,ok,adopted-existing,E55D060A96E0FD87EDD74ED82C6432324117E926ECFFFC85A04080D14A22B177
samples\generated\logic\jsr_paramtype_string_n05_r00100.L5X,C:\l5x_scratch\acd\jsr_paramtype_string_n05_r00100.ACD,ok,adopted-existing,B06AEDF9C52E225FD660A6BA7BB1A30E0F177221EE5DEC170581A296B2532D76
samples\generated\logic\jsr_paramtype_string_n05_r00100_iso2.L5X,C:\l5x_scratch\acd\jsr_paramtype_string_n05_r00100_iso2.ACD,ok,adopted-existing,5ADAB8D3E0AFC2305EDA49CD83B949E059B0C0A22987DED62765D9D5DF6E49D9
samples\generated\logic\jsr_paramtype_udt_n01_r00100_iso2.L5X,C:\l5x_scratch\acd\jsr_paramtype_udt_n01_r00100_iso2.ACD,ok,adopted-existing,60AD03340E1CD705AFE2636EA68768FC732E7739C70CA2F5C1CBF7ECB04B7421
samples\generated\logic\jsr_paramtype_udt_n02_r00100.L5X,C:\l5x_scratch\acd\jsr_paramtype_udt_n02_r00100.ACD,ok,adopted-existing,620AEB21FECF775B63C05C9163F3D1F7BC95FB2174FF78A33E1A787ACC319DB6
samples\generated\logic\jsr_paramtype_udt_n03_r00100_iso2.L5X,C:\l5x_scratch\acd\jsr_paramtype_udt_n03_r00100_iso2.ACD,ok,adopted-existing,7FCBC5BACBB40002454E7A99FDC92648563A683C58DCB91AB8FD96FFF21610DA
samples\generated\logic\jsr_paramtype_udt_n04_r00100.L5X,C:\l5x_scratch\acd\jsr_paramtype_udt_n04_r00100.ACD,ok,adopted-existing,D6981B70CB89DF85BEF8992EE5AEA62631873A60A96E9E7610BFCC9E743BEB15
samples\generated\logic\jsr_paramtype_udt_n05_r00100.L5X,C:\l5x_scratch\acd\jsr_paramtype_udt_n05_r00100.ACD,ok,adopted-existing,4CF4117405D5F27C94A2C641FC7D25FE5DC522D792BD3B162604027DC1113969
samples\generated\logic\jsr_paramtype_udt_n05_r00100_iso2.L5X,C:\l5x_scratch\acd\jsr_paramtype_udt_n05_r00100_iso2.ACD,ok,adopted-existing,4A8C3AE5F2BBDAF895771038001F40645476649CB63F9A34087D36810A463546
samples\generated\logic\jsr_paramtype_udt_n06_r00100.L5X,C:\l5x_scratch\acd\jsr_paramtype_udt_n06_r00100.ACD,ok,adopted-existing,F91CA3BBFA2CAD2D8A4DE80897E100D30858207EF9652F165CE9A73EA13DF7A9
samples\generated\logic\jsr_paramtype_udt_n08_r00100.L5X,C:\l5x_scratch\acd\jsr_paramtype_udt_n08_r00100.ACD,ok,adopted-existing,34774199B9E96289B0D4113FA7391DE0E2ACCCCD3A2D9D53397C3ABB81700681
samples\generated\logic\lbljmp_lblonly_n01.L5X,C:\l5x_scratch\acd\lbljmp_lblonly_n01.ACD,ok,adopted-existing,C5F95F5DC882138738BB54C95AE9F869754150B72131755EFED05D58689B1724
samples\generated\logic\lbljmp_lblonly_n05.L5X,C:\l5x_scratch\acd\lbljmp_lblonly_n05.ACD,ok,adopted-existing,F973D02471BD87779602DD0B5EA0DDBA99A4C27CB1963FE62E3B05CC0A5489EA
samples\generated\logic\lbljmp_lblonly_n10.L5X,C:\l5x_scratch\acd\lbljmp_lblonly_n10.ACD,ok,adopted-existing,674533453F6FD388FC405E94D55C1C072AEA603AFBF3F9CDA8ACAD5AF3377A52
samples\generated\logic\lbljmp_manytoone_n02.L5X,C:\l5x_scratch\acd\lbljmp_manytoone_n02.ACD,ok,adopted-existing,28DC4A0200799571ECF0416CC571E24F961D35722FA497CE9B5E2A64647CF11A
samples\generated\logic\lbljmp_manytoone_n05.L5X,C:\l5x_scratch\acd\lbljmp_manytoone_n05.ACD,ok,adopted-existing,468487837AC7A23FC9BC034CF969790869C6AF949B0094ED5CD94D5F92EF51DC
samples\generated\logic\lbljmp_manytoone_n10.L5X,C:\l5x_scratch\acd\lbljmp_manytoone_n10.ACD,ok,adopted-existing,BE95E057EA5481DE13852175B57B3618F17CB5500DB55A0976D2A6249BD98DF2
samples\generated\logic\lbljmp_samename_diffroutines.L5X,C:\l5x_scratch\acd\lbljmp_samename_diffroutines.ACD,ok,adopted-existing,8478573876DAC08DEB2AEEBE045881D2F741D42074DCA4F3A9FC8BABF7365477
samples\generated\logic\litop_bool_alltag_n01000_r2.L5X,C:\l5x_scratch\acd\litop_bool_alltag_n01000_r2.ACD,ok,adopted-existing,7DED9E6910F47AEF74281F2CAFB6B2B026CF8246C9C38104C00A8E2590777D02
samples\generated\logic\litop_bool_dint_n01000_r2.L5X,C:\l5x_scratch\acd\litop_bool_dint_n01000_r2.ACD,ok,adopted-existing,8F1497DC7F19B52F7ADFE95260455051AB6B105417DC901071E16BCA664659E8
samples\generated\logic\litop_bool_one_n01000_r2.L5X,C:\l5x_scratch\acd\litop_bool_one_n01000_r2.ACD,ok,adopted-existing,F4B7998CA055D4869E465B6B67E74FDEA13DF016E93566FB0C2798421BF87F35
samples\generated\logic\litop_bool_zero_n01000_r2.L5X,C:\l5x_scratch\acd\litop_bool_zero_n01000_r2.ACD,ok,adopted-existing,65F7AF5FBE04970E708A4AA4FAB0D775016EBF72A722350A384BBE7008FB93A2
samples\generated\logic\litop_family_equ_n01000.L5X,C:\l5x_scratch\acd\litop_family_equ_n01000.ACD,ok,adopted-existing,1D2998868A9C579238218C941C5C703A1850072209283BF6810669F56E4670CE
samples\generated\logic\litop_family_jsr_n01000.L5X,C:\l5x_scratch\acd\litop_family_jsr_n01000.ACD,ok,adopted-existing,BADCE804C855296FB99BD862DAF05870D089C26249B7206E60B576D748A0031A
samples\generated\logic\litop_family_mov_n01000.L5X,C:\l5x_scratch\acd\litop_family_mov_n01000.ACD,ok,adopted-existing,1DB7C84C88BE456BC80DEF15FD9D2F5E630496C7BE69C2F517758AFABB40B0B3
samples\generated\logic\litop_fold_one_n01000.L5X,C:\l5x_scratch\acd\litop_fold_one_n01000.ACD,ok,adopted-existing,C42B5DBBCE4A6C1B576DC09926F7AE69025F622A99810FD7B11CA6788938089E
samples\generated\logic\litop_fold_two_n01000.L5X,C:\l5x_scratch\acd\litop_fold_two_n01000.ACD,ok,adopted-existing,EFD8219F686EFB332C4BC7CF028ED26516520E7EFF1D15064EFE1CE068B84651
samples\generated\logic\litop_fold_zero_n01000.L5X,C:\l5x_scratch\acd\litop_fold_zero_n01000.ACD,ok,adopted-existing,52C86A02973FAFEE6AD614F4C8085C55BDC7867706F2C3C1DC628393CEE1286E
samples\generated\logic\litop_form_dintrange_n01000.L5X,C:\l5x_scratch\acd\litop_form_dintrange_n01000.ACD,ok,adopted-existing,4D107DE3F22E7079A57E41D3E0EF7DC6088E5BF78E5E4ADF5D279DAD933B1CE2
samples\generated\logic\litop_form_floatform_n01000.L5X,C:\l5x_scratch\acd\litop_form_floatform_n01000.ACD,ok,adopted-existing,52D29A8836AF94A866AFC6A8B883198E8A299FEDAB41B1FAD014DA4BFE7FF5D3
samples\generated\logic\litop_form_intrange_n01000.L5X,C:\l5x_scratch\acd\litop_form_intrange_n01000.ACD,ok,adopted-existing,49E89EA1D582621AD8711F7A41AC3DE9248C0BBEB895092985C47641F133A7D8
samples\generated\logic\litop_form_small_n01000.L5X,C:\l5x_scratch\acd\litop_form_small_n01000.ACD,ok,adopted-existing,4CC0E34335AA755AA1C0520D342BF000AB298B993FD04F00262CD8CB6F255A1D
samples\generated\logic\litop_mam_lit_n01000.L5X,C:\l5x_scratch\acd\litop_mam_lit_n01000.ACD,ok,adopted-existing,C05CFE5310401939552D80951D92384E61BD4D3098E66172F8C457AA0838B933
samples\generated\logic\litop_mam_tag_n01000.L5X,C:\l5x_scratch\acd\litop_mam_tag_n01000.ACD,ok,adopted-existing,9A69E77D04A15CE2274E0F847E69C361CFC83AC1BFE4B0B3047534EE6FA6C693
samples\generated\logic\litop_pool_alldistinct_n01000.L5X,C:\l5x_scratch\acd\litop_pool_alldistinct_n01000.ACD,ok,adopted-existing,B3B1BEA5A10B238963C4BCD91489CED961CA08EC98C48FB7A5CE4B434B461E9A
samples\generated\logic\litop_pool_same_n01000.L5X,C:\l5x_scratch\acd\litop_pool_same_n01000.ACD,ok,adopted-existing,C670295AF762DD65B6906050CF010F0245EC437C347DEE927F16ACC6F6B0AEA8
samples\generated\logic\litop_pool_tworep_n01000.L5X,C:\l5x_scratch\acd\litop_pool_tworep_n01000.ACD,ok,adopted-existing,C08D9FCCF5409D532CD5E96EC53EC2A4751DECEACC3A792CA18C93DFE7395AD9
samples\generated\logic\litop_type_dint_lit_n01000.L5X,C:\l5x_scratch\acd\litop_type_dint_lit_n01000.ACD,ok,adopted-existing,DFB9CE79BF05782752804F360E46F66ED98C74DA7980D5DDC55CBA0FE1C6D531
samples\generated\logic\litop_type_dint_tag_n01000.L5X,C:\l5x_scratch\acd\litop_type_dint_tag_n01000.ACD,ok,adopted-existing,41F9910F851D1102D929DFB5D955580816FF21F9BCFE8453895B49E058249CE1
samples\generated\logic\litop_type_int_lit_n01000.L5X,C:\l5x_scratch\acd\litop_type_int_lit_n01000.ACD,ok,adopted-existing,54CD7661E920F12B7DA781413CB01E06A8F106668FD71C24A8D17B1C94CC8561
samples\generated\logic\litop_type_int_tag_n01000.L5X,C:\l5x_scratch\acd\litop_type_int_tag_n01000.ACD,ok,adopted-existing,521F7231B2DB0F850280B27F59AE53F5E675B5146B7507CDC7A192D225C49CA5
samples\generated\logic\litop_type_lint_lit_n01000.L5X,C:\l5x_scratch\acd\litop_type_lint_lit_n01000.ACD,ok,adopted-existing,50316D6E7C96DF9070123BFC0A9523DAF6E94B241D3363414BDC0CB3AE8E8D2C
samples\generated\logic\litop_type_lint_tag_n01000.L5X,C:\l5x_scratch\acd\litop_type_lint_tag_n01000.ACD,ok,adopted-existing,7ACDBC69E6059BFC2EEA61DEC078151CBB2CF56713F73D7832471D074144494A
samples\generated\logic\litop_type_real_lit_n01000.L5X,C:\l5x_scratch\acd\litop_type_real_lit_n01000.ACD,ok,adopted-existing,C77920F71E3034368B750248B681B69191DC56901E50EA8E2FC41C1ABAA7707F
samples\generated\logic\litop_type_real_tag_n01000.L5X,C:\l5x_scratch\acd\litop_type_real_tag_n01000.ACD,ok,adopted-existing,8833C454777CE5B03CED7661EBB939E67C1E879CB12652ACB426342CE007B02B
samples\generated\logic\litop_type_sint_lit_n01000.L5X,C:\l5x_scratch\acd\litop_type_sint_lit_n01000.ACD,ok,adopted-existing,03292D5FB71E2921ABEE54581BD4BB7DCF0663BA340363E0B3438940ECB422EF
samples\generated\logic\litop_type_sint_tag_n01000.L5X,C:\l5x_scratch\acd\litop_type_sint_tag_n01000.ACD,ok,adopted-existing,2DB0E172664BFED63FCA9D4FA3813A2A598A23ED3463FAC65A8CC8439A2D7D71
samples\generated\logic\msgtype_cip_data_table_read.L5X,C:\l5x_scratch\acd\msgtype_cip_data_table_read.ACD,ok,adopted-existing,7BDDB078B45B32B1C0D3825F190E81BE9A723949451BFC2D029D3E8E19CA0131
samples\generated\logic\msgtype_cip_data_table_write.L5X,C:\l5x_scratch\acd\msgtype_cip_data_table_write.ACD,ok,adopted-existing,77500DBB1FFE864BCB363D6F69F0570C310D8A071E593FA36666780EE78FFF0C
samples\generated\logic\msgtype_plc5_typed_read.L5X,C:\l5x_scratch\acd\msgtype_plc5_typed_read.ACD,ok,adopted-existing,D2F46691C8E14740720AFD365CF8E3CB1630C90D7F2BDEFB57EF7474EFC35510
samples\generated\logic\msgtype_plc5_typed_write.L5X,C:\l5x_scratch\acd\msgtype_plc5_typed_write.ACD,ok,adopted-existing,329B23FEA4E09483AF87093613923B3C1C07281EEBD25EC99B49BCC3B7D738FA
samples\generated\logic\msgtype_plc5_word_range_write.L5X,C:\l5x_scratch\acd\msgtype_plc5_word_range_write.ACD,ok,adopted-existing,1606FA7311A0F0DDAC5F7ED2E6859CA2199A66DA41064B0B8EF46276C41EC546
samples\generated\logic\msgtype_slc_typed_read.L5X,C:\l5x_scratch\acd\msgtype_slc_typed_read.ACD,ok,adopted-existing,53E7AE44C83F86761F800AF49C6FD25A61E5DCA8777B101FF9078B4784EADAE6
samples\generated\logic\msgtype_slc_typed_write.L5X,C:\l5x_scratch\acd\msgtype_slc_typed_write.ACD,ok,adopted-existing,A8928525128BAD22132CB2CA40264F55851B18717C8A8CA13F9594A942AACC70
samples\generated\logic\ntag_mcr_n00010.L5X,C:\l5x_scratch\acd\ntag_mcr_n00010.ACD,ok,adopted-existing,D01E0154D11BA7E0C0B9FC208A659CA813A80BA0120E609CA3FB5EE76649045C
samples\generated\logic\ntag_mcr_n00050.L5X,C:\l5x_scratch\acd\ntag_mcr_n00050.ACD,ok,adopted-existing,220B1B2F412304F778CE1AA5A4745EE96C21F488B648B6DF304AB923F1F22DDF
samples\generated\logic\ntag_mcr_n00100.L5X,C:\l5x_scratch\acd\ntag_mcr_n00100.ACD,ok,adopted-existing,EDEC1CE48DA1FF13875640F4A03ACE0B61F033E184609EC2768089B04AD8D1AF
samples\generated\logic\ntag_mcr_n01000.L5X,C:\l5x_scratch\acd\ntag_mcr_n01000.ACD,ok,adopted-existing,4084ADD4680886141DF76D827834C2F7C38D716522FF0850DBA7643914F123CA
samples\generated\logic\ntag_mcr_n05000.L5X,C:\l5x_scratch\acd\ntag_mcr_n05000.ACD,ok,adopted-existing,D9C0E2B4077B2B90A52CE1A253988CC0239FA736B6CDD6468BBA7719AA90C7E2
samples\generated\logic\ntag_tnd_n00010.L5X,C:\l5x_scratch\acd\ntag_tnd_n00010.ACD,ok,adopted-existing,3E77953CB9D4CDA14552F4056CA499122AAE323A38D0B5357B431C45E59CC18F
samples\generated\logic\ntag_tnd_n00050.L5X,C:\l5x_scratch\acd\ntag_tnd_n00050.ACD,ok,adopted-existing,80B0006A29CD89339B4F0ADBBA047F27651FD28E70D38E6209E3F15B52C36B4E
samples\generated\logic\ntag_tnd_n00100.L5X,C:\l5x_scratch\acd\ntag_tnd_n00100.ACD,ok,adopted-existing,4EE193F36ED379426F6505E27B746BB3EC8AB2CAB73344D05E4E22895F74232F
samples\generated\logic\ntag_tnd_n01000.L5X,C:\l5x_scratch\acd\ntag_tnd_n01000.ACD,ok,adopted-existing,79EDB7283F495F6D392915EC88CAC9D5FCEAEEE6B22F46A6C5E4AE1D3575E6D0
samples\generated\logic\ntag_tnd_n05000.L5X,C:\l5x_scratch\acd\ntag_tnd_n05000.ACD,ok,adopted-existing,CF7E55E7CE453DD19446D04A131994A0124FD931462343AFED392456F981293E
samples\generated\logic\ntag_uidpair_n00001.L5X,C:\l5x_scratch\acd\ntag_uidpair_n00001.ACD,ok,adopted-existing,2CC96BC787E773AC6FA394BF2CF9AE1C4FCDB34D768FECA0C19AC3D4FAA99CD9
samples\generated\logic\ntag_uidpair_n00010.L5X,C:\l5x_scratch\acd\ntag_uidpair_n00010.ACD,ok,adopted-existing,2F37AB2647545FA4E817F4B9D278B14F5A37DDB70CD936F4E87DA5EE5C60FD20
samples\generated\logic\ntag_uidpair_n00100.L5X,C:\l5x_scratch\acd\ntag_uidpair_n00100.ACD,ok,adopted-existing,A9DF0207FD14A122D7C658D9A861BA547901BBCB8788138E4FF00BC1444CD4EB
samples\generated\logic\ntag_uidpair_n01000.L5X,C:\l5x_scratch\acd\ntag_uidpair_n01000.ACD,ok,adopted-existing,E0DC95BFA2D24B72816144CACE4F04B46961D4FFC25230E602F967A80450BAFE
samples\generated\logic\ntag_uidpair_withbody_n00100.L5X,C:\l5x_scratch\acd\ntag_uidpair_withbody_n00100.ACD,ok,adopted-existing,4A86198B3B02CBCF77BF626A596871BEFB8B25B5F8D9CDD6CDB15DA1E1E8FD46
samples\generated\logic\ntag_uid_n00010.L5X,C:\l5x_scratch\acd\ntag_uid_n00010.ACD,ok,adopted-existing,3A5C2C703507C8E2EE2EFE04C81EF1B8404044919BD29F294C2073A142D2E070
samples\generated\logic\ntag_uid_n00050.L5X,C:\l5x_scratch\acd\ntag_uid_n00050.ACD,ok,adopted-existing,AA130919BF2FE3D069EDA1F779C913B6D6F5F52E882D726EC77AB0C0C3A8D5B3
samples\generated\logic\ntag_uid_n00100.L5X,C:\l5x_scratch\acd\ntag_uid_n00100.ACD,ok,adopted-existing,3880D994C360691207868EAD22D65D946701AEBD37EFA993430616E0E6C5A385
samples\generated\logic\ntag_uid_n01000.L5X,C:\l5x_scratch\acd\ntag_uid_n01000.ACD,ok,adopted-existing,5081F8421CEF8A23FB98F43CA198C461EFFFCE796219B2B1FB9B4D770C607DA7
samples\generated\logic\ntag_uid_n05000.L5X,C:\l5x_scratch\acd\ntag_uid_n05000.ACD,ok,adopted-existing,75F5B93DE4B52490E6231E963FF8C72B9E5FA8E0501C100219716D2493555CA3
samples\generated\logic\ntag_uie_n00010.L5X,C:\l5x_scratch\acd\ntag_uie_n00010.ACD,ok,adopted-existing,FC8BEB88FCD7E94F6CC9359020007580FBFCB33CF25D0AA2E996DE9ACFB79F3C
samples\generated\logic\ntag_uie_n00050.L5X,C:\l5x_scratch\acd\ntag_uie_n00050.ACD,ok,adopted-existing,3886ECB43DE2D3256998A14E02354ECD53FB1A35928E7C4362082A8FD9DE81E3
samples\generated\logic\ntag_uie_n00100.L5X,C:\l5x_scratch\acd\ntag_uie_n00100.ACD,ok,adopted-existing,53FA60CCDC5C78FDDBC384361EABC6593CF9728B8C2FC692AB5BC4B658102A2F
samples\generated\logic\ntag_uie_n01000.L5X,C:\l5x_scratch\acd\ntag_uie_n01000.ACD,ok,adopted-existing,2E16D2D12575494C030E035B01AD60990633D9BCB53293305BBDD59C15EDB1FD
samples\generated\logic\ntag_uie_n05000.L5X,C:\l5x_scratch\acd\ntag_uie_n05000.ACD,ok,adopted-existing,00058AF65E17649E4E98328A6470749C1711D2D0BF47E0C5201E72B5DA8DEAF3
samples\generated\logic\opshape_mov_dstmem_n0250.L5X,C:\l5x_scratch\acd\opshape_mov_dstmem_n0250.ACD,ok,adopted-existing,57A335EC2F0336683D37CAF80AF0C4ED118BACA8DBEA7C329C0944ABE9AF01F2
samples\generated\logic\opshape_mov_dstmem_n1000.L5X,C:\l5x_scratch\acd\opshape_mov_dstmem_n1000.ACD,ok,adopted-existing,D738674B0C0D95EF17C34996DB567230BD1288820019B652F6907BE06751C206
samples\generated\logic\opshape_mov_nest_n0250.L5X,C:\l5x_scratch\acd\opshape_mov_nest_n0250.ACD,ok,adopted-existing,9D8ECF14A401478DA4BE6D22EE43F0FCAABBD85A58443EAD68303ACD3AE001B5
samples\generated\logic\opshape_mov_nest_n1000.L5X,C:\l5x_scratch\acd\opshape_mov_nest_n1000.ACD,ok,adopted-existing,936A84AD0150FEE9F398CD4A4DEEA180E892BB5B9FC66F8321319E64420C31FD
samples\generated\logic\opshape_mov_plain_n0250.L5X,C:\l5x_scratch\acd\opshape_mov_plain_n0250.ACD,ok,adopted-existing,E50BB6AF2AD29929692BF76D444860775B4E4A702A79D6CCC6D3F2A03ED1ED36
samples\generated\logic\opshape_mov_plain_n1000.L5X,C:\l5x_scratch\acd\opshape_mov_plain_n1000.ACD,ok,adopted-existing,C7B89FA37855748A2547D32D99F53269FCD019B527371B8C433C2D0AA7D9842E
samples\generated\logic\opshape_mov_srcmem_n0250.L5X,C:\l5x_scratch\acd\opshape_mov_srcmem_n0250.ACD,ok,adopted-existing,F54B70D481E499259E4DD0AD847A3E1DBC130E04778D846CEB5648F139ACDDC8
samples\generated\logic\opshape_mov_srcmem_n1000.L5X,C:\l5x_scratch\acd\opshape_mov_srcmem_n1000.ACD,ok,adopted-existing,EEA44850510EF6D6FE16E482C671475068A112A5979DE1A67CF8777F42F61438
samples\generated\logic\opshape_ote_arrmem_n0250.L5X,C:\l5x_scratch\acd\opshape_ote_arrmem_n0250.ACD,ok,adopted-existing,98034E8FBBA2FCE73CD94AFFE89934F9F442296BD44B98F35EE5101A1CEE61A6
samples\generated\logic\opshape_ote_arrmem_n1000.L5X,C:\l5x_scratch\acd\opshape_ote_arrmem_n1000.ACD,ok,adopted-existing,B60ADAB473C52CB55655389C8ECD6B581E2FD3E007A0E2C4A514273FE336FF50
samples\generated\logic\opshape_ote_mem_n0250.L5X,C:\l5x_scratch\acd\opshape_ote_mem_n0250.ACD,ok,adopted-existing,E72B4BF463CF822F4BB70267CA64041B72893E716C81E04CB9BB8728702DF97E
samples\generated\logic\opshape_ote_mem_n1000.L5X,C:\l5x_scratch\acd\opshape_ote_mem_n1000.ACD,ok,adopted-existing,875C62D28A9BD0D94BA036E9FC7ABBE2D2D0C58CDB93EE6F6D9412A1E1A37DC2
samples\generated\logic\opshape_ote_nest_n0250.L5X,C:\l5x_scratch\acd\opshape_ote_nest_n0250.ACD,ok,adopted-existing,2979BA64E4BCB31DFC52D6E55C66B42C6A2333F84BB1EB54D3D7D5FC5DB0D5E4
samples\generated\logic\opshape_ote_nest_n1000.L5X,C:\l5x_scratch\acd\opshape_ote_nest_n1000.ACD,ok,adopted-existing,B4843AE2CCAB2F61754844E2D8B2F5B22FF79E8F8C72DEF0F5D4592ECAF422AF
samples\generated\logic\opshape_ote_plain_n0250.L5X,C:\l5x_scratch\acd\opshape_ote_plain_n0250.ACD,ok,adopted-existing,9F7C7C400260BAA2BE5B99EFF414F22EF849DE20956DEDEF0706008E2B4AEBEE
samples\generated\logic\opshape_ote_plain_n1000.L5X,C:\l5x_scratch\acd\opshape_ote_plain_n1000.ACD,ok,adopted-existing,EAEE2DC805802F95A8B64E7369DF4932B16C7A4D65A87422118F73D2D5CEB49D
samples\generated\logic\opshape_xic_arrmem_n0250.L5X,C:\l5x_scratch\acd\opshape_xic_arrmem_n0250.ACD,ok,adopted-existing,155BCA0D31F8D9AB5B0BFA083C600E5B455E03E021540FA1613125216E8BCF52
samples\generated\logic\opshape_xic_arrmem_n1000.L5X,C:\l5x_scratch\acd\opshape_xic_arrmem_n1000.ACD,ok,adopted-existing,3CAFD9156652FB59F4412257B35F76DFE8506B11A01724F783BEBF658C4A1756
samples\generated\logic\opshape_xic_bitword_n0250.L5X,C:\l5x_scratch\acd\opshape_xic_bitword_n0250.ACD,ok,adopted-existing,546A66B5FB668E239E7A790217E0801CBD25C9D9597923CD2EEDDCAC174F58AB
samples\generated\logic\opshape_xic_bitword_n1000.L5X,C:\l5x_scratch\acd\opshape_xic_bitword_n1000.ACD,ok,adopted-existing,D08C2CA10A33E7DBDDC95F95A4E27B85CC5CFD9535AA3F34B32E3E6C941628A9
samples\generated\logic\opshape_xic_mem_n0250.L5X,C:\l5x_scratch\acd\opshape_xic_mem_n0250.ACD,ok,adopted-existing,A939A065C29180089D676378E5839D36BB8CB305ED05C7C7FB2BFCF31C827BFC
samples\generated\logic\opshape_xic_mem_n1000.L5X,C:\l5x_scratch\acd\opshape_xic_mem_n1000.ACD,ok,adopted-existing,39FBCFD817FCA624646E9AD6E6558EF00C6FC601AD7C20007E800602CE403010
samples\generated\logic\opshape_xic_nest_n0250.L5X,C:\l5x_scratch\acd\opshape_xic_nest_n0250.ACD,ok,adopted-existing,02BBC1ABBCD4FF8CA474E7ABF91B5186E0683127AE4149C14E0946D2486970A4
samples\generated\logic\opshape_xic_nest_n1000.L5X,C:\l5x_scratch\acd\opshape_xic_nest_n1000.ACD,ok,adopted-existing,CECB441C3CF0F975EF204599F3998B9FADF18EB71376CBEA63AF309BE05A5B6B
samples\generated\logic\opshape_xic_plain_n0250.L5X,C:\l5x_scratch\acd\opshape_xic_plain_n0250.ACD,ok,adopted-existing,577E154186BF2FBABF502AEB2BB62FB56388AB765E9032AC6054CFBEB8D0F41A
samples\generated\logic\opshape_xic_plain_n1000.L5X,C:\l5x_scratch\acd\opshape_xic_plain_n1000.ACD,ok,adopted-existing,3F8B000E9CA08C5236832AA1E44B7B8F1A941E660D49C4A25977CD763DE61D04
samples\generated\logic\programoverhead_n02progs_1task.L5X,C:\l5x_scratch\acd\programoverhead_n02progs_1task.ACD,ok,adopted-existing,BC9671EBCA89BE4ED50248E04A65156B2E88A7A4FD3685CE422F5131B2BCBF15
samples\generated\logic\program_multi_distinct_n05.L5X,C:\l5x_scratch\acd\program_multi_distinct_n05.ACD,ok,adopted-existing,FAC6FE21EFD42E6FAA0B6DE4E6427876BBCE5129178605F215EA91598B6E50EC
samples\generated\logic\program_multi_distinct_n10.L5X,C:\l5x_scratch\acd\program_multi_distinct_n10.ACD,ok,adopted-existing,DF408B5517F586A877E0B4B48F66C70F6D7F99141002B4B42A8193C90581D84F
samples\generated\logic\program_multi_distinct_n15.L5X,C:\l5x_scratch\acd\program_multi_distinct_n15.ACD,ok,adopted-existing,25887483F7F06B63F2AE6B2F1F6F69805D244279360D0BA2830DDB72F30863CD
samples\generated\logic\program_multi_distinct_n20.L5X,C:\l5x_scratch\acd\program_multi_distinct_n20.ACD,ok,adopted-existing,1928EDAAC33F7F7A24926DF6FBAF7EE4A0252A0D5412327A8229F1E745AE8752
samples\generated\logic\program_multi_distinct_n50.L5X,C:\l5x_scratch\acd\program_multi_distinct_n50.ACD,ok,adopted-existing,484EA9F2CB4B3ADE21D6FFBF3BACBD3F0A772B81C86AE20016AFF026A4ABD2BF
samples\generated\logic\program_multi_distinct_namelen04.L5X,C:\l5x_scratch\acd\program_multi_distinct_namelen04.ACD,ok,adopted-existing,555FE37D3F6AF6023054384A4EFF8ACD6C283A88E3ADBDF648052CE65DFBF222
samples\generated\logic\program_multi_distinct_namelen08.L5X,C:\l5x_scratch\acd\program_multi_distinct_namelen08.ACD,ok,adopted-existing,13F99FDCCE01957734CC77AA5C178078D0703A3894F64155A9118A487C852285
samples\generated\logic\program_multi_distinct_namelen16.L5X,C:\l5x_scratch\acd\program_multi_distinct_namelen16.ACD,ok,adopted-existing,20F64F767BE8DEDAF8AFE5B1F9BF89611E9F3A47351094D52F9329A4CC817F69
samples\generated\logic\program_multi_distinct_namelen32.L5X,C:\l5x_scratch\acd\program_multi_distinct_namelen32.ACD,ok,adopted-existing,1D028D502234CCE24E2ACBC9F1BFF7626A60F0C6238A99E2570E2393144180EB
samples\generated\logic\program_multi_distinct_namelen40.L5X,C:\l5x_scratch\acd\program_multi_distinct_namelen40.ACD,ok,adopted-existing,C084385AF053455F5159E1C2F414A19E991F09F11430B258980911FD0BFF7B9B
samples\generated\logic\randommix_00_n00609rungs_06types.L5X,C:\l5x_scratch\acd\randommix_00_n00609rungs_06types.ACD,ok,adopted-existing,3394E9AABC8C581CE03CC53C358E23E6AE4FDC1BE259F18CFB090245F98095B3
samples\generated\logic\randommix_01_n00505rungs_05types.L5X,C:\l5x_scratch\acd\randommix_01_n00505rungs_05types.ACD,ok,adopted-existing,66C73720223BFD4515A60CD30BB8AE4ACD05294305D0FFE91617E40373DFAB23
samples\generated\logic\randommix_02_n00564rungs_05types.L5X,C:\l5x_scratch\acd\randommix_02_n00564rungs_05types.ACD,ok,adopted-existing,72D8F79173C413EEF93AECB03F08AF7F911A9EBB8C0C00A482429997CFE7C01B
samples\generated\logic\randommix_03_n00724rungs_09types.L5X,C:\l5x_scratch\acd\randommix_03_n00724rungs_09types.ACD,ok,adopted-existing,9DF420525007DFD6EBB755B7464F088BBBDD985026EB985F9B597C69E310FF73
samples\generated\logic\randommix_04_n01019rungs_10types.L5X,C:\l5x_scratch\acd\randommix_04_n01019rungs_10types.ACD,ok,adopted-existing,C9F13493C9C0E5ED129D52CD19CCD95FA03E1C1E858D565C62BB235AF7C24073
samples\generated\logic\randommix_05_n27267rungs_23types.L5X,C:\l5x_scratch\acd\randommix_05_n27267rungs_23types.ACD,ok,adopted-existing,CAC1FA88D4163F7DEB95B4EB8B07072C73F1E0F285450E369C80EF107E9146AB
samples\generated\logic\randommix_06_n18542rungs_19types.L5X,C:\l5x_scratch\acd\randommix_06_n18542rungs_19types.ACD,ok,adopted-existing,59FE9D85965284B5B942122EE12FB5983EAF8CA4C4B27E131FDE5E86A440B327
samples\generated\logic\randommix_07_n19811rungs_24types.L5X,C:\l5x_scratch\acd\randommix_07_n19811rungs_24types.ACD,ok,adopted-existing,2D9914A9D605921EF1DDAE98A0DEF8FF5BB616A2C0DD0EE67136E946D04B4915
samples\generated\logic\realscale_jsrsplit_k0010.L5X,C:\l5x_scratch\acd\realscale_jsrsplit_k0010.ACD,ok,adopted-existing,37B62A6FF3CF516A057DB0BD1EB818D447EE8CCFC0B4FFB30BD45C9FF31275AB
samples\generated\logic\realscale_jsrsplit_k0050.L5X,C:\l5x_scratch\acd\realscale_jsrsplit_k0050.ACD,ok,adopted-existing,543F1CBDFE7978F0BD37D08C17DE12A798E3AAE58FFF5F7B2899D4E0CE938C4A
samples\generated\logic\realscale_jsrsplit_k0250.L5X,C:\l5x_scratch\acd\realscale_jsrsplit_k0250.ACD,ok,adopted-existing,995AF95F53F5120861D61B3D239D5E61CB4ED7CC536D19E88F3E4453233A9F83
samples\generated\logic\realscale_jsrtgt_xic_n00010.L5X,C:\l5x_scratch\acd\realscale_jsrtgt_xic_n00010.ACD,ok,adopted-existing,8CF704FE5BCEDF7E1005278A2C6A1473971FF332945F40DC72477D8644BA4931
samples\generated\logic\realscale_jsrtgt_xic_n00050.L5X,C:\l5x_scratch\acd\realscale_jsrtgt_xic_n00050.ACD,ok,adopted-existing,47D3579506D3DC7D80A9347CF0BD17E350120777D13C233EAB549E73115C61A3
samples\generated\logic\realscale_jsrtgt_xic_n00100.L5X,C:\l5x_scratch\acd\realscale_jsrtgt_xic_n00100.ACD,ok,adopted-existing,95DC55EA70D183860CC1C527A5F150E24804952AF0276EFE695628DE773F0B08
samples\generated\logic\realscale_jsrtgt_xic_n01000.L5X,C:\l5x_scratch\acd\realscale_jsrtgt_xic_n01000.ACD,ok,adopted-existing,2F78727B5A4636C699FB325D06D30FA1BC8B1B1F92EE0E58AFE8E128F5EA5A08
samples\generated\logic\realscale_jsrtgt_xic_n05000.L5X,C:\l5x_scratch\acd\realscale_jsrtgt_xic_n05000.ACD,ok,adopted-existing,68A8A580428D337FA52E11C87D51E2F3CE7893DF7190057B3695601242E2019D
samples\generated\logic\realscale_jsrtgt_xic_n10000.L5X,C:\l5x_scratch\acd\realscale_jsrtgt_xic_n10000.ACD,ok,adopted-existing,57F581CC603D31C4B482BBD3CB0D6952E71490E65D3FC804727BB27D5EF4E3C5
samples\generated\logic\realscale_jsrtgt_xic_n15000.L5X,C:\l5x_scratch\acd\realscale_jsrtgt_xic_n15000.ACD,ok,adopted-existing,4455871FFAE84ABA8447670DABCADAE4D27D149073E5CA8FB5B25503CB9A7EB3
samples\generated\logic\realscale_jsrtgt_xic_n22500.L5X,C:\l5x_scratch\acd\realscale_jsrtgt_xic_n22500.ACD,ok,adopted-existing,E04A1B58F0EF4F563D2065CE02BFC60A1E46B0B26F427393B0ADFD6814982FED
samples\generated\logic\realscale_st_n00000.L5X,C:\l5x_scratch\acd\realscale_st_n00000.ACD,ok,adopted-existing,C76B3DEA32F32097173FFCC3719E6A069795CDC379AFB416E4BD66CB832B4EB8
samples\generated\logic\realscale_st_n00025.L5X,C:\l5x_scratch\acd\realscale_st_n00025.ACD,ok,adopted-existing,054BFA68FD0AA880F78D48B42C9F4CA086D629016795334AFA1BF44B9FBB376C
samples\generated\logic\realscale_st_n00100.L5X,C:\l5x_scratch\acd\realscale_st_n00100.ACD,ok,adopted-existing,F21FE2F7B33E4AE473F03DAC138D3B7470CA5168C55EC21C8ED8AF2D8D6AD5AE
samples\generated\logic\realscale_st_n00400.L5X,C:\l5x_scratch\acd\realscale_st_n00400.ACD,ok,adopted-existing,6153D8E856F68592D287F6E794AF4344467296108D1867ADDFDB805FF3E58C55
samples\generated\logic\realscale_st_n01000.L5X,C:\l5x_scratch\acd\realscale_st_n01000.ACD,ok,adopted-existing,EF492E68E2C9A30D19DECFDD4DA4EC4CF8DDDAAC460813402705D10190BEDB1B
samples\generated\logic\rshape_arr_legs01_n00500.L5X,C:\l5x_scratch\acd\rshape_arr_legs01_n00500.ACD,ok,adopted-existing,637E486CD263C6F1F4402D83BF3D6B42825C976C3F74AA741B0E57D621AB98C1
samples\generated\logic\rshape_arr_legs02_n00500.L5X,C:\l5x_scratch\acd\rshape_arr_legs02_n00500.ACD,ok,adopted-existing,6C0E486553AC8FF82D208EF8BE646B8756B770C91771119A49EACCC55E17BA2D
samples\generated\logic\rshape_arr_legs04_n00500.L5X,C:\l5x_scratch\acd\rshape_arr_legs04_n00500.ACD,ok,adopted-existing,6AB5A6031C1975FB1D865994868D0A17BBFA285732943E61D20259140F74CECC
samples\generated\logic\rshape_arr_legs08_n00500.L5X,C:\l5x_scratch\acd\rshape_arr_legs08_n00500.ACD,ok,adopted-existing,D64CF9506F2FE19C635C83514F6C076075D5972DE7CB9E149DE1C11AF398B757
samples\generated\logic\rshape_mix_branch_n00500.L5X,C:\l5x_scratch\acd\rshape_mix_branch_n00500.ACD,ok,adopted-existing,40EE24754BC693AB32E977CE20CE4D859D2B21B861FFF8610DA8E77E9EE163A0
samples\generated\logic\rshape_mix_series_n00500.L5X,C:\l5x_scratch\acd\rshape_mix_series_n00500.ACD,ok,adopted-existing,108F1B7B37653AFFDB16C5335EDDD20165D29AD7380F500AF18014DBC3CE52B3
samples\generated\logic\rshape_pack_i01_n04000i.L5X,C:\l5x_scratch\acd\rshape_pack_i01_n04000i.ACD,ok,adopted-existing,EC9C788133925B0B08E64D10A9C0969D015848926BB34FFA69A91D2093745C03
samples\generated\logic\rshape_pack_i02_n04000i.L5X,C:\l5x_scratch\acd\rshape_pack_i02_n04000i.ACD,ok,adopted-existing,8A4AB9ED0AAB511B834CF4E84F6CFD2E7E84BAE36A9575ED3FCB66877CD92D3E
samples\generated\logic\rshape_pack_i04_n04000i.L5X,C:\l5x_scratch\acd\rshape_pack_i04_n04000i.ACD,ok,adopted-existing,41023517FB06A71B045E174C820CF91A109FDF9CE1CBC84A79686A33889FC30A
samples\generated\logic\rshape_pack_i08_n04000i.L5X,C:\l5x_scratch\acd\rshape_pack_i08_n04000i.ACD,ok,adopted-existing,86EF9D937CAEE04A9194DAD355BFA5661A15EC6D717454C1931B76D71EC05E90
samples\generated\logic\rshape_pack_i16_n04000i.L5X,C:\l5x_scratch\acd\rshape_pack_i16_n04000i.ACD,ok,adopted-existing,0EC362BDEC5D257019D40B4BB85DDF31D9CFB25191975EF4134469C7D3A1E7B4
samples\generated\logic\rshape_sub2d_a_flat_n00500.L5X,C:\l5x_scratch\acd\rshape_sub2d_a_flat_n00500.ACD,ok,adopted-existing,DA44A6B58C207A7165F9360F25F810E1AFA7BBAE18937C1D170E75334B978FC9
samples\generated\logic\rshape_sub2d_b_decl_n00500.L5X,C:\l5x_scratch\acd\rshape_sub2d_b_decl_n00500.ACD,ok,adopted-existing,132D876747446E39966063A3373929120209FED10177D5705765BFCF1C0F99F7
samples\generated\logic\rshape_sub2d_c_ref_n00500.L5X,C:\l5x_scratch\acd\rshape_sub2d_c_ref_n00500.ACD,ok,adopted-existing,EB661CCFAE9C21D41BEF75973F3B3B42A2F955AA07A6CD50E0D4FC4DE0C30770
samples\generated\logic\rungpack_equ_k01.L5X,C:\l5x_scratch\acd\rungpack_equ_k01.ACD,ok,adopted-existing,FF917F02424F671E93F3FB6A652CF99C9B1F5052BE3EC67D48211686679EA6DD
samples\generated\logic\rungpack_equ_k02.L5X,C:\l5x_scratch\acd\rungpack_equ_k02.ACD,ok,adopted-existing,B4DE9961661A842A80ADA4E53F17805623FB38D4B43A5BCF270FCD6D6B137DF1
samples\generated\logic\rungpack_equ_k04.L5X,C:\l5x_scratch\acd\rungpack_equ_k04.ACD,ok,adopted-existing,C7078DC7CB886F8A16FBDDE470ABA55CDE44798C06F9AE49756800CB0860B298
samples\generated\logic\rungpack_equ_k08.L5X,C:\l5x_scratch\acd\rungpack_equ_k08.ACD,ok,adopted-existing,45835553EA156AF4EB44D86B2C2CE7CEBA7B788B1EFD0031C19BA659EB73E56F
samples\generated\logic\rungpack_equ_k16.L5X,C:\l5x_scratch\acd\rungpack_equ_k16.ACD,ok,adopted-existing,8F49D9A8D5DF37AE96756C842C541D1A1CFE789A68091ECCEA1118D172AEF125
samples\generated\logic\rungpack_equ_k40.L5X,C:\l5x_scratch\acd\rungpack_equ_k40.ACD,ok,adopted-existing,8A5BD01766CE22C08916C7ECE9B76B8F067F51B345D569CA0B28F2DAEEE90AD7
samples\generated\logic\rungpack_xic_k01.L5X,C:\l5x_scratch\acd\rungpack_xic_k01.ACD,ok,adopted-existing,AEFBDE477A354FEF918207A692D4C12A51A3A806F494C7916EBA07692743C5F8
samples\generated\logic\rungpack_xic_k02.L5X,C:\l5x_scratch\acd\rungpack_xic_k02.ACD,ok,adopted-existing,040DB0599C43DD5C34DD4544A84EAFB39DF5279789E132F41C59C87EFFCEAEE6
samples\generated\logic\rungpack_xic_k04.L5X,C:\l5x_scratch\acd\rungpack_xic_k04.ACD,ok,adopted-existing,3600CEE6F6EE7747D5CE99286055920F5C69E7C27AD2C3C4FADEB068A9EEA26F
samples\generated\logic\rungpack_xic_k08.L5X,C:\l5x_scratch\acd\rungpack_xic_k08.ACD,ok,adopted-existing,E6704A21508319E83D33F18EEEB671284603DC31C8D958E07D618D3130A25DE2
samples\generated\logic\rungpack_xic_k16.L5X,C:\l5x_scratch\acd\rungpack_xic_k16.ACD,ok,adopted-existing,C00DAFFEABA8675FEA9936C1145A6D54BC95A00D14D1BFAEDDF10F77431FCCF4
samples\generated\logic\rungpack_xic_k40.L5X,C:\l5x_scratch\acd\rungpack_xic_k40.ACD,ok,adopted-existing,80198586C29D9AD01573E2A11E63B8C23AD3843BC1ADF7CFF20E8DDB399056DC
samples\generated\logic\shellscale_crossed_01prog_x100rtn.L5X,C:\l5x_scratch\acd\shellscale_crossed_01prog_x100rtn.ACD,ok,adopted-existing,62A79DB8C6FA1BA67FC4F3B122CA2990AB98B54440E2097ACC8B2EF9A567F8CC
samples\generated\logic\shellscale_crossed_05prog_x020rtn.L5X,C:\l5x_scratch\acd\shellscale_crossed_05prog_x020rtn.ACD,ok,adopted-existing,E447F40789A5C44A4697778A2A8226A4FC7297C823D0FC72A30EA0CC3648A212
samples\generated\logic\shellscale_crossed_20prog_x005rtn.L5X,C:\l5x_scratch\acd\shellscale_crossed_20prog_x005rtn.ACD,ok,adopted-existing,6B98B2E625FBEA1B4E81923A4A74EC4188300EAAF61B2F46688B16268E1C2B11
samples\generated\logic\shellscale_crossed_50prog_x002rtn.L5X,C:\l5x_scratch\acd\shellscale_crossed_50prog_x002rtn.ACD,ok,adopted-existing,FC0302045ECAE0C8463D569F7749E1153F3FEEA74528BE09FC57E872D083E73B
samples\generated\logic\shellscale_programs_n001.L5X,C:\l5x_scratch\acd\shellscale_programs_n001.ACD,ok,adopted-existing,C4D4FFF45AAAA9ACAD2C3488D10DDAA65DDB1E9D86E5FD800AD94E940D96128A
samples\generated\logic\shellscale_programs_n002.L5X,C:\l5x_scratch\acd\shellscale_programs_n002.ACD,ok,adopted-existing,880A85A92D80DD9F8C5B5063619C716F8415CE7F12489A7437FB3930A23A1D50
samples\generated\logic\shellscale_programs_n005.L5X,C:\l5x_scratch\acd\shellscale_programs_n005.ACD,ok,adopted-existing,32A286DCC87B358B2B8206DC0EC51F6875B94EB165678F242610D4D457AB9D2C
samples\generated\logic\shellscale_programs_n010.L5X,C:\l5x_scratch\acd\shellscale_programs_n010.ACD,ok,adopted-existing,1A571FC9EEE42223BA639CF132277AD6DFB1687C6306BF0B3F68B3051BF992B9
samples\generated\logic\shellscale_programs_n020.L5X,C:\l5x_scratch\acd\shellscale_programs_n020.ACD,ok,adopted-existing,0B1B6097CB1261E1F30E27BFDF3A91B383840BBD10323738CBD0A8DADADA4616
samples\generated\logic\shellscale_programs_n030.L5X,C:\l5x_scratch\acd\shellscale_programs_n030.ACD,ok,adopted-existing,A5F331080EA800B2D96E61EF83A688E5EF8B7791E317D70C7E1C2FFBAE77D5ED
samples\generated\logic\shellscale_programs_n040.L5X,C:\l5x_scratch\acd\shellscale_programs_n040.ACD,ok,adopted-existing,FF3655F008EABFBF5C464F4EB109446F232D96E183AABBAF4B34C44D6A25B9E3
samples\generated\logic\shellscale_routines_n001.L5X,C:\l5x_scratch\acd\shellscale_routines_n001.ACD,ok,adopted-existing,CCE188DF910283E9C73943EBA97E8C5C29DC14762C2E0CAAC037A4BE3F2A7074
samples\generated\logic\shellscale_routines_n002.L5X,C:\l5x_scratch\acd\shellscale_routines_n002.ACD,ok,adopted-existing,C261941AA5813E7FA281D18C96E319A45BCBD4E252CF350690B0A518EC66A5F0
samples\generated\logic\shellscale_routines_n005.L5X,C:\l5x_scratch\acd\shellscale_routines_n005.ACD,ok,adopted-existing,162690BAB113AAF39AAB4A34336B414D108E53A0E4D244F4E0774A83CEB8281A
samples\generated\logic\shellscale_routines_n010.L5X,C:\l5x_scratch\acd\shellscale_routines_n010.ACD,ok,adopted-existing,61F4CA21F0C72D1E7BAABC625EC3BC00890A9E721760262BB5CEFA0D81D1713A
samples\generated\logic\shellscale_routines_n025.L5X,C:\l5x_scratch\acd\shellscale_routines_n025.ACD,ok,adopted-existing,67D9A81AE37868FB9C2F152435389C09EB5B0E9524004DA58DB6BC9D71E3DE0C
samples\generated\logic\shellscale_routines_n050.L5X,C:\l5x_scratch\acd\shellscale_routines_n050.ACD,ok,adopted-existing,A5EE59033F4A5384B7E39EA6837E09B347446EE19B1D4C82C21D256BEF22F92C
samples\generated\logic\shellscale_routines_n100.L5X,C:\l5x_scratch\acd\shellscale_routines_n100.ACD,ok,adopted-existing,53AD1646A12BB2D6FD93214D51CCDC72DE345DBCF0AB39AECC3EF341FD7B7973
samples\generated\logic\shellscale_routines_n200.L5X,C:\l5x_scratch\acd\shellscale_routines_n200.ACD,ok,adopted-existing,F652F3651DE32465480CE7B0E3EE16600421D9735590AA3F6FB02D16DC2975F3
samples\generated\logic\sroutc_c01_k01_n01000.L5X,C:\l5x_scratch\acd\sroutc_c01_k01_n01000.ACD,ok,adopted-existing,FEFFBB7463EF00D1E32B869EF424B513881B2CB70F0D0C8EED2C77723FDEF131
samples\generated\logic\sroutc_c01_k02_n01000.L5X,C:\l5x_scratch\acd\sroutc_c01_k02_n01000.ACD,ok,adopted-existing,55B58C4F9B91E237E1EB3B3D8BE7E5C6F912CFD3225F8078A52BA73137A94B43
samples\generated\logic\sroutc_c01_k04_n01000.L5X,C:\l5x_scratch\acd\sroutc_c01_k04_n01000.ACD,ok,adopted-existing,5BE582BD1C5149B5A136F352C439B4C952C1A465A0F7C8970B58327FFA426613
samples\generated\logic\sroutc_c01_k08_n01000.L5X,C:\l5x_scratch\acd\sroutc_c01_k08_n01000.ACD,ok,adopted-existing,941C9D2841BA8740CE5DD1FD67572B36559E715BDD4DBD4B6653796D16C1168D
samples\generated\logic\sroutc_c02_k01_n01000.L5X,C:\l5x_scratch\acd\sroutc_c02_k01_n01000.ACD,ok,adopted-existing,9262F968D8F1CA43E00FF19E7A7BAFBDE9EC5C33A01F6B182054F46A43E108B3
samples\generated\logic\sroutc_c02_k02_n01000.L5X,C:\l5x_scratch\acd\sroutc_c02_k02_n01000.ACD,ok,adopted-existing,DDE4FA365AE6D8475D58951FBA172DED86030C51F3081677C9CD2205CEE01E43
samples\generated\logic\sroutc_c02_k04_n01000.L5X,C:\l5x_scratch\acd\sroutc_c02_k04_n01000.ACD,ok,adopted-existing,6BE6CBE983AFC573BCAAE8DE9BA72FD57C0D31C73466F70BF0DA7EAE617DAD09
samples\generated\logic\sroutc_c02_k08_n01000.L5X,C:\l5x_scratch\acd\sroutc_c02_k08_n01000.ACD,ok,adopted-existing,C0AE63318474205A3E43BBAB1080D1A9E3BCB1A664B50E38C6A91EE52D232AAB
samples\generated\logic\sroutc_c04_k01_n01000.L5X,C:\l5x_scratch\acd\sroutc_c04_k01_n01000.ACD,ok,adopted-existing,734A76D33537C2905D48AD99CB7CF4293ACB045867BC95AD54034259F2F1F983
samples\generated\logic\sroutc_c04_k02_n01000.L5X,C:\l5x_scratch\acd\sroutc_c04_k02_n01000.ACD,ok,adopted-existing,F7D8EACFC99605D0D0C817F92563023D45FCF7026E5F90986426FD1878539618
samples\generated\logic\sroutc_c04_k04_n01000.L5X,C:\l5x_scratch\acd\sroutc_c04_k04_n01000.ACD,ok,adopted-existing,100BEFA6EDD93A909FDAEDB1316CA692D0F397CF873D6B0D922422523737BDA7
samples\generated\logic\sroutc_c04_k08_n01000.L5X,C:\l5x_scratch\acd\sroutc_c04_k08_n01000.ACD,ok,adopted-existing,36B8BDC5938F47F92ED4EF645D494219D55B4F221590E7B8EFEAC85CB381699A
samples\generated\logic\srout_branch_k02_n01000.L5X,C:\l5x_scratch\acd\srout_branch_k02_n01000.ACD,ok,adopted-existing,E419E184BE62B9E6E96CF5022DA0C1796C6DB77050238D25425AB2EA64C50B05
samples\generated\logic\srout_branch_k04_n01000.L5X,C:\l5x_scratch\acd\srout_branch_k04_n01000.ACD,ok,adopted-existing,E0313523E8C8B0CB880840CEC536187C7F456E84906CFBF8926465AF45CFDFAD
samples\generated\logic\srout_branch_k08_n01000.L5X,C:\l5x_scratch\acd\srout_branch_k08_n01000.ACD,ok,adopted-existing,E514C7E796A3A6E13614EF834A3B5CE28B6114894F558DBB98588C9B6E09DFB0
samples\generated\logic\srout_mixed_k04_n01000.L5X,C:\l5x_scratch\acd\srout_mixed_k04_n01000.ACD,ok,adopted-existing,17E7F72F21FFC40244D94FB909F630D4A18D01B8898297C0F3E377B5DDD2D834
samples\generated\logic\srout_oteuniq_k02_n00200.L5X,C:\l5x_scratch\acd\srout_oteuniq_k02_n00200.ACD,ok,adopted-existing,80A7A15B5DCA38A4E98778B26A3DEF6B19AD60EBF627A2A0A21464961D305519
samples\generated\logic\srout_oteuniq_k04_n00200.L5X,C:\l5x_scratch\acd\srout_oteuniq_k04_n00200.ACD,ok,adopted-existing,FBDE0D76754BC50B9D2F6C0E8EB1BF04AE137967F30CF1E18C5745A26BF5F171
samples\generated\logic\srout_oteuniq_k08_n00200.L5X,C:\l5x_scratch\acd\srout_oteuniq_k08_n00200.ACD,ok,adopted-existing,C63C38BAF692E3CDE8EE3D4965E7A2F92B43CD57A6CADB4E79C58ECB024B259A
samples\generated\logic\srout_ote_k01_n01000.L5X,C:\l5x_scratch\acd\srout_ote_k01_n01000.ACD,ok,adopted-existing,800BA468800A61ACC6DBB3522500B36328C6E5328624F04E84F7D4141A372E86
samples\generated\logic\srout_ote_k02_n01000.L5X,C:\l5x_scratch\acd\srout_ote_k02_n01000.ACD,ok,adopted-existing,857C27E534E9CB7A808C4341524286C200FE69DDFC57119F94D2E05E00391CB9
samples\generated\logic\srout_ote_k03_n01000.L5X,C:\l5x_scratch\acd\srout_ote_k03_n01000.ACD,ok,adopted-existing,804ACDFE2D931F977AEF274CDE80077AC106A355E09660B20B649900CBB5D439
samples\generated\logic\srout_ote_k04_n01000.L5X,C:\l5x_scratch\acd\srout_ote_k04_n01000.ACD,ok,adopted-existing,967E62C65F5DA1ABDAB56E5F8AF5CED9B9757D21736B756257317CCBAEC68BC5
samples\generated\logic\srout_ote_k05_n01000.L5X,C:\l5x_scratch\acd\srout_ote_k05_n01000.ACD,ok,adopted-existing,28D2ED12FD900923524D038AFD253467D14B9EF473B964A81F0040A52944690F
samples\generated\logic\srout_ote_k06_n01000.L5X,C:\l5x_scratch\acd\srout_ote_k06_n01000.ACD,ok,adopted-existing,FF78AFE4BF5C9300D7ACC50C4332829648E6AC307287DD1B753508D2518DAF6C
samples\generated\logic\srout_ote_k07_n01000.L5X,C:\l5x_scratch\acd\srout_ote_k07_n01000.ACD,ok,adopted-existing,419D501D68AF4C5321BD13C44BC6642BF6DCBA0D0DF17FB8F44786CE5279733E
samples\generated\logic\srout_ote_k08_n01000.L5X,C:\l5x_scratch\acd\srout_ote_k08_n01000.ACD,ok,adopted-existing,2887ABB1CFB68F0444E6DBA1B3A4E729F819F6A76B96BECD8A0E19C3DEB45AEB
samples\generated\logic\srout_same_k04_n01000.L5X,C:\l5x_scratch\acd\srout_same_k04_n01000.ACD,ok,adopted-existing,783E65046806B9392B9FE7C350AE336F88724BAB630CEE767C728269AB5FC3F2
samples\generated\logic\stc2_prem2_and.L5X,C:\l5x_scratch\acd\stc2_prem2_and.ACD,ok,adopted-existing,60E9DE54FEF1DD0E1BE7BA27F29F9E99BFCFD4E971C929CF3013CD011C9004FA
samples\generated\logic\stc2_prem2_or.L5X,C:\l5x_scratch\acd\stc2_prem2_or.ACD,ok,adopted-existing,C8FD07E444D01AB7C78AA212F04BE70EA6E39F8C861BA7F6169D282A20DB965D
samples\generated\logic\stc2_prem2_pow.L5X,C:\l5x_scratch\acd\stc2_prem2_pow.ACD,ok,adopted-existing,3DF7C4501FF1E3F469E26A57044CDAAD00126D02E1D881D333F0DE1B34FB6338
samples\generated\logic\stc2_prem2_xor.L5X,C:\l5x_scratch\acd\stc2_prem2_xor.ACD,ok,adopted-existing,02D1FE7E8FCBF28658EEDC674467FCA1F091A54BFF3235A36DDAA6EBF46D624E
samples\generated\logic\stc2_premreal2_mul.L5X,C:\l5x_scratch\acd\stc2_premreal2_mul.ACD,ok,adopted-existing,E8135785F089D89964014A655E3AF3B25D6B04D073974481B0D28FD13939708A
samples\generated\logic\stc2_premreal2_pow.L5X,C:\l5x_scratch\acd\stc2_premreal2_pow.ACD,ok,adopted-existing,1A806D57F5CCA0ED28F8E9A26FA89F3C2150D0DBC84F453A231661ED181846CF
samples\generated\logic\stc_callone_n00010.L5X,C:\l5x_scratch\acd\stc_callone_n00010.ACD,ok,adopted-existing,D6048F7FCF0E6279B0A2822506CA315699049DFD408B91C7B1C654557472127A
samples\generated\logic\stc_callone_n00100.L5X,C:\l5x_scratch\acd\stc_callone_n00100.ACD,ok,adopted-existing,366F9656C7CB11503DC75F50897BD0A475599EA5D86176ECA22EF933A58D73D6
samples\generated\logic\stc_callone_n01000.L5X,C:\l5x_scratch\acd\stc_callone_n01000.ACD,ok,adopted-existing,BFC4F2D9178F06C29A0BAC58DFE079D6D52970AED685C94B37F86762EB2C98B8
samples\generated\logic\stc_conv_int.L5X,C:\l5x_scratch\acd\stc_conv_int.ACD,ok,adopted-existing,5A9595E4FF24F895B2697B6F19676BA7C232E199E8AA8374A664FAC15E349D6D
samples\generated\logic\stc_conv_lint.L5X,C:\l5x_scratch\acd\stc_conv_lint.ACD,ok,adopted-existing,835D39E29D86AE5763707C0335FE3DB75F3C125B2E24CBC898EBE655251239F0
samples\generated\logic\stc_conv_mixed.L5X,C:\l5x_scratch\acd\stc_conv_mixed.ACD,ok,adopted-existing,EB8944923114E2399D1A7DA324D65665279E835D8DF9AEA2914EA84E2E87EDB6
samples\generated\logic\stc_conv_sint.L5X,C:\l5x_scratch\acd\stc_conv_sint.ACD,ok,adopted-existing,C3A2B0AE1E41B180DC1E1CE623FB13FE64DCA2215C01A3FABB7C305636604C01
samples\generated\logic\stc_opkind_or.L5X,C:\l5x_scratch\acd\stc_opkind_or.ACD,ok,adopted-existing,A80E7E292C81C15B6648E585855389DC3E6285E206EACAA265D16F872112E8EB
samples\generated\logic\stc_opkind_pow.L5X,C:\l5x_scratch\acd\stc_opkind_pow.ACD,ok,adopted-existing,3594DFF72315EF2146C07C080C70FA62B40419A78FFE5644E5758DC686B5C5EF
samples\generated\logic\stc_prem1_add.L5X,C:\l5x_scratch\acd\stc_prem1_add.ACD,ok,adopted-existing,8B1445C54590F3312E829E2E4B18989847E2064723AF0BCBC99215E4E272081A
samples\generated\logic\stc_prem1_and.L5X,C:\l5x_scratch\acd\stc_prem1_and.ACD,ok,adopted-existing,A03EEEFFC081173EF26A28D79D64031DE5158FBDD2105AEF5522FBB8890E70EA
samples\generated\logic\stc_prem1_div.L5X,C:\l5x_scratch\acd\stc_prem1_div.ACD,ok,adopted-existing,6F7056B78C43A99FCC2A3CF5D11E32E258AF38212823B56B9BF1EC4E26DAFB23
samples\generated\logic\stc_prem1_mod.L5X,C:\l5x_scratch\acd\stc_prem1_mod.ACD,ok,adopted-existing,AB71FD46D5EFA2BFCA97EF9C0F23B3DCB856F29FD4D0821420B5D56EB565395C
samples\generated\logic\stc_prem1_mul.L5X,C:\l5x_scratch\acd\stc_prem1_mul.ACD,ok,adopted-existing,493F354CDBA153F08C282BF557194BB56A6CD8B5CA330857FBC760A15A046692
samples\generated\logic\stc_prem1_or.L5X,C:\l5x_scratch\acd\stc_prem1_or.ACD,ok,adopted-existing,EF79BAEB50659D0E401BD4D25F7E4DD600A5E73EAE61943D780200F3BAA61694
samples\generated\logic\stc_prem1_pow.L5X,C:\l5x_scratch\acd\stc_prem1_pow.ACD,ok,adopted-existing,1F02CFDC4A5BA591CE8A7BCE0336A619BEE3B84052731915A45540A8154E310C
samples\generated\logic\stc_prem1_sub.L5X,C:\l5x_scratch\acd\stc_prem1_sub.ACD,ok,adopted-existing,ED4F2991CB81AD89A99921936CA8B2E2B757DCCBE6D3DD0EF27199E3BE3406FA
samples\generated\logic\stc_prem1_xor.L5X,C:\l5x_scratch\acd\stc_prem1_xor.ACD,ok,adopted-existing,53381EB9346FC78DCDC9DB03307870A2C79200249018109F2E8C45FADDE3CC9A
samples\generated\logic\stc_premreal_add.L5X,C:\l5x_scratch\acd\stc_premreal_add.ACD,ok,adopted-existing,74BD861559BA50651987153ECD84B1D6E5CD43C658C7097DB1FA154D20F70288
samples\generated\logic\stc_premreal_mul.L5X,C:\l5x_scratch\acd\stc_premreal_mul.ACD,ok,adopted-existing,320E0DA3AFD8540D9C8E9FBDE3938A4FB31092FD85A9C2B760F0FDDB68A195AC
samples\generated\logic\stc_premreal_pow.L5X,C:\l5x_scratch\acd\stc_premreal_pow.ACD,ok,adopted-existing,080E06FBBC2C50D2C41EB5C09C0329423065AD2ECE77C3AB9763C5F405BFF6D2
samples\generated\logic\stringcop_builtin_data_n01.L5X,C:\l5x_scratch\acd\stringcop_builtin_data_n01.ACD,ok,adopted-existing,BF28AFE5CC6EEFEE3EEBD0E8925CB1061406C1C3A720D9E6F31D22037BE4707F
samples\generated\logic\stringcop_builtin_data_n10.L5X,C:\l5x_scratch\acd\stringcop_builtin_data_n10.ACD,ok,adopted-existing,30669B3A76C36CE97E5E267D8E5FA0FF72A0B746EB897D27D183B31418717BD3
samples\generated\logic\stringcop_builtin_len_n01.L5X,C:\l5x_scratch\acd\stringcop_builtin_len_n01.ACD,ok,adopted-existing,1A630973FF699D22A5A2ED2F955D62B529FCF52A243A3186CE417E4B5F2F93D6
samples\generated\logic\stringcop_builtin_len_n10.L5X,C:\l5x_scratch\acd\stringcop_builtin_len_n10.ACD,ok,adopted-existing,2254B95B4BC2BBBECFB288465457E922F1D656FD2C6FA49DB89DC3142B95E972
samples\generated\logic\stringcop_custom_data_n01.L5X,C:\l5x_scratch\acd\stringcop_custom_data_n01.ACD,ok,adopted-existing,D9CF3A0E18859591DEBE5EB191DC4D73F56C9ABD69D02A4DA8A372C0DEB23B25
samples\generated\logic\stringcop_custom_data_n10.L5X,C:\l5x_scratch\acd\stringcop_custom_data_n10.ACD,ok,adopted-existing,37704B6741045A9FB4B0AB0096F4FF48AF5D937F24860E5A4573A9900910F7B8
samples\generated\logic\stringcop_custom_len_n01.L5X,C:\l5x_scratch\acd\stringcop_custom_len_n01.ACD,ok,adopted-existing,35CCAB933ED93301F2AA81E791C6B2E64425AFA43D3DFC42AF4320B59DC5459F
samples\generated\logic\stringcop_custom_len_n10.L5X,C:\l5x_scratch\acd\stringcop_custom_len_n10.ACD,ok,adopted-existing,CA94AE89EB4F6B93871BEC588F7167EE9F676B0E4135AF9D22E64315E34ED265
samples\generated\logic\stx_call_aoi_p01.L5X,C:\l5x_scratch\acd\stx_call_aoi_p01.ACD,ok,adopted-existing,4045BCE845DD4257A283BEA3FA5E38D2EFE21862D1B1E271328FE315FF4FE428
samples\generated\logic\stx_call_aoi_p02.L5X,C:\l5x_scratch\acd\stx_call_aoi_p02.ACD,ok,adopted-existing,5A86BB8F00B81E07E9971055DFFB3B8647431FE985E846AFE893D507389BA884
samples\generated\logic\stx_call_aoi_p04.L5X,C:\l5x_scratch\acd\stx_call_aoi_p04.ACD,ok,adopted-existing,4E48810A931AAA6CB2E0CF658266A89FC3248A9B26C990DE2EDFFC3468BB88C2
samples\generated\logic\stx_call_aoi_p08.L5X,C:\l5x_scratch\acd\stx_call_aoi_p08.ACD,ok,adopted-existing,BC674CEF48BBEA8381D8C638BE4F0FC1BD6221046B5A2F0B5B30F07404CBE636
samples\generated\logic\stx_opkind_add.L5X,C:\l5x_scratch\acd\stx_opkind_add.ACD,ok,adopted-existing,EC93462F5DE6046C14E7C63435C691D9226670B41725C65904A34DD7DF8DA73B
samples\generated\logic\stx_opkind_and.L5X,C:\l5x_scratch\acd\stx_opkind_and.ACD,ok,adopted-existing,2F3BD83EFD25020467753F61356452DE492E94680925FAD42FE37C1A95E1CA3E
samples\generated\logic\stx_opkind_div.L5X,C:\l5x_scratch\acd\stx_opkind_div.ACD,ok,adopted-existing,0A4C6BE88D6EA96DFE35EE76512193F78D1EC3738E1811CBB0104E9FD82858F1
samples\generated\logic\stx_opkind_mod.L5X,C:\l5x_scratch\acd\stx_opkind_mod.ACD,ok,adopted-existing,3C2C52F1403058D060902A73A3E57A6A16748D9C54B2406DCAFE507F2A7368B8
samples\generated\logic\stx_opkind_mul.L5X,C:\l5x_scratch\acd\stx_opkind_mul.ACD,ok,adopted-existing,3FDBEFB808892B436FB5F93B19AD60CCF9E337D808797D14A6B83459C6A396BA
samples\generated\logic\stx_opkind_xor.L5X,C:\l5x_scratch\acd\stx_opkind_xor.ACD,ok,adopted-existing,6FCB84BCFDC463DA8D3231FE032A4D842F6BEF862B0F44FC6DA444C64EA44270
samples\generated\logic\stx_ops00_dint.L5X,C:\l5x_scratch\acd\stx_ops00_dint.ACD,ok,adopted-existing,28AC1B9EEC79A6D068DA82DC218908F5F73AA6A5D92B6AE327FB622C3AD0A411
samples\generated\logic\stx_ops00_real.L5X,C:\l5x_scratch\acd\stx_ops00_real.ACD,ok,adopted-existing,4902A366D26E4E5952902D576478F3F7BCEACD3EAB6826CA13CDFF1C5D0E2394
samples\generated\logic\stx_ops01_dint.L5X,C:\l5x_scratch\acd\stx_ops01_dint.ACD,ok,adopted-existing,D3F17FC2C021A21747B32EA287142563F15AC639BB90DDE118055D5764FE0EB3
samples\generated\logic\stx_ops01_real.L5X,C:\l5x_scratch\acd\stx_ops01_real.ACD,ok,adopted-existing,1E04595D1352776FCE5D3FBCDF311910DC869594306943752862770CF8A123A7
samples\generated\logic\stx_ops02_dint.L5X,C:\l5x_scratch\acd\stx_ops02_dint.ACD,ok,adopted-existing,4F2455E924C298481F7BA299AB92CAAD6C30F637161FBC3C179DAE8E48775B24
samples\generated\logic\stx_ops02_real.L5X,C:\l5x_scratch\acd\stx_ops02_real.ACD,ok,adopted-existing,0C6DEB810C1C5BA7204F6EBFB6C86880EDD19BC15461EE18A28BB9E39728B398
samples\generated\logic\stx_ops03_dint.L5X,C:\l5x_scratch\acd\stx_ops03_dint.ACD,ok,adopted-existing,1C2B6D7B02271A9BB4CF7280FF5D76F471C94E0E5B6B63B86CFC5103F31F3D40
samples\generated\logic\stx_ops03_real.L5X,C:\l5x_scratch\acd\stx_ops03_real.ACD,ok,adopted-existing,B151918F9C9D598E08701CB9F473C6715BC127A5E901C0F8C3ACC5BEB6E77DC7
samples\generated\logic\stx_ops04_dint.L5X,C:\l5x_scratch\acd\stx_ops04_dint.ACD,ok,adopted-existing,125E2815CDBD9FBEA7E968BDC91F48A4883A618C4CE1A4B3966CE3173669D1E1
samples\generated\logic\stx_ops04_real.L5X,C:\l5x_scratch\acd\stx_ops04_real.ACD,ok,adopted-existing,DD855B1B04E4840C19A0FEA8A1CB365DD3A807A5E077182926BFE3A885B8C71B
samples\generated\logic\stx_ops05_dint.L5X,C:\l5x_scratch\acd\stx_ops05_dint.ACD,ok,adopted-existing,B9C22F7AB8ADC9A12F9241813154F9C488CF54DDE54627945256627DB5916D92
samples\generated\logic\stx_ops05_real.L5X,C:\l5x_scratch\acd\stx_ops05_real.ACD,ok,adopted-existing,3B596ABBD8F4336F9B2F50693A8706A75A68427F963DA17DC50001FF9DF3A30F
samples\generated\logic\stx_ops06_dint.L5X,C:\l5x_scratch\acd\stx_ops06_dint.ACD,ok,adopted-existing,806419FF92C5CB85C2BD9A554C8CF8C889744F5531C6BD1FBE9A9B22C09651E5
samples\generated\logic\stx_ops06_real.L5X,C:\l5x_scratch\acd\stx_ops06_real.ACD,ok,adopted-existing,C42EA5F5F313362680ADBDCC581E8F49022AAC818FDEB58505C01D6F74044866
samples\generated\logic\stx_ops08_dint.L5X,C:\l5x_scratch\acd\stx_ops08_dint.ACD,ok,adopted-existing,BEFA0BCB427AB0E96EB3EDD3B5F990A384BEB3E2887C244DCDD27FC9B1978C1E
samples\generated\logic\stx_ops08_real.L5X,C:\l5x_scratch\acd\stx_ops08_real.ACD,ok,adopted-existing,35D6599655446E5D578711BAF14607511636B009C16ACD970673A075F84EEE65
samples\generated\logic\stx_ops10_dint.L5X,C:\l5x_scratch\acd\stx_ops10_dint.ACD,ok,adopted-existing,AFF943339FAFF7917622F8E38EAB4ED7AF10590930692FD341182C86BCC418F6
samples\generated\logic\stx_ops10_real.L5X,C:\l5x_scratch\acd\stx_ops10_real.ACD,ok,adopted-existing,97C6ED8FACAA4FD11935FBFD09A949E5319B0BFC626347E60AACFB4DC8F7ECB1
samples\generated\logic\stx_ops12_dint.L5X,C:\l5x_scratch\acd\stx_ops12_dint.ACD,ok,adopted-existing,572C15919488A7DE7136EF4977BAD8F3A87819F313D841AEF9FE22AE32E4AF61
samples\generated\logic\stx_ops12_real.L5X,C:\l5x_scratch\acd\stx_ops12_real.ACD,ok,adopted-existing,120517B569EB34C3A1701058908DB858C134F3B9B61B6E0682DE86D6ABB6C047
samples\generated\logic\st_assign_literal_n01000.L5X,C:\l5x_scratch\acd\st_assign_literal_n01000.ACD,ok,adopted-existing,2118E7139E99C554A3D8F4849695D1019AF1DEBE18A3AB24E721C91FB3BFDE27
samples\generated\logic\st_blank400.L5X,C:\l5x_scratch\acd\st_blank400.ACD,ok,adopted-existing,2B4658A6B0CBEED9CD0065665B6EB5300152D468B12D6D5F2CB2B6A99F9202D3
samples\generated\logic\st_cmt_lead100_long.L5X,C:\l5x_scratch\acd\st_cmt_lead100_long.ACD,ok,adopted-existing,3346CBCDC95A59614AFE01A1E13866369378C4F6BE70F59EB171B3F65B8814D8
samples\generated\logic\st_cmt_lead100_short.L5X,C:\l5x_scratch\acd\st_cmt_lead100_short.ACD,ok,adopted-existing,CB30672F1AB2AE8E99810BED76FB812CF23D7B3AD54DD483EA813F73E61AED4C
samples\generated\logic\st_cmt_lead400_short.L5X,C:\l5x_scratch\acd\st_cmt_lead400_short.ACD,ok,adopted-existing,DF2FBFE8F509C665C82DD3208C1AF7B9D1C240C6DD1DD048AD4C89846CB30A92
samples\generated\logic\st_cmt_trail100.L5X,C:\l5x_scratch\acd\st_cmt_trail100.ACD,ok,adopted-existing,CF67A79EFEB719FDA2A15BF46D65258AC3CDD636837ADFA8D516945021F04C1C
samples\generated\logic\st_ctl_case.L5X,C:\l5x_scratch\acd\st_ctl_case.ACD,ok,adopted-existing,DFD00C170D701E4F22207E101A981B22DA51988FAD6379585036B98416B42F23
samples\generated\logic\st_ctl_elsif.L5X,C:\l5x_scratch\acd\st_ctl_elsif.ACD,ok,adopted-existing,BFBE557D288F33F541AFA9226ADCB038824ABAD3B8C05039D667027B08C72066
samples\generated\logic\st_ctl_for.L5X,C:\l5x_scratch\acd\st_ctl_for.ACD,ok,adopted-existing,9D7389F3F1B2F30C226D5A918415A4AA296AA820F9D20865290D87DEB33D5EF9
samples\generated\logic\st_ctl_if.L5X,C:\l5x_scratch\acd\st_ctl_if.ACD,ok,adopted-existing,F9C8331A8C7BEC2F91E797D05146C6F989A0937A94C927BE0D3241298F7EC4EA
samples\generated\logic\st_ctl_while.L5X,C:\l5x_scratch\acd\st_ctl_while.ACD,ok,adopted-existing,AAC500BAB1C4E83F86906C5893893C7C920CDDAEA27966827B91CE46359BA812
samples\generated\logic\st_expr_cpt_mirror_n01000.L5X,C:\l5x_scratch\acd\st_expr_cpt_mirror_n01000.ACD,ok,adopted-existing,408059C284B6D22032F0459570741F47141CCF9AAEFC33865C89EDADBA8DC506
samples\generated\logic\st_expr_ops1_n01000.L5X,C:\l5x_scratch\acd\st_expr_ops1_n01000.ACD,ok,adopted-existing,D59527260646201FCBB98816E368388A6641BA983E00D6DF5D731B5874F548CD
samples\generated\logic\st_expr_ops2_dint_n01000.L5X,C:\l5x_scratch\acd\st_expr_ops2_dint_n01000.ACD,ok,adopted-existing,DBF58A99678A22599AB852A7F3316E1A5778F2D31E6EF9CC453E3FA5A4BC5548
samples\generated\logic\st_instr_concat_n01000.L5X,C:\l5x_scratch\acd\st_instr_concat_n01000.ACD,ok,adopted-existing,930F8E039A8F8C3FAF0E245D347FA0C09AFAE9003F1E684D963B464482F16F57
samples\generated\logic\st_instr_cop_n01000.L5X,C:\l5x_scratch\acd\st_instr_cop_n01000.ACD,ok,adopted-existing,D968C6F4D06FC10666B1CECB951CFE5E6389E768B36C20CF5D5E7BF380E5DB7D
samples\generated\logic\st_instr_dtos_n01000.L5X,C:\l5x_scratch\acd\st_instr_dtos_n01000.ACD,ok,adopted-existing,EFEC0366F12E1A8617A2E66F47D76BE2F3799BA02B7224EDF69E475FA79A039D
samples\generated\logic\st_instr_size_n01000.L5X,C:\l5x_scratch\acd\st_instr_size_n01000.ACD,ok,adopted-existing,3B46C668D8836A6122035105E980047C4B3D38B82856BE7BEBD6F6809FA76D00
samples\generated\logic\st_jsr_param_target_n00100.L5X,C:\l5x_scratch\acd\st_jsr_param_target_n00100.ACD,ok,adopted-existing,291ABADEEE7B01299BA12BC6DB96BD742501099EC9739E18AE93E4D0B146D813
samples\generated\logic\subrtn_sbronly_r001.L5X,C:\l5x_scratch\acd\subrtn_sbronly_r001.ACD,ok,adopted-existing,F4972A835967B7CB0C03FDC53F17346EAD121C9012F30FBE9F6FE9F41DDBCA58
samples\generated\logic\subrtn_sbronly_r005.L5X,C:\l5x_scratch\acd\subrtn_sbronly_r005.ACD,ok,adopted-existing,06B3EE010F594C49B01422E3B838AE777D66AD2C80DDE158865B15F6021F4520
samples\generated\logic\subrtn_sbronly_r025.L5X,C:\l5x_scratch\acd\subrtn_sbronly_r025.ACD,ok,adopted-existing,66BF3D7F9E1D602205B804A039AF3584B92DC7FFC2DEEC85F5D1D88ECCF83743
samples\generated\logic\subrtn_sbronly_r100.L5X,C:\l5x_scratch\acd\subrtn_sbronly_r100.ACD,ok,adopted-existing,F68CA3B9FA6D09C4EF8E947A7827243886478F3000019177C9D6C0A20A145638
samples\generated\logic\subrtn_sbrret_r001.L5X,C:\l5x_scratch\acd\subrtn_sbrret_r001.ACD,ok,adopted-existing,0744AB1D927A276CD7A48EDEE88328993C6C81E587E10E1C81A5705ABD076238
samples\generated\logic\subrtn_sbrret_r005.L5X,C:\l5x_scratch\acd\subrtn_sbrret_r005.ACD,ok,adopted-existing,EC29F3C57233BD273AE23B9B32C4C8BB8D8F24277EBA2F4835E2E8F5184D65CD
samples\generated\logic\subrtn_sbrret_r025.L5X,C:\l5x_scratch\acd\subrtn_sbrret_r025.ACD,ok,adopted-existing,85D9CCC166418C8E3DF863DE231AF9C92F491D3AB19F5BC75622C76C05F697BC
samples\generated\logic\subrtn_sbrret_r100.L5X,C:\l5x_scratch\acd\subrtn_sbrret_r100.ACD,ok,adopted-existing,505BBA967EAFD2936BD4B7B6B915322C53C4152228F51D5770BC0D767C1488D1
samples\generated\logic\subrtn_shell_r001.L5X,C:\l5x_scratch\acd\subrtn_shell_r001.ACD,ok,adopted-existing,FA5D76787FB102D9C051D6FFE1A1178F78C6FFEBDE92E80A13B324505CD99BD1
samples\generated\logic\subrtn_shell_r005.L5X,C:\l5x_scratch\acd\subrtn_shell_r005.ACD,ok,adopted-existing,947E5DB1EC606037ED175D178C70B82379B7226FE3687E03D202EFFD68E8480F
samples\generated\logic\subrtn_shell_r025.L5X,C:\l5x_scratch\acd\subrtn_shell_r025.ACD,ok,adopted-existing,D9E993BE65773FFBA321837119BDFE7BEB6DE0288429ACF301A922497F85F711
samples\generated\logic\subrtn_shell_r100.L5X,C:\l5x_scratch\acd\subrtn_shell_r100.ACD,ok,adopted-existing,E43A5B3F7BC33D322E1F711D84648B2269C13D051B71F432A77CB4B4D4DB82F4
samples\generated\logic\taskoverhead_n02routines_1program_1task.L5X,C:\l5x_scratch\acd\taskoverhead_n02routines_1program_1task.ACD,ok,adopted-existing,B5528F2B36148D440E2D32D835983CEA82EDC4D03C7457A8A0EE6B28340B9C45
samples\generated\logic\taskoverhead_n02tasks.L5X,C:\l5x_scratch\acd\taskoverhead_n02tasks.ACD,ok,adopted-existing,EF124EC14A21C68EDB0E411DA2F6ABBA3212C8A5A797EDD8E5A4507F925B2754
samples\generated\logic\taskoverhead_n03tasks.L5X,C:\l5x_scratch\acd\taskoverhead_n03tasks.ACD,ok,adopted-existing,C9118FBE0EECCC4285330377D5EEEB0A6E21E05B89B0988FC4AB5BECB6517586
samples\generated\logic\taskoverhead_n04tasks.L5X,C:\l5x_scratch\acd\taskoverhead_n04tasks.ACD,ok,adopted-existing,B8F2BE9127B24821F48EC1073531BC5D7BF4096D9CE46169D9EFC76496885B70
samples\generated\logic\typesweep_add_dint_n01000.L5X,C:\l5x_scratch\acd\typesweep_add_dint_n01000.ACD,ok,adopted-existing,4F90EFBB9F3D3BEEB3F19E91F268333507FE45434CD77F29C9959DE2BB70E96F
samples\generated\logic\typesweep_add_int_n01000.L5X,C:\l5x_scratch\acd\typesweep_add_int_n01000.ACD,ok,adopted-existing,7CEF0F4271F379BC834C823EBF2E98791543855C323F121871AE854ECAC1FB35
samples\generated\logic\typesweep_add_lint_n01000.L5X,C:\l5x_scratch\acd\typesweep_add_lint_n01000.ACD,ok,adopted-existing,0CAB3D57DCBB07B5B7B361D8F1417FF11ACC5FB29546F539A6D9F6AFA606FF43
samples\generated\logic\typesweep_add_real_n01000.L5X,C:\l5x_scratch\acd\typesweep_add_real_n01000.ACD,ok,adopted-existing,BF8898765566B14E5403EB51A4CA9B271A61561DD0DF0940BCFB3F29B40A2318
samples\generated\logic\typesweep_add_sint_n01000.L5X,C:\l5x_scratch\acd\typesweep_add_sint_n01000.ACD,ok,adopted-existing,61FA41E9B579792291EF45876EECB32C69E321AACE4F4761DB1F6DC4236177FE
samples\generated\logic\typesweep_cpt_dint_n01000.L5X,C:\l5x_scratch\acd\typesweep_cpt_dint_n01000.ACD,ok,adopted-existing,992C84C8C8B193D601088FFA5D0698B44547F3328467955C3DB6F1BCE608519F
samples\generated\logic\typesweep_cpt_real_n01000.L5X,C:\l5x_scratch\acd\typesweep_cpt_real_n01000.ACD,ok,adopted-existing,10F79ADDF5AC8C88B92ABC7F98191058A1CF108E33E1E04B5AAE8639125EFB4F
samples\generated\logic\typesweep_div_dint_n01000.L5X,C:\l5x_scratch\acd\typesweep_div_dint_n01000.ACD,ok,adopted-existing,A946B48785DE9653232ACB1138A84157EA4302795F4488A6F2A6E94EB2485D4F
samples\generated\logic\typesweep_div_int_n01000.L5X,C:\l5x_scratch\acd\typesweep_div_int_n01000.ACD,ok,adopted-existing,F569009D4D6EEAFEE89EC4044BFC99B9014B4025EDC09342910AE72EBE07E72D
samples\generated\logic\typesweep_div_lint_n01000.L5X,C:\l5x_scratch\acd\typesweep_div_lint_n01000.ACD,ok,adopted-existing,18B00B27BE1DE9A4682C5F00804C5BD543DD7CEC14EF8DD89853DE4F096CAB91
samples\generated\logic\typesweep_div_real_n01000.L5X,C:\l5x_scratch\acd\typesweep_div_real_n01000.ACD,ok,adopted-existing,5E4FB7952229F514AC910A2148E2ADE3C130E29814F654F97395DFEA23ED4FD6
samples\generated\logic\typesweep_div_sint_n01000.L5X,C:\l5x_scratch\acd\typesweep_div_sint_n01000.ACD,ok,adopted-existing,163390381BA83CE341BE8ED174D2EBC0B3B89FEB3356FAAEC78EC7128AFF4767
samples\generated\logic\typesweep_equ_dint_n01000.L5X,C:\l5x_scratch\acd\typesweep_equ_dint_n01000.ACD,ok,adopted-existing,1600249EBBADBB4D6FAE925DE762E40D9E2FCE4C665397399308949721D6CD7E
samples\generated\logic\typesweep_equ_int_n01000.L5X,C:\l5x_scratch\acd\typesweep_equ_int_n01000.ACD,ok,adopted-existing,1CFA443A025A3828CE17C44A0DB50AE4702FCF0B7369E3C2D3BA7892FE2C3684
samples\generated\logic\typesweep_equ_lint_n01000.L5X,C:\l5x_scratch\acd\typesweep_equ_lint_n01000.ACD,ok,adopted-existing,B8265F7370C684F3C677246B892DDFF9607FE7B9A73ED3180D3F4B9E2C8DFEC0
samples\generated\logic\typesweep_equ_real_n01000.L5X,C:\l5x_scratch\acd\typesweep_equ_real_n01000.ACD,ok,adopted-existing,C2A690C63955E9E954697D56264C1AF00594215A64FC51CB591B23704105C17A
samples\generated\logic\typesweep_equ_sint_n01000.L5X,C:\l5x_scratch\acd\typesweep_equ_sint_n01000.ACD,ok,adopted-existing,9B1E363354AF3B6EDFBA1D32747D79EA500CBF23F261A87C394BC8769B71D046
samples\generated\logic\typesweep_equ_string_n01000.L5X,C:\l5x_scratch\acd\typesweep_equ_string_n01000.ACD,ok,adopted-existing,D242EBD28B82339634675BF30DF3EA4E8D497DCD269A50CEB70681E23BF7D65C
samples\generated\logic\typesweep_geq_dint_n01000.L5X,C:\l5x_scratch\acd\typesweep_geq_dint_n01000.ACD,ok,adopted-existing,EB82D819E58BABEC4727505AC03E4867CE1FD59DB7E777CE628DA782A8CE39F6
samples\generated\logic\typesweep_geq_int_n01000.L5X,C:\l5x_scratch\acd\typesweep_geq_int_n01000.ACD,ok,adopted-existing,F52D8439C95A19E546A9E97F68E97E7DC5F844B074210E2334F1DDB09E34DABC
samples\generated\logic\typesweep_geq_lint_n01000.L5X,C:\l5x_scratch\acd\typesweep_geq_lint_n01000.ACD,ok,adopted-existing,CF252892B60C9BE5E15B61E8739B5228EC2F0E4350CDFABBF91A268B589FED05
samples\generated\logic\typesweep_geq_real_n01000.L5X,C:\l5x_scratch\acd\typesweep_geq_real_n01000.ACD,ok,adopted-existing,0DA9DAB5EFD16C2039652F9DDB25B03A648EBD16569A9296B1C8939BB6B7FDAA
samples\generated\logic\typesweep_geq_sint_n01000.L5X,C:\l5x_scratch\acd\typesweep_geq_sint_n01000.ACD,ok,adopted-existing,5E34EC83863A7C496F39171BEE2CA28FF834587E02B9D206AFDBD5CDE1437680
samples\generated\logic\typesweep_grt_dint_n01000.L5X,C:\l5x_scratch\acd\typesweep_grt_dint_n01000.ACD,ok,adopted-existing,2C4BD310DDDC20D79F7224EE0152B88AE12B8CCBBE13979A8C5FCBC2C0D237BB
samples\generated\logic\typesweep_grt_int_n01000.L5X,C:\l5x_scratch\acd\typesweep_grt_int_n01000.ACD,ok,adopted-existing,1961C5DA66FD29165AF7726C77CE8DA3DB8A5E1FDBAF69B13AB79DFEC0A49189
samples\generated\logic\typesweep_grt_lint_n01000.L5X,C:\l5x_scratch\acd\typesweep_grt_lint_n01000.ACD,ok,adopted-existing,5143D3D077010CA4FFF19EFDC8B4F8812356047D0F79FA94A4FDC33B36443B42
samples\generated\logic\typesweep_grt_real_n01000.L5X,C:\l5x_scratch\acd\typesweep_grt_real_n01000.ACD,ok,adopted-existing,C2156255B40AF86F2AC5843BDC611CDAD50E844F1CF5D324FB48ACB7BA4F367F
samples\generated\logic\typesweep_grt_sint_n01000.L5X,C:\l5x_scratch\acd\typesweep_grt_sint_n01000.ACD,ok,adopted-existing,0BB468A2BB089EFDBFA59419CD42EAC4D4B4BE14A82AD4944FA0A0E6E4CC7E7C
samples\generated\logic\typesweep_leq_dint_n01000.L5X,C:\l5x_scratch\acd\typesweep_leq_dint_n01000.ACD,ok,adopted-existing,3BB55E016BFDA8FD3833BF3104DBE516EAC998B7209122564A317F8ADE77593C
samples\generated\logic\typesweep_leq_int_n01000.L5X,C:\l5x_scratch\acd\typesweep_leq_int_n01000.ACD,ok,adopted-existing,AA9F499896F8504DCE9272503281A18A68A3E759E9B069AA2E53C740C42B8E38
samples\generated\logic\typesweep_leq_lint_n01000.L5X,C:\l5x_scratch\acd\typesweep_leq_lint_n01000.ACD,ok,adopted-existing,48841A37AC3229BDBB9BF182677476DDF7DAF79C9193AB1E53BAB7E290BAAB5B
samples\generated\logic\typesweep_leq_real_n01000.L5X,C:\l5x_scratch\acd\typesweep_leq_real_n01000.ACD,ok,adopted-existing,EF004EA143B136E9BB4A0DDFC5C89E14E53E4979AD5EAA6B6A60EDD3430471D5
samples\generated\logic\typesweep_leq_sint_n01000.L5X,C:\l5x_scratch\acd\typesweep_leq_sint_n01000.ACD,ok,adopted-existing,6BFB11E594479989E971A60B09FFB8F91657F953CC6A64C4DD24946595677CC2
samples\generated\logic\typesweep_les_dint_n01000.L5X,C:\l5x_scratch\acd\typesweep_les_dint_n01000.ACD,ok,adopted-existing,C4137976C1A06B23CF3573FDCECC595B1A2531A5BC37067661F44FFE2932A283
samples\generated\logic\typesweep_les_int_n01000.L5X,C:\l5x_scratch\acd\typesweep_les_int_n01000.ACD,ok,adopted-existing,2E85A2E50B3275D4AA264F9DDD0627D52DAF7152EF1B66207A9B2D4540C65B78
samples\generated\logic\typesweep_les_lint_n01000.L5X,C:\l5x_scratch\acd\typesweep_les_lint_n01000.ACD,ok,adopted-existing,7006578DA86BDCD72E3ABDB1845594F67FCF3265A81AE4D4E08FBC3BF6687275
samples\generated\logic\typesweep_les_real_n01000.L5X,C:\l5x_scratch\acd\typesweep_les_real_n01000.ACD,ok,adopted-existing,05D25A32D222162A4FD333705ED668F94BB05B94571527D08F429C4C755D7E87
samples\generated\logic\typesweep_les_sint_n01000.L5X,C:\l5x_scratch\acd\typesweep_les_sint_n01000.ACD,ok,adopted-existing,84F2C73E8CA9BAC97C64EC9937EF5925433D4163F81381D7259950C052642246
samples\generated\logic\typesweep_lim_dint_n01000.L5X,C:\l5x_scratch\acd\typesweep_lim_dint_n01000.ACD,ok,adopted-existing,8515A80A2CAACF5BD2048F628FCCD75612751ACB32F722C5586B1F2DF3107B1F
samples\generated\logic\typesweep_lim_int_n01000.L5X,C:\l5x_scratch\acd\typesweep_lim_int_n01000.ACD,ok,adopted-existing,CF777A1F33BB4551308B0EB6CEC534E1A7531905DB45EBCFB290B7DF66FFBB3A
samples\generated\logic\typesweep_lim_lint_n01000.L5X,C:\l5x_scratch\acd\typesweep_lim_lint_n01000.ACD,ok,adopted-existing,82B6822A8E9D1374FDFF7D97A74FEE1ABB6B43C0BC2CC7E27BDF505FD9FEEE47
samples\generated\logic\typesweep_lim_real_n01000.L5X,C:\l5x_scratch\acd\typesweep_lim_real_n01000.ACD,ok,adopted-existing,3D8298E931F60A08E2D4223783F0C5ECC36078AFF79640ED7DF61D32A894B934
samples\generated\logic\typesweep_lim_sint_n01000.L5X,C:\l5x_scratch\acd\typesweep_lim_sint_n01000.ACD,ok,adopted-existing,31C48341B43DE1214F53315E52E1A9FC90E21BE03E9C794BA5AADBEA220576BE
samples\generated\logic\typesweep_mod_dint_n01000.L5X,C:\l5x_scratch\acd\typesweep_mod_dint_n01000.ACD,ok,adopted-existing,1A1ACC3516729DAFDFEACED2734EBE3C298CA2F4CE435EB6C1F48B5E28FC7949
samples\generated\logic\typesweep_mod_int_n01000.L5X,C:\l5x_scratch\acd\typesweep_mod_int_n01000.ACD,ok,adopted-existing,C0642B4AD25883C9450F1BA5B8C384AC4216BBFA6E333FCCD4259280DC010939
samples\generated\logic\typesweep_mod_lint_n01000.L5X,C:\l5x_scratch\acd\typesweep_mod_lint_n01000.ACD,ok,adopted-existing,395C07CF10C8C9DDC03781735BD7859B26EDC5E83D52E7F43E5BE0D268E03B49
samples\generated\logic\typesweep_mod_real_n01000.L5X,C:\l5x_scratch\acd\typesweep_mod_real_n01000.ACD,ok,adopted-existing,447A95F3AC108E96CE520EB3B3FF2FBAB376EA68946E60078C540179DCADA28C
samples\generated\logic\typesweep_mod_sint_n01000.L5X,C:\l5x_scratch\acd\typesweep_mod_sint_n01000.ACD,ok,adopted-existing,8C5407FF3621E01A5222173DAA1A55E1D49700396AE74B72460DE43F0D5BF821
samples\generated\logic\typesweep_mov_dint_n01000.L5X,C:\l5x_scratch\acd\typesweep_mov_dint_n01000.ACD,ok,adopted-existing,E17FB393666F57031327E0E341A20F016BB0BD1DBECCAD6A04C5BFAE4412979C
samples\generated\logic\typesweep_mov_int_n01000.L5X,C:\l5x_scratch\acd\typesweep_mov_int_n01000.ACD,ok,adopted-existing,2938AD0C2B53FB751CF440879F9542152A14A68175AAFA04F3CD623852C7664C
samples\generated\logic\typesweep_mov_lint_n01000.L5X,C:\l5x_scratch\acd\typesweep_mov_lint_n01000.ACD,ok,adopted-existing,6D91EFA2EFB82F348A96A37ED0F5A1EEDF2BF75C2D91EE64C2969EF234D08BDE
samples\generated\logic\typesweep_mov_real_n01000.L5X,C:\l5x_scratch\acd\typesweep_mov_real_n01000.ACD,ok,adopted-existing,E5B987EF76535DF0722B5B7C11FB727D2D7114EBE464F9C05ABA14A3F39CAB41
samples\generated\logic\typesweep_mov_sint_n01000.L5X,C:\l5x_scratch\acd\typesweep_mov_sint_n01000.ACD,ok,adopted-existing,CEFF5171B82A1C44F7C696C1BA79264F56B68DD1320DE56753FEAA78C6F30AA3
samples\generated\logic\typesweep_mul_dint_n01000.L5X,C:\l5x_scratch\acd\typesweep_mul_dint_n01000.ACD,ok,adopted-existing,EEFEDEA2466359DC7ADC4DBC4C6AE2CF2B45F69B530851DEEE981430B7E0AFCF
samples\generated\logic\typesweep_mul_int_n01000.L5X,C:\l5x_scratch\acd\typesweep_mul_int_n01000.ACD,ok,adopted-existing,85748D66686FCE2F94E97C94713182085760B3395C727C5ECE7759E176CEBB25
samples\generated\logic\typesweep_mul_lint_n01000.L5X,C:\l5x_scratch\acd\typesweep_mul_lint_n01000.ACD,ok,adopted-existing,DDBC67EE6A8E705D74D41BC93B9606319229102068064B61716D203105A36A64
samples\generated\logic\typesweep_mul_real_n01000.L5X,C:\l5x_scratch\acd\typesweep_mul_real_n01000.ACD,ok,adopted-existing,EC83986583428783A1316596AEFE3B686EF20BE5D7ABE9F20AA4F525AC5F4C41
samples\generated\logic\typesweep_mul_sint_n01000.L5X,C:\l5x_scratch\acd\typesweep_mul_sint_n01000.ACD,ok,adopted-existing,59BB8DC0F37BA830B6F41AE62D576EDA35416ECE5504A4B0D3827012845BFC93
samples\generated\logic\typesweep_neq_dint_n01000.L5X,C:\l5x_scratch\acd\typesweep_neq_dint_n01000.ACD,ok,adopted-existing,5F7C3385C22F46C783CF092099FA287E38DE90AE95CC04051580C11B1A17C9C2
samples\generated\logic\typesweep_neq_int_n01000.L5X,C:\l5x_scratch\acd\typesweep_neq_int_n01000.ACD,ok,adopted-existing,DCB75005978DA927F33E686B7AA979870D75BE55620300CF23A777C7BC75EFA3
samples\generated\logic\typesweep_neq_lint_n01000.L5X,C:\l5x_scratch\acd\typesweep_neq_lint_n01000.ACD,ok,adopted-existing,6457D35B8EEF9F47358D85DE2EF516FBBA040D012430DA6D500A5139EF3F523F
samples\generated\logic\typesweep_neq_real_n01000.L5X,C:\l5x_scratch\acd\typesweep_neq_real_n01000.ACD,ok,adopted-existing,F3FD748CA92B6630953B1C7474C3255D511A0871C0AF00AAD1F47E42DCDEE3FC
samples\generated\logic\typesweep_neq_sint_n01000.L5X,C:\l5x_scratch\acd\typesweep_neq_sint_n01000.ACD,ok,adopted-existing,B5336901225ED223B75C5A24EFF7CB2F2A3582D1AAB9FBC069939DB3C82C174B
samples\generated\logic\typesweep_neq_string_n01000.L5X,C:\l5x_scratch\acd\typesweep_neq_string_n01000.ACD,ok,adopted-existing,C353339E3A16ECA78198D13C2DC3867935808856B1F89863B8BEA802D6BAD962
samples\generated\logic\typesweep_sub_dint_n01000.L5X,C:\l5x_scratch\acd\typesweep_sub_dint_n01000.ACD,ok,adopted-existing,7840E3F68B52C862C939767D2416ED82949EB71DB0C3FEC3CE4EA3EC69CF759A
samples\generated\logic\typesweep_sub_int_n01000.L5X,C:\l5x_scratch\acd\typesweep_sub_int_n01000.ACD,ok,adopted-existing,F3FFF7757BA5D988635AA99169B4AC66DC6ACE5E1BA42D95C2801658FDE2ED5C
samples\generated\logic\typesweep_sub_lint_n01000.L5X,C:\l5x_scratch\acd\typesweep_sub_lint_n01000.ACD,ok,adopted-existing,F4BC8D7FCF8EC663234811E31DE20F9EF4EA27E5C6FF15F830D50CA433053FB5
samples\generated\logic\typesweep_sub_real_n01000.L5X,C:\l5x_scratch\acd\typesweep_sub_real_n01000.ACD,ok,adopted-existing,3489EFF7492A91D8F5DAE5E1F072EDDC0B91F78FE94B2E9EF35060B34342EFAA
samples\generated\logic\typesweep_sub_sint_n01000.L5X,C:\l5x_scratch\acd\typesweep_sub_sint_n01000.ACD,ok,adopted-existing,206B7C829C50C7E15872DAC2604727AAED18AC44DE4A109BF02A2D6DB9EBEDF9
samples\generated\logic\unweighted_and_n00010.L5X,C:\l5x_scratch\acd\unweighted_and_n00010.ACD,ok,adopted-existing,49F735F699E79DCBF1016842FE2E1DDD445272567E6DF975C097B4D9011304BE
samples\generated\logic\unweighted_and_n00100.L5X,C:\l5x_scratch\acd\unweighted_and_n00100.ACD,ok,adopted-existing,321C6A119A86B8AE4DECB4DC1435E7993C5A5F1233A36E076E1C817861C55A93
samples\generated\logic\unweighted_and_n01000.L5X,C:\l5x_scratch\acd\unweighted_and_n01000.ACD,ok,adopted-existing,CE19E6918D018E08A7D67AE02C326DB9F757750F61E53893E94E511610A4FD80
samples\generated\logic\unweighted_dtr_n00010.L5X,C:\l5x_scratch\acd\unweighted_dtr_n00010.ACD,ok,adopted-existing,D15A45F72EF9C72607D41AA2ECF5EA4A8C42D82BF33BD50A81EA59923BD9ED58
samples\generated\logic\unweighted_dtr_n00100.L5X,C:\l5x_scratch\acd\unweighted_dtr_n00100.ACD,ok,adopted-existing,AF9A3CDEBB89E4CC7BC2A81D3BA9EA5C7259F92AF64FC7463DDFACC4FE6AD38C
samples\generated\logic\unweighted_dtr_n01000.L5X,C:\l5x_scratch\acd\unweighted_dtr_n01000.ACD,ok,adopted-existing,CFF70C8F347472AF53B441802FBA9D0D7579DA1D899A244BEDBCEB7076BF5DA3
samples\generated\logic\unweighted_lfu_n00010.L5X,C:\l5x_scratch\acd\unweighted_lfu_n00010.ACD,ok,adopted-existing,0FFC5F3D32B592037088E02ED890A01F9C171374033C7115490FE139A6954C7C
samples\generated\logic\unweighted_lfu_n00100.L5X,C:\l5x_scratch\acd\unweighted_lfu_n00100.ACD,ok,adopted-existing,079CA7C10DC7A914E4CB9FA712E6C489B5EB1442AA62D43F05B45E0830649096
samples\generated\logic\unweighted_lfu_n01000.L5X,C:\l5x_scratch\acd\unweighted_lfu_n01000.ACD,ok,adopted-existing,67802B487E9D797DA4802A759DABB2C6B12D19FFA9C50DBF295324A62020A4F2
samples\generated\logic\unweighted_or_n00010.L5X,C:\l5x_scratch\acd\unweighted_or_n00010.ACD,ok,adopted-existing,A29C4F0AFF09BAC675B6FE28715353A2617E518B9C9CB90776CA91AF67C6DA46
samples\generated\logic\unweighted_or_n00100.L5X,C:\l5x_scratch\acd\unweighted_or_n00100.ACD,ok,adopted-existing,EF4902756340E1BAF27EAB7E49BF03D1CC144423BA4BC513482D9F5222CD61B9
samples\generated\logic\unweighted_or_n01000.L5X,C:\l5x_scratch\acd\unweighted_or_n01000.ACD,ok,adopted-existing,2671B902158A12759029CF0CF4553F56C4237CD701D332772E64871C62ECF643
samples\generated\logic\unweighted_rtos_n00010.L5X,C:\l5x_scratch\acd\unweighted_rtos_n00010.ACD,ok,adopted-existing,AF68BA9DCEAEBAAB3874A1ADE6DA69004053D8F28699DADCC4E2F493FEEED479
samples\generated\logic\unweighted_rtos_n00100.L5X,C:\l5x_scratch\acd\unweighted_rtos_n00100.ACD,ok,adopted-existing,FED725DA95106D0FD958C211A85014327B83D81B2702BCBC5494A0A8C8DE591C
samples\generated\logic\unweighted_rtos_n01000.L5X,C:\l5x_scratch\acd\unweighted_rtos_n01000.ACD,ok,adopted-existing,5E203809C1279ED37C88602CFD1CE7148BCC3D50FCCD5FC35BEABB36EF108EA7
samples\generated\logic\unweighted_sbrret_t001.L5X,C:\l5x_scratch\acd\unweighted_sbrret_t001.ACD,ok,adopted-existing,B1CF59D96288E3B249AFD7481281544F2E16F7606E5AE3742115B847549B555B
samples\generated\logic\unweighted_sbrret_t010.L5X,C:\l5x_scratch\acd\unweighted_sbrret_t010.ACD,ok,adopted-existing,13EE0AF2F87474C199E29359E28F35A20C72E3D6C73751B1352F051C7F6F1D70
samples\generated\logic\unweighted_sbrret_t050.L5X,C:\l5x_scratch\acd\unweighted_sbrret_t050.ACD,ok,adopted-existing,6273BC8E9905A2AF71FE70567C75EFABFBF0606685662B769F7DC67480228627
samples\generated\logic\unweighted_sbrret_t200.L5X,C:\l5x_scratch\acd\unweighted_sbrret_t200.ACD,ok,adopted-existing,D801256BB58A17123FAFB750282BD10D7EFF7F413184F31CEF59B2D27C809A2B
samples\generated\logic\unweighted_upper_n00010.L5X,C:\l5x_scratch\acd\unweighted_upper_n00010.ACD,ok,adopted-existing,F19CA94E1AA667CF7E5620DF6FB41E8D89F06A073B05D7AECB7209A712DBC6F9
samples\generated\logic\unweighted_upper_n00100.L5X,C:\l5x_scratch\acd\unweighted_upper_n00100.ACD,ok,adopted-existing,446867E45B79DD897CECF1B654F93992274D5DFDEAFA7B7E55BF807BB5108DCA
samples\generated\logic\unweighted_upper_n01000.L5X,C:\l5x_scratch\acd\unweighted_upper_n01000.ACD,ok,adopted-existing,2385005F717C5D5D06452C3202E83238CD8777EE15BD3179B9FB8B94CDCE07A5
samples\generated\logic\xic_ote_1000_comment100.L5X,C:\l5x_scratch\acd\xic_ote_1000_comment100.ACD,ok,adopted-existing,B4061B2A4FB709A58FD103FCD0B04ADF0E3E163B8B4E42D7F9F573040CFC898C
samples\generated\logic\xic_ote_1000_nocomment.L5X,C:\l5x_scratch\acd\xic_ote_1000_nocomment.ACD,ok,adopted-existing,E1656E80EC1120F2730C781526AE7ABA219CC4B4A737C303EAE7BD4FE0746FE6
samples\generated\logic\xprogref_3prog_shared_alias_n01000.L5X,C:\l5x_scratch\acd\xprogref_3prog_shared_alias_n01000.ACD,ok,adopted-existing,144252CDBAC237D84BB30C17B71DE12108879DA454EA0E17C87E9D65CACF89C3
samples\generated\logic\xprogref_4prog_shared_alias_n01000.L5X,C:\l5x_scratch\acd\xprogref_4prog_shared_alias_n01000.ACD,ok,adopted-existing,8C27E704322973E6F9AF620E24FEDFF9A5652CA3D6558E0989ABAF9AB362F4B0
samples\generated\logic\xprogref_singleprog_alias_n01000.L5X,C:\l5x_scratch\acd\xprogref_singleprog_alias_n01000.ACD,ok,adopted-existing,92286C0B7FFBA275F0EA863F1EF5A95BE44AFDB5477EDA0CB908DDBA2930C412
samples\generated\logic\xprogref_twoprog_shared_alias_n01000.L5X,C:\l5x_scratch\acd\xprogref_twoprog_shared_alias_n01000.ACD,ok,adopted-existing,3676983C12B61EAF0E61EC4863FF2908C93D67984FB0C4C81070D23BE4E70D68
samples\generated\mbshape\mbshape_asbuilt.L5X,C:\l5x_scratch\acd\mbshape_asbuilt.ACD,ok,adopted-existing,6A7595591CA0DF89222EA3BE8EE8D322076F155C2B84F1FEED5E3A8F4BE37C6D
samples\generated\mbshape\mbshape_axis_k0.L5X,C:\l5x_scratch\acd\mbshape_axis_k0.ACD,ok,adopted-existing,B460E76E4A79BB3109C589858EC66BAF7FA32E7AF286E316E384508E3D9F49D8
samples\generated\mbshape\mbshape_axis_k3.L5X,C:\l5x_scratch\acd\mbshape_axis_k3.ACD,ok,adopted-existing,BC796B8C930338BD52DA55190EA9C718B15C0F3F776FB52DE5DF7F5F5544C833
samples\generated\mbshape\mbshape_defs_n05.L5X,C:\l5x_scratch\acd\mbshape_defs_n05.ACD,ok,adopted-existing,F28E51C63704BE1727D442FAE7B9CD2D04BF8205F82BF936886D66150611B9F3
samples\generated\mbshape\mbshape_defs_n19.L5X,C:\l5x_scratch\acd\mbshape_defs_n19.ACD,ok,adopted-existing,C4AAE9E1FCE59911F9703091BFD4CBBA1BDA411AF2E3F0ECE164A9022ADED596
samples\generated\mbshape\mbshape_defs_n40.L5X,C:\l5x_scratch\acd\mbshape_defs_n40.ACD,ok,adopted-existing,98C975B97A5B51EB51715C175DDDE561ACEC8D30198B5AD5EE18377207A58E03
samples\generated\mbshape\mbshape_locals_05.L5X,C:\l5x_scratch\acd\mbshape_locals_05.ACD,ok,adopted-existing,769451E06D0A133D2DDB29009D1BEA8A03813D1A23F69DC8F324462F62AEA8CE
samples\generated\mbshape\mbshape_locals_10.L5X,C:\l5x_scratch\acd\mbshape_locals_10.ACD,ok,adopted-existing,3AF1248A27F510F83CDC80B78AB2C3C29BDCE6AA6BC04E9DAA710A2E640E791A
samples\generated\mbshape\mbshape_locals_20.L5X,C:\l5x_scratch\acd\mbshape_locals_20.ACD,ok,adopted-existing,F0EB7720CC5BDAE83D5AA7AABB1FF706E78EF46AC1982E23D18299F65C896E9D
samples\generated\mbshape\mbshape_params_05.L5X,C:\l5x_scratch\acd\mbshape_params_05.ACD,ok,adopted-existing,BFFF8012D3B79246E9877D5807167C9CF099E60E9E67C750F5409E5893275415
samples\generated\mbshape\mbshape_params_10.L5X,C:\l5x_scratch\acd\mbshape_params_10.ACD,ok,adopted-existing,134299B359BEE6B250CFE51748F771972A0FB7A28F9C0DEA6B8220AE8A919B1A
samples\generated\mbshape\mbshape_params_20.L5X,C:\l5x_scratch\acd\mbshape_params_20.ACD,ok,adopted-existing,44505FE8A000962B7D63FC4964750FE59AEDAF0C275A0D280307BB894AD45142
samples\generated\mbshape\mbshape_rungs_05.L5X,C:\l5x_scratch\acd\mbshape_rungs_05.ACD,ok,adopted-existing,19A166BB969DCA1B469B9E85E1A1AE91C1F3729D4E1C537EF07B21A1F2AE583D
samples\generated\mbshape\mbshape_rungs_10.L5X,C:\l5x_scratch\acd\mbshape_rungs_10.ACD,ok,adopted-existing,2BF7336FAB02DD479D2185524090D44E19C942A0F3BE2A5E48A3B085BF16A45A
samples\generated\mbshape\mbshape_rungs_20.L5X,C:\l5x_scratch\acd\mbshape_rungs_20.ACD,ok,adopted-existing,C48AB933BDA42792E2139CBAD4C12995990C7E710367F73EF096E8C13686A364
samples\generated\mixed\large_mixed_1000tags_arrays.L5X,C:\l5x_scratch\acd\large_mixed_1000tags_arrays.ACD,ok,adopted-existing,6692728834D016701DA46FE27BBAAF13A81E46D73D67B878A63E544CA3B1D7B7
samples\generated\mixed\large_mixed_100tags.L5X,C:\l5x_scratch\acd\large_mixed_100tags.ACD,ok,adopted-existing,665738A27FD4F82BF81FB4BA539C2E45A965E63CEA1A8612C17BA2A8EDA9D15D
samples\generated\mixed\large_mixed_1100tags.L5X,C:\l5x_scratch\acd\large_mixed_1100tags.ACD,ok,adopted-existing,9DC3F421C74D29376A382A7CCDC890C80CB40C54BD53BE034FB0191188A62746
samples\generated\mixed\mixedudt_messy_1_instance.L5X,C:\l5x_scratch\acd\mixedudt_messy_1_instance.ACD,ok,adopted-existing,E1450F8CFE2ED38A1090BB6A6A67BE30E29BE6B8EA524322AAE66F01A888AAB0
samples\generated\mixed\mixedudt_messy_25_instance.L5X,C:\l5x_scratch\acd\mixedudt_messy_25_instance.ACD,ok,adopted-existing,4BE206CE06DE9AD8AB7F9BDE7DA7305547D04987273426EC53B67B490CA4FC19
samples\generated\mixed\mixedudt_messy_def_only.L5X,C:\l5x_scratch\acd\mixedudt_messy_def_only.ACD,ok,adopted-existing,18335B5F72BC1DBBE1965B82F1CDE09551D5AD33282F4B8033835BC7AA9AE6E7
samples\generated\modules\asmclose_1734_aent_b_1conn_n01.L5X,C:\l5x_scratch\acd\asmclose_1734_aent_b_1conn_n01.ACD,ok,adopted-existing,560D82103C821B46C1405F78B9A8AE5DC96D5D9F33BA304C88EDB236E763F22C
samples\generated\modules\asmclose_1734_aent_b_1conn_n02.L5X,C:\l5x_scratch\acd\asmclose_1734_aent_b_1conn_n02.ACD,ok,adopted-existing,7885B37E3F60CA5928571436F7E6D2F073D45256EFE65259E651B2E0922783E5
samples\generated\modules\asmclose_1734_aent_b_1conn_n04.L5X,C:\l5x_scratch\acd\asmclose_1734_aent_b_1conn_n04.ACD,ok,adopted-existing,E63C3F4FC16D7F36316E2447FFCEB78580681224BFA7F9A1E5203AA7C0C70DAC
samples\generated\modules\asmclose_1734_aent_b_1conn_n08.L5X,C:\l5x_scratch\acd\asmclose_1734_aent_b_1conn_n08.ACD,ok,adopted-existing,A3402E458315CC5ACB367D1095A4282AC471FE848C1AD6989E62BAD8DAC00FB9
samples\generated\modules\asmclose_1734_aent_c_1conn_n01.L5X,C:\l5x_scratch\acd\asmclose_1734_aent_c_1conn_n01.ACD,ok,adopted-existing,62FD37C32EF9A6357C8E10A7B52919DFDAACD690574491D698B1C8B1ECDC053E
samples\generated\modules\asmclose_1734_aent_c_1conn_n02.L5X,C:\l5x_scratch\acd\asmclose_1734_aent_c_1conn_n02.ACD,ok,adopted-existing,DE0AB91167D85008914A898D816C4360CB42E72B31F6E38E287DA6A0824102FE
samples\generated\modules\asmclose_1734_aent_c_1conn_n04.L5X,C:\l5x_scratch\acd\asmclose_1734_aent_c_1conn_n04.ACD,ok,adopted-existing,3212E2E71C0E0FCC6CD5C4A562DFFA32BF8A184DF776A3724D51185C74134BE3
samples\generated\modules\asmclose_1734_aent_c_1conn_n08.L5X,C:\l5x_scratch\acd\asmclose_1734_aent_c_1conn_n08.ACD,ok,adopted-existing,410060B69A53888C5B77D0DA100804425665F992980FCFFECA1AAD2DC14CC48A
samples\generated\modules\asmclose_1756_en4tr_1conn_n01.L5X,C:\l5x_scratch\acd\asmclose_1756_en4tr_1conn_n01.ACD,ok,adopted-existing,02B6785F7877F0BA755F96FA5442D495E54533E3A12D332710072321142E399F
samples\generated\modules\asmclose_1756_en4tr_1conn_n02.L5X,C:\l5x_scratch\acd\asmclose_1756_en4tr_1conn_n02.ACD,ok,adopted-existing,CE179BEE083743D5A85045F90794D54C39683D27D5956E38F6F6C1A6EF16058A
samples\generated\modules\asmclose_1756_en4tr_1conn_n04.L5X,C:\l5x_scratch\acd\asmclose_1756_en4tr_1conn_n04.ACD,ok,adopted-existing,6167AD992D929E7A1E7513A1C4B1090656407444DDE9E11574817B634B5C8557
samples\generated\modules\asmclose_1756_en4tr_1conn_n08.L5X,C:\l5x_scratch\acd\asmclose_1756_en4tr_1conn_n08.ACD,ok,adopted-existing,42FF94034AF9AC4B3B5E43F4E086116C7C7C8D1CCEBD4A31D4EDDEB6B75805B9
samples\generated\modules\asmclose_1756_ib16if_a_1conn_n01.L5X,C:\l5x_scratch\acd\asmclose_1756_ib16if_a_1conn_n01.ACD,ok,adopted-existing,8D4FAC9A28B15596E7DB767A04B350A7D343B1CB101777D84CAB33FFBCFF6F3C
samples\generated\modules\asmclose_1756_ib16if_a_1conn_n02.L5X,C:\l5x_scratch\acd\asmclose_1756_ib16if_a_1conn_n02.ACD,ok,adopted-existing,3E79B450E44EF6E7074F8459CB2952D63CF1E34546F18D736E87C0A3E8A1B34E
samples\generated\modules\asmclose_1756_ib16if_a_1conn_n04.L5X,C:\l5x_scratch\acd\asmclose_1756_ib16if_a_1conn_n04.ACD,ok,adopted-existing,CDE2E78FC5B600E266F0B0B6DE260D8B5CCA2DFD856C30C906B11636BEE51D96
samples\generated\modules\asmclose_1756_ib16if_a_1conn_n08.L5X,C:\l5x_scratch\acd\asmclose_1756_ib16if_a_1conn_n08.ACD,ok,adopted-existing,CC464D86B3EE659FC852E27EE482044DA3366AA86FD71AAA96131A9D6041DDB4
samples\generated\modules\asmclose_1756_ib16_1conn_n01.L5X,C:\l5x_scratch\acd\asmclose_1756_ib16_1conn_n01.ACD,ok,adopted-existing,3B20330F515340D753430E14DB1A0E4643F475DAE086DA42677AF54EE8027075
samples\generated\modules\asmclose_1756_ib16_1conn_n02.L5X,C:\l5x_scratch\acd\asmclose_1756_ib16_1conn_n02.ACD,ok,adopted-existing,5B6825EF5629F0222706F7827743BCE6BFCE8FA96EC7DDBE3C8CA244866A8BF3
samples\generated\modules\asmclose_1756_ib16_1conn_n04.L5X,C:\l5x_scratch\acd\asmclose_1756_ib16_1conn_n04.ACD,ok,adopted-existing,DC7D2B67810F63CE8091714367A7D33C2D28CBC19D29AF56FBBAAFE225755910
samples\generated\modules\asmclose_1756_ib16_1conn_n08.L5X,C:\l5x_scratch\acd\asmclose_1756_ib16_1conn_n08.ACD,ok,adopted-existing,49D62FB79145ACCF9DBE15B1A93F78D056CA21146FCB2A24C3BA2C9E96E6A1FF
samples\generated\modules\asmclose_1756_ib32_b_1conn_n01.L5X,C:\l5x_scratch\acd\asmclose_1756_ib32_b_1conn_n01.ACD,ok,adopted-existing,7E3E643487B3CAC9950C6D59FE17D79A0824698D6ED175E94D59AA3AD20D21B5
samples\generated\modules\asmclose_1756_ib32_b_1conn_n02.L5X,C:\l5x_scratch\acd\asmclose_1756_ib32_b_1conn_n02.ACD,ok,adopted-existing,41A76FEDD2A618D8BB56CA130BEC4049645BC89BBE1DEC75FA523363B5685080
samples\generated\modules\asmclose_1756_ib32_b_1conn_n04.L5X,C:\l5x_scratch\acd\asmclose_1756_ib32_b_1conn_n04.ACD,ok,adopted-existing,0CCE8B2EC637E339E54460582939195D27DCBB04B4C60F3563F9F7F6F9634761
samples\generated\modules\asmclose_1756_ib32_b_1conn_n08.L5X,C:\l5x_scratch\acd\asmclose_1756_ib32_b_1conn_n08.ACD,ok,adopted-existing,CAFF4572B23823EF32A2ADC173926D13612A5A99B3A9AE832668F78565F33B3B
samples\generated\modules\asmclose_1756_ob32_rackaliased_n01.L5X,C:\l5x_scratch\acd\asmclose_1756_ob32_rackaliased_n01.ACD,ok,adopted-existing,1F1A8D36841A6673EC748A32962D29FB782FC3DD4D6B52900369C9290B105F37
samples\generated\modules\asmclose_1756_ob32_rackaliased_n02.L5X,C:\l5x_scratch\acd\asmclose_1756_ob32_rackaliased_n02.ACD,ok,adopted-existing,71ACB4A7793256140A408B6F886039B757404C9E48CB753ABDFC5DE1C41E98B3
samples\generated\modules\asmclose_1756_ob32_rackaliased_n04.L5X,C:\l5x_scratch\acd\asmclose_1756_ob32_rackaliased_n04.ACD,ok,adopted-existing,0529A3281CFC26E657ACF8085BE3B91475203398503F792C4C0AC7E51E1F7277
samples\generated\modules\asmclose_1794_aent_1conn_n01.L5X,C:\l5x_scratch\acd\asmclose_1794_aent_1conn_n01.ACD,ok,adopted-existing,B1E62781AE8AE065B36C645C31D6FA21190F337A326EC676BEC0BA5F5D9B9F0C
samples\generated\modules\asmclose_1794_aent_1conn_n02.L5X,C:\l5x_scratch\acd\asmclose_1794_aent_1conn_n02.ACD,ok,adopted-existing,E15763E489640FFFA090288252873950CA121213EE7BC04136B7A6640BBE26D7
samples\generated\modules\asmclose_1794_aent_1conn_n04.L5X,C:\l5x_scratch\acd\asmclose_1794_aent_1conn_n04.ACD,ok,adopted-existing,DEB2FBDE642D3AEF6126ED600834B20B760A3CE632FC02E69F1999D32A5BCC8C
samples\generated\modules\asmclose_1794_aent_1conn_n08.L5X,C:\l5x_scratch\acd\asmclose_1794_aent_1conn_n08.ACD,ok,adopted-existing,0167136EFAB3864DB0E528C7641656C634445ABE1772274CE13D23C64CB4B25E
samples\generated\modules\asmclose_2198_d012_ers3_n01.L5X,C:\l5x_scratch\acd\asmclose_2198_d012_ers3_n01.ACD,ok,adopted-existing,47DFF7708ECAD64233D364E4FE6FA9F77A319B0D3D1C66783C7032543A5E2C98
samples\generated\modules\asmclose_2198_d012_ers3_n02.L5X,C:\l5x_scratch\acd\asmclose_2198_d012_ers3_n02.ACD,ok,adopted-existing,ACD0AEDE368F229308E0BE412A6CA5B2C9774BB4C679F54CC556895F3A30679B
samples\generated\modules\asmclose_2198_d012_ers3_n04.L5X,C:\l5x_scratch\acd\asmclose_2198_d012_ers3_n04.ACD,ok,adopted-existing,7D5A714E419D3AD73FDF6B3E60BC1AED73A81267E71CDF0629F0402717873F3D
samples\generated\modules\asmclose_2198_d012_ers3_n08.L5X,C:\l5x_scratch\acd\asmclose_2198_d012_ers3_n08.ACD,ok,adopted-existing,970256E8F4CAA2E26E7EB2BB18A6F685174E4078A5655BC98739BC78D1B361C0
samples\generated\modules\asmclose_2198_d020_ers3_n01.L5X,C:\l5x_scratch\acd\asmclose_2198_d020_ers3_n01.ACD,ok,adopted-existing,8A9C06571CA03C5DC4C90C552011A47F9A753D8FC98A023C95717EAFDA14B163
samples\generated\modules\asmclose_2198_d020_ers3_n02.L5X,C:\l5x_scratch\acd\asmclose_2198_d020_ers3_n02.ACD,ok,adopted-existing,A2527FEA26EF23E1E930FA27D098EEB23F2F0612D21D5141877A8C99C0166C5A
samples\generated\modules\asmclose_2198_d020_ers3_n04.L5X,C:\l5x_scratch\acd\asmclose_2198_d020_ers3_n04.ACD,ok,adopted-existing,5E42D297A83BEDB438983E2ED61D1A47D18CDF1334E051ED7216894F643939F6
samples\generated\modules\asmclose_2198_d020_ers3_n08.L5X,C:\l5x_scratch\acd\asmclose_2198_d020_ers3_n08.ACD,ok,adopted-existing,D0F071368B13A072BB6D814174A389384C0D1B868F0A5A1ACCF61F9D40ECF599
samples\generated\modules\asmclose_2198_d032_ers3_n01.L5X,C:\l5x_scratch\acd\asmclose_2198_d032_ers3_n01.ACD,ok,adopted-existing,D655A31AD4F9E31E70E684D55A72E99DA2559561B789EBA48656583A3999BA84
samples\generated\modules\asmclose_2198_d032_ers3_n02.L5X,C:\l5x_scratch\acd\asmclose_2198_d032_ers3_n02.ACD,ok,adopted-existing,4D49159D6ADD3C488D9C6D74DADDEAB6DC7A3BC6847F541EA93C843DAAD17E45
samples\generated\modules\asmclose_2198_d032_ers3_n04.L5X,C:\l5x_scratch\acd\asmclose_2198_d032_ers3_n04.ACD,ok,adopted-existing,CFE8AEAF5709582D73F1062FC47F6A4CFCEBF1FF3B511CF22CA9897698FBA573
samples\generated\modules\asmclose_2198_d032_ers3_n08.L5X,C:\l5x_scratch\acd\asmclose_2198_d032_ers3_n08.ACD,ok,adopted-existing,F5DF3D22E325FCC19A8F67EC2A2C6530962134131F736F5DE22CA6FD0445B5B4
samples\generated\modules\asmclose_2198_d057_ers3_n01.L5X,C:\l5x_scratch\acd\asmclose_2198_d057_ers3_n01.ACD,ok,adopted-existing,B361A91C179BD3EA93C31BCE2C34F6F69A2A155EB0BE44B4F6134E0B29A747D4
samples\generated\modules\asmclose_2198_d057_ers3_n02.L5X,C:\l5x_scratch\acd\asmclose_2198_d057_ers3_n02.ACD,ok,adopted-existing,714FA29980968F347DDF8C95A32439BFB12305B7B0241E7F4B5AB88E3AA8E759
samples\generated\modules\asmclose_2198_d057_ers3_n04.L5X,C:\l5x_scratch\acd\asmclose_2198_d057_ers3_n04.ACD,ok,adopted-existing,DB4A5E75D0266406A8EC9EC952F8C470D8382F0FCEB5248D8807B4B9F8585F4C
samples\generated\modules\asmclose_2198_d057_ers3_n08.L5X,C:\l5x_scratch\acd\asmclose_2198_d057_ers3_n08.ACD,ok,adopted-existing,1323A718F148F52FC1B34BB649A09F83A81F6263952F6EE23C2B2F9911024769
samples\generated\modules\asmclose_2198_s086_ers3_n01.L5X,C:\l5x_scratch\acd\asmclose_2198_s086_ers3_n01.ACD,ok,adopted-existing,499F00813BE1EEB427D4EBD2049365AFF9B5A4FCB94DA1DB06F3776BCF3B988C
samples\generated\modules\asmclose_2198_s086_ers3_n02.L5X,C:\l5x_scratch\acd\asmclose_2198_s086_ers3_n02.ACD,ok,adopted-existing,2AA5D4C6306728A3B8AC2C8C05F69F2E68790C0874CE7404C36F481CC8CD083F
samples\generated\modules\asmclose_2198_s086_ers3_n04.L5X,C:\l5x_scratch\acd\asmclose_2198_s086_ers3_n04.ACD,ok,adopted-existing,A7E74B3C80858436661127FA6D952F3202C13B6E0FA3C92E5305B20FF85A2622
samples\generated\modules\asmclose_2198_s086_ers3_n08.L5X,C:\l5x_scratch\acd\asmclose_2198_s086_ers3_n08.ACD,ok,adopted-existing,0D89E0F1F031C56DE368FBA1B90B7DC7BACE029CF1ADFC78FBB4A99F7AE347A8
samples\generated\modules\asmclose_2198_s130_ers3_n01.L5X,C:\l5x_scratch\acd\asmclose_2198_s130_ers3_n01.ACD,ok,adopted-existing,945730F28A7BF75DC376653B18290E454DF136EDF20293E1F20C094F5C94F521
samples\generated\modules\asmclose_2198_s130_ers3_n02.L5X,C:\l5x_scratch\acd\asmclose_2198_s130_ers3_n02.ACD,ok,adopted-existing,106B0FC94EF10E2542E8A9C35D56D2A554C05E458AD46DA07A7CBBE1E90ADE2D
samples\generated\modules\asmclose_2198_s130_ers3_n04.L5X,C:\l5x_scratch\acd\asmclose_2198_s130_ers3_n04.ACD,ok,adopted-existing,BE10D823A442B671211B669CB2DDE1F9F5D8241F48CB058C719C623DBD14FDA9
samples\generated\modules\asmclose_2198_s130_ers3_n08.L5X,C:\l5x_scratch\acd\asmclose_2198_s130_ers3_n08.ACD,ok,adopted-existing,53DED917F43C7A8BF1A6C3C016C5AFE7115CA440BA41189CB6FF0C97CA487502
samples\generated\modules\asmclose_440c_cr30_22bbb_a_1conn_n01.L5X,C:\l5x_scratch\acd\asmclose_440c_cr30_22bbb_a_1conn_n01.ACD,ok,adopted-existing,AF9D66FEE35DB828044B79B140B62D7C9C2B8D8A3ED5E76407FC7CFBDD97203E
samples\generated\modules\asmclose_440c_cr30_22bbb_a_1conn_n02.L5X,C:\l5x_scratch\acd\asmclose_440c_cr30_22bbb_a_1conn_n02.ACD,ok,adopted-existing,5C2D7480B7A460B988F633A211873D01296C937861F2B74C76283D96B9CA4DB8
samples\generated\modules\asmclose_440c_cr30_22bbb_a_1conn_n04.L5X,C:\l5x_scratch\acd\asmclose_440c_cr30_22bbb_a_1conn_n04.ACD,ok,adopted-existing,7AC7B1232D3C9B123C6E135855F58A964F32C45149578913080ABE9871E2B346
samples\generated\modules\asmclose_440c_cr30_22bbb_a_1conn_n08.L5X,C:\l5x_scratch\acd\asmclose_440c_cr30_22bbb_a_1conn_n08.ACD,ok,adopted-existing,6C5628BC3B1B36849DB690C0422874CACC4BD34D7F471D445D2F6625B0A252C3
samples\generated\modules\asmclose_842e_cm_m_1conn_n01.L5X,C:\l5x_scratch\acd\asmclose_842e_cm_m_1conn_n01.ACD,ok,adopted-existing,0065F871BEDCCC154C68150F779C3D6A8335E452F68D20041DA4F79C73BDA2F5
samples\generated\modules\asmclose_842e_cm_m_1conn_n02.L5X,C:\l5x_scratch\acd\asmclose_842e_cm_m_1conn_n02.ACD,ok,adopted-existing,E2023EA1DFA948A64C4F4E8B6D012255F030FBDE0A3465F3CEE43E5267CBCF32
samples\generated\modules\asmclose_842e_cm_m_1conn_n04.L5X,C:\l5x_scratch\acd\asmclose_842e_cm_m_1conn_n04.ACD,ok,adopted-existing,62B12A4E2F56D22256CAB36F070001CAF7ABAF66EA6A2E3E5625CE48C51398D3
samples\generated\modules\asmclose_842e_cm_m_1conn_n08.L5X,C:\l5x_scratch\acd\asmclose_842e_cm_m_1conn_n08.ACD,ok,adopted-existing,6142428F36D4EE80731E07F640908E0450A11EAA4F8C0A8FA0E9A15370ABA94B
samples\generated\modules\asmclose_al1222_1conn_n01.L5X,C:\l5x_scratch\acd\asmclose_al1222_1conn_n01.ACD,ok,adopted-existing,F89ECEE074900D4AE7DAEB21518ABABBA728E4F0BCF46E039A8E2337F90CCDE9
samples\generated\modules\asmclose_al1222_1conn_n02.L5X,C:\l5x_scratch\acd\asmclose_al1222_1conn_n02.ACD,ok,adopted-existing,1F9889E8F6A2FF37DA2736810C6F2EE7869B985D715864D333453BE760AE2461
samples\generated\modules\asmclose_al1222_1conn_n04.L5X,C:\l5x_scratch\acd\asmclose_al1222_1conn_n04.ACD,ok,adopted-existing,E9B45A3DE0C028CE893BAC0ACEFBA89429104AE21EF3758FCBF9AC2030EDC783
samples\generated\modules\asmclose_al1222_1conn_n08.L5X,C:\l5x_scratch\acd\asmclose_al1222_1conn_n08.ACD,ok,adopted-existing,1F468CA9503B6CB96CECEC6930CFD384D2F1418E26CC6FBBF551E999550E341E
samples\generated\modules\asmclose_powerflex_755_eenet_cm_s_1conn_n01.L5X,C:\l5x_scratch\acd\asmclose_powerflex_755_eenet_cm_s_1conn_n01.ACD,ok,adopted-existing,A3A8C5784D30DC24C9F30F08690480543BC58C786249E89CBD14F5686497CDF9
samples\generated\modules\asmclose_powerflex_755_eenet_cm_s_1conn_n02.L5X,C:\l5x_scratch\acd\asmclose_powerflex_755_eenet_cm_s_1conn_n02.ACD,ok,adopted-existing,09086FC8ED269D5098BB8E967529E232A2A77B7E9E48FEA5AD9F617C4424E436
samples\generated\modules\asmclose_powerflex_755_eenet_cm_s_1conn_n04.L5X,C:\l5x_scratch\acd\asmclose_powerflex_755_eenet_cm_s_1conn_n04.ACD,ok,adopted-existing,C9EDCA5C7B2C72885B190CF1AD04E5734565B22456A0A0D5AC75800BB6CB43A4
samples\generated\modules\asmclose_powerflex_755_eenet_cm_s_1conn_n08.L5X,C:\l5x_scratch\acd\asmclose_powerflex_755_eenet_cm_s_1conn_n08.ACD,ok,adopted-existing,C0796A454C78EF015A566A4BF61EA19D0A262DF4D9712EA8EADDB280F9F07D57
samples\generated\modules\axis_scale_n01_single.L5X,C:\l5x_scratch\acd\axis_scale_n01_single.ACD,ok,adopted-existing,DAE9D4915B458C69805310F1EE171E00FC7035320CF17997A25218D7D67BD192
samples\generated\modules\axis_scale_n02_dual.L5X,C:\l5x_scratch\acd\axis_scale_n02_dual.ACD,ok,adopted-existing,E5A5F0D0EB723E1DDD92F763B62F2EECDA8C76B2F52722738D648D6C3E71D677
samples\generated\modules\axis_scale_n02_single.L5X,C:\l5x_scratch\acd\axis_scale_n02_single.ACD,ok,adopted-existing,3F1FEF03636A70F88C1288499BBA499806890B1C47672F409C866CCE55B4ED1D
samples\generated\modules\axis_scale_n04_single.L5X,C:\l5x_scratch\acd\axis_scale_n04_single.ACD,ok,adopted-existing,3DDCB7AAB0D6F1156CBF49141F99C8659F9245A04B6D731E36316173A0FBCB95
samples\generated\modules\axis_scale_n08_dual.L5X,C:\l5x_scratch\acd\axis_scale_n08_dual.ACD,ok,adopted-existing,E5B1E986D5DAF2B1B9284DAAF38E9FB28F4002CE2397465D5AA846DBD9E5ABD8
samples\generated\modules\axis_scale_n08_dual_regen.L5X,C:\l5x_scratch\acd\axis_scale_n08_dual_regen.ACD,ok,adopted-existing,B02E849F2EB6CBFEF8597CA71BE0ADC5CD2D2863FC2210F5CE8A1EA7B9CACD42
samples\generated\modules\axis_scale_n08_single.L5X,C:\l5x_scratch\acd\axis_scale_n08_single.ACD,ok,adopted-existing,01357AB6AB129B9CA1192A8FC2C99BF15D4FFB47C8BE1AEAD0D0D814C5E8B19F
samples\generated\modules\bridge_placeholder_single.L5X,C:\l5x_scratch\acd\bridge_placeholder_single.ACD,ok,adopted-existing,B71AF433B64732A30A9F9DEC948B90FF94777386B94B6845F9C76DA38EBA8E3B
samples\generated\modules\bridge_placeholder_ten.L5X,C:\l5x_scratch\acd\bridge_placeholder_ten.ACD,ok,adopted-existing,20AFD6080080274ECAC804B80863440F41BD0C11F3E1BB723F241EF15FE24A08
samples\generated\modules\cipmodule_scale_0064b.L5X,C:\l5x_scratch\acd\cipmodule_scale_0064b.ACD,ok,adopted-existing,217EB31F1BC4DD3A6B1F1AF069DD84B1A7F82222D21C628279E95149F2C0B06B
samples\generated\modules\cipmodule_scale_0128b.L5X,C:\l5x_scratch\acd\cipmodule_scale_0128b.ACD,ok,adopted-existing,9BED882B923E514AA5EF1EFC3678066FC7BB87961602FD950644B2070F8E0F0A
samples\generated\modules\cipmodule_scale_0256b.L5X,C:\l5x_scratch\acd\cipmodule_scale_0256b.ACD,ok,adopted-existing,1856351E63D21E7750FEBE5CA22D42F09AB480941458D3F6C2A985986BE76098
samples\generated\modules\cipmodule_scale_0496b.L5X,C:\l5x_scratch\acd\cipmodule_scale_0496b.ACD,ok,adopted-existing,2536C81005B48DA4BB67AB21049BB091035323C8592733364D71E090B9580A1F
samples\generated\modules\cipmodule_scale_0496b_x3.L5X,C:\l5x_scratch\acd\cipmodule_scale_0496b_x3.ACD,ok,adopted-existing,2734E110F19E32730CEE7DE2D84A0317D161E5F5C073D1BBD122C389745B570B
samples\generated\modules\closeout_en2t_n01.L5X,C:\l5x_scratch\acd\closeout_en2t_n01.ACD,ok,adopted-existing,388756D84CD2617F13A5D6D4034BAF7FB8EB041930902EFBD15062BF931C79CF
samples\generated\modules\closeout_en2t_n02.L5X,C:\l5x_scratch\acd\closeout_en2t_n02.ACD,ok,adopted-existing,80BF72069531E2E6CD6CE67B905A7FCFF0FCDCF384275686ED35ED3737668A00
samples\generated\modules\closeout_en2t_n04.L5X,C:\l5x_scratch\acd\closeout_en2t_n04.ACD,ok,adopted-existing,16F6016B7F197823ECCD99EFC9967384567CEB18B4A10A267DC6E5B3EAFED1E3
samples\generated\modules\closeout_en2t_n08.L5X,C:\l5x_scratch\acd\closeout_en2t_n08.ACD,ok,adopted-existing,DF4421A343E90E5C45FCCB4B1685E9B55A6B7591B21BB17302759BFC51446CB6
samples\generated\modules\genem_dtdint_064.L5X,C:\l5x_scratch\acd\genem_dtdint_064.ACD,ok,adopted-existing,8B5613A1BAD51C05B28AEC2B5F6CC5BCF37D47DD6BE55097294E05B3120D2E74
samples\generated\modules\genem_dtint_008.L5X,C:\l5x_scratch\acd\genem_dtint_008.ACD,ok,adopted-existing,594E748B43B4D58461FEB74AD536528B44033757C97D81F71993C9B0A203729A
samples\generated\modules\genem_dtint_064.L5X,C:\l5x_scratch\acd\genem_dtint_064.ACD,ok,adopted-existing,F973544D41FAC76F2E21CD4A7E34779354DCDA6F58C4C0342733955F523632AE
samples\generated\modules\genem_dtint_450.L5X,C:\l5x_scratch\acd\genem_dtint_450.ACD,ok,adopted-existing,E3A70C889851D13F87636E920046AE2297ECCF86D5B14F708D995311CB72B7B0
samples\generated\modules\genem_dtreal_064.L5X,C:\l5x_scratch\acd\genem_dtreal_064.ACD,ok,adopted-existing,552B2F29DD3A0EE1B3FBDA2910CACB722FE7AA41D309B17471E0D9757BB8F092
samples\generated\modules\genem_in002.L5X,C:\l5x_scratch\acd\genem_in002.ACD,ok,adopted-existing,E1C179E8D4B373A2845E06844F1D909541F40C42B8E967CB8862057DF229A39B
samples\generated\modules\genem_in004.L5X,C:\l5x_scratch\acd\genem_in004.ACD,ok,adopted-existing,813E05B8A5DC679C6FDF0426154875E1F54BB849AB869F256AD58546DD2CA2F4
samples\generated\modules\genem_in010.L5X,C:\l5x_scratch\acd\genem_in010.ACD,ok,adopted-existing,04B77D58AC80FF3ED9354182D49A340B46E763783ABE6414CC270362639F5CBD
samples\generated\modules\genem_in032.L5X,C:\l5x_scratch\acd\genem_in032.ACD,ok,adopted-existing,ED8E0F8FA06C43087A2AEAD7225551019AB614BEDE48AC1ED2CC89588F379414
samples\generated\modules\genem_in064.L5X,C:\l5x_scratch\acd\genem_in064.ACD,ok,adopted-existing,4C05C7DE35583F2EFF74C32A8843BEF12E9BEC0A6A8018024E8E80A3BB15D35E
samples\generated\modules\genem_in128.L5X,C:\l5x_scratch\acd\genem_in128.ACD,ok,adopted-existing,008D4D9B594FF153BAEDFD02ECC3C1CDDB9E5F8242480B348A026045C692D060
samples\generated\modules\genem_in256.L5X,C:\l5x_scratch\acd\genem_in256.ACD,ok,adopted-existing,91A70D0D3C756FAD9C6846CD3EC167C4BF4DC7A3202E28BC9828AC6208513C80
samples\generated\modules\genem_in450.L5X,C:\l5x_scratch\acd\genem_in450.ACD,ok,adopted-existing,AFEA9A06B032FFDD6EF9E263E7744627A8A4CDAD16253B2FBEA8292D82490541
samples\generated\modules\genem_n01.L5X,C:\l5x_scratch\acd\genem_n01.ACD,ok,adopted-existing,49E356A77B478AF6EEACCBA612F4B6F7B30DB280550FF50F92839EED8DC85C02
samples\generated\modules\genem_n02.L5X,C:\l5x_scratch\acd\genem_n02.ACD,ok,adopted-existing,00BAE178CCB9F725AFEAF11705D2CF3DD071C6E168381C97AB550A8F7F101C32
samples\generated\modules\genem_n04.L5X,C:\l5x_scratch\acd\genem_n04.ACD,ok,adopted-existing,3FA5D93814A71CB126FD7993EF6FE6AC7A317F31A3D2D8762CF6B84ED82D91D8
samples\generated\modules\genem_n08.L5X,C:\l5x_scratch\acd\genem_n08.ACD,ok,adopted-existing,771DF82CACE750C0DF85526BC3731772DBC2FE9072218D7EA85B26F1103187A3
samples\generated\modules\genem_noconn.L5X,C:\l5x_scratch\acd\genem_noconn.ACD,ok,adopted-existing,F086390D2B091D6EA328B6AA9C46AC4C1A115A8926194792AE26E7406B52A9FB
samples\generated\modules\genem_out002.L5X,C:\l5x_scratch\acd\genem_out002.ACD,ok,adopted-existing,1B156F8ABAEAEA89A6D57FCEF197D8A8E491E2FC0C7D9C5985824C4417CEB197
samples\generated\modules\genem_out004.L5X,C:\l5x_scratch\acd\genem_out004.ACD,ok,adopted-existing,3FD6A5BB6BBEF5CED30B468673F69907029C102D485A74E31465E3A80DAD527B
samples\generated\modules\genem_out008.L5X,C:\l5x_scratch\acd\genem_out008.ACD,ok,adopted-existing,0E74294ACF30B4AF7A627387F6D7119EA003C0CDE310224D2D90BEB177112AF3
samples\generated\modules\genem_out016.L5X,C:\l5x_scratch\acd\genem_out016.ACD,ok,adopted-existing,E2F2D1FC50ACE807EC9FF23D246E7849749ABB9BC993CFE60C406519B16BCBC8
samples\generated\modules\genem_out032.L5X,C:\l5x_scratch\acd\genem_out032.ACD,ok,adopted-existing,364B4BD92AE95FE1A2206153192966045B125280AAADBA304DA47A1A9FA97E6B
samples\generated\modules\genem_out064.L5X,C:\l5x_scratch\acd\genem_out064.ACD,ok,adopted-existing,F7F45D976A1C791EAFCCE197C392EE1A219EACA8D11213A3C8276AFC24011671
samples\generated\modules\modmarg_drvaxis_2198_d012_ers3_n01.L5X,C:\l5x_scratch\acd\modmarg_drvaxis_2198_d012_ers3_n01.ACD,ok,adopted-existing,A10810C14E5A39704A34B101E82E7AD97BBD18C4231E0B87AD7F2DAA6F9AAC6B
samples\generated\modules\modmarg_drvaxis_2198_d012_ers3_n02.L5X,C:\l5x_scratch\acd\modmarg_drvaxis_2198_d012_ers3_n02.ACD,ok,adopted-existing,9739E2B5307A8E475FC4ECF388974BD7601224CD3991A58EEA5CA033ED51A6A7
samples\generated\modules\modmarg_drvaxis_2198_d012_ers3_n04.L5X,C:\l5x_scratch\acd\modmarg_drvaxis_2198_d012_ers3_n04.ACD,ok,adopted-existing,3FBE868F5C0264BF7A0D1B8CD7B14FFFC311ED7BC40DBAF585B42AC211A903CE
samples\generated\modules\modmarg_drvaxis_2198_d012_ers3_n08.L5X,C:\l5x_scratch\acd\modmarg_drvaxis_2198_d012_ers3_n08.ACD,ok,adopted-existing,6EA1865B73CD059F71BC6F96922F066BC6AB687D6AF40642F05B17D06A9E78C4
samples\generated\modules\modmarg_drvaxis_2198_s086_ers3_n01.L5X,C:\l5x_scratch\acd\modmarg_drvaxis_2198_s086_ers3_n01.ACD,ok,adopted-existing,0673670E55ACFD112C27848C3C7D7B98C1E7C4C4417561F3F233C8D8E746ABCF
samples\generated\modules\modmarg_drvaxis_2198_s086_ers3_n02.L5X,C:\l5x_scratch\acd\modmarg_drvaxis_2198_s086_ers3_n02.ACD,ok,adopted-existing,EAB0F947A3660C556AC899DEA112ECC0337E19D600BDE4946F6C11A32729DEEF
samples\generated\modules\modmarg_mixq1_x1.L5X,C:\l5x_scratch\acd\modmarg_mixq1_x1.ACD,ok,adopted-existing,B6F10FFFB8C91698B4D3CBE80758D28DF973005F89F5D81D2925545E1825EC90
samples\generated\modules\modmarg_mixq1_x2.L5X,C:\l5x_scratch\acd\modmarg_mixq1_x2.ACD,ok,adopted-existing,94E0F78A9E8F87B8854293958864A7863E96796B3B00429DE3AB45C857D81270
samples\generated\modules\modmarg_mixq1_x2rev.L5X,C:\l5x_scratch\acd\modmarg_mixq1_x2rev.ACD,ok,adopted-existing,C329AC7749B510CB6BB1B694FACE6C3CBAC06DF2FCCAC4550270ED352FD339D4
samples\generated\modules\modmarg_mixq2_x1.L5X,C:\l5x_scratch\acd\modmarg_mixq2_x1.ACD,ok,adopted-existing,3B322874F1F000B7D740ABDB5865F800D0A72587423BBFA360E8FE7B9438B153
samples\generated\modules\modmarg_mixq2_x2.L5X,C:\l5x_scratch\acd\modmarg_mixq2_x2.ACD,ok,adopted-existing,EBAFBDABB4FC8A6D411CBA678A9DCDCDEBDEDE0C51C22A94CC636D94ED0D9C62
samples\generated\modules\modmarg_mixq2_x2rev.L5X,C:\l5x_scratch\acd\modmarg_mixq2_x2rev.ACD,ok,adopted-existing,27F0661831A3AB8D2CD014466E3A9B45062EA61AD1CC7EF23CE376B9442950C2
samples\generated\modules\modmarg_mixq3_x1.L5X,C:\l5x_scratch\acd\modmarg_mixq3_x1.ACD,ok,adopted-existing,04423E343327C68FF979E396BDF772989E9BAF6C33D015E903DA4F49DB0E0EA1
samples\generated\modules\modmarg_mixq3_x2.L5X,C:\l5x_scratch\acd\modmarg_mixq3_x2.ACD,ok,adopted-existing,DB28A77A481CE688832A1BEFB2BD5296E72EE16A0C740AE7A4B7B456EC2552BC
samples\generated\modules\modmarg_mixq3_x2rev.L5X,C:\l5x_scratch\acd\modmarg_mixq3_x2rev.ACD,ok,adopted-existing,662D17F16B26C7F8FC0457DFF27430B0D47ADC6C3D3AA4A8102C5F310E4E90C4
samples\generated\modules\modmarg_ob32chain_n01.L5X,C:\l5x_scratch\acd\modmarg_ob32chain_n01.ACD,ok,adopted-existing,1BF845F0D3B9B38730319923050BC53A63C4EB5603E3B617546A75F5CAE6AA6A
samples\generated\modules\modmarg_ob32chain_n02.L5X,C:\l5x_scratch\acd\modmarg_ob32chain_n02.ACD,ok,adopted-existing,04FEC66930D975343E7CF65936188D2320F2701D6B948BDD946360E615155797
samples\generated\modules\modmarg_ob32chain_n04.L5X,C:\l5x_scratch\acd\modmarg_ob32chain_n04.ACD,ok,adopted-existing,CDACF5099F09334A8E63329C8D7C9A1E7F1B05542CDA4BB4C53A13ABB80B0E03
samples\generated\modules\modmarg_ob32chain_n08.L5X,C:\l5x_scratch\acd\modmarg_ob32chain_n08.ACD,ok,adopted-existing,0B3A00CEC0DBCA21FF2A3514DA4096F862D6AED11F9B69EBC9D140759C850E5B
samples\generated\modules\modname_p208_len04.L5X,C:\l5x_scratch\acd\modname_p208_len04.ACD,ok,adopted-existing,9CDEF1D2316FA50527DB612C2D0013324A8D5F7D47A33F30226D5B45BC8950AE
samples\generated\modules\modname_p208_len06.L5X,C:\l5x_scratch\acd\modname_p208_len06.ACD,ok,adopted-existing,6AB4D188FC783E964156C40CBFAFA7249947019BE35DCFD2F381E6ADE746A8F1
samples\generated\modules\modname_p208_len08.L5X,C:\l5x_scratch\acd\modname_p208_len08.ACD,ok,adopted-existing,BAD1E8992DB4E6C80D6805CE33D61D1F38F6AA513B03B1CCB162872C22BB8933
samples\generated\modules\modname_p208_len10.L5X,C:\l5x_scratch\acd\modname_p208_len10.ACD,ok,adopted-existing,6D5050951A497CB09457B94314F236C3471594C4B69506C4CB5F763FA376E5F2
samples\generated\modules\modname_p208_len12.L5X,C:\l5x_scratch\acd\modname_p208_len12.ACD,ok,adopted-existing,F51910D2D1B0ABE0BA88EB89E18FD8D13DBF2A3FF1DEB3000AAE3319370AC236
samples\generated\modules\modname_p208_len13.L5X,C:\l5x_scratch\acd\modname_p208_len13.ACD,ok,adopted-existing,C5869A23597BA1600244DABC73F13DF634239BA6A74869D49E16F0FF60605FE5
samples\generated\modules\modname_p208_len16.L5X,C:\l5x_scratch\acd\modname_p208_len16.ACD,ok,adopted-existing,CD80163CFC374C78CDD1807C5580BF4BA0B87172926D358AE6CDC7F5702FD305
samples\generated\modules\modname_p208_len17.L5X,C:\l5x_scratch\acd\modname_p208_len17.ACD,ok,adopted-existing,E8C9D62B9A1654569F1841E352554440C38FEF9759E7B6F2A6F061F5B0D7569E
samples\generated\modules\modname_p208_len20.L5X,C:\l5x_scratch\acd\modname_p208_len20.ACD,ok,adopted-existing,D4C5A89EFF17E0BBB9A8CB64DA07E6F6BBFA1A125E851585105849CBAD7161F9
samples\generated\modules\modname_p208_len24.L5X,C:\l5x_scratch\acd\modname_p208_len24.ACD,ok,adopted-existing,DC3A4A16C3A09B9E09CF7B2751BC349A116A83815561AAD32521A6D144E20633
samples\generated\modules\modname_p208_len32.L5X,C:\l5x_scratch\acd\modname_p208_len32.ACD,ok,adopted-existing,43FEDD9CBF93640F88B82372489F844F5B5ED8FAD6AAE621ADDC5163470408A8
samples\generated\modules\modname_p208_len40.L5X,C:\l5x_scratch\acd\modname_p208_len40.ACD,ok,adopted-existing,C147C1E8A6A48849F9D73C5252B87FACCF375931AB3B9127879519D9A34B29EF
samples\generated\modules\modrepeat_1756_ib16_n01.L5X,C:\l5x_scratch\acd\modrepeat_1756_ib16_n01.ACD,ok,adopted-existing,BA8CEAE28B6E59505E22E6B6F579C0692A1A3F0268147C0191E6E84CCC884CCA
samples\generated\modules\modrepeat_1756_ib16_n02.L5X,C:\l5x_scratch\acd\modrepeat_1756_ib16_n02.ACD,ok,adopted-existing,A3C016876B83E97AD78135523D1FFECD264E458F05C0F44F7BCE5B4D11997B6D
samples\generated\modules\modrepeat_1756_ib16_n04.L5X,C:\l5x_scratch\acd\modrepeat_1756_ib16_n04.ACD,ok,adopted-existing,CD6B39C1E435045A9FEF29E297220E49B1A35A905D823DF9EC4858D899950A95
samples\generated\modules\modrepeat_1756_ib16_n08.L5X,C:\l5x_scratch\acd\modrepeat_1756_ib16_n08.ACD,ok,adopted-existing,E977EF7CCAC38CF87D5FBA5447A791CD27BA643545D48BD6450C6F96CD9CA9F6
samples\generated\modules\modulemotion_d012_dual_axis.L5X,C:\l5x_scratch\acd\modulemotion_d012_dual_axis.ACD,ok,adopted-existing,5AF5B25A6A5672E605E388659431003D41C4FC04EE0CABB3D2094C6718B2DFED
samples\generated\modules\modulemotion_d012_single_axis.L5X,C:\l5x_scratch\acd\modulemotion_d012_single_axis.ACD,ok,adopted-existing,2C11BED71CA50F942AD4AEB24DEC8D2B3A4D58024B932AD86440D7E8E64C3906
samples\generated\modules\modulemotion_p208_baseline.L5X,C:\l5x_scratch\acd\modulemotion_p208_baseline.ACD,ok,adopted-existing,15A5F8DB303D4374DB70D1E652ACB2680B3C2C436ACFFF47F035796A817FB171
samples\generated\modules\modulemotion_p208_with_axis.L5X,C:\l5x_scratch\acd\modulemotion_p208_with_axis.ACD,ok,adopted-existing,D5BDAF1B88CA0FD927AF2A539FCF76F663C5D06678ACE2E9048A632137EF5A23
samples\generated\modules\modulemotion_s086_safety_axis.L5X,C:\l5x_scratch\acd\modulemotion_s086_safety_axis.ACD,ok,adopted-existing,41FC8691EEB77BB9175727D64AE7C1315C2FD36AC0AD1A39B6AB8E87E2151AF8
samples\generated\modules\moduleproto_1734aentr_cpu_ethernet.L5X,C:\l5x_scratch\acd\moduleproto_1734aentr_cpu_ethernet.ACD,ok,adopted-existing,44A299B9FCBEFA6D8C2624F878DE566F6D466F3E448833745D805E184FC5CA1B
samples\generated\modules\moduleproto_1756ib16_slot1.L5X,C:\l5x_scratch\acd\moduleproto_1756ib16_slot1.ACD,ok,adopted-existing,2F83633B2A0B7BCCE528A5A5972AEBB330F12137BD38FB79AC3D8185854C910D
samples\generated\modules\moduleproto_en2t_downstream_ia16.L5X,C:\l5x_scratch\acd\moduleproto_en2t_downstream_ia16.ACD,ok,adopted-existing,F36CC9453E27C6CCF5D1005CBCC1C7ADB670434BC7B6426AD6E093517639B486
samples\generated\modules\moduleproto_pointio_bus_mixed.L5X,C:\l5x_scratch\acd\moduleproto_pointio_bus_mixed.ACD,ok,adopted-existing,8A613A25C4ED36CF4CED733D0558D1839BF163C6D1995BF609D98A35628E36BA
samples\generated\modules\moduleproto_pointio_safety_input.L5X,C:\l5x_scratch\acd\moduleproto_pointio_safety_input.ACD,ok,adopted-existing,75153FD597B9496D2F65DF88A411B45FE50D6EF2FE0A724DC9B673679297BC0C
samples\generated\modules\modulerack_1756_local.L5X,C:\l5x_scratch\acd\modulerack_1756_local.ACD,ok,adopted-existing,BB6503841F44E6077D02583935583D2CAC7F61247DC519F41FC53C87863C2255
samples\generated\modules\modulerack_1756_remote.L5X,C:\l5x_scratch\acd\modulerack_1756_remote.ACD,ok,adopted-existing,072D23335BA0279119D0BFFE7FD53BD87DB56E935F32F066DC05C753181DA1DB
samples\generated\modules\modulerack_kinetix_full_bus.L5X,C:\l5x_scratch\acd\modulerack_kinetix_full_bus.ACD,ok,adopted-existing,6C3864D54DF13179D940E1D297B8DDE6DA328B07F606398CC34DC92FCDA2E79B
samples\generated\modules\modulerack_kinetix_full_bus_r2.L5X,C:\l5x_scratch\acd\modulerack_kinetix_full_bus_r2.ACD,ok,adopted-existing,BE46F3C13DC47088F183612D3FB9CB7601E4362516C94827305BDCC7D1F7DECA
samples\generated\modules\modulerack_kinetix_full_bus_r3.L5X,C:\l5x_scratch\acd\modulerack_kinetix_full_bus_r3.ACD,ok,adopted-existing,6CF201A363E6786E4B49601B98E29E8E17B73ACC3056EE9E131515B8ED67695D
samples\generated\modules\modulerack_kinetix_twobus_studio.L5X,C:\l5x_scratch\acd\modulerack_kinetix_twobus_studio.ACD,ok,adopted-existing,31844A56027A6BEA4FE9667A6D7D08527725200A5E0707331099D5B3D9739650
samples\generated\modules\modulerack_pointio_a.L5X,C:\l5x_scratch\acd\modulerack_pointio_a.ACD,ok,adopted-existing,0A9BEF81847971DD6EC46A7DF146545F9D8833FB776197D28184747B2B414692
samples\generated\modules\modulerack_pointio_b.L5X,C:\l5x_scratch\acd\modulerack_pointio_b.ACD,ok,adopted-existing,536F03A6F09B93483C77C02D5CCB3F672CE1CF96D25D0703BD7F28600A151C53
samples\generated\modules\modulesweep_150_smc_flex_e.L5X,C:\l5x_scratch\acd\modulesweep_150_smc_flex_e.ACD,ok,adopted-existing,77DD7355888136B36ED3ECC2F49F1C28E319FC78185936096D89804168E751B0
samples\generated\modules\modulesweep_1732e_ib16m12dr_a.L5X,C:\l5x_scratch\acd\modulesweep_1732e_ib16m12dr_a.ACD,ok,adopted-existing,A643DAB637190E530462540FEE6FF02E23D06265414865015EF3839841FE04DD
samples\generated\modules\modulesweep_1732e_ib16m12r_a.L5X,C:\l5x_scratch\acd\modulesweep_1732e_ib16m12r_a.ACD,ok,adopted-existing,F67928819FE9C373513C4CF5603D7811D5C8810D4710C20F081FF298ACC6DEA3
samples\generated\modules\modulesweep_1732e_ob16m12r_a.L5X,C:\l5x_scratch\acd\modulesweep_1732e_ob16m12r_a.ACD,ok,adopted-existing,3D26E71A104E20064C1B07EE7A7A15712682F5FBFFA99AD834785BCDF6497CF8
samples\generated\modules\modulesweep_1734_232asc_c.L5X,C:\l5x_scratch\acd\modulesweep_1734_232asc_c.ACD,ok,adopted-existing,041391EFB94A4A5CEE9B92E4CFF6125F04CF61C45235FB511E98F369A12A3742
samples\generated\modules\modulesweep_1734_485asc_c.L5X,C:\l5x_scratch\acd\modulesweep_1734_485asc_c.ACD,ok,adopted-existing,402AD4AA2EEBA242B75B5764C21EF99DED69500E777725C07D92FD15420F02A2
samples\generated\modules\modulesweep_1734_8cfg_c.L5X,C:\l5x_scratch\acd\modulesweep_1734_8cfg_c.ACD,ok,adopted-existing,FD002A1DEE4A165A062FC43AC0BB77F620855B46DD517A43802F11826720AE18
samples\generated\modules\modulesweep_1734_aentr_b.L5X,C:\l5x_scratch\acd\modulesweep_1734_aentr_b.ACD,ok,adopted-existing,22DFD074324EFB1F3A94FFFF0CFBF8A6DC919E12B44DA90B42627DC37A9739AE
samples\generated\modules\modulesweep_1734_aentr_c.L5X,C:\l5x_scratch\acd\modulesweep_1734_aentr_c.ACD,ok,adopted-existing,2ED0080748E0E0A586D554A303B51F55E28CBA692B3A79351753C9DDA8C7F625
samples\generated\modules\modulesweep_1734_aent_b.L5X,C:\l5x_scratch\acd\modulesweep_1734_aent_b.ACD,ok,adopted-existing,EE6E07B01C4EEE5271A63AE1B8D35830548F9BB0406D96870303364290C1A595
samples\generated\modules\modulesweep_1734_aent_c.L5X,C:\l5x_scratch\acd\modulesweep_1734_aent_c.ACD,ok,adopted-existing,AC34FFFF8EE2884151DEB42C50AF27662AA42763ED08D039CF2607E14DDC0698
samples\generated\modules\modulesweep_1734_ib8s_b_variant_1conn.L5X,C:\l5x_scratch\acd\modulesweep_1734_ib8s_b_variant_1conn.ACD,ok,adopted-existing,EE5113A29878F6BF7362F787ABB154150CAB68293A0F7E7CDCF5174E87B9D376
samples\generated\modules\modulesweep_1734_ib8s_b_variant_2conn.L5X,C:\l5x_scratch\acd\modulesweep_1734_ib8s_b_variant_2conn.ACD,ok,adopted-existing,957E73456FD62F3D6BDCE85AA6BA7443DBCAFB94E4EF3D33BF6453280AFB2A91
samples\generated\modules\modulesweep_1734_ib8_c.L5X,C:\l5x_scratch\acd\modulesweep_1734_ib8_c.ACD,ok,adopted-existing,5DF78326C1A4DCF81F8DED195E33BB68F050F4C288F4174C2697C8B94AC1ACE6
samples\generated\modules\modulesweep_1734_ie2c_c.L5X,C:\l5x_scratch\acd\modulesweep_1734_ie2c_c.ACD,ok,adopted-existing,CF2364B7031E7161059143B4C37EC3F543DBC91773C21D37D68C5E34D9725137
samples\generated\modules\modulesweep_1734_ie2v_c.L5X,C:\l5x_scratch\acd\modulesweep_1734_ie2v_c.ACD,ok,adopted-existing,DBADD9A152928AFCF5E2B95065B4758C3FC2DC96CF8ED3EEBE7E4D1DB13B67F3
samples\generated\modules\modulesweep_1734_ie4c_c.L5X,C:\l5x_scratch\acd\modulesweep_1734_ie4c_c.ACD,ok,adopted-existing,88D6C14044D11AA4D7D04A22027D28E640F9539274930B9DC41D3F9F91D870E4
samples\generated\modules\modulesweep_1734_ij_c.L5X,C:\l5x_scratch\acd\modulesweep_1734_ij_c.ACD,ok,adopted-existing,E7535AFC1D963884D94314D40C90E8E3DC44E3FAA41A8D9FBCF4FECE4ED83FF3
samples\generated\modules\modulesweep_1734_ik_c.L5X,C:\l5x_scratch\acd\modulesweep_1734_ik_c.ACD,ok,adopted-existing,F08BC465B1D1AB65DF620698F0D271A7D7ECA3348DBD55ADF63599994818D007
samples\generated\modules\modulesweep_1734_ir2_c.L5X,C:\l5x_scratch\acd\modulesweep_1734_ir2_c.ACD,ok,adopted-existing,7F4C2D34DB507DE2AD11C2F0004D48C6B0AC1C09319BA379A5B2C0143B6E6143
samples\generated\modules\modulesweep_1734_oa4_c.L5X,C:\l5x_scratch\acd\modulesweep_1734_oa4_c.ACD,ok,adopted-existing,ED91CB8BE7EFDFEF2F28964223831841192E550FC5551AF556C050467D2C9C30
samples\generated\modules\modulesweep_1734_ob2ep_c.L5X,C:\l5x_scratch\acd\modulesweep_1734_ob2ep_c.ACD,ok,adopted-existing,51270E08F4543285192A42AB4B6D9DAF18CA2AB5CF94EFB310824EDA7FAF94A1
samples\generated\modules\modulesweep_1734_ob8e_c.L5X,C:\l5x_scratch\acd\modulesweep_1734_ob8e_c.ACD,ok,adopted-existing,B6A178CED3AA3D52EF72D4C6619A54D088926030A9867EFBF420003B2A346C85
samples\generated\modules\modulesweep_1734_ob8_c.L5X,C:\l5x_scratch\acd\modulesweep_1734_ob8_c.ACD,ok,adopted-existing,8B6D85F48E6D944CA2B68147F73A225C951A6C77F1E73AE9D5CB4377770680FA
samples\generated\modules\modulesweep_1734_oe2c_c.L5X,C:\l5x_scratch\acd\modulesweep_1734_oe2c_c.ACD,ok,adopted-existing,A3A6C28C98F385CE12B0E47D484EE45599417BD8457FEB2818BA26686F09E9B4
samples\generated\modules\modulesweep_1756_cnb_d.L5X,C:\l5x_scratch\acd\modulesweep_1756_cnb_d.ACD,ok,adopted-existing,2D4DF0C374F9C4FC550ECA1477F83E58DB9ABB56F06022B779D5BBE9B27D0466
samples\generated\modules\modulesweep_1756_dhrio_e.L5X,C:\l5x_scratch\acd\modulesweep_1756_dhrio_e.ACD,ok,adopted-existing,60497BC8DE6DA1DD6050349A9DB3092CBB22618AD8EB69C24E30A3770A40BB5A
samples\generated\modules\modulesweep_1756_dnb.L5X,C:\l5x_scratch\acd\modulesweep_1756_dnb.ACD,ok,adopted-existing,A2CAC0998E51AC8ECA8A1122A8E8CD87362247949FE3A72EED8F95B88B1C68A6
samples\generated\modules\modulesweep_1756_en2t_variant_1conn.L5X,C:\l5x_scratch\acd\modulesweep_1756_en2t_variant_1conn.ACD,ok,adopted-existing,08A3089DBB0C1B6EF66C877226E216658563AA5798A0CFAB838D299D2D409C26
samples\generated\modules\modulesweep_1756_en2t_variant_1conn2.L5X,C:\l5x_scratch\acd\modulesweep_1756_en2t_variant_1conn2.ACD,ok,adopted-existing,061B0A174799B7BAD77CA73476EF0FE290D7CD478E6069C1E3F4A909C0AA49C0
samples\generated\modules\modulesweep_1756_en2t_variant_noconn.L5X,C:\l5x_scratch\acd\modulesweep_1756_en2t_variant_noconn.ACD,ok,adopted-existing,5D5C1633EC25C6CDE4D291828B1C01E58FE512F97F0B37CCF793ECE4913714F1
samples\generated\modules\modulesweep_1756_en4tr.L5X,C:\l5x_scratch\acd\modulesweep_1756_en4tr.ACD,ok,adopted-existing,8B047B3CB68FB46ED99656DD1D061EABD31DCF282FBEE9FC460E4FE53797FD20
samples\generated\modules\modulesweep_1756_enbt_a_variant_1conn.L5X,C:\l5x_scratch\acd\modulesweep_1756_enbt_a_variant_1conn.ACD,ok,adopted-existing,04A0D393C621E869B871F5B850B0EAA8749DF2223F387996825F08C06DE0734F
samples\generated\modules\modulesweep_1756_enbt_a_variant_noconn.L5X,C:\l5x_scratch\acd\modulesweep_1756_enbt_a_variant_noconn.ACD,ok,adopted-existing,7073ECFC1A66C6CE4994EDCB8D792003FBDAFCFFC596FC3AB3DB506A2FBC1A7B
samples\generated\modules\modulesweep_1756_hsc_a.L5X,C:\l5x_scratch\acd\modulesweep_1756_hsc_a.ACD,ok,adopted-existing,49BA2700981642819D179770EB3FBD0655B6AFB689648F8058E26C1B334E901D
samples\generated\modules\modulesweep_1756_hsc_b.L5X,C:\l5x_scratch\acd\modulesweep_1756_hsc_b.ACD,ok,adopted-existing,37E68EDA524B2402ECD619D265A714EE55F772F4E1CC81AE0D059F06F6CEAE48
samples\generated\modules\modulesweep_1756_hyd02.L5X,C:\l5x_scratch\acd\modulesweep_1756_hyd02.ACD,ok,adopted-existing,1599667D64ED667A6ACF909667ED2226887A43F495F747FE9ECD09B6006F3B12
samples\generated\modules\modulesweep_1756_ia16_variant_1conn.L5X,C:\l5x_scratch\acd\modulesweep_1756_ia16_variant_1conn.ACD,ok,adopted-existing,243EEE94292A34CF4538D281CD6CB971935E4254EEEA7F9DF899203751DB76A3
samples\generated\modules\modulesweep_1756_ia16_variant_rackaliased.L5X,C:\l5x_scratch\acd\modulesweep_1756_ia16_variant_rackaliased.ACD,ok,adopted-existing,0620F9CC2F8E2BD0E5E507B4E7A278EF82370B57C15C600A7ED747E2FF803727
samples\generated\modules\modulesweep_1756_ia32_a.L5X,C:\l5x_scratch\acd\modulesweep_1756_ia32_a.ACD,ok,adopted-existing,5971A91D139BE79E75A18ACA0D9D3C643FFBCBFE6F76A2BAB6E71325A522184D
samples\generated\modules\modulesweep_1756_ib16.L5X,C:\l5x_scratch\acd\modulesweep_1756_ib16.ACD,ok,adopted-existing,178B868B618BC7D31288286C07A3E7FB270AE131EAAC3899E0E8BCB605EE7C7F
samples\generated\modules\modulesweep_1756_ib16if_a.L5X,C:\l5x_scratch\acd\modulesweep_1756_ib16if_a.ACD,ok,adopted-existing,1FEFE544E739D2E20427351EF357B3DDEC07052A0266F94E943B1C2863A4AC55
samples\generated\modules\modulesweep_1756_ib32_b_variant_1conn.L5X,C:\l5x_scratch\acd\modulesweep_1756_ib32_b_variant_1conn.ACD,ok,adopted-existing,EBEF2EA2B52875AF133E72BA904C623F50837966588EF198497B9033F860BBD9
samples\generated\modules\modulesweep_1756_ib32_b_variant_rackaliased.L5X,C:\l5x_scratch\acd\modulesweep_1756_ib32_b_variant_rackaliased.ACD,ok,adopted-existing,9C87D8A60EB9F11CDFA3B8F5D786BCA48C335170825048C7611C5EBFE6101FC9
samples\generated\modules\modulesweep_1756_if8_a.L5X,C:\l5x_scratch\acd\modulesweep_1756_if8_a.ACD,ok,adopted-existing,D8B69BFF9454AF7722DA65FB6D0EA79F867757A34B05478206F6D105381CB68F
samples\generated\modules\modulesweep_1756_oa16.L5X,C:\l5x_scratch\acd\modulesweep_1756_oa16.ACD,ok,adopted-existing,6F9F49AFB7E6D5830D7B7D9FC8B1B91C2011FB4DC4550282015E256AE1484280
samples\generated\modules\modulesweep_1756_oa16i.L5X,C:\l5x_scratch\acd\modulesweep_1756_oa16i.ACD,ok,adopted-existing,0DB07BB52B081F81999B72C11D09DCDAD98275AA75998E6DBE9FBEE43560A761
samples\generated\modules\modulesweep_1756_ob16e_variant_1conn.L5X,C:\l5x_scratch\acd\modulesweep_1756_ob16e_variant_1conn.ACD,ok,adopted-existing,8FCDB0E795BA051F4BB998A668C7122CEAF92CD46735B96502E31CF871858EA3
samples\generated\modules\modulesweep_1756_ob16e_variant_rackaliased.L5X,C:\l5x_scratch\acd\modulesweep_1756_ob16e_variant_rackaliased.ACD,ok,adopted-existing,363D01C25EBD33D4CE90D80E3C5F3D888A1F5F34365C7259C1D709AA3634606C
samples\generated\modules\modulesweep_1756_ob32_variant_1conn.L5X,C:\l5x_scratch\acd\modulesweep_1756_ob32_variant_1conn.ACD,ok,adopted-existing,E83D6299BEC843A558FA9C6DFACD88FD866532372F9D762F94A1C8FDFCF5EF02
samples\generated\modules\modulesweep_1756_ob32_variant_rackaliased.L5X,C:\l5x_scratch\acd\modulesweep_1756_ob32_variant_rackaliased.ACD,ok,adopted-existing,C549CDFA568673D0B71B73C6479B7CF1E986EEF639F23AA5FE9331345E2C90B9
samples\generated\modules\modulesweep_1756_of4_a.L5X,C:\l5x_scratch\acd\modulesweep_1756_of4_a.ACD,ok,adopted-existing,5418A08CF6FB4F9DC2D3A9CEA03E8A8209DE216D6602EA2FE7BEF81FE3F0F841
samples\generated\modules\modulesweep_1756_of8_b.L5X,C:\l5x_scratch\acd\modulesweep_1756_of8_b.ACD,ok,adopted-existing,F29F279920C2CF29519C6C45600DB5BFBFE322F3C0E49DD24D8896A8E01C4F21
samples\generated\modules\modulesweep_1756_ow16i.L5X,C:\l5x_scratch\acd\modulesweep_1756_ow16i.ACD,ok,adopted-existing,1D11533B66CE87C4CD3ACDF06B24E71A919C8E05022A2A53477E8DA8B36DF75A
samples\generated\modules\modulesweep_1783_natr.L5X,C:\l5x_scratch\acd\modulesweep_1783_natr.ACD,ok,adopted-existing,C26762A8132936FDB50A7F1B84B416813B80F53A050076CD66A7815ABA13EB9C
samples\generated\modules\modulesweep_1794_acn15_c.L5X,C:\l5x_scratch\acd\modulesweep_1794_acn15_c.ACD,ok,adopted-existing,3B29A83781D4A52C17947EAFA2A37E1FAF44CF0494882347D05097181FB1A867
samples\generated\modules\modulesweep_1794_aent.L5X,C:\l5x_scratch\acd\modulesweep_1794_aent.ACD,ok,adopted-existing,AFD8CDD1874DEBFFEBFECB471BCA0E432F62514B92E30D12EA200AAF0DA13379
samples\generated\modules\modulesweep_1794_ia16_a.L5X,C:\l5x_scratch\acd\modulesweep_1794_ia16_a.ACD,ok,adopted-existing,BFDDD4121AE9F955DC08EEC7ECFF1C160C30CFC845CFB441DD037472FD385B1F
samples\generated\modules\modulesweep_1794_ib16xob16p_a.L5X,C:\l5x_scratch\acd\modulesweep_1794_ib16xob16p_a.ACD,ok,adopted-existing,0EB4799630675F22F7C0739D294F446E41A7196453193C9065E005AED6D4FE4F
samples\generated\modules\modulesweep_1794_ib16_a.L5X,C:\l5x_scratch\acd\modulesweep_1794_ib16_a.ACD,ok,adopted-existing,9BB1B804DD3F91A31B78ED1E48125D6DA27C45733907886A9E1E2CAF5D2889C7
samples\generated\modules\modulesweep_1794_ib32_a.L5X,C:\l5x_scratch\acd\modulesweep_1794_ib32_a.ACD,ok,adopted-existing,4FC485EDF3EF123DC2EC491127CA6069816FD10B2FC4BA4A58B1FCDCBFEFA67F
samples\generated\modules\modulesweep_1794_ir8_a.L5X,C:\l5x_scratch\acd\modulesweep_1794_ir8_a.ACD,ok,adopted-existing,3D3EDF6EA08023639BD351D94529A46D15888B5DF7330547CFE24EA8DFC98AD7
samples\generated\modules\modulesweep_1794_oa8_a.L5X,C:\l5x_scratch\acd\modulesweep_1794_oa8_a.ACD,ok,adopted-existing,E15CD9146B7D426F1F2F526EBB9667573434B93A8DB916FC6F033C84B29719FD
samples\generated\modules\modulesweep_1794_oe4_b.L5X,C:\l5x_scratch\acd\modulesweep_1794_oe4_b.ACD,ok,adopted-existing,902C97CE5650BB065ADD97D8A7BABFB47BA9AEA4784732E5BA845D4BE62386DE
samples\generated\modules\modulesweep_1794_ow8_a.L5X,C:\l5x_scratch\acd\modulesweep_1794_ow8_a.ACD,ok,adopted-existing,B661548F8E33184C468D0AAC0319D39D5CC279FCA52D67BC91406CEB6C61E45D
samples\generated\modules\modulesweep_1794_vhsc_a.L5X,C:\l5x_scratch\acd\modulesweep_1794_vhsc_a.ACD,ok,adopted-existing,0FF67FB8333231BF9EBE6801AB91E99F45F65021D4BD91FB6863D60EA4E8A187
samples\generated\modules\modulesweep_2097_v34pr5_lm.L5X,C:\l5x_scratch\acd\modulesweep_2097_v34pr5_lm.ACD,ok,adopted-existing,B1B0A70104248854C435528C670BA9FDF34ECAAB86136DF12A16CFD2BBC64950
samples\generated\modules\modulesweep_2198_c4004_ers.L5X,C:\l5x_scratch\acd\modulesweep_2198_c4004_ers.ACD,ok,adopted-existing,6F607E1B542E42E69BAF4FDCAC8566F2BCDD5505BE62C99E9347455D4805F5D6
samples\generated\modules\modulesweep_2198_h008_ers.L5X,C:\l5x_scratch\acd\modulesweep_2198_h008_ers.ACD,ok,adopted-existing,A8A5A82C2F417A6FC666E69B16CCF8A268290AD034E5094A54321DBD638D44F4
samples\generated\modules\modulesweep_2198_p031.L5X,C:\l5x_scratch\acd\modulesweep_2198_p031.ACD,ok,adopted-existing,147DCA01F62873EDC89E9C2EBE2E2A6F7685613E0AC33268C6C592959F4E4201
samples\generated\modules\modulesweep_2198_p070.L5X,C:\l5x_scratch\acd\modulesweep_2198_p070.ACD,ok,adopted-existing,B81E05139C73591F2F9B8F597DEB4E4DF8455D1E3194AB022DA40031BA65A4A8
samples\generated\modules\modulesweep_2198_p141.L5X,C:\l5x_scratch\acd\modulesweep_2198_p141.ACD,ok,adopted-existing,9FF8F80A0611FEAB930C0E993420FADD65A3C8061A01B010E02CD203C05C022B
samples\generated\modules\modulesweep_2198_p208.L5X,C:\l5x_scratch\acd\modulesweep_2198_p208.ACD,ok,adopted-existing,27D35453F4A1CE721B6D7B6003144B98F97FDA643D7315CB301C807B9FA32FC9
samples\generated\modules\modulesweep_2198_rp200.L5X,C:\l5x_scratch\acd\modulesweep_2198_rp200.ACD,ok,adopted-existing,8D0C9D4C0855268A1702A32A39D41B54F89361D6E7324936F0F40FB93468043F
samples\generated\modules\modulesweep_2702782.L5X,C:\l5x_scratch\acd\modulesweep_2702782.ACD,ok,adopted-existing,642771AB79632ADCA273A7886D5C5B1C5790338C82678505B9D9BD9B842A893E
samples\generated\modules\modulesweep_440c_cr30_22bbb_a.L5X,C:\l5x_scratch\acd\modulesweep_440c_cr30_22bbb_a.ACD,ok,adopted-existing,977BC5F82E31E9A8FFB86219182CFC651E59637343BE0D0F9A0EA8D9B79D8025
samples\generated\modules\modulesweep_5069_ib16_a_r2.L5X,C:\l5x_scratch\acd\modulesweep_5069_ib16_a_r2.ACD,ok,adopted-existing,3204416FBBC9BCFACBA99112916EF157434A36F1DB18944AD73C7CCD51DE4C82
samples\generated\modules\modulesweep_5069_ib8s_a_r2.L5X,C:\l5x_scratch\acd\modulesweep_5069_ib8s_a_r2.ACD,ok,adopted-existing,BC1F74F04BF47B0E15EDB08650B2762276565599773E314D4ECF0908BBEA40C1
samples\generated\modules\modulesweep_5069_iy4_a_r2.L5X,C:\l5x_scratch\acd\modulesweep_5069_iy4_a_r2.ACD,ok,adopted-existing,954D8C7B3DBA2A27DBEE5438759EB9840A1505852E544815DD1211298FB89607
samples\generated\modules\modulesweep_5069_obv8s_a_r2.L5X,C:\l5x_scratch\acd\modulesweep_5069_obv8s_a_r2.ACD,ok,adopted-existing,D789AE16D600713F2F867C2A1485E36031542AF55218BD2EA5CBF69021614F41
samples\generated\modules\modulesweep_842e_cm_m.L5X,C:\l5x_scratch\acd\modulesweep_842e_cm_m.ACD,ok,adopted-existing,7E96AE3BB3FEDBABA25BFDBA7C14BA434BDFE9718808AF55B92755622F345E27
samples\generated\modules\modulesweep_843e_mipxxbax_a.L5X,C:\l5x_scratch\acd\modulesweep_843e_mipxxbax_a.ACD,ok,adopted-existing,AF189E27A571C4CE5BF16435B66F2806341E81073B59CF4EEA9A367AABCD2D78
samples\generated\modules\modulesweep_al1122.L5X,C:\l5x_scratch\acd\modulesweep_al1122.ACD,ok,adopted-existing,387BD347680CE32E846434A0AB98C65F276D19C87AAB9AD239A3BAF813C20B4A
samples\generated\modules\modulesweep_al1222.L5X,C:\l5x_scratch\acd\modulesweep_al1222.ACD,ok,adopted-existing,0BB54D3A4A66B3F5E12D6244041A6F8A4F1DFE9807898B6A9660777731123185
samples\generated\modules\modulesweep_dsi_drive_peripheral_module.L5X,C:\l5x_scratch\acd\modulesweep_dsi_drive_peripheral_module.ACD,ok,adopted-existing,2A33344183F9CEE69D5D6065DFFAF50D451D4668D5C898A1D3D0A718875CFA62
samples\generated\modules\modulesweep_ethernet_module_variant_1conn.L5X,C:\l5x_scratch\acd\modulesweep_ethernet_module_variant_1conn.ACD,ok,adopted-existing,660B5F5D8FBFD8F173B6C4D4042129F91AD5C1E5437291ADC4E122A3215D67DD
samples\generated\modules\modulesweep_ethernet_module_variant_noconn.L5X,C:\l5x_scratch\acd\modulesweep_ethernet_module_variant_noconn.ACD,ok,adopted-existing,46B0AD593D2AF65E7331025321FBA260EFE427451323B58EC2299B9D0D2030D8
samples\generated\modules\modulesweep_ethernet_panelview_variant_1conn.L5X,C:\l5x_scratch\acd\modulesweep_ethernet_panelview_variant_1conn.ACD,ok,adopted-existing,E8F938880DAC824CCB8AEB540638562E0144095BD89A90B0730417C4B7BEA851
samples\generated\modules\modulesweep_ethernet_panelview_variant_1conn2.L5X,C:\l5x_scratch\acd\modulesweep_ethernet_panelview_variant_1conn2.ACD,ok,adopted-existing,9411C1680AE3154AAFE62BF193A74C5160E401444A57B603409D9D7C1EEDBD3D
samples\generated\modules\modulesweep_ex260_sen1_a.L5X,C:\l5x_scratch\acd\modulesweep_ex260_sen1_a.ACD,ok,adopted-existing,5EC85D460146004604FE490B424B329FB973A3410F571835706207AA70B5D0C9
samples\generated\modules\modulesweep_ex260_sen3_a.L5X,C:\l5x_scratch\acd\modulesweep_ex260_sen3_a.ACD,ok,adopted-existing,F9716A619EFE9EFFB458F42FFCC8516BA57D37BB4D6CD3C6165BFC94D912DADF
samples\generated\modules\modulesweep_powerflex_525_eenet.L5X,C:\l5x_scratch\acd\modulesweep_powerflex_525_eenet.ACD,ok,adopted-existing,DE20B777DF32217F055489A04AF59566343F2C0276E6ED37C656E5822743C77C
samples\generated\modules\modulesweep_powerflex_755_eenet.L5X,C:\l5x_scratch\acd\modulesweep_powerflex_755_eenet.ACD,ok,adopted-existing,20DA0E9D64582C2FCA694C43355205DD341CFC9D1E9E916B341ECA759AFF7FE2
samples\generated\modules\modulesweep_powerflex_755_eenet_cm.L5X,C:\l5x_scratch\acd\modulesweep_powerflex_755_eenet_cm.ACD,ok,adopted-existing,C0EBF5D5A4C91EAAF3BE2406F6E24AE00E6F9A9D29DB6867CF4439CE1A5D4F78
samples\generated\modules\modulesweep_powerflex_755_eenet_cm_s.L5X,C:\l5x_scratch\acd\modulesweep_powerflex_755_eenet_cm_s.ACD,ok,adopted-existing,D6735E28CE3519B6998933295A565E268BABDE2557C3A4D31856C709E86D4A9E
samples\generated\modules\modulesweep_rhinobp_drive_peripheral_module.L5X,C:\l5x_scratch\acd\modulesweep_rhinobp_drive_peripheral_module.ACD,ok,adopted-existing,E560149AA20116E4247C7714EE9249A389AA41A140847ACA66F257EC832C94C0
samples\generated\modules\modulevfd_powerflex525.L5X,C:\l5x_scratch\acd\modulevfd_powerflex525.ACD,ok,adopted-existing,F276BF8CFF1838E38E4BB36EDA6E536C78BD7908D8E3225742DA3D28ADC5FA7B
samples\generated\modules\modulevfd_powerflex755.L5X,C:\l5x_scratch\acd\modulevfd_powerflex755.ACD,ok,adopted-existing,1349A5EB1D012EB9223BC98682F70914B9C4BDE5D547A23BC92FB7FBCEB9A347
samples\generated\modules\module_1756_ib16_n01.L5X,C:\l5x_scratch\acd\module_1756_ib16_n01.ACD,ok,adopted-existing,8731134F0458D06C18CC0A5F408D4D9A9645C0C35E66E7EEACBCCA4FBF91D596
samples\generated\modules\module_1756_ib16_n03.L5X,C:\l5x_scratch\acd\module_1756_ib16_n03.ACD,ok,adopted-existing,5508F3910B543B0EDAF55B4B008A6B0A59B74EF4E47B9100CA88B7D1E854E5F4
samples\generated\modules\module_1756_ib16_n10.L5X,C:\l5x_scratch\acd\module_1756_ib16_n10.ACD,ok,adopted-existing,1F5D7F8E2A2FAE3B693D294A365F5842CDA1644B4AA6ABEA5343ED5B94FE846C
samples\generated\modules\module_genericeth_in0002_out0002.L5X,C:\l5x_scratch\acd\module_genericeth_in0002_out0002.ACD,ok,adopted-existing,E54C0E6C19F877200915913773F011F5FA27832831964A24C10AB35D6CC606E8
samples\generated\modules\module_genericeth_in0008_out0008.L5X,C:\l5x_scratch\acd\module_genericeth_in0008_out0008.ACD,ok,adopted-existing,2F3B29FB707017AFEBDFE6C2838AA10928240DF948A04006B5C18F98AAE620D5
samples\generated\modules\module_genericeth_in0032_out0016.L5X,C:\l5x_scratch\acd\module_genericeth_in0032_out0016.ACD,ok,adopted-existing,30A42A6829BA27DE4542446EB462CB01C4EC35E8A44FECD4F9CD40FF1972D556
samples\generated\modules\module_genericeth_in0450_out0008.L5X,C:\l5x_scratch\acd\module_genericeth_in0450_out0008.ACD,ok,adopted-existing,4BD2006710EFA419F1BCA201E8F68916D7FC90A0B47933E7A359CC7AAEBB8FC1
samples\generated\modules\pioconn_enhanced_n01.L5X,C:\l5x_scratch\acd\pioconn_enhanced_n01.ACD,ok,adopted-existing,07743E3BE661CA24F86B3F202176D4F677805AFCAB5D6EB58D3F8DDEADA24C28
samples\generated\modules\pioconn_enhanced_n02.L5X,C:\l5x_scratch\acd\pioconn_enhanced_n02.ACD,ok,adopted-existing,D8BF05BF181EE4610204959DE4325C8CB864B07D539464738277E737736C7ABD
samples\generated\modules\pioconn_enhanced_n04.L5X,C:\l5x_scratch\acd\pioconn_enhanced_n04.ACD,ok,adopted-existing,E572CCF7D40E4CDA992FB946B3C391BC8EA2296DEF28EAC488A90AD5665BDFF9
samples\generated\modules\pioconn_enhanced_n08.L5X,C:\l5x_scratch\acd\pioconn_enhanced_n08.ACD,ok,adopted-existing,89DF483ADDF080D15162F94EBD208DDC55B2E08F52515E3C2D214AD4F9D75ED0
samples\generated\modules\pioconn_enhanced_n16.L5X,C:\l5x_scratch\acd\pioconn_enhanced_n16.ACD,ok,adopted-existing,D828B80616CE9DABD0A676D5E88843B3E7D7462B14F1C76471158F5FB1B773F9
samples\generated\modules\pioconn_enhdata_n01.L5X,C:\l5x_scratch\acd\pioconn_enhdata_n01.ACD,ok,adopted-existing,04F5B30531FD06E0EFCDFDED29740523733C7C1685128B035E4D0C0765EAB9F4
samples\generated\modules\pioconn_enhdata_n02.L5X,C:\l5x_scratch\acd\pioconn_enhdata_n02.ACD,ok,adopted-existing,3E9347A7ABBBEAD9329BC2C68DE5A6F8C92995B63672F1DEF0CFEE588A7F1AF7
samples\generated\modules\pioconn_enhdata_n04.L5X,C:\l5x_scratch\acd\pioconn_enhdata_n04.ACD,ok,adopted-existing,9D3492AEDF2B9576AEE3541A434D103B85346EF3014DFF30108BD6DC41780155
samples\generated\modules\pioconn_enhdata_n08.L5X,C:\l5x_scratch\acd\pioconn_enhdata_n08.ACD,ok,adopted-existing,A8AAEA939A56AB0A2C693CE9DD9365316BE4ABD230A444C5221C0B90A828A614
samples\generated\modules\pioconn_enhdata_n16.L5X,C:\l5x_scratch\acd\pioconn_enhdata_n16.ACD,ok,adopted-existing,E5DF66058A4755AC87D12B9F759109ACCEEA8B8AEEA1C529435476471FFF8EFD
samples\generated\modules\pioconn_optimized_n01.L5X,C:\l5x_scratch\acd\pioconn_optimized_n01.ACD,ok,adopted-existing,A1AB7F2B046E7D88B1898A0CAA7D8F23F89BCDBF715DDFF45070615B51EA6F6F
samples\generated\modules\pioconn_optimized_n02.L5X,C:\l5x_scratch\acd\pioconn_optimized_n02.ACD,ok,adopted-existing,0F3D2C33CE42C0754E0A42F49B221A8F178EA03BF598D5975115DB0FFB71EDFB
samples\generated\modules\pioconn_optimized_n04.L5X,C:\l5x_scratch\acd\pioconn_optimized_n04.ACD,ok,adopted-existing,522D8179EDF82F39EC544063FF267C9A80C346AD263EC7A4DDD9BE889424ABBD
samples\generated\modules\pioconn_optimized_n08.L5X,C:\l5x_scratch\acd\pioconn_optimized_n08.ACD,ok,adopted-existing,1F6EA2CE4CE0181C0E25B9D9A8D49D32A533399579A32502B28AF576D6579FC6
samples\generated\modules\pioconn_optimized_n16.L5X,C:\l5x_scratch\acd\pioconn_optimized_n16.ACD,ok,adopted-existing,975B87117BC8151E3E24E859F7D539A85861BC78B6242376AC2ABD10A8AFF9AD
samples\generated\modules\pioname_enhanced_named_n08.L5X,C:\l5x_scratch\acd\pioname_enhanced_named_n08.ACD,ok,adopted-existing,6FB9EE8F259CD6A79C3C255D2369B760F0F44B202127C9D65551F1BAE2BE68AC
samples\generated\modules\pioname_enhdata_len05_n08.L5X,C:\l5x_scratch\acd\pioname_enhdata_len05_n08.ACD,ok,adopted-existing,553D40B97EA1540D587C6492EEB8E9554978B05E355C8E8E785A7917D2C0D57A
samples\generated\modules\pioname_enhdata_len08_n08.L5X,C:\l5x_scratch\acd\pioname_enhdata_len08_n08.ACD,ok,adopted-existing,DE44631BB8CA8A67FE6AC744388B46F8242A7573617A32466D5A4864F8AE09E0
samples\generated\modules\pioname_enhdata_len16_n08.L5X,C:\l5x_scratch\acd\pioname_enhdata_len16_n08.ACD,ok,adopted-existing,8A78627F827D99CCF4B0D116B97A34222DA94E63DDE94B07F1B2834C66FA2230
samples\generated\modules\pioname_enhdata_len24_n08.L5X,C:\l5x_scratch\acd\pioname_enhdata_len24_n08.ACD,ok,adopted-existing,835B45A2CF476B4404C62E46877E21333C56D9A4FED325E352DB87E600D7DF75
samples\generated\modules\pioname_enhdata_len32_n08.L5X,C:\l5x_scratch\acd\pioname_enhdata_len32_n08.ACD,ok,adopted-existing,5068FF966D1F015FF3EE81136316B95C9B970DA70908C8D0284E12E350FA76C8
samples\generated\modules\pioname_enhdata_named_n01.L5X,C:\l5x_scratch\acd\pioname_enhdata_named_n01.ACD,ok,adopted-existing,2AF36DF84DAFFD1795656C5D8E12D6CD1AB9EFFF7AAD1A79BEF379F5F667010B
samples\generated\modules\pioname_enhdata_named_n02.L5X,C:\l5x_scratch\acd\pioname_enhdata_named_n02.ACD,ok,adopted-existing,5209ED6D2D393F09CD5A999AED1525AD5124724EA009253025F01AE7B14CA753
samples\generated\modules\pioname_enhdata_named_n04.L5X,C:\l5x_scratch\acd\pioname_enhdata_named_n04.ACD,ok,adopted-existing,8F6312D96ABCABA03C6DA2BA5294722ACB9A488DC1B37349DDADB1E764AFE4D1
samples\generated\modules\pioname_enhdata_named_n08.L5X,C:\l5x_scratch\acd\pioname_enhdata_named_n08.ACD,ok,adopted-existing,D23E837433DDA58325AB5A2966A957EDD7789DFE97B8DC111DA788BC20DB93B7
samples\generated\modules\pioname_enhdata_named_n16.L5X,C:\l5x_scratch\acd\pioname_enhdata_named_n16.ACD,ok,adopted-existing,FA0036F847F700FFF5FF65237815EDC4055F8CF75BFEC5AEF7D6BC838DA8C2B3
samples\generated\modules\pioname_optimized_named_n08.L5X,C:\l5x_scratch\acd\pioname_optimized_named_n08.ACD,ok,adopted-existing,0A83DA08C6E2E2D530B61BAE0423CA1FF4055AD2666095011FDDEBC373433C0A
samples\generated\modules\rack_1756_n02.L5X,C:\l5x_scratch\acd\rack_1756_n02.ACD,ok,adopted-existing,7330EE7EC224714F92D07FA92016B5BDF5D6B9D79BF0CC205690F90A1B01C732
samples\generated\modules\rack_1756_n02_alt.L5X,C:\l5x_scratch\acd\rack_1756_n02_alt.ACD,ok,adopted-existing,1E4F29EF422E54F9B8914541EAF56C85DAC6C949089AAE38B163B2EA68495DEE
samples\generated\modules\rack_1756_n04.L5X,C:\l5x_scratch\acd\rack_1756_n04.ACD,ok,adopted-existing,BDD159DD43DBD61B7479BAD9F58F2394B118BAF0FC7BF4EAF4D694F07E77D103
samples\generated\modules\rack_1756_n04_alt.L5X,C:\l5x_scratch\acd\rack_1756_n04_alt.ACD,ok,adopted-existing,C34067CE1073E323BDCEE472F3E51B419213E1253B7DA5205AD495AB05BD258D
samples\generated\modules\rack_1756_n06.L5X,C:\l5x_scratch\acd\rack_1756_n06.ACD,ok,adopted-existing,3778006C4D8586D0B7051D95F0495E79E64FB769E9D3C8A3FCE7899892B2E952
samples\generated\modules\rack_1756_n06_alt.L5X,C:\l5x_scratch\acd\rack_1756_n06_alt.ACD,ok,adopted-existing,EAE35E5FAD281A4B7C05F4E95E4CFB0C84C9A2B4FD54FFA1FE1437F7A0C05B1F
samples\generated\modules\rack_1756_n08.L5X,C:\l5x_scratch\acd\rack_1756_n08.ACD,ok,adopted-existing,5111AEC0096DDD47F234B68739A43761B6E1B071382F322367BEA1B6931B0955
samples\generated\modules\rack_1756_n08_alt.L5X,C:\l5x_scratch\acd\rack_1756_n08_alt.ACD,ok,adopted-existing,887DECAD54FB8AEDBBBF8F7236936F3D92B71D1E302657333B140FC874CB5FBF
samples\generated\modules\rack_1756_n10.L5X,C:\l5x_scratch\acd\rack_1756_n10.ACD,ok,adopted-existing,FCB1E232708F53A50F72DB55174128552E5F91D4855794AF8D856DF1C6371D07
samples\generated\modules\rack_1756_n12.L5X,C:\l5x_scratch\acd\rack_1756_n12.ACD,ok,adopted-existing,2D510BB9329E3CD8F23AB80FDBFC2D4A12602797E73A7499B3C169047FB62841
samples\generated\modules\rack_1756_n14.L5X,C:\l5x_scratch\acd\rack_1756_n14.ACD,ok,adopted-existing,82A0CEC9C5868FA81D99E47A9B44B9BCEC91B37F1DE69DD0A8DDCFCC81E80CF9
samples\generated\modules\rack_1756_n16_full.L5X,C:\l5x_scratch\acd\rack_1756_n16_full.ACD,ok,adopted-existing,246AC272C1EA05E78AF29D45513C309C12E824DC011232C8AB661B3D1BF38850
samples\generated\modules\rack_5069_n02.L5X,C:\l5x_scratch\acd\rack_5069_n02.ACD,ok,adopted-existing,1BFF2F8174DD5DE88CC3ED30FA6A96E97793C7F1B7D0DDBDCC7CA33CF4D3BA38
samples\generated\modules\rack_5069_n02_alt.L5X,C:\l5x_scratch\acd\rack_5069_n02_alt.ACD,ok,adopted-existing,E85F6F0532BFEDA6CEC79B07D974C574FAE0F1F79EA03C0B46474F752A7D0BBD
samples\generated\modules\rack_5069_n04.L5X,C:\l5x_scratch\acd\rack_5069_n04.ACD,ok,adopted-existing,80D85D18FCB25BFF17BD8B650CDFD3B21CF13DABA49A3484686751D39FA2768F
samples\generated\modules\rack_5069_n04_alt.L5X,C:\l5x_scratch\acd\rack_5069_n04_alt.ACD,ok,adopted-existing,9465A3BB6131A22914B5DE3559363F059ABCB8AA60A7BFF2BFC6CB3396ECDB20
samples\generated\modules\rack_5069_n06.L5X,C:\l5x_scratch\acd\rack_5069_n06.ACD,ok,adopted-existing,C53E3D89CBC959D8F85B277BA3286C794BEC482D5FA7A690D9793742DEA8B3C5
samples\generated\modules\rack_5069_n06_alt.L5X,C:\l5x_scratch\acd\rack_5069_n06_alt.ACD,ok,adopted-existing,6529736E87B7D282556785C9A15AF50BADD8C90F066DA85863746324CACCACF7
samples\generated\modules\rack_5069_n08.L5X,C:\l5x_scratch\acd\rack_5069_n08.ACD,ok,adopted-existing,04F662576C585CB2C508D862638B64C146203FC8318B2CC9F630E7FEEFE567C3
samples\generated\modules\rack_5069_n08_alt.L5X,C:\l5x_scratch\acd\rack_5069_n08_alt.ACD,ok,adopted-existing,470FA18B4BA398A5CA2EEFE629A7A05230EF32856F68CB925D34F7A48B6DBB70
samples\generated\modules\rack_5069_n10.L5X,C:\l5x_scratch\acd\rack_5069_n10.ACD,ok,adopted-existing,C6D5519868C8E744217F3158F4E47C052082913EC1ECD49FF2F65A2843DBBE00
samples\generated\modules\rack_5069_n10_alt.L5X,C:\l5x_scratch\acd\rack_5069_n10_alt.ACD,ok,adopted-existing,8B570A8A4FA8CF650459605EA4E27330FE87585DD8AD36E3C621684B365A64E8
samples\generated\modules\rack_5069_n12_full.L5X,C:\l5x_scratch\acd\rack_5069_n12_full.ACD,ok,adopted-existing,7AB27D62CA822FF34D356E6888ADE4FBF9552CDC4BCDEFC6279CA890CDBD6EA2
samples\generated\modules\rack_5069_rand01.L5X,C:\l5x_scratch\acd\rack_5069_rand01.ACD,ok,adopted-existing,7B07D1F240C66696D6D01D6139BFC03BA5295B4B396EA712F2F66C0F4F923368
samples\generated\modules\rack_5069_rand02.L5X,C:\l5x_scratch\acd\rack_5069_rand02.ACD,ok,adopted-existing,82E405F0F394429E261958F1A8E2F0D60F2BE87335ACBC21A8A8D7AB553C0DC7
samples\generated\modules\rack_5069_rand03.L5X,C:\l5x_scratch\acd\rack_5069_rand03.ACD,ok,adopted-existing,4662A1E677BC5364F468E6289EDCE7C1D65A3B95ED44BC468AF325CAC5E0DB15
samples\generated\modules\rack_5069_rand04.L5X,C:\l5x_scratch\acd\rack_5069_rand04.ACD,ok,adopted-existing,EF8621E0982A52BBD04DC6B8740D76A1F5E629C6492674046923515B0F2B160B
samples\generated\modules\rack_5069_rand05.L5X,C:\l5x_scratch\acd\rack_5069_rand05.ACD,ok,adopted-existing,FB0A94ECA4888FEDEADCF3C539AD4DEF71E68817E7E051B758B2B377C428111D
samples\generated\modules\rack_5069_rand06.L5X,C:\l5x_scratch\acd\rack_5069_rand06.ACD,ok,adopted-existing,DE209B956072372B5FEDBFAD22CF78A73D5BA7EDE0374FAC6ABF9434328022B6
samples\generated\modules\rack_5069_rand07.L5X,C:\l5x_scratch\acd\rack_5069_rand07.ACD,ok,adopted-existing,734F4B9717FAFDC7B111599C268C4468EFE19279F310C7C1CDA3B828ACE02EB8
samples\generated\modules\rack_5069_rand08.L5X,C:\l5x_scratch\acd\rack_5069_rand08.ACD,ok,adopted-existing,1D1E379AF3BDD0AAB3CB23FEC7DAEF6B0915D7D91EAA61B26FC84D8AD662B3AD
samples\generated\modules\rack_5069_rand09.L5X,C:\l5x_scratch\acd\rack_5069_rand09.ACD,ok,adopted-existing,C8E1242340C5263F36FE91DDDFF9FE6F1B894FDD4373257547BCF940AF7DFD72
samples\generated\modules\rack_5069_rand10.L5X,C:\l5x_scratch\acd\rack_5069_rand10.ACD,ok,adopted-existing,E8E3D0AD1A735553B7C4F6355C4581A8FF606755BAB3642E7CA12940CD57D860
samples\generated\modules\rack_5069_rand_combined10.L5X,C:\l5x_scratch\acd\rack_5069_rand_combined10.ACD,ok,adopted-existing,5233B5CF9CCB82762179023F7BFF797E9DF0517EB67E3C3D4E96EA7106D148A0
samples\generated\modules\rack_5069_single_5069_hsc2xob4_a.L5X,C:\l5x_scratch\acd\rack_5069_single_5069_hsc2xob4_a.ACD,ok,adopted-existing,E17473CD3D245045A9546058545768A92FFC15BB4D6DD2DB59CFDC3265001924
samples\generated\modules\rack_5069_single_5069_ia16_a.L5X,C:\l5x_scratch\acd\rack_5069_single_5069_ia16_a.ACD,ok,adopted-existing,66C4C104B3C8957997CDE557D43EF13FBE0275E7B37FB38C5E594CB0457D83FE
samples\generated\modules\rack_5069_single_5069_ib16_a.L5X,C:\l5x_scratch\acd\rack_5069_single_5069_ib16_a.ACD,ok,adopted-existing,6A96F0479C564DDEC3A4886B3054363B7B041009746394230B2A6D4F3D43249D
samples\generated\modules\rack_5069_single_5069_if8_b.L5X,C:\l5x_scratch\acd\rack_5069_single_5069_if8_b.ACD,ok,adopted-existing,CADA3BA36D11A3CDDBD70606B806F2355EE235C1EB20935161DA5E55FE72071E
samples\generated\modules\rack_5069_single_5069_iy4_a.L5X,C:\l5x_scratch\acd\rack_5069_single_5069_iy4_a.ACD,ok,adopted-existing,0EF85F331CA5D86B8C1A0D7AFC043E8683CE9DE923A7D724F8365015F6798B06
samples\generated\modules\rack_5069_single_5069_oa16_a.L5X,C:\l5x_scratch\acd\rack_5069_single_5069_oa16_a.ACD,ok,adopted-existing,1A82BAB45D65375BA315E5A629F8142D1534C904E28375EA0A36252C356FB752
samples\generated\modules\rack_5069_single_5069_ob16_b.L5X,C:\l5x_scratch\acd\rack_5069_single_5069_ob16_b.ACD,ok,adopted-existing,03283CDA23C07423A0E2A8A701A7DFDD87527EA11A59E2BFF2A3F216B2C90203
samples\generated\modules\rack_5069_single_5069_ob8_a.L5X,C:\l5x_scratch\acd\rack_5069_single_5069_ob8_a.ACD,ok,adopted-existing,B50A6FADEE0DC9CC48AE151AA1F8D28FD130AEA4E055D2801384143CEFAD988B
samples\generated\modules\rack_5069_single_5069_of4_a.L5X,C:\l5x_scratch\acd\rack_5069_single_5069_of4_a.ACD,ok,adopted-existing,B7330962E349AB724BDD9A92112B10F6395CAA84EA70EE03CBD8B4E2B3F2B397
samples\generated\modules\rack_5069_single_5069_of8_a.L5X,C:\l5x_scratch\acd\rack_5069_single_5069_of8_a.ACD,ok,adopted-existing,F8896DF1DC040CCDAC01789CD2B54DBD62E3990E73F74FE73F1AA58A65926CF9
samples\generated\modules\rack_5069_single_5069_ow16_c.L5X,C:\l5x_scratch\acd\rack_5069_single_5069_ow16_c.ACD,ok,adopted-existing,5C1AA5A55ABD4878D9EB9D187534A004823E569E49C4FF85A301159F63995E18
samples\generated\modules\rack_5069_single_5069_serial_a.L5X,C:\l5x_scratch\acd\rack_5069_single_5069_serial_a.ACD,ok,adopted-existing,D9DDEE5A72925369ADF2417803AB609BABB253484989AEA5B9CC26A61FEBA7CD
samples\generated\modules\rack_pointio_n02.L5X,C:\l5x_scratch\acd\rack_pointio_n02.ACD,ok,adopted-existing,6AB0D8EDADEC4C741A270C84C23DA172B7ED234545AF39A79DEA9C0ACC02DB45
samples\generated\modules\rack_pointio_n02_alt.L5X,C:\l5x_scratch\acd\rack_pointio_n02_alt.ACD,ok,adopted-existing,C8D52CD6EB05F273CEB0C3CDB3A80A5D5F4FCC9113DC9F729C8713E20ACC4BFE
samples\generated\modules\rack_pointio_n03.L5X,C:\l5x_scratch\acd\rack_pointio_n03.ACD,ok,adopted-existing,FAC45B92F61CEF32A230BE1A4C411CF90DFCE2932076B094A86D101D97812CF0
samples\generated\modules\rack_pointio_n03_alt.L5X,C:\l5x_scratch\acd\rack_pointio_n03_alt.ACD,ok,adopted-existing,A0CB6A5B690246B84A9FE4FA9F1DBCAF5611E73BF72B31490B4172CBA15D5C53
samples\generated\modules\rack_pointio_n04.L5X,C:\l5x_scratch\acd\rack_pointio_n04.ACD,ok,adopted-existing,8913CC1554C6BBE8FC020B94CC54B39FCC50DEA7A4573215E1E5CC8E276A0FBC
samples\generated\modules\rack_pointio_n04_alt.L5X,C:\l5x_scratch\acd\rack_pointio_n04_alt.ACD,ok,adopted-existing,538B6431073EBBB4CF2481B939847652FAAFF9FE8374699B9E433E359E249E56
samples\generated\modules\rack_pointio_n05.L5X,C:\l5x_scratch\acd\rack_pointio_n05.ACD,ok,adopted-existing,4D642DE485049884A1B14BC3780A770F2A08421F3A071F0959A7767FEDCA4CDA
samples\generated\modules\rack_pointio_n06.L5X,C:\l5x_scratch\acd\rack_pointio_n06.ACD,ok,adopted-existing,E5177D682F7DC9EB3E8AEE89E4E953F7E5CAAA9C91A188313E90AE5236F03AED
samples\generated\modules\rack_pointio_n06_alt.L5X,C:\l5x_scratch\acd\rack_pointio_n06_alt.ACD,ok,adopted-existing,CFBB52EA947657A2576AEE6F6FB7E28F1E3AA1057870A68F8D1BF29BFEC78A4C
samples\generated\modules\rack_pointio_n07_full.L5X,C:\l5x_scratch\acd\rack_pointio_n07_full.ACD,ok,adopted-existing,38395E1F2A02C7483349556BC1B3F04B36D723A00AC02282FD0DCFA74E1EC5AB
samples\generated\modules\rack_pointio_n07_full_alt.L5X,C:\l5x_scratch\acd\rack_pointio_n07_full_alt.ACD,ok,adopted-existing,1E0D542DAB3E669567B0EC4C6CFCB07C96EFED105B80DCFC83AF17387113608F
samples\generated\modules\rack_pointio_n15_full.L5X,C:\l5x_scratch\acd\rack_pointio_n15_full.ACD,ok,adopted-existing,25397B9AE22B748C6E623B790253BDB0BB5DE8AA97FD22A5D19681D8F89D4155
samples\generated\opspell\opsp_aoi_add_dint.L5X,C:\l5x_scratch\acd\opsp_aoi_add_dint.ACD,ok,adopted-existing,32286677A8F3344D1EAEBDD5A0C48493805BCA45C376FE2DA98D4D3F5881D0EC
samples\generated\opspell\opsp_aoi_add_real.L5X,C:\l5x_scratch\acd\opsp_aoi_add_real.ACD,ok,adopted-existing,D1D8B97C0F8E215F4369F6AE95EA6F56711F31F96A1DDCC53637F4BE0532710E
samples\generated\opspell\opsp_ind_equ_e76_idx.L5X,C:\l5x_scratch\acd\opsp_ind_equ_e76_idx.ACD,ok,adopted-existing,4C127EB7381341435B714C37811A57FD9500B8080AF207FE1A25064DD79551F9
samples\generated\opspell\opsp_ind_equ_e76_lit.L5X,C:\l5x_scratch\acd\opsp_ind_equ_e76_lit.ACD,ok,adopted-existing,EB410A473AC9F6268526FD93AF28CCB14091F6CEA2E0F8F7664BEC49BF09FE91
samples\generated\opspell\opsp_ind_mov_e04_idx.L5X,C:\l5x_scratch\acd\opsp_ind_mov_e04_idx.ACD,ok,adopted-existing,B07F30AC6F0D6621574B370776D255115F10DED9F2A9E26E2B66DC3C0FB43F1F
samples\generated\opspell\opsp_ind_mov_e04_lit.L5X,C:\l5x_scratch\acd\opsp_ind_mov_e04_lit.ACD,ok,adopted-existing,976388B238A853BE8EE347F26185C54E2D44D65A6B492C0AE306B2A9B87FB597
samples\generated\opspell\opsp_ind_mov_e08_idx.L5X,C:\l5x_scratch\acd\opsp_ind_mov_e08_idx.ACD,ok,adopted-existing,29353B66CEE3BC355BA7AEA0ADCCC75B17A112EEAF8DCED59D4CAADD6B5B8E1B
samples\generated\opspell\opsp_ind_mov_e08_lit.L5X,C:\l5x_scratch\acd\opsp_ind_mov_e08_lit.ACD,ok,adopted-existing,7EB3216CC796D73D72F7AFD58320FC7F18D7E3BC4516A681DFB80AD5D9131387
samples\generated\opspell\opsp_ind_mov_e12_idx.L5X,C:\l5x_scratch\acd\opsp_ind_mov_e12_idx.ACD,ok,adopted-existing,5E6292268649BF59B53D5DAD18AFAF2711B28EFF8DB4D7656116749EFA12B415
samples\generated\opspell\opsp_ind_mov_e12_lit.L5X,C:\l5x_scratch\acd\opsp_ind_mov_e12_lit.ACD,ok,adopted-existing,8CAAB0BDED8236B01ADC2DDFE4B3DA759AB431CEB57D7A0BF9D78495A4CE2A0F
samples\generated\opspell\opsp_ind_mov_e76_idx.L5X,C:\l5x_scratch\acd\opsp_ind_mov_e76_idx.ACD,ok,adopted-existing,F8B17DBC97D6ECFE4F55CD7EE576E7239210AA56AF9F2D5CF2CD6A55F77E9094
samples\generated\opspell\opsp_ind_mov_e76_lit.L5X,C:\l5x_scratch\acd\opsp_ind_mov_e76_lit.ACD,ok,adopted-existing,1864F88163A2085EE71FB37953C6E8CE8A442A94752E9EA16BA4384995F44903
samples\generated\opspell\opsp_ind_xicbool_idx.L5X,C:\l5x_scratch\acd\opsp_ind_xicbool_idx.ACD,ok,adopted-existing,6350E5AFC3CD939E5D88428EED7641B92FD8C8A108270DA526CEF67EA179731A
samples\generated\opspell\opsp_ind_xicbool_lit.L5X,C:\l5x_scratch\acd\opsp_ind_xicbool_lit.ACD,ok,adopted-existing,7C2FD1667EBD1AA92DEBDD8553B3BE95FFAAEA0B29988919667FF4B5AFEE6030
samples\generated\opspell\opsp_ind_xicmem_idx.L5X,C:\l5x_scratch\acd\opsp_ind_xicmem_idx.ACD,ok,adopted-existing,3A206BE82222880BD14E70002A144D9905EE9577DCB98FB3F1E257AC9DDFD2E8
samples\generated\opspell\opsp_ind_xicmem_lit.L5X,C:\l5x_scratch\acd\opsp_ind_xicmem_lit.ACD,ok,adopted-existing,DF671FE93BC1D24AC9FE3D1B1792836EF085AEE70F0D940087DFB7C25D81A674
samples\generated\opspell\opsp_mixed_add_drr.L5X,C:\l5x_scratch\acd\opsp_mixed_add_drr.ACD,ok,adopted-existing,61F27A81985654574D4F3B6C0BE6A42049181CE2DC037CB91B1AEBAB0ED59DBF
samples\generated\opspell\opsp_mixed_add_rdd.L5X,C:\l5x_scratch\acd\opsp_mixed_add_rdd.ACD,ok,adopted-existing,BEE16DEFD0A85443B928277BD3FF3AF7B82C4FC328AB9036B7C9FFD556D8D7C8
samples\generated\opspell\opsp_mixed_grt_id.L5X,C:\l5x_scratch\acd\opsp_mixed_grt_id.ACD,ok,adopted-existing,6F9E05C57B0D073BC1391AB9E09490CD4EFF20CF956F8C274B4D8DB0B374DB00
samples\generated\opspell\opsp_mixed_grt_rd.L5X,C:\l5x_scratch\acd\opsp_mixed_grt_rd.ACD,ok,adopted-existing,13D140BD0FF1B8891D05331BCBF37CA9C8941439369AD9FEDAE23905E85F9FA7
samples\generated\opspell\opsp_mixed_mov_d2i.L5X,C:\l5x_scratch\acd\opsp_mixed_mov_d2i.ACD,ok,adopted-existing,8D43C521E8A74D0E2A39EB13D36D0978E3533F76E942B5D9E88E17C8DB6E8737
samples\generated\opspell\opsp_mixed_mov_d2r.L5X,C:\l5x_scratch\acd\opsp_mixed_mov_d2r.ACD,ok,adopted-existing,2EC734D45E8DA6C50D6564B2F4C8E36192FC3A25F6DE86CBA960249875FD41EC
samples\generated\opspell\opsp_mixed_mov_i2d.L5X,C:\l5x_scratch\acd\opsp_mixed_mov_i2d.ACD,ok,adopted-existing,06FF6293D3F4F027F886372AC855A4C1E7BE5840F99A92838837FC4A6078205C
samples\generated\opspell\opsp_mixed_mov_r2d.L5X,C:\l5x_scratch\acd\opsp_mixed_mov_r2d.ACD,ok,adopted-existing,5B271058B8DB61A1825C03140E00DCD0C5221267866F2472887804BF3AC5A003
samples\generated\opspell\opsp_str_cop.L5X,C:\l5x_scratch\acd\opsp_str_cop.ACD,ok,adopted-existing,65E25FBE5B2E35FE9F8BBFA1FD868AF1EFC88284DB26C1007043DA3B948B6FA3
samples\generated\opspell\opsp_str_mov.L5X,C:\l5x_scratch\acd\opsp_str_mov.ACD,ok,adopted-existing,320EA9EEFAAE64A450AEA9573BCDB144C5C7954558E34D1EB279F9ED71009CB0
samples\generated\opspell\opsp_str_movcustom.L5X,C:\l5x_scratch\acd\opsp_str_movcustom.ACD,ok,adopted-existing,9BD2C0525304D30F29244DA7613DE49BFDC5CA917B367500CC8DD4ABC38FE1E9
samples\generated\opspell\opsp_str_movdint.L5X,C:\l5x_scratch\acd\opsp_str_movdint.ACD,ok,adopted-existing,4097441B94FEFFC898C662A8EEF13866252C3DAAD6BA0A4E2C7D8E5DCAA681C6
samples\generated\opspell\opsp_str_movidx.L5X,C:\l5x_scratch\acd\opsp_str_movidx.ACD,ok,adopted-existing,FB189832150DE3AE2EB9FC1A663457AD22C334DA7E7098055B20FC20EB3B2671
samples\generated\opspell\opsp_typed_add_dint_bare.L5X,C:\l5x_scratch\acd\opsp_typed_add_dint_bare.ACD,ok,adopted-existing,7EC728D3667EF9D98597C211712563E3400ADF4A66B104E3EC2AC546287E0BD9
samples\generated\opspell\opsp_typed_add_int_arrelem.L5X,C:\l5x_scratch\acd\opsp_typed_add_int_arrelem.ACD,ok,adopted-existing,40C87CA0DAAAFFBFA4C28D9499C73D56F8D9808E90A3CC5E5CEF1DAB6CD4FF0E
samples\generated\opspell\opsp_typed_add_int_bare.L5X,C:\l5x_scratch\acd\opsp_typed_add_int_bare.ACD,ok,adopted-existing,A9A7BF615705B3890D8280C98847DCE64C816AAB12DCA483F13E9C70FB88151B
samples\generated\opspell\opsp_typed_add_int_member.L5X,C:\l5x_scratch\acd\opsp_typed_add_int_member.ACD,ok,adopted-existing,E0B00B2F6DBB5BBBBD28899AEA765BD27A4C56301ABA1C3C95B4692C3D9E09EC
samples\generated\opspell\opsp_typed_add_real_arrelem.L5X,C:\l5x_scratch\acd\opsp_typed_add_real_arrelem.ACD,ok,adopted-existing,8F2814AA52420178B8CEDA3A198F1ECD319965E71CC63CCC416A03D7F0C135D9
samples\generated\opspell\opsp_typed_add_real_bare.L5X,C:\l5x_scratch\acd\opsp_typed_add_real_bare.ACD,ok,adopted-existing,27410DF002111B7DD90FD49ED30E9ED06734B0D34E35FB039AD3501CCE07D9AE
samples\generated\opspell\opsp_typed_add_real_member.L5X,C:\l5x_scratch\acd\opsp_typed_add_real_member.ACD,ok,adopted-existing,B0B8C42DDE642B82F39DF3D00B50B19AB3DD5BE96BE91E78B686983AE81BF5F2
samples\generated\opspell\opsp_typed_grt_dint_bare.L5X,C:\l5x_scratch\acd\opsp_typed_grt_dint_bare.ACD,ok,adopted-existing,848D4BDE5FA7FE11A1F5EE70CCF5544EAFE249317A9306A30117712A7E7AC529
samples\generated\opspell\opsp_typed_grt_int_arrelem.L5X,C:\l5x_scratch\acd\opsp_typed_grt_int_arrelem.ACD,ok,adopted-existing,E7CA4B1DA294EA6759C983381B56F9C21D6754AF5667D64B1A4B960801B7F60B
samples\generated\opspell\opsp_typed_grt_int_bare.L5X,C:\l5x_scratch\acd\opsp_typed_grt_int_bare.ACD,ok,adopted-existing,78FBC100623AC9F0DD6C18E2A6566347495942883721D521B7A85E03D1A474F3
samples\generated\opspell\opsp_typed_grt_int_member.L5X,C:\l5x_scratch\acd\opsp_typed_grt_int_member.ACD,ok,adopted-existing,B3006C0A9D8E4C5A1E1FC92354AAA046C2EBE09D918246C0FC2F525915FCB296
samples\generated\opspell\opsp_typed_grt_real_arrelem.L5X,C:\l5x_scratch\acd\opsp_typed_grt_real_arrelem.ACD,ok,adopted-existing,568FE3A80F905E9BAA2E4D734D2793DC8EA842AB632D7241AC378030882A5966
samples\generated\opspell\opsp_typed_grt_real_bare.L5X,C:\l5x_scratch\acd\opsp_typed_grt_real_bare.ACD,ok,adopted-existing,03A3C7284847EEB29788141A61E5902D0020C7F7D4B5A47050FEAB64FFA6AC56
samples\generated\opspell\opsp_typed_grt_real_member.L5X,C:\l5x_scratch\acd\opsp_typed_grt_real_member.ACD,ok,adopted-existing,CD9DE390EA4154DAF470CE1DAB9627D535A261E7583BF1DBC43F3D3439D6D0D8
samples\generated\opspell\opsp_typed_mov_dint_bare.L5X,C:\l5x_scratch\acd\opsp_typed_mov_dint_bare.ACD,ok,adopted-existing,C2A486FDC6BCA71313B755F5DC89883F718B0A95568EF95B6304B6ADAF7CFB51
samples\generated\opspell\opsp_typed_mov_int_arrelem.L5X,C:\l5x_scratch\acd\opsp_typed_mov_int_arrelem.ACD,ok,adopted-existing,3BA47C54AAB6BB6B53E8977423CD4FDF13C8ED54E9134F9148C80D74A5D118FE
samples\generated\opspell\opsp_typed_mov_int_bare.L5X,C:\l5x_scratch\acd\opsp_typed_mov_int_bare.ACD,ok,adopted-existing,808830F21F97109FC105A0AA67279D6F14360B3CA478610866925AC1B2CA598E
samples\generated\opspell\opsp_typed_mov_int_member.L5X,C:\l5x_scratch\acd\opsp_typed_mov_int_member.ACD,ok,adopted-existing,A0A7342486CA8BBACB9CECDDBE7196C4FD231CE29D94D733AE2AC645EF35A084
samples\generated\opspell\opsp_typed_mov_real_arrelem.L5X,C:\l5x_scratch\acd\opsp_typed_mov_real_arrelem.ACD,ok,adopted-existing,016BEEF56A1EFDE4E4F7A86FAD7FBC95E0FA5E22755103967AFC947181520189
samples\generated\opspell\opsp_typed_mov_real_bare.L5X,C:\l5x_scratch\acd\opsp_typed_mov_real_bare.ACD,ok,adopted-existing,D12C30C0AB88536045BF637A41AA4041BC1BBC07071E64147ACAFB710AF46BA6
samples\generated\opspell\opsp_typed_mov_real_member.L5X,C:\l5x_scratch\acd\opsp_typed_mov_real_member.ACD,ok,adopted-existing,82758DD8FCEB13156CDE92D942FF7EAC2F5E4F9DA7D74EA7760AA2D447E70FD2
samples\generated\platform\platform_plateql306_d0000.L5X,C:\l5x_scratch\acd\platform_plateql306_d0000.ACD,ok,adopted-existing,46C6B90FF90FA8ED114A95313C14E4753E8FE6718A8E9B73F363F7382955732E
samples\generated\platform\platform_plateql306_d0025.L5X,C:\l5x_scratch\acd\platform_plateql306_d0025.ACD,ok,adopted-existing,026E624AFBCF89B9BF0326320FAAFAF97EC9FBA6E91B7485F6417C70921932AD
samples\generated\platform\platform_plateql306_d0100.L5X,C:\l5x_scratch\acd\platform_plateql306_d0100.ACD,ok,adopted-existing,319C73A6F3FE033E9200C16BE5BA3D224CD6B2950952EBEAA8E6EC1870B1C409
samples\generated\platform\platform_plateql306_d0400.L5X,C:\l5x_scratch\acd\platform_plateql306_d0400.ACD,ok,adopted-existing,939DA356A286829F878B09FEC6F94BB4D0141DA4A94AD6D882CEC347169EBFAD
samples\generated\platform\platform_plateql306_d1600.L5X,C:\l5x_scratch\acd\platform_plateql306_d1600.ACD,ok,adopted-existing,358686AD99E9B684907626F2D6F77ED03641546D3EB4A60A408D5C07ADECF115
samples\generated\platform\platform_plateql81_d0000.L5X,C:\l5x_scratch\acd\platform_plateql81_d0000.ACD,ok,adopted-existing,539DCD462612116CB967D2D4FE4E24A8C59A3812D060DDC19FB952CA009163A3
samples\generated\platform\platform_plateql81_d0025.L5X,C:\l5x_scratch\acd\platform_plateql81_d0025.ACD,ok,adopted-existing,48C189FBBDEA6A78D699FE85C9DBFF379DCE663FDA1077CD41250DA98DF222A9
samples\generated\platform\platform_plateql81_d0100.L5X,C:\l5x_scratch\acd\platform_plateql81_d0100.ACD,ok,adopted-existing,1086C982CD546A1B67DDDF6565B9094BE18BC4EF888B51E37923D7481D69AB98
samples\generated\platform\platform_plateql81_d0400.L5X,C:\l5x_scratch\acd\platform_plateql81_d0400.ACD,ok,adopted-existing,3BD857DD1BF6026876A9B213F2D39FB26C3C4D08BA88106914BD33EC591A83A4
samples\generated\platform\platform_plateql81_d1600.L5X,C:\l5x_scratch\acd\platform_plateql81_d1600.ACD,ok,adopted-existing,2E8F96DF831C07149455D1F4E9DC191E9E5D9BBD10DEBAC41B7531250EA9ADE0
samples\generated\predefined\camx_member_cam_d04.L5X,C:\l5x_scratch\acd\camx_member_cam_d04.ACD,ok,adopted-existing,213B7E040469990F7E46BB231600CA9B5BAF19A70BC6C3B080E1FB47B94681F7
samples\generated\predefined\camx_member_cam_d10.L5X,C:\l5x_scratch\acd\camx_member_cam_d10.ACD,ok,adopted-existing,25D5F1A81E3EE1186C3DD4EF68F041DF41D86515AB15A288E9D1A1EF94D4E142
samples\generated\predefined\camx_member_cam_d20.L5X,C:\l5x_scratch\acd\camx_member_cam_d20.ACD,ok,adopted-existing,3461328D3D778FD1E581FBCAB56AB88B2FB2678FF77C2419A6EBA8A57815DAAD
samples\generated\predefined\camx_member_cam_d30.L5X,C:\l5x_scratch\acd\camx_member_cam_d30.ACD,ok,adopted-existing,DEA355C8EC7B961E35518AF09B9B14B57732D2ECE8E1D65CA8AA9E4A2DE0B8CB
samples\generated\predefined\camx_member_prof_d04.L5X,C:\l5x_scratch\acd\camx_member_prof_d04.ACD,ok,adopted-existing,148A5AFE26908340478F8D3B0F5AFA7F8FC69D673722D9222DE4140CB93595F0
samples\generated\predefined\camx_member_prof_d10.L5X,C:\l5x_scratch\acd\camx_member_prof_d10.ACD,ok,adopted-existing,B897246C71D3A37783E6388A5EDE5588A2575CE8B9A0E97AE8AFE2BF50FC2B12
samples\generated\predefined\camx_member_prof_d20.L5X,C:\l5x_scratch\acd\camx_member_prof_d20.ACD,ok,adopted-existing,6C485E9140F4482AEEDCD8E781004E424FF6855DD39A6068C99A13E9AE0431BB
samples\generated\predefined\camx_member_prof_d30.L5X,C:\l5x_scratch\acd\camx_member_prof_d30.ACD,ok,adopted-existing,23C7BB292D90B5A509B606F03A92D1E7F646492A2A400F833E65F058FA5E0D9E
samples\generated\predefined\camx_mixed_d10.L5X,C:\l5x_scratch\acd\camx_mixed_d10.ACD,ok,adopted-existing,BAAAE5362A3427F7EE18DD504DC492C5829D22B225F0B113DB9024EA49E2C59E
samples\generated\predefined\camx_mixed_d20.L5X,C:\l5x_scratch\acd\camx_mixed_d20.ACD,ok,adopted-existing,2F1ED95FBAF0CEDC2AE6556FDAABF1AFA85D770A84681D6EF15046045C369840
samples\generated\predefined\camx_multitag_cam_t05.L5X,C:\l5x_scratch\acd\camx_multitag_cam_t05.ACD,ok,adopted-existing,2C11C3099C0F470D4BFA660DDD561181209CAB810BE27259D2BC7384D0D9C1B4
samples\generated\predefined\camx_multitag_prof_t05.L5X,C:\l5x_scratch\acd\camx_multitag_prof_t05.ACD,ok,adopted-existing,454365EBE60F8FF1BE5B3D36AB53BD3FD80F30F65AA0570D1A27818A38044278
samples\generated\predefined\camx_nested_i01.L5X,C:\l5x_scratch\acd\camx_nested_i01.ACD,ok,adopted-existing,9CB524C27C75E62BA02C68087831BA7615FFC28FD2CEB275F274D8A778C2BF69
samples\generated\predefined\camx_nested_i05.L5X,C:\l5x_scratch\acd\camx_nested_i05.ACD,ok,adopted-existing,776B38E68E4D100597CC96612A16171BD1E7804A72F91B7E4F689BB25E330FC4
samples\generated\predefined\camx_scalar_cam.L5X,C:\l5x_scratch\acd\camx_scalar_cam.ACD,ok,adopted-existing,3A33DFECFC09A68A55CD49EB9783AC2B95541C9FE645FF7DEABB7F07FAA56FDD
samples\generated\predefined\camx_scalar_prof.L5X,C:\l5x_scratch\acd\camx_scalar_prof.ACD,ok,adopted-existing,B74C5719FD9D587F9B48942AE4BA32A3A49746A00081BDFE4B602DFB56F735C4
samples\generated\predefined\camx_tag_cam_n002.L5X,C:\l5x_scratch\acd\camx_tag_cam_n002.ACD,ok,adopted-existing,F86CDB3557894707860646B9AFF81B9011DFB09ABFE4A8F2E537104AFBA446AA
samples\generated\predefined\camx_tag_cam_n010.L5X,C:\l5x_scratch\acd\camx_tag_cam_n010.ACD,ok,adopted-existing,C8EA38F090ADA911479285530F53EB607A4051A3816698CF4A1F8AF86377B85B
samples\generated\predefined\camx_tag_cam_n011.L5X,C:\l5x_scratch\acd\camx_tag_cam_n011.ACD,ok,adopted-existing,C48276F9E371646754DCE53616F6004CC2D1528483F47EA974BBD95116366570
samples\generated\predefined\camx_tag_cam_n030.L5X,C:\l5x_scratch\acd\camx_tag_cam_n030.ACD,ok,adopted-existing,C9AA85D55440CFE92CC0BC78E44818ECF2E3E5E4EA5436314192EF4FCD2F4C0F
samples\generated\predefined\camx_tag_cam_n100.L5X,C:\l5x_scratch\acd\camx_tag_cam_n100.ACD,ok,adopted-existing,AE09F211D22ED840ADE1F007FE7561348EC7782558988FF0E78FEF6F164E78BB
samples\generated\predefined\camx_tag_prof_n002.L5X,C:\l5x_scratch\acd\camx_tag_prof_n002.ACD,ok,adopted-existing,07608F9705087AE8B1C72974D4772CD6A2F20C8828C57F5086729A8D62BAB81C
samples\generated\predefined\camx_tag_prof_n010.L5X,C:\l5x_scratch\acd\camx_tag_prof_n010.ACD,ok,adopted-existing,6BEAB994EC09CC27F6F4B2A82A3716A75B71A58D2F7C56444EBF686F9B766948
samples\generated\predefined\camx_tag_prof_n011.L5X,C:\l5x_scratch\acd\camx_tag_prof_n011.ACD,ok,adopted-existing,45663B2070D934E003F7BFD13630BE2948024B837C79B08C36199CEDD55D02F8
samples\generated\predefined\camx_tag_prof_n030.L5X,C:\l5x_scratch\acd\camx_tag_prof_n030.ACD,ok,adopted-existing,3970E66A633252ACFC21B720FE5345E126C06C8A6817529790C4F4E1E2E440C1
samples\generated\predefined\camx_tag_prof_n100.L5X,C:\l5x_scratch\acd\camx_tag_prof_n100.ACD,ok,adopted-existing,519A3B12F16884A9B97B57AB037881827D5F134F4757CA8AF04148ECF762DDD1
samples\generated\predefined\camx_udtarray_n05.L5X,C:\l5x_scratch\acd\camx_udtarray_n05.ACD,ok,adopted-existing,D99029ECCA491455B77FD79682692F0652C5E2AAFF83DCDCEC8413BE19397CED
samples\generated\predefined\cam_structure_n01.L5X,C:\l5x_scratch\acd\cam_structure_n01.ACD,ok,adopted-existing,77551077E85583633E9EF05D35DC7AD9E4E3BBEDA9A249249A39FB50196FB1B0
samples\generated\predefined\cam_structure_n05.L5X,C:\l5x_scratch\acd\cam_structure_n05.ACD,ok,adopted-existing,2E7F771D4C8C54AC2EFA9A1BD76E3118C3614061AABA46737E415187BDB288A5
samples\generated\predefined\cam_structure_n10.L5X,C:\l5x_scratch\acd\cam_structure_n10.ACD,ok,adopted-existing,140350F71CC57AF5A8427615E1F2D8B04E7F1967E6A1FFD222A0C2FBD1EC6F75
samples\generated\predefined\cam_structure_n20.L5X,C:\l5x_scratch\acd\cam_structure_n20.ACD,ok,adopted-existing,79626C7ED0012A25774779F7E990385D83DAD52D9ABAA88BBDC99EB5B6AEB2F1
samples\generated\predefined\cam_structure_n50.L5X,C:\l5x_scratch\acd\cam_structure_n50.ACD,ok,adopted-existing,4113D2EFDAF9D3E678CA53961A5B756472E82C1101594F3ED30682C8B2A5C8C5
samples\generated\predefined\predefprobe_alarm.L5X,C:\l5x_scratch\acd\predefprobe_alarm.ACD,ok,adopted-existing,3D033F745C0E89687DC8861D6C065D2354EE8B01149600C56254AB8F15B1E20E
samples\generated\predefined\predefprobe_alarm_analog.L5X,C:\l5x_scratch\acd\predefprobe_alarm_analog.ACD,ok,adopted-existing,183A899E90DD953EC5A581CBD55D9FBB8789C20C0B432E21C19BD5E5A1FED983
samples\generated\predefined\predefprobe_alarm_digital.L5X,C:\l5x_scratch\acd\predefprobe_alarm_digital.ACD,ok,adopted-existing,2FCCF039F767BC5BB11F6B6A271FBC13F2AFADE4D80FAB424009FB22946C65B6
samples\generated\predefined\predefprobe_alarm_set_control.L5X,C:\l5x_scratch\acd\predefprobe_alarm_set_control.ACD,ok,adopted-existing,8359CED5E3EC58B9E790F7586ED7D1C8CEA90665054F0D71E4A5E68C17E4F13B
samples\generated\predefined\predefprobe_aux_valve_control.L5X,C:\l5x_scratch\acd\predefprobe_aux_valve_control.ACD,ok,adopted-existing,057CD156E3D419FBACBBA245D9FCC8574F5C3A213E6745919F92FFB40188A425
samples\generated\predefined\predefprobe_axis_consumed.L5X,C:\l5x_scratch\acd\predefprobe_axis_consumed.ACD,ok,adopted-existing,C288B79E8EE8A9756AFEDCE56259337EA5AE1736667494C92BD9F72DC834C59D
samples\generated\predefined\predefprobe_axis_generic_drive.L5X,C:\l5x_scratch\acd\predefprobe_axis_generic_drive.ACD,ok,adopted-existing,1BCEAF44834FB6D90BAC3CBE5D03FC7627BE614B5E07EDC5CE6EB3A21473A727
samples\generated\predefined\predefprobe_axis_servo_drive.L5X,C:\l5x_scratch\acd\predefprobe_axis_servo_drive.ACD,ok,adopted-existing,CAE46E7250CC6E5172F3AF35F52D55AC2B29DCB3F3BE16F37730608167CECE2D
samples\generated\predefined\predefprobe_bus_obj.L5X,C:\l5x_scratch\acd\predefprobe_bus_obj.ACD,ok,adopted-existing,368E774EDB40F54EA070D371B6ED325C605826AD379C8EE647F9E4F77AE8B23A
samples\generated\predefined\predefprobe_camshaft_monitor.L5X,C:\l5x_scratch\acd\predefprobe_camshaft_monitor.ACD,ok,adopted-existing,D5466A8E249075022523003A511DF5627BBA0237F770A41BD586279B905E9F58
samples\generated\predefined\predefprobe_cam_extended.L5X,C:\l5x_scratch\acd\predefprobe_cam_extended.ACD,ok,adopted-existing,114DE257905FB9A8AED7D8AB0C640F4B36F80C1A76B168EA25C7E3601FE6C583
samples\generated\predefined\predefprobe_cam_profile_extended.L5X,C:\l5x_scratch\acd\predefprobe_cam_profile_extended.ACD,ok,adopted-existing,022BF89AAF9A43E8190408495F8C2AB2FB5D9591B9477D2699DA007833561223
samples\generated\predefined\predefprobe_cb_continuous_mode.L5X,C:\l5x_scratch\acd\predefprobe_cb_continuous_mode.ACD,ok,adopted-existing,7F9E3C86E220C23386B4FB3BC0EE960F4B17C584C9C231096D6F6AA13474FCD3
samples\generated\predefined\predefprobe_cb_crankshaft_pos_monitor.L5X,C:\l5x_scratch\acd\predefprobe_cb_crankshaft_pos_monitor.ACD,ok,adopted-existing,96E34B9DC111A1BF202492AE8B50923EC0FA6481D606602E71C98F34CAF9AC6E
samples\generated\predefined\predefprobe_cb_inch_mode.L5X,C:\l5x_scratch\acd\predefprobe_cb_inch_mode.ACD,ok,adopted-existing,91D90C59D7713F2007E028B4A1AB927309D288989C94E02C8D7183F927968C5F
samples\generated\predefined\predefprobe_cb_single_stroke_mode.L5X,C:\l5x_scratch\acd\predefprobe_cb_single_stroke_mode.ACD,ok,adopted-existing,E9C3E1489B8E5C92EA696CCC45C2BF2D6402FC5A97BDEA5D5CFFC85B541FD674
samples\generated\predefined\predefprobe_cc.L5X,C:\l5x_scratch\acd\predefprobe_cc.ACD,ok,adopted-existing,1698AABF65AB5E47692164332394D41A4FEBF4AAB0F71D79120B82656CB3EF74
samples\generated\predefined\predefprobe_configurable_rout.L5X,C:\l5x_scratch\acd\predefprobe_configurable_rout.ACD,ok,adopted-existing,0D975772BF1DAA5F69CC691B52832EB8E7126D972B17CBCEB9903B1FACA11CC6
samples\generated\predefined\predefprobe_connection_status.L5X,C:\l5x_scratch\acd\predefprobe_connection_status.ACD,ok,adopted-existing,9011EBE4137AA99AD2C6909E3EEDDE9627F4E99FA2A9F4A9466E2D7679430315
samples\generated\predefined\predefprobe_datalog_instruction.L5X,C:\l5x_scratch\acd\predefprobe_datalog_instruction.ACD,ok,adopted-existing,B5DAB6F1D968300E3B8F7634A6F6F45055D0121C07E937AB0347A07E2F3E79A2
samples\generated\predefined\predefprobe_dcaf_input.L5X,C:\l5x_scratch\acd\predefprobe_dcaf_input.ACD,ok,adopted-existing,7378E8BB9C10C4DC573395FCA684ADB98557908F53AF5228C4FBE2EF2921BBA0
samples\generated\predefined\predefprobe_dca_input.L5X,C:\l5x_scratch\acd\predefprobe_dca_input.ACD,ok,adopted-existing,188088A392EE282D6F33ED7183F4F85AB2F70180453F834766C860E2D98A85A1
samples\generated\predefined\predefprobe_dci_monitor.L5X,C:\l5x_scratch\acd\predefprobe_dci_monitor.ACD,ok,adopted-existing,087DF8E13738D5B661203967D6CB2208D08E812256F850B7A695473C27DF9E74
samples\generated\predefined\predefprobe_dci_start.L5X,C:\l5x_scratch\acd\predefprobe_dci_start.ACD,ok,adopted-existing,7ADDC93E884E10450625D8146AAAB2F2B6AC90D8D4F8D4DC6ABF1B042E6B9A49
samples\generated\predefined\predefprobe_dci_stop.L5X,C:\l5x_scratch\acd\predefprobe_dci_stop.ACD,ok,adopted-existing,ABB7A799B0B1F986DC5B7DB8F84C738603CC1B989A0EA1EC782C2E15DAF657F6
samples\generated\predefined\predefprobe_dci_stop_test.L5X,C:\l5x_scratch\acd\predefprobe_dci_stop_test.ACD,ok,adopted-existing,1738BA0A97091A1CF3DC0A9F018CC279F685EDFBD959D3AE3B9DBD448C65EAA3
samples\generated\predefined\predefprobe_dci_stop_test_lock.L5X,C:\l5x_scratch\acd\predefprobe_dci_stop_test_lock.ACD,ok,adopted-existing,460BDF5A3B868842DB75638BC9C4937467D0E148A008C759F20FFFBA2331F39C
samples\generated\predefined\predefprobe_dci_stop_test_mute.L5X,C:\l5x_scratch\acd\predefprobe_dci_stop_test_mute.ACD,ok,adopted-existing,8F8E61764E57A0B1F4C83F937A0C31756BDD935801F4478239FF60DCCA94F8FF
samples\generated\predefined\predefprobe_deadtime.L5X,C:\l5x_scratch\acd\predefprobe_deadtime.ACD,ok,adopted-existing,968C994FB5D0C55FC02B1B509C8F814F7B6157019256641923D5DE9AC734B253
samples\generated\predefined\predefprobe_derivative.L5X,C:\l5x_scratch\acd\predefprobe_derivative.ACD,ok,adopted-existing,C6845D5F4CAC53CB84AADC525FF16DDB4B8471A5166951825062B1F06B32E57A
samples\generated\predefined\predefprobe_discrete_2state.L5X,C:\l5x_scratch\acd\predefprobe_discrete_2state.ACD,ok,adopted-existing,2DC8C949A22C551251B91286F8E754C2E0204FD80AA580582E556CD1390117F2
samples\generated\predefined\predefprobe_discrete_3state.L5X,C:\l5x_scratch\acd\predefprobe_discrete_3state.ACD,ok,adopted-existing,D703244BD27EC529550975ACADA94C51D5EA752868FB6A2B2D147A82E6EC06B0
samples\generated\predefined\predefprobe_diverse_input.L5X,C:\l5x_scratch\acd\predefprobe_diverse_input.ACD,ok,adopted-existing,91D621A4B647C9C737A8BADFCD709639E0ADD95E5808B9681A51AB06732B7612
samples\generated\predefined\predefprobe_dominant_reset.L5X,C:\l5x_scratch\acd\predefprobe_dominant_reset.ACD,ok,adopted-existing,CA0B63D972D397D21107ABC23B6644F2CA6CF53283F41D039478CB839154AEF6
samples\generated\predefined\predefprobe_dominant_set.L5X,C:\l5x_scratch\acd\predefprobe_dominant_set.ACD,ok,adopted-existing,3F3CF6E75FD01448BAE6F00E414CF272F0F1893CBC467885DEF7171CF5385541
samples\generated\predefined\predefprobe_dynamics_data.L5X,C:\l5x_scratch\acd\predefprobe_dynamics_data.ACD,ok,adopted-existing,ABA0402C7BBC619D7E2FAE40FDFF9903C964B5A046DE102301EE2481A695DA27
samples\generated\predefined\predefprobe_eight_pos_mode_selector.L5X,C:\l5x_scratch\acd\predefprobe_eight_pos_mode_selector.ACD,ok,adopted-existing,08C4EE602C807C4980A607860568CFF43813F76067B8016CD62CB7A5008B8AAB
samples\generated\predefined\predefprobe_emergency_stop.L5X,C:\l5x_scratch\acd\predefprobe_emergency_stop.ACD,ok,adopted-existing,EEBA5CD02A003DD21FE7B6B1DC24108822F3166EAF5FA88C67412360813E61D5
samples\generated\predefined\predefprobe_enable_pendant.L5X,C:\l5x_scratch\acd\predefprobe_enable_pendant.ACD,ok,adopted-existing,2B64B170532BC4347D509038CB62703B8BB12C962487C3F1862299C5F99CFFF5
samples\generated\predefined\predefprobe_energy_base.L5X,C:\l5x_scratch\acd\predefprobe_energy_base.ACD,ok,adopted-existing,C83C8B4BA49DC031977E32B951D6B3538E3B93FF6730D2D80E2EACD0150A5365
samples\generated\predefined\predefprobe_energy_electrical.L5X,C:\l5x_scratch\acd\predefprobe_energy_electrical.ACD,ok,adopted-existing,4139120CE3ABA0B35B1C375E23B58CD2DC725C80446863B9B0ECAE01E75AC36F
samples\generated\predefined\predefprobe_ext_routine_control.L5X,C:\l5x_scratch\acd\predefprobe_ext_routine_control.ACD,ok,adopted-existing,577AE177664602DDC948A3B53F3E2DFD5CADCB2CBED24CC26B07DA294EF08FFE
samples\generated\predefined\predefprobe_ext_routine_parameters.L5X,C:\l5x_scratch\acd\predefprobe_ext_routine_parameters.ACD,ok,adopted-existing,014D93D5B1B3B764605E1659A5A31335864F7D7F60A882873C2461213CA01BFB
samples\generated\predefined\predefprobe_fbd_bit_field_distribute.L5X,C:\l5x_scratch\acd\predefprobe_fbd_bit_field_distribute.ACD,ok,adopted-existing,8B32A9FAE6CB2D1F2528B973C80CF32792963AB50200FA15232A499CA925512E
samples\generated\predefined\predefprobe_fbd_boolean_and.L5X,C:\l5x_scratch\acd\predefprobe_fbd_boolean_and.ACD,ok,adopted-existing,A38558C1F54248C59E61305B3F72E490F153A2246CC5CCBE642FBB5E09EB831E
samples\generated\predefined\predefprobe_fbd_boolean_not.L5X,C:\l5x_scratch\acd\predefprobe_fbd_boolean_not.ACD,ok,adopted-existing,D471DEFAECEBBAAE08DA86DC97C383B32C19878F0D0B81455F67540FEE7F2A8B
samples\generated\predefined\predefprobe_fbd_boolean_or.L5X,C:\l5x_scratch\acd\predefprobe_fbd_boolean_or.ACD,ok,adopted-existing,8EC129B58EF5689D912D7898AD2BC02D6C2AEBFAA3A5D3075EE6AFF75811F9AB
samples\generated\predefined\predefprobe_fbd_boolean_xor.L5X,C:\l5x_scratch\acd\predefprobe_fbd_boolean_xor.ACD,ok,adopted-existing,55903578067B426B17817ED2A9F3626B5755C41D2867B0835005B60002A8EDFB
samples\generated\predefined\predefprobe_fbd_compare.L5X,C:\l5x_scratch\acd\predefprobe_fbd_compare.ACD,ok,adopted-existing,62EF0D0855BD76DA8095B46D03AE6437A5B7CED14645A58568786798BF3E2AF6
samples\generated\predefined\predefprobe_fbd_convert.L5X,C:\l5x_scratch\acd\predefprobe_fbd_convert.ACD,ok,adopted-existing,BC577322DEEF45DFF2CA7EBE7190E354FCFD1CC5A119E35558F8356976E2AF89
samples\generated\predefined\predefprobe_fbd_counter.L5X,C:\l5x_scratch\acd\predefprobe_fbd_counter.ACD,ok,adopted-existing,456A0B2BD66C6C3EA103CFEFB2096504DB865119A206073734728EEF05AD9B99
samples\generated\predefined\predefprobe_fbd_limit.L5X,C:\l5x_scratch\acd\predefprobe_fbd_limit.ACD,ok,adopted-existing,FF6A2A18DCD6CEC056CF897A8056688BC037BBE1706D3EABA5B58FB0F25BDB16
samples\generated\predefined\predefprobe_fbd_logical.L5X,C:\l5x_scratch\acd\predefprobe_fbd_logical.ACD,ok,adopted-existing,8EA8E3CBA1D139C574F772287EFE394C716A7184C8B3B88247904740B7075C05
samples\generated\predefined\predefprobe_fbd_masked_move.L5X,C:\l5x_scratch\acd\predefprobe_fbd_masked_move.ACD,ok,adopted-existing,AF41CA08DA214D9E4B193A52EDA6C4046AB09C8320E0EE6A320D7A28E806C6A1
samples\generated\predefined\predefprobe_fbd_mask_equal.L5X,C:\l5x_scratch\acd\predefprobe_fbd_mask_equal.ACD,ok,adopted-existing,49B87205EFB820D2FC7087FC97FD4B9287222481E567492B593ADD4774146501
samples\generated\predefined\predefprobe_fbd_math.L5X,C:\l5x_scratch\acd\predefprobe_fbd_math.ACD,ok,adopted-existing,28384DE593FDAE2B5707A7B7203F5BA7C7C78FB814C28C16BECA561EB1AE2003
samples\generated\predefined\predefprobe_fbd_math_advanced.L5X,C:\l5x_scratch\acd\predefprobe_fbd_math_advanced.ACD,ok,adopted-existing,175B69D29341827E35F735B1238033E7689AF2E95998C6AF1BE04D0E6424C19F
samples\generated\predefined\predefprobe_fbd_oneshot.L5X,C:\l5x_scratch\acd\predefprobe_fbd_oneshot.ACD,ok,adopted-existing,5974F801E457AB19468D0C4EDE00C7781574086CCF390CCDB820266B9D340F87
samples\generated\predefined\predefprobe_fbd_timer.L5X,C:\l5x_scratch\acd\predefprobe_fbd_timer.ACD,ok,adopted-existing,FADBBF2818DFDDF38B99ADB8F8B0CC0E366220884EDEC6FE0E02BB85CB4FEA2C
samples\generated\predefined\predefprobe_fbd_truncate.L5X,C:\l5x_scratch\acd\predefprobe_fbd_truncate.ACD,ok,adopted-existing,3E021EE9CC1B62F62F2EF0D6F2DFE6173763AF910EB02DBCBDDF50410C0C9C21
samples\generated\predefined\predefprobe_filter_high_pass.L5X,C:\l5x_scratch\acd\predefprobe_filter_high_pass.ACD,ok,adopted-existing,5DF0F40F68370292342D3E6E21945BFE2C2264875D7D8C2DADC7C2734AC61D2C
samples\generated\predefined\predefprobe_filter_low_pass.L5X,C:\l5x_scratch\acd\predefprobe_filter_low_pass.ACD,ok,adopted-existing,CE377972F6969BD3A639D90639D0395A3E8635240B644DDADCB0FDA6C57EEC0D
samples\generated\predefined\predefprobe_filter_notch.L5X,C:\l5x_scratch\acd\predefprobe_filter_notch.ACD,ok,adopted-existing,BB0173FB8422D08628F1AF77B18EDA8786F9E9A4FD18EDE001272A721B180241
samples\generated\predefined\predefprobe_five_pos_mode_selector.L5X,C:\l5x_scratch\acd\predefprobe_five_pos_mode_selector.ACD,ok,adopted-existing,DE9165BCA5342F4F2EC4304183C0F657080805CC298305EA6505A485E6D42A5E
samples\generated\predefined\predefprobe_flip_flop_d.L5X,C:\l5x_scratch\acd\predefprobe_flip_flop_d.ACD,ok,adopted-existing,A946CC76E806B8D3003AAB80A1F7D274160CBEC7D407DF137F82844627F4C38C
samples\generated\predefined\predefprobe_flip_flop_jk.L5X,C:\l5x_scratch\acd\predefprobe_flip_flop_jk.ACD,ok,adopted-existing,F2003D56B46DA203E738846B136D4DD60980F8DC3529D2A824D87CCABF88A572
samples\generated\predefined\predefprobe_function_generator.L5X,C:\l5x_scratch\acd\predefprobe_function_generator.ACD,ok,adopted-existing,DD2A2302F7A54B81C72259D6C8A580DBE3F055F12E768898E42FC647DEBA46CA
samples\generated\predefined\predefprobe_hl_limit.L5X,C:\l5x_scratch\acd\predefprobe_hl_limit.ACD,ok,adopted-existing,552893525E0CB3C733E4CDB48E71B71E41682897F8CF7917D4D464ABFDE379E3
samples\generated\predefined\predefprobe_hmibc.L5X,C:\l5x_scratch\acd\predefprobe_hmibc.ACD,ok,adopted-existing,7CFDA0DD77BE8B628E292FC5812C5AA9A9005EA61D81A375C834E9FD01889EEB
samples\generated\predefined\predefprobe_imc.L5X,C:\l5x_scratch\acd\predefprobe_imc.ACD,ok,adopted-existing,33064CBC9D3DB31B11A0B62CFD86A786DF15D9544288054572A831C219EF8A27
samples\generated\predefined\predefprobe_integrator.L5X,C:\l5x_scratch\acd\predefprobe_integrator.ACD,ok,adopted-existing,03F0631F68F30B7B0DF72B13455721CB08D899CE5A8F2881E92BF6C75E656EE3
samples\generated\predefined\predefprobe_lead_lag.L5X,C:\l5x_scratch\acd\predefprobe_lead_lag.ACD,ok,adopted-existing,CC6F56E481B72A05A058D36573ED306DADE0957D94736E417E011C8B7BA73F2B
samples\generated\predefined\predefprobe_lead_lag_sec_order.L5X,C:\l5x_scratch\acd\predefprobe_lead_lag_sec_order.ACD,ok,adopted-existing,4C0632804C98BAEC9C6AB0C7BC21024AB9B613C70F4AE2FFF74F65E30EFC314B
samples\generated\predefined\predefprobe_light_curtain.L5X,C:\l5x_scratch\acd\predefprobe_light_curtain.ACD,ok,adopted-existing,4AD5CDAD12FA214A174ABF0C1C27DE898EEDDF45E09E19775C404CAE0E6365CC
samples\generated\predefined\predefprobe_main_valve_control.L5X,C:\l5x_scratch\acd\predefprobe_main_valve_control.ACD,ok,adopted-existing,A68469E5F3803B4D95A4187A403E88C060A449582E5F72109EBCDADE7208B39B
samples\generated\predefined\predefprobe_manual_valve_control.L5X,C:\l5x_scratch\acd\predefprobe_manual_valve_control.ACD,ok,adopted-existing,281605CE8D441424A72095C725F1CBC33FBE21CF367061948102E3CCB0486A02
samples\generated\predefined\predefprobe_maximum_capture.L5X,C:\l5x_scratch\acd\predefprobe_maximum_capture.ACD,ok,adopted-existing,5F8FD7BF8E1B4488002D52ED6C6E12A6D882F8F96BC6DAAE8D1200D934F04D1D
samples\generated\predefined\predefprobe_message.L5X,C:\l5x_scratch\acd\predefprobe_message.ACD,ok,adopted-existing,D54CB02B5AB803EC6B798B7FDFEC3F2F96B666FFD8F47A7688825CAFE0E0DD36
samples\generated\predefined\predefprobe_minimum_capture.L5X,C:\l5x_scratch\acd\predefprobe_minimum_capture.ACD,ok,adopted-existing,9C13DDA4C91DCB7E386B398A68903BD321EF6E3AD292832E630DD89B03BAA209
samples\generated\predefined\predefprobe_mmc.L5X,C:\l5x_scratch\acd\predefprobe_mmc.ACD,ok,adopted-existing,009D1D3C25E6582DC170E9A77F0CB23996C7A4BC472AEFBB4BAC74F8099A33CB
samples\generated\predefined\predefprobe_moving_average.L5X,C:\l5x_scratch\acd\predefprobe_moving_average.ACD,ok,adopted-existing,B5903CA8CEF0DD8937EFA1A84C110A14A2E3577B38178678979F89472E2B3C31
samples\generated\predefined\predefprobe_moving_std_dev.L5X,C:\l5x_scratch\acd\predefprobe_moving_std_dev.ACD,ok,adopted-existing,8707165E0372FF49ADA8097AF778D3F5AD7EF2471CD4D565A533A7E7DB1313D5
samples\generated\predefined\predefprobe_multiplexer.L5X,C:\l5x_scratch\acd\predefprobe_multiplexer.ACD,ok,adopted-existing,F29C24F6EF0FFFB4814D6A760C18F4643FA3168F1725B58C44848751085C83A1
samples\generated\predefined\predefprobe_muting_four_sensor_bidir.L5X,C:\l5x_scratch\acd\predefprobe_muting_four_sensor_bidir.ACD,ok,adopted-existing,51D061EF2D0A7415B6A3A188651D1922CB8728428B660EC44777105F6F01D286
samples\generated\predefined\predefprobe_muting_two_sensor_asym.L5X,C:\l5x_scratch\acd\predefprobe_muting_two_sensor_asym.ACD,ok,adopted-existing,F95CDDC052EC89225BA05086892510808D10CBFA8EC52A7247ECFC5D8106476D
samples\generated\predefined\predefprobe_muting_two_sensor_sym.L5X,C:\l5x_scratch\acd\predefprobe_muting_two_sensor_sym.ACD,ok,adopted-existing,F9D3C764B3A039735E6C22863531103CEDF4E07E0C3B310BE73B09EA104B6F2A
samples\generated\predefined\predefprobe_odometer.L5X,C:\l5x_scratch\acd\predefprobe_odometer.ACD,ok,adopted-existing,6540E6DE5CC2FFD39EF8015F87C562754373A0DFB39C1A8BD8C0AF227AFFBC9B
samples\generated\predefined\predefprobe_output_cam.L5X,C:\l5x_scratch\acd\predefprobe_output_cam.ACD,ok,adopted-existing,ED27D803D409A4CB357938157EB95AFD27BF07DA39D247113FCCE0875AD63DE5
samples\generated\predefined\predefprobe_output_compensation.L5X,C:\l5x_scratch\acd\predefprobe_output_compensation.ACD,ok,adopted-existing,043FAF97DC355971DAB677307974F25128A957DD2B2688A7A4DC0D5DA7F73191
samples\generated\predefined\predefprobe_path_data.L5X,C:\l5x_scratch\acd\predefprobe_path_data.ACD,ok,adopted-existing,FFE053669CB756BA36D52B9BDF9E19FD0C466F2559EDC8BF6C6F82DDE4596FCA
samples\generated\predefined\predefprobe_phase.L5X,C:\l5x_scratch\acd\predefprobe_phase.ACD,ok,adopted-existing,A3A3FF47DF0E9DA988EBCC10795B391903C8A6303BDCB4FA581435C9BEA992F6
samples\generated\predefined\predefprobe_phase_instruction.L5X,C:\l5x_scratch\acd\predefprobe_phase_instruction.ACD,ok,adopted-existing,A3A4A1C37EF593E720B06EB569721DE58E4269CA63705E3105C893CAE5F7650B
samples\generated\predefined\predefprobe_pid.L5X,C:\l5x_scratch\acd\predefprobe_pid.ACD,ok,adopted-existing,40A62B7152713325BD32035E3556225985BCC527F569311C51024D30B78E37B8
samples\generated\predefined\predefprobe_pide_autotune.L5X,C:\l5x_scratch\acd\predefprobe_pide_autotune.ACD,ok,adopted-existing,728321F60EE6A082717AE2AFE32F786582591025B53719055758D71C69F964AE
samples\generated\predefined\predefprobe_pid_enhanced.L5X,C:\l5x_scratch\acd\predefprobe_pid_enhanced.ACD,ok,adopted-existing,71D7E1DF2A9164EF5C7BE90F877907EEAB7D2FCDCB35290AFF92FC428041841D
samples\generated\predefined\predefprobe_position_data.L5X,C:\l5x_scratch\acd\predefprobe_position_data.ACD,ok,adopted-existing,EA15B1F7A0DFEF554748C755F2E36818FC72249F0535801210CF676323FF67C1
samples\generated\predefined\predefprobe_position_prop.L5X,C:\l5x_scratch\acd\predefprobe_position_prop.ACD,ok,adopted-existing,B9E07B204FA91F3E302D45434897AF0C7D69024E7588D23D93C1486FA41C6790
samples\generated\predefined\predefprobe_prop_int.L5X,C:\l5x_scratch\acd\predefprobe_prop_int.ACD,ok,adopted-existing,9EE02FA387A48922EEC1C20A8ED4100FFB62489816AD3C30A338BCAEB828A115
samples\generated\predefined\predefprobe_pulse_multiplier.L5X,C:\l5x_scratch\acd\predefprobe_pulse_multiplier.ACD,ok,adopted-existing,635B925F04BDAF025494351D92BF81A053F5F471E7835BD107D42420F0892758
samples\generated\predefined\predefprobe_p_analog_fanout.L5X,C:\l5x_scratch\acd\predefprobe_p_analog_fanout.ACD,ok,adopted-existing,30743BA931A7FA7E606D901A8C5DFB5397CBDA313B442858D62EB30711748FC8
samples\generated\predefined\predefprobe_p_analog_hart.L5X,C:\l5x_scratch\acd\predefprobe_p_analog_hart.ACD,ok,adopted-existing,3074904DFDE4827D75E7482457DE0AE096BC6BFC0F099F04B94747EE663D03CD
samples\generated\predefined\predefprobe_p_analog_input.L5X,C:\l5x_scratch\acd\predefprobe_p_analog_input.ACD,ok,adopted-existing,9E8B1B5B665853C9E4D90184DFA9D087C60E71FD708937A9FAC0D1C105AED778
samples\generated\predefined\predefprobe_p_analog_input_dual.L5X,C:\l5x_scratch\acd\predefprobe_p_analog_input_dual.ACD,ok,adopted-existing,78AF0EF3633D439D009B27D550C3E93E5567ECE166FBBBF154A8087A0099D24C
samples\generated\predefined\predefprobe_p_analog_input_multi.L5X,C:\l5x_scratch\acd\predefprobe_p_analog_input_multi.ACD,ok,adopted-existing,45FE73FDBE0A18797DC6CCC63C48FF15011494961DEA66F188FEFE76528E5AC1
samples\generated\predefined\predefprobe_p_analog_output.L5X,C:\l5x_scratch\acd\predefprobe_p_analog_output.ACD,ok,adopted-existing,52CFA04D78CBADFD741E72787D4A7D0C121715D38057F4E6419B6519D4EE7D24
samples\generated\predefined\predefprobe_p_boolean_logic.L5X,C:\l5x_scratch\acd\predefprobe_p_boolean_logic.ACD,ok,adopted-existing,96FCF792F80FEC3F378C24361BE0CAA8F1C4845830977711E887B604D72C434A
samples\generated\predefined\predefprobe_p_command_source.L5X,C:\l5x_scratch\acd\predefprobe_p_command_source.ACD,ok,adopted-existing,0FEC303E0D3722D7C8C23C85AE700CFE04E88BF8823DD90CCD040134C0647A50
samples\generated\predefined\predefprobe_p_deadband.L5X,C:\l5x_scratch\acd\predefprobe_p_deadband.ACD,ok,adopted-existing,CF84BB76942B7D709D389D2F394F6148B3B529F03AAF7F6666AE2EA918A86618
samples\generated\predefined\predefprobe_p_discrete_4state.L5X,C:\l5x_scratch\acd\predefprobe_p_discrete_4state.ACD,ok,adopted-existing,F6D0D49678D94D77966985F92E243A1E1ECA5885EFEAD92946AA4FB48C478527
samples\generated\predefined\predefprobe_p_discrete_input.L5X,C:\l5x_scratch\acd\predefprobe_p_discrete_input.ACD,ok,adopted-existing,38BA3D45D1D4AE860A411F0C628C2302283F1B5FF99F755C93AE5693C834CF74
samples\generated\predefined\predefprobe_p_discrete_mix_proof.L5X,C:\l5x_scratch\acd\predefprobe_p_discrete_mix_proof.ACD,ok,adopted-existing,9479CFF8C4F22CFC63555C3975466D3804D689EEFE31987FF577226B4A1FE529
samples\generated\predefined\predefprobe_p_discrete_n_position.L5X,C:\l5x_scratch\acd\predefprobe_p_discrete_n_position.ACD,ok,adopted-existing,2079229D6FB6C74D2E21635D95FE718A6C1344BF53B3829D8FA2CE2C6926E6F0
samples\generated\predefined\predefprobe_p_discrete_output.L5X,C:\l5x_scratch\acd\predefprobe_p_discrete_output.ACD,ok,adopted-existing,28DC621D719AEC4BBBB7BFDF75D17294368988AE73CAC1F1A856019F290FF766
samples\generated\predefined\predefprobe_p_dosing.L5X,C:\l5x_scratch\acd\predefprobe_p_dosing.ACD,ok,adopted-existing,0647EC67F64DC8901B78841AAE6C0489327608530A1ABFB4BD2173A34F0CC29F
samples\generated\predefined\predefprobe_p_hart_code_desc_status.L5X,C:\l5x_scratch\acd\predefprobe_p_hart_code_desc_status.ACD,ok,adopted-existing,5EA201AF4597105737849564C50E6CCEDE8C9ABA52DB526581CC6D004296ADB5
samples\generated\predefined\predefprobe_p_high_low_select.L5X,C:\l5x_scratch\acd\predefprobe_p_high_low_select.ACD,ok,adopted-existing,9A076B7E5A5361AA7D321D7F2585166D3EF99AFB074FB25DCDE2F0175803130C
samples\generated\predefined\predefprobe_p_interlock.L5X,C:\l5x_scratch\acd\predefprobe_p_interlock.ACD,ok,adopted-existing,44314F1A628DA6EACC9062A2400DE49DB849990761F60773DA27ADCCC329FBD5
samples\generated\predefined\predefprobe_p_interlock_bank_status.L5X,C:\l5x_scratch\acd\predefprobe_p_interlock_bank_status.ACD,ok,adopted-existing,1DF7EEB4CE459D3DE070356960E680BB14729FCE2641AB15E24561CBE8C4C588
samples\generated\predefined\predefprobe_p_lead_lag_standby.L5X,C:\l5x_scratch\acd\predefprobe_p_lead_lag_standby.ACD,ok,adopted-existing,9971DDBDFF3D7911B51447E1E12C40F14E132E7BAD54BFD8FE3CD3D10E551B0C
samples\generated\predefined\predefprobe_p_lead_lag_standby_motor.L5X,C:\l5x_scratch\acd\predefprobe_p_lead_lag_standby_motor.ACD,ok,adopted-existing,2125A69B34E129DBAADB631D8430E296DEA49158CDAAF38C6613306BEE86F1C6
samples\generated\predefined\predefprobe_p_motor_discrete.L5X,C:\l5x_scratch\acd\predefprobe_p_motor_discrete.ACD,ok,adopted-existing,D3CA5373970FC88F32BE03952B88CDE596F99F597CE999252129A64390961D36
samples\generated\predefined\predefprobe_p_permissive.L5X,C:\l5x_scratch\acd\predefprobe_p_permissive.ACD,ok,adopted-existing,B0448751435F022C3BE02ACA27AF857AB22378E67485FB0E2C78C02A854CFA8E
samples\generated\predefined\predefprobe_p_pid.L5X,C:\l5x_scratch\acd\predefprobe_p_pid.ACD,ok,adopted-existing,AC463D224E3585B7581BE67F5769884E25EE17E3A7C80A55FDA34231D9FAFE40
samples\generated\predefined\predefprobe_p_press_temp_compensated.L5X,C:\l5x_scratch\acd\predefprobe_p_press_temp_compensated.ACD,ok,adopted-existing,0F4C5103EBD673AE788DC54A63E577931FE4DB24BC2391AC2C31C3E57000CF1D
samples\generated\predefined\predefprobe_p_restart_inhibit.L5X,C:\l5x_scratch\acd\predefprobe_p_restart_inhibit.ACD,ok,adopted-existing,CB741EEF7EFF3BC0F39FCB58EE6B33FC36223989BE6CA3FF2CDF2D7D6AE82F9F
samples\generated\predefined\predefprobe_p_run_time.L5X,C:\l5x_scratch\acd\predefprobe_p_run_time.ACD,ok,adopted-existing,A5FBBAE6A4250B53DD4B0FE9F2581C4EEC0D9176A85EA3651C7021C68DBADE38
samples\generated\predefined\predefprobe_p_strapping_table_row.L5X,C:\l5x_scratch\acd\predefprobe_p_strapping_table_row.ACD,ok,adopted-existing,18D7094B7AFD5D2E3D8B7624B000783F0FDD3A5AB61F5C6902B5D9678CAEC7C4
samples\generated\predefined\predefprobe_p_tank_strapping_table.L5X,C:\l5x_scratch\acd\predefprobe_p_tank_strapping_table.ACD,ok,adopted-existing,789C85C74987012280DA7A9DAD2C1620D12834210CE3F551BFF251ADE1399BC5
samples\generated\predefined\predefprobe_p_valve_discrete.L5X,C:\l5x_scratch\acd\predefprobe_p_valve_discrete.ACD,ok,adopted-existing,B406F7F8849AF2F61AC9B49893C2314591C4EA0BBD8064FB91A014828247B6D4
samples\generated\predefined\predefprobe_p_valve_statistics.L5X,C:\l5x_scratch\acd\predefprobe_p_valve_statistics.ACD,ok,adopted-existing,38CC0E38A1B39D0112F1BF2A78CEE06C71C78E5016F4AE280EA28160B8F9EF84
samples\generated\predefined\predefprobe_p_variable_speed_drive.L5X,C:\l5x_scratch\acd\predefprobe_p_variable_speed_drive.ACD,ok,adopted-existing,10C652D3F8A6939326E563B759AAEECD60C5519135926D4E02B0A4DDC8597065
samples\generated\predefined\predefprobe_rac_code_description.L5X,C:\l5x_scratch\acd\predefprobe_rac_code_description.ACD,ok,adopted-existing,92A23C5850CC38D68ED342E76D71456F82CB1A9B984A876E79554A4B5B9D988C
samples\generated\predefined\predefprobe_rac_event.L5X,C:\l5x_scratch\acd\predefprobe_rac_event.ACD,ok,adopted-existing,9BDEB27B8C5AD090FE761DE5AC52B2445A787B2035A5A3C330F72C47A51577D0
samples\generated\predefined\predefprobe_rac_itf_dvc_pwrdiscrete_cmd.L5X,C:\l5x_scratch\acd\predefprobe_rac_itf_dvc_pwrdiscrete_cmd.ACD,ok,adopted-existing,FD470D4DBCB49E986131FD4526C8E12A0E6C556312BF884AE760C4594757E762
samples\generated\predefined\predefprobe_rac_itf_dvc_pwrdiscrete_set.L5X,C:\l5x_scratch\acd\predefprobe_rac_itf_dvc_pwrdiscrete_set.ACD,ok,adopted-existing,E32824DB2F0B5E3A3BA47DF6D2EFCB6E6B2D41B3D2279C858F7FD8F7C50596D9
samples\generated\predefined\predefprobe_rac_itf_dvc_pwrdiscrete_sts.L5X,C:\l5x_scratch\acd\predefprobe_rac_itf_dvc_pwrdiscrete_sts.ACD,ok,adopted-existing,6E5150C6FBFF38667C5E55E18AC9D4227BDAB693B230D13CC7F497DB333B103A
samples\generated\predefined\predefprobe_rac_itf_dvc_pwrmotion_cmd.L5X,C:\l5x_scratch\acd\predefprobe_rac_itf_dvc_pwrmotion_cmd.ACD,ok,adopted-existing,1A8A1206054322107B4590E490864B165E57B5A183DC0C5551CF3ACDADE90E33
samples\generated\predefined\predefprobe_rac_itf_dvc_pwrmotion_inf.L5X,C:\l5x_scratch\acd\predefprobe_rac_itf_dvc_pwrmotion_inf.ACD,ok,adopted-existing,A449510673366EEC20B4A3DCE967ABC11CA8D72E9C84A375D21F13A34A63D707
samples\generated\predefined\predefprobe_rac_itf_dvc_pwrmotion_set.L5X,C:\l5x_scratch\acd\predefprobe_rac_itf_dvc_pwrmotion_set.ACD,ok,adopted-existing,2B2A653962C01CB36A03E098DE7D3BB0A4886E633CD196E66D0DF0C8ECC5FB8C
samples\generated\predefined\predefprobe_rac_itf_dvc_pwrmotion_sts.L5X,C:\l5x_scratch\acd\predefprobe_rac_itf_dvc_pwrmotion_sts.ACD,ok,adopted-existing,3D02C789304675D5DE99A165AC8AF711DF523945B65ED6097787DEBB1608DE2E
samples\generated\predefined\predefprobe_rac_itf_dvc_pwrvelocity_cmd.L5X,C:\l5x_scratch\acd\predefprobe_rac_itf_dvc_pwrvelocity_cmd.ACD,ok,adopted-existing,6F06813C75DDC1058BB590FDF94054463D845F07B48102CB54F2373DCD33C5C5
samples\generated\predefined\predefprobe_rac_itf_dvc_pwrvelocity_set.L5X,C:\l5x_scratch\acd\predefprobe_rac_itf_dvc_pwrvelocity_set.ACD,ok,adopted-existing,2262D6AA2AD4636A7D61F9F8AFA3A14AA7A6C373519D96E8E959B35AF5D72D44
samples\generated\predefined\predefprobe_rac_itf_dvc_pwrvelocity_sts.L5X,C:\l5x_scratch\acd\predefprobe_rac_itf_dvc_pwrvelocity_sts.ACD,ok,adopted-existing,985B6D05FC0C4BB99E32DFBD86297226A36B176475F9191BA2356297835490FA
samples\generated\predefined\predefprobe_ramp_soak.L5X,C:\l5x_scratch\acd\predefprobe_ramp_soak.ACD,ok,adopted-existing,F3696B2BBE13ECE19B843FEF21158AC133824E1043CC6566EFEB84CE0D4C84A7
samples\generated\predefined\predefprobe_rate_limiter.L5X,C:\l5x_scratch\acd\predefprobe_rate_limiter.ACD,ok,adopted-existing,496345D42B2EDFA6AA28BED609AF7C9484A6079A1FCA852BA460C4FAA2C85D7C
samples\generated\predefined\predefprobe_redundant_input.L5X,C:\l5x_scratch\acd\predefprobe_redundant_input.ACD,ok,adopted-existing,268DD079B233B595EAAFC9F2CB53A80720253A501F3606F3E727A23A266B98CF
samples\generated\predefined\predefprobe_redundant_output.L5X,C:\l5x_scratch\acd\predefprobe_redundant_output.ACD,ok,adopted-existing,04EFD38FE2672A07037E87D613FD4EDF1C6F3F76AE34F1F7749C64DB06A9D375
samples\generated\predefined\predefprobe_safely_limited_position.L5X,C:\l5x_scratch\acd\predefprobe_safely_limited_position.ACD,ok,adopted-existing,A3ADEB4F06FD51881798824D3621967FAC4BE2BC7C747E0175ED9EDCE2D35539
samples\generated\predefined\predefprobe_safely_limited_speed.L5X,C:\l5x_scratch\acd\predefprobe_safely_limited_speed.ACD,ok,adopted-existing,11DB9C9694E1B6B2944C7AB74BA35A32E3475231164A4C06215AFE27413ECB83
samples\generated\predefined\predefprobe_safety_feedback_interface.L5X,C:\l5x_scratch\acd\predefprobe_safety_feedback_interface.ACD,ok,adopted-existing,5C949F3FDDB5D447DB7A5180691CDEFE6D600833C22919C40DCDF4FF72C1B13C
samples\generated\predefined\predefprobe_safety_mat.L5X,C:\l5x_scratch\acd\predefprobe_safety_mat.ACD,ok,adopted-existing,467D51692E1DBEB6543710F4EA6E7944CA51F91293DAB6CBE4B3ED318800F047
samples\generated\predefined\predefprobe_safe_brake_control.L5X,C:\l5x_scratch\acd\predefprobe_safe_brake_control.ACD,ok,adopted-existing,3C072246795E95510A3A4FED95EFF02AC90C5D54EF12DC060B271DF3B6D05E8A
samples\generated\predefined\predefprobe_safe_direction.L5X,C:\l5x_scratch\acd\predefprobe_safe_direction.ACD,ok,adopted-existing,713B0E938FA004DD5F97F8A180D60F0B8A4090F25E08502032AD530C91FBFCF6
samples\generated\predefined\predefprobe_safe_operating_stop.L5X,C:\l5x_scratch\acd\predefprobe_safe_operating_stop.ACD,ok,adopted-existing,0A4E5B48883DEB63B8DDB497BE4DFFF653B3D5E6A4126F33D80A7115CCA2A266
samples\generated\predefined\predefprobe_safe_stop_1.L5X,C:\l5x_scratch\acd\predefprobe_safe_stop_1.ACD,ok,adopted-existing,28F612725B8A85FF6543447EFB6D214851884DD404A0379ADA9D56D497975A4B
samples\generated\predefined\predefprobe_safe_stop_2.L5X,C:\l5x_scratch\acd\predefprobe_safe_stop_2.ACD,ok,adopted-existing,BD012160F6A38E6C5E3470CD2B131E38034A5221F1BAD6EF3EB0E884CFEA8528
samples\generated\predefined\predefprobe_scale.L5X,C:\l5x_scratch\acd\predefprobe_scale.ACD,ok,adopted-existing,91FD3DCB0BAC2E2F5B63E9AEA7495694F5A02614E0CC25B1A0E2BD7C86691B60
samples\generated\predefined\predefprobe_sec_order_controller.L5X,C:\l5x_scratch\acd\predefprobe_sec_order_controller.ACD,ok,adopted-existing,95E9C6582BCA79D18A5C27DC1F9B51E1A0B0ABDDDF66AC40CCC81F09B37DA028
samples\generated\predefined\predefprobe_select.L5X,C:\l5x_scratch\acd\predefprobe_select.ACD,ok,adopted-existing,B967382471D53FC642F80CB32FC97B054C2522DA810F398875E9D339456560E3
samples\generated\predefined\predefprobe_selectable_negate.L5X,C:\l5x_scratch\acd\predefprobe_selectable_negate.ACD,ok,adopted-existing,1C6C7CC7CC5423DE5A9301797D504875C04844A9087323660C82C3FFF91DCB7B
samples\generated\predefined\predefprobe_selected_summer.L5X,C:\l5x_scratch\acd\predefprobe_selected_summer.ACD,ok,adopted-existing,313F85EC1332F7844B75281A9BEF3C3F30B9D99282F94BED65347C78AC672119
samples\generated\predefined\predefprobe_select_enhanced.L5X,C:\l5x_scratch\acd\predefprobe_select_enhanced.ACD,ok,adopted-existing,A0B6C482682A8EDAC70248998D519DAFAF832012611546D06CEA9D246FBE6F63
samples\generated\predefined\predefprobe_sequence.L5X,C:\l5x_scratch\acd\predefprobe_sequence.ACD,ok,adopted-existing,8131D0D204AFF8EC219A0EE23B58ABCDB57B3734D48D3181C16B83FFABBBD758
samples\generated\predefined\predefprobe_seq_bool.L5X,C:\l5x_scratch\acd\predefprobe_seq_bool.ACD,ok,adopted-existing,FAC6B4B8FE6BD344AA24BECBF65A01A4C29192920221E22668160DD9DDAD85C7
samples\generated\predefined\predefprobe_seq_dint.L5X,C:\l5x_scratch\acd\predefprobe_seq_dint.ACD,ok,adopted-existing,631C5B4DBB337705DB7A38385AC0F0AFA57C6143A032AA5C225871D4B0C3060D
samples\generated\predefined\predefprobe_seq_int.L5X,C:\l5x_scratch\acd\predefprobe_seq_int.ACD,ok,adopted-existing,E27FD979ADE0517AC48B956E5347AC842FE6FD24FC35E3721288A1FE3169D6D5
samples\generated\predefined\predefprobe_seq_real.L5X,C:\l5x_scratch\acd\predefprobe_seq_real.ACD,ok,adopted-existing,7A324A74A249CB8B7597CA2DB2B065E0523D26B65343D8D5497FD3317745FEF2
samples\generated\predefined\predefprobe_seq_sint.L5X,C:\l5x_scratch\acd\predefprobe_seq_sint.ACD,ok,adopted-existing,E966A1D621099A28BE019A2BD56E4D302F0629B216623570539A46C1866AE36C
samples\generated\predefined\predefprobe_seq_step.L5X,C:\l5x_scratch\acd\predefprobe_seq_step.ACD,ok,adopted-existing,2A7653E72BC53548A4C22AD3DBADBE1BF4407E2D2A428A81448C73FBAA13508A
samples\generated\predefined\predefprobe_seq_string.L5X,C:\l5x_scratch\acd\predefprobe_seq_string.ACD,ok,adopted-existing,9E1457E1463979652A072D81AFEF32D470E954E8E6C75F7B34C0744A592A82CB
samples\generated\predefined\predefprobe_seq_transition.L5X,C:\l5x_scratch\acd\predefprobe_seq_transition.ACD,ok,adopted-existing,F7DD91F0A4EE6D0C8B19E590ECE3D6BDA017FF468FF506F7A981AA3913428D0B
samples\generated\predefined\predefprobe_serial_port_control.L5X,C:\l5x_scratch\acd\predefprobe_serial_port_control.ACD,ok,adopted-existing,BC08761E99774122B636D7414991203F3B56E50D44D273984D1FC3BD84C31935
samples\generated\predefined\predefprobe_sfc_action.L5X,C:\l5x_scratch\acd\predefprobe_sfc_action.ACD,ok,adopted-existing,D9E3ECC7752A3ED9FBF1826BABFF1EA05E223EF586935635AE64001FA153C98A
samples\generated\predefined\predefprobe_sfc_step.L5X,C:\l5x_scratch\acd\predefprobe_sfc_step.ACD,ok,adopted-existing,540F303A18706EB384AED587D538EE2FB4B1AAAB45C5E38BF9B0928B69FA7EE0
samples\generated\predefined\predefprobe_sfc_stop.L5X,C:\l5x_scratch\acd\predefprobe_sfc_stop.ACD,ok,adopted-existing,7D582B73BA2AD65B2D46AED084733BCAD888C2391D5546CF9DC2F65427C4ADB5
samples\generated\predefined\predefprobe_signed_odometer.L5X,C:\l5x_scratch\acd\predefprobe_signed_odometer.ACD,ok,adopted-existing,10D7C52051A636BF8A4356793DED9284B6278B29068FF7B20A31AB6BE5B2EC3B
samples\generated\predefined\predefprobe_split_range.L5X,C:\l5x_scratch\acd\predefprobe_split_range.ACD,ok,adopted-existing,8507C382034794B6E875A0C5C9F76C2DC1F4A6F87A09784FF6C172E1FAC3E9E6
samples\generated\predefined\predefprobe_string_16.L5X,C:\l5x_scratch\acd\predefprobe_string_16.ACD,ok,adopted-existing,292E9959F32F9339B2BFB95FBCD872E7324A08D7CDC78FE96868FD44817916DF
samples\generated\predefined\predefprobe_string_32.L5X,C:\l5x_scratch\acd\predefprobe_string_32.ACD,ok,adopted-existing,693F88475833BEA79DF2316A1652B992AB60F9E112EA8B447B1D80D3B7B0DCF5
samples\generated\predefined\predefprobe_s_curve.L5X,C:\l5x_scratch\acd\predefprobe_s_curve.ACD,ok,adopted-existing,921FF5D0C2E5221578A26EB66029D079BF5C816660748B8069C2BF854FAB631B
samples\generated\predefined\predefprobe_thrs_enhanced.L5X,C:\l5x_scratch\acd\predefprobe_thrs_enhanced.ACD,ok,adopted-existing,2B3FC97422A812F60BC6DD424F6C94D30ED57CFA1EFED1D83C8DE147395D2B37
samples\generated\predefined\predefprobe_totalizer.L5X,C:\l5x_scratch\acd\predefprobe_totalizer.ACD,ok,adopted-existing,AA368C6D90D72B5C714FFC0FC1AE175F271CAFE44FE37442695A4EA4AFBFFFB8
samples\generated\predefined\predefprobe_two_hand_run_station.L5X,C:\l5x_scratch\acd\predefprobe_two_hand_run_station.ACD,ok,adopted-existing,4E944A527A7595DDAFB6A9EB6C0E66E48A7D43C50593C456E6B10130BE9EEA4C
samples\generated\predefined\predefprobe_up_down_accum.L5X,C:\l5x_scratch\acd\predefprobe_up_down_accum.ACD,ok,adopted-existing,B85869905F3676C3445580499CE76FF3F0D217A4D474EF727DB7FEC60730F38D
samples\generated\realism\realism_base_f25.L5X,C:\l5x_scratch\acd\realism_base_f25.ACD,ok,adopted-existing,B08F678BE14AFB6BA1EDF649411191517654F08AB0358A8D9014BBBAF0C4FEBF
samples\generated\realism\realism_base_f50.L5X,C:\l5x_scratch\acd\realism_base_f50.ACD,ok,adopted-existing,DD8E1458C2497549EEE5E32510E1CBDC091B17FBB8DEA256517753600AD5B42E
samples\generated\realism\realism_pio_addr_n080.L5X,C:\l5x_scratch\acd\realism_pio_addr_n080.ACD,ok,adopted-existing,48C020B783016510F64A209257E437310AFC8CB129CE292676B591D41C4490F4
samples\generated\realism\realism_pio_addr_n160.L5X,C:\l5x_scratch\acd\realism_pio_addr_n160.ACD,ok,adopted-existing,167B5E6960BAE63B500D8576269E8754100D409795FF34C810AC44EB56479818
samples\generated\realism\realism_pio_alias_n080.L5X,C:\l5x_scratch\acd\realism_pio_alias_n080.ACD,ok,adopted-existing,DCED353BB9DB46980E36D71A43D3182B0235598FF6621326A424041DBB054638
samples\generated\realism\realism_pio_alias_n160.L5X,C:\l5x_scratch\acd\realism_pio_alias_n160.ACD,ok,adopted-existing,AE44B0A35D65F987A2E6D18A5770F4182EE5871F01173DE122FB13C7214C11AB
samples\generated\realism\realism_pio_bool_n080.L5X,C:\l5x_scratch\acd\realism_pio_bool_n080.ACD,ok,adopted-existing,1AFB03A7ED0F722EFC2680F627854D13C254F459C1F99DEB7709717401B32A13
samples\generated\realism\realism_pio_bool_n160.L5X,C:\l5x_scratch\acd\realism_pio_bool_n160.ACD,ok,adopted-existing,39B1A0C20A71C560F5BEF7F4003E5F0C9378226D701F426E45A1A363C849A7B8
samples\generated\realism\realism_srout_branch_k02.L5X,C:\l5x_scratch\acd\realism_srout_branch_k02.ACD,ok,adopted-existing,A39909E60C7AE1B9B2015E6A2DFEDF33CC3D906F17AF8F5FE01C271D9FD2C5B1
samples\generated\realism\realism_srout_branch_k08.L5X,C:\l5x_scratch\acd\realism_srout_branch_k08.ACD,ok,adopted-existing,006246B2D9670D5791447E8C8F83EF9B81B55B2D148A23BA2FDDA32745A04275
samples\generated\realism\realism_srout_inter_k02.L5X,C:\l5x_scratch\acd\realism_srout_inter_k02.ACD,ok,adopted-existing,AEE5F4624AF090507AFDF1A2683F19161A304F7815B51B471C5A4566CE2DF789
samples\generated\realism\realism_srout_inter_k08.L5X,C:\l5x_scratch\acd\realism_srout_inter_k08.ACD,ok,adopted-existing,277D29C157D27B6B035E2966CAF119E0301A14A5695BC2D81AE4528BCFCB0833
samples\generated\realism\realism_srout_series_k01.L5X,C:\l5x_scratch\acd\realism_srout_series_k01.ACD,ok,adopted-existing,80BEBCC0C233456F711170A5A74D2ECDD1681F4D96987194DE7A94D57D8D2FE9
samples\generated\realism\realism_srout_series_k02.L5X,C:\l5x_scratch\acd\realism_srout_series_k02.ACD,ok,adopted-existing,3FC5CD0BCF2CB306A7072F55E866BD6B16B4E4DC8D8B39B96B8CEFA970B8FCF2
samples\generated\realism\realism_srout_series_k04.L5X,C:\l5x_scratch\acd\realism_srout_series_k04.ACD,ok,adopted-existing,D0ADAC3D00030FE61FC535E66636AC7C396B8192F2FF8BD0B6999F94D029A61D
samples\generated\realism\realism_srout_series_k08.L5X,C:\l5x_scratch\acd\realism_srout_series_k08.ACD,ok,adopted-existing,3C9064E05E54DEBD2DA6741FCBBD540922A3876288DE6B5AD110809B5B4C72B2
samples\generated\tags\aliassize_n00001.L5X,C:\l5x_scratch\acd\aliassize_n00001.ACD,ok,adopted-existing,EF891FE7AC4B97593D0ACA4D093B9516F11153C9551D2A6DAEF1E552AAB45E1E
samples\generated\tags\aliassize_n00010.L5X,C:\l5x_scratch\acd\aliassize_n00010.ACD,ok,adopted-existing,3198B6774F73F78A2B362F4D2A3036B86AD882B85609FE251965AEB597E321B7
samples\generated\tags\aliassize_n01000.L5X,C:\l5x_scratch\acd\aliassize_n01000.ACD,ok,adopted-existing,891CEF6B340175B28E30DF699B38DCBC6F6378EC331CF005E0549A73BFAC1E4B
samples\generated\tags\arraypack_odd3b_n00001.L5X,C:\l5x_scratch\acd\arraypack_odd3b_n00001.ACD,ok,adopted-existing,4145BF691865EA1EADD06058F7000F0780E06E68575C27D83634C400A5CDF55C
samples\generated\tags\arraypack_odd3b_n00010.L5X,C:\l5x_scratch\acd\arraypack_odd3b_n00010.ACD,ok,adopted-existing,204C9F2778EBD1E1B1DEDC0892FB7D5F72C20C2000999341D82DD1DB5967E79A
samples\generated\tags\arraypack_odd3b_n00100.L5X,C:\l5x_scratch\acd\arraypack_odd3b_n00100.ACD,ok,adopted-existing,7324DA2182D621C75C2FB002143CF64050B202CE9DCA41281BE518C0717009C7
samples\generated\tags\arraypack_odd3b_n01000.L5X,C:\l5x_scratch\acd\arraypack_odd3b_n01000.ACD,ok,adopted-existing,BC2F37554E0F660C3A59438B9CC2EFBF1FCC57D6875D73449A8A29DF14CFFAE6
samples\generated\tags\arraypack_odd3b_n05000.L5X,C:\l5x_scratch\acd\arraypack_odd3b_n05000.ACD,ok,adopted-existing,67B194D9EAA57BCB2489225D802FF3A3D53FEB8DE025AF84AEA7D53F67209221
samples\generated\tags\array_dint_00001.L5X,C:\l5x_scratch\acd\array_dint_00001.ACD,ok,adopted-existing,79102A806622D4776686044872B58D2774BB7AA8D313A548C462A459C48ECF8A
samples\generated\tags\array_dint_00001_v2.L5X,C:\l5x_scratch\acd\array_dint_00001_v2.ACD,ok,adopted-existing,D4F461756F00AD6A195878C0C999A44F0603D4E28F4E13785718F02B5782B89E
samples\generated\tags\array_dint_00002.L5X,C:\l5x_scratch\acd\array_dint_00002.ACD,ok,adopted-existing,5C0A46BFECFBCAA186DF5C12BBF284E83016CBEAAEF21CE2BB6A009FD2E228EE
samples\generated\tags\array_dint_00002_v2.L5X,C:\l5x_scratch\acd\array_dint_00002_v2.ACD,ok,adopted-existing,BC3F38351FD3B021A04D7A2422F3151686565E27322163D8E6FBDF3495F92F8B
samples\generated\tags\array_dint_00005.L5X,C:\l5x_scratch\acd\array_dint_00005.ACD,ok,adopted-existing,AA34D6CB6BDC56E7A603FA29B8ED1FDB095101A3543B9697875C66DA0023E629
samples\generated\tags\array_dint_00005_v2.L5X,C:\l5x_scratch\acd\array_dint_00005_v2.ACD,ok,adopted-existing,67695B312D5C8F929F8DB05E5B308E2800F770573BE0135D1B86542BDA13D275
samples\generated\tags\array_dint_00010.L5X,C:\l5x_scratch\acd\array_dint_00010.ACD,ok,adopted-existing,758BCFD173FEC570C28B6B29F129CF81AAC49AB20E152446E39AC77AEB3297A0
samples\generated\tags\array_dint_00025.L5X,C:\l5x_scratch\acd\array_dint_00025.ACD,ok,adopted-existing,1ECD9FADCF3D7C4890FEED1651C5BC9C4CEA85CCCA524269CADB2A027CBF3A8F
samples\generated\tags\array_dint_00050.L5X,C:\l5x_scratch\acd\array_dint_00050.ACD,ok,adopted-existing,E9576948E6138DED96745D222CA2BADD7CBEF2D1DDBA046D71DEBF70A7161F81
samples\generated\tags\array_dint_00100.L5X,C:\l5x_scratch\acd\array_dint_00100.ACD,ok,adopted-existing,635CB9CF8DBA05E6E5DAE7CE03BCBAF5337A18FC6D717A5A0338460606E8EF6E
samples\generated\tags\array_dint_00250.L5X,C:\l5x_scratch\acd\array_dint_00250.ACD,ok,adopted-existing,8B333CD996EE575CC2D2634EEA9D3DCD63857C9AD211C6B9EF8E6E3CD5F54DFE
samples\generated\tags\array_dint_00500.L5X,C:\l5x_scratch\acd\array_dint_00500.ACD,ok,adopted-existing,3415D88AE7ED647AA69F3A76E03A587AA563763562E8CB74275F71998A23F9BD
samples\generated\tags\array_dint_01000.L5X,C:\l5x_scratch\acd\array_dint_01000.ACD,ok,adopted-existing,25F852F987E7237FC31FBE49713F3B4D0470D893924C741BA045A05ECF53D6A2
samples\generated\tags\array_dint_02500.L5X,C:\l5x_scratch\acd\array_dint_02500.ACD,ok,adopted-existing,CBED60B3DEE616CD5DA185BA3DC40F4B4F1F4595A26E9C0199EAF65574D238B0
samples\generated\tags\array_dint_05000.L5X,C:\l5x_scratch\acd\array_dint_05000.ACD,ok,adopted-existing,1E67A6057BF61E3D9229E3402A7217ADB6334544602A1322F0F2BEE7A80A9130
samples\generated\tags\blockbytetest_dint120000.L5X,C:\l5x_scratch\acd\blockbytetest_dint120000.ACD,ok,adopted-existing,DCC6CAF83DC74ED8278022455C1407E23A9D4F1A7E763FD5426373655B291789
samples\generated\tags\blockbytetest_l71_dint120000.L5X,C:\l5x_scratch\acd\blockbytetest_l71_dint120000.ACD,ok,adopted-existing,174FF199FA15DFA2892524036C3C92091C0D02A18B7C1666171FA804E5FBF53E
samples\generated\tags\boolarray_n00008.L5X,C:\l5x_scratch\acd\boolarray_n00008.ACD,ok,adopted-existing,FB7CDB1ADF855CAF580EC86AFD22B0DF2C50BFDFA40410B9F4ECC822C6862FE5
samples\generated\tags\boolarray_n00016.L5X,C:\l5x_scratch\acd\boolarray_n00016.ACD,ok,adopted-existing,495D38C6D4431269410EFFED9E325A2F38ACC37A89B8C335A424BE75D6950CD6
samples\generated\tags\boolarray_n00032.L5X,C:\l5x_scratch\acd\boolarray_n00032.ACD,ok,adopted-existing,C26063964272CF297E73FAAF7026F564DF11947B3B85A3D1CC5945FBB6B11913
samples\generated\tags\boolarray_n00100.L5X,C:\l5x_scratch\acd\boolarray_n00100.ACD,ok,adopted-existing,9014C32125EBDFBE631DD2117C11DBE32B2808AD684977A23BAC0B079242683F
samples\generated\tags\boolarray_n01000.L5X,C:\l5x_scratch\acd\boolarray_n01000.ACD,ok,adopted-existing,115547786208357BAF20C5A6023C63F8C9CCCC0DAC6153AED6DCBB39945C28D3
samples\generated\tags\boolarray_n05000.L5X,C:\l5x_scratch\acd\boolarray_n05000.ACD,ok,adopted-existing,55DB8D023331D36DE9762A23CA984783A45A0901970DD8652DCD6057A8999B79
samples\generated\tags\closeout_unit_dinttag_n100.L5X,C:\l5x_scratch\acd\closeout_unit_dinttag_n100.ACD,ok,adopted-existing,D28C311B966526608E8D535612F194B5200BCE38E51093728B70024F15B407C8
samples\generated\tags\closeout_unit_rung_n100.L5X,C:\l5x_scratch\acd\closeout_unit_rung_n100.ACD,ok,adopted-existing,172129FDD02E0F361FB49F469A1F14C114AFBD057F77DDFBDF23FA1CA1C4913E
samples\generated\tags\closeout_unit_udttag_n100.L5X,C:\l5x_scratch\acd\closeout_unit_udttag_n100.ACD,ok,adopted-existing,297091CE824F4055DC76EDB64CFE33F65E3E511FFC23DAACFCD49689A5735F3A
samples\generated\tags\count_0001_dint.L5X,C:\l5x_scratch\acd\count_0001_dint.ACD,ok,adopted-existing,DFDBD0942E50BF3685A0F63122C18A9355837E002BC28BA0C044CEC5A95C47A3
samples\generated\tags\count_0002_dint.L5X,C:\l5x_scratch\acd\count_0002_dint.ACD,ok,adopted-existing,E85DCBF1E9C7A5FF9E6FD34BB7210D1644518385937B4C9379F1D9ED7F4E81C6
samples\generated\tags\count_0005_dint.L5X,C:\l5x_scratch\acd\count_0005_dint.ACD,ok,adopted-existing,1346158EEAA1DB2AE1176980160ABA10C50988CE174E0D8AF8BAB110581A1EC8
samples\generated\tags\count_0010_dint.L5X,C:\l5x_scratch\acd\count_0010_dint.ACD,ok,adopted-existing,392FF7FAAB19D8DB0F5AC25E6565CAEC3071EF60E1AEDD6882E722444E6F7FA9
samples\generated\tags\count_0025_dint.L5X,C:\l5x_scratch\acd\count_0025_dint.ACD,ok,adopted-existing,92DCEE366E4B18AFAEB16E6496B9482EF75B03B943729AC5227296970252EA7E
samples\generated\tags\count_0050_dint.L5X,C:\l5x_scratch\acd\count_0050_dint.ACD,ok,adopted-existing,C152168931D9E98FBF4CA533B8A261DA98B432549CC5B69C0ACED1F320BCB071
samples\generated\tags\count_0100_dint.L5X,C:\l5x_scratch\acd\count_0100_dint.ACD,ok,adopted-existing,0BF4E13D42551E172E8137193783B69E2D227E6EBE940470C2D4CC2EA09C7D22
samples\generated\tags\count_0250_dint.L5X,C:\l5x_scratch\acd\count_0250_dint.ACD,ok,adopted-existing,A7AE1CC98277FA546BF0FA1FDB505EF0900F3C16951BAFBB7D5E3C1C3498D128
samples\generated\tags\count_0500_dint.L5X,C:\l5x_scratch\acd\count_0500_dint.ACD,ok,adopted-existing,4CBB8A3CEFBDB4F2CFBC8476CE55DC4E821A0FADAC07C0712F4D503BCA5025F8
samples\generated\tags\count_1000_dint.L5X,C:\l5x_scratch\acd\count_1000_dint.ACD,ok,adopted-existing,E53A0AF5B11AAD5187CCE15048B6333EE0CF21AC0B692E129750636A6D6E5C39
samples\generated\tags\csarrbase_ctl_len04_scalar.L5X,C:\l5x_scratch\acd\csarrbase_ctl_len04_scalar.ACD,ok,adopted-existing,57F7699FA3B3271AEA18D50C8B6DED5E55DDAF9238BB062AD4188159B336DAC0
samples\generated\tags\csarrbase_ctl_len08_scalar.L5X,C:\l5x_scratch\acd\csarrbase_ctl_len08_scalar.ACD,ok,adopted-existing,ED9AC1CD47ACD53D22EA8470F92C3462CB35E04F514D00007306BFDE86FFC8FE
samples\generated\tags\csarrbase_ctl_len11_scalar.L5X,C:\l5x_scratch\acd\csarrbase_ctl_len11_scalar.ACD,ok,adopted-existing,3CECE9FA7F87E8E7F3876B74607CFDBC3FFF49C25598CF72740C1DC096EA46A1
samples\generated\tags\csarrbase_ctl_len13_scalar.L5X,C:\l5x_scratch\acd\csarrbase_ctl_len13_scalar.ACD,ok,adopted-existing,58E82582F3E80DF2A237793E062215A5AD2AA7686FCBC825301EA3A66F147DED
samples\generated\tags\csarrbase_ctl_len16_scalar.L5X,C:\l5x_scratch\acd\csarrbase_ctl_len16_scalar.ACD,ok,adopted-existing,FA7A41D1475D83627806AE6859AA68186C3D3C36599F13FDA2819EC13C124A2A
samples\generated\tags\csarrbase_ctl_len24_scalar.L5X,C:\l5x_scratch\acd\csarrbase_ctl_len24_scalar.ACD,ok,adopted-existing,3D0D87D0D480F5141582DD68E7179A91D433E657B651F3915FDCDCF9D5B7CC83
samples\generated\tags\csarrbase_ctl_len32_scalar.L5X,C:\l5x_scratch\acd\csarrbase_ctl_len32_scalar.ACD,ok,adopted-existing,0F57DF81A305A9FD4ED7C33C0112CC3F69E93365FD27A1FA8D604E958E97B4E1
samples\generated\tags\csarrbase_ctl_len40_scalar.L5X,C:\l5x_scratch\acd\csarrbase_ctl_len40_scalar.ACD,ok,adopted-existing,987ADD7310A07115C0343C0F857A3F2B0092BBC1D358C11455093210BDEF31EA
samples\generated\tags\csarrbase_len01_n010.L5X,C:\l5x_scratch\acd\csarrbase_len01_n010.ACD,ok,adopted-existing,37B017CFA81A005734C2C6B21AF3B19B444D00AC2CACE468ED280C169C0A4995
samples\generated\tags\csarrbase_len02_n010.L5X,C:\l5x_scratch\acd\csarrbase_len02_n010.ACD,ok,adopted-existing,B9EDE4D35255BF9781E03ABF89A15D338AE411A559293D65F313D5F361C44C09
samples\generated\tags\csarrbase_len03_n010.L5X,C:\l5x_scratch\acd\csarrbase_len03_n010.ACD,ok,adopted-existing,DEB95B54F8A26D6B033C2D63F432BE2E625E8165D788D0800C6B1B8776046FE6
samples\generated\tags\csarrbase_len04_n010.L5X,C:\l5x_scratch\acd\csarrbase_len04_n010.ACD,ok,adopted-existing,8A74A94CCA628EE5B2617BEA8D9CEDCA06C396D8EEC6ED4E09139F6BE1684731
samples\generated\tags\csarrbase_len05_n010.L5X,C:\l5x_scratch\acd\csarrbase_len05_n010.ACD,ok,adopted-existing,7D3003C1BA2E64E3361E30D2455F74368E1F3C6A36237E5C27B286447C1D5109
samples\generated\tags\csarrbase_len06_n010.L5X,C:\l5x_scratch\acd\csarrbase_len06_n010.ACD,ok,adopted-existing,C2E992AA136032236DD13622948ADB003D8BCFE6D5E397740B00EFBE94A7C8E7
samples\generated\tags\csarrbase_len07_n010.L5X,C:\l5x_scratch\acd\csarrbase_len07_n010.ACD,ok,adopted-existing,8AD61238DE97AFD9B79FD3305183F50B0BABBA45DF74F022D128E614CDB81C07
samples\generated\tags\csarrbase_len08_n010.L5X,C:\l5x_scratch\acd\csarrbase_len08_n010.ACD,ok,adopted-existing,3FA31C75781E7852909D9B94EBBCDABD21705F5DF9B87547E00C54476077964B
samples\generated\tags\csarrbase_len09_n010.L5X,C:\l5x_scratch\acd\csarrbase_len09_n010.ACD,ok,adopted-existing,BD0A440F315806999942E8A461642B91D298BB5782107254F6C112C3FA46592B
samples\generated\tags\csarrbase_len10_n010.L5X,C:\l5x_scratch\acd\csarrbase_len10_n010.ACD,ok,adopted-existing,B5B50268A0E7A753617C6BA5F565C91B9C94963A3ADF6A2E264531F277F4DD2F
samples\generated\tags\csarrbase_len11_n010.L5X,C:\l5x_scratch\acd\csarrbase_len11_n010.ACD,ok,adopted-existing,3B95097809436D78A01D1CC9CF09838F060B9B993DF792CAED72CB9FE1CFDB31
samples\generated\tags\csarrbase_len12_n010.L5X,C:\l5x_scratch\acd\csarrbase_len12_n010.ACD,ok,adopted-existing,7A21C0EAA97F2F229C551B4C88935C5F84E8A1ACD7C05C12FFD3C12CFB5D77C0
samples\generated\tags\csarrbase_len13_n010.L5X,C:\l5x_scratch\acd\csarrbase_len13_n010.ACD,ok,adopted-existing,34FAF536617D42764F2BDD66D5670E3E29752136EADB987D299E83FD22CCA0B4
samples\generated\tags\csarrbase_len14_n010.L5X,C:\l5x_scratch\acd\csarrbase_len14_n010.ACD,ok,adopted-existing,984BA659E8912FB9DAA395E70A63D9F6E3BEE1E3A08525DDE6715AAE8E4CAE28
samples\generated\tags\csarrbase_len15_n010.L5X,C:\l5x_scratch\acd\csarrbase_len15_n010.ACD,ok,adopted-existing,FA4EE4871244BBAEDDD117A182E44EF3D2E5AB88612ECBA1D83FB02F52A7599E
samples\generated\tags\csarrbase_len16_n010.L5X,C:\l5x_scratch\acd\csarrbase_len16_n010.ACD,ok,adopted-existing,343A3EE943904CB2E2F5C53A9ED3ADCC23C015247B93A8538BFFCAF5A143BE83
samples\generated\tags\csarrbase_len17_n010.L5X,C:\l5x_scratch\acd\csarrbase_len17_n010.ACD,ok,adopted-existing,DAC1806A0848D9711AA1B418D14D39E50240E17C1AE57CA2F2061A3971C39075
samples\generated\tags\csarrbase_len18_n010.L5X,C:\l5x_scratch\acd\csarrbase_len18_n010.ACD,ok,adopted-existing,A19457CD682AE8CD9C43110FD96E8C4D665A4ADC6E3A3981843AB760FFA16E30
samples\generated\tags\csarrbase_len19_n010.L5X,C:\l5x_scratch\acd\csarrbase_len19_n010.ACD,ok,adopted-existing,6C488F03B944423CB9FF7D415C4DD46461A25E5FA469DFA67472623ECA3ED77F
samples\generated\tags\csarrbase_len20_n010.L5X,C:\l5x_scratch\acd\csarrbase_len20_n010.ACD,ok,adopted-existing,E190AA1E843243F6002198A44F305FC91AA2B4F13E0B9BAD7E109C36AD2320DE
samples\generated\tags\csarrbase_len21_n010.L5X,C:\l5x_scratch\acd\csarrbase_len21_n010.ACD,ok,adopted-existing,A3166BF17A395FC6077C2C850037F5D27C91935307B8FC37DE78E3AD624CD8C0
samples\generated\tags\csarrbase_len22_n010.L5X,C:\l5x_scratch\acd\csarrbase_len22_n010.ACD,ok,adopted-existing,5DC3C6E91CFBDD4E3950E15F2BD910E43E84F2B4A76F9CB21F10A13F5797573F
samples\generated\tags\csarrbase_len23_n010.L5X,C:\l5x_scratch\acd\csarrbase_len23_n010.ACD,ok,adopted-existing,FDCAAA8EC44B9397FCFAC451DEC789D4001B7492CD5A64E929656B7E20154809
samples\generated\tags\csarrbase_len24_n010.L5X,C:\l5x_scratch\acd\csarrbase_len24_n010.ACD,ok,adopted-existing,DD04381030FA906376642AE85FCBF083C768E10A597493E792ED60D4292648B8
samples\generated\tags\csarrbase_len28_n010.L5X,C:\l5x_scratch\acd\csarrbase_len28_n010.ACD,ok,adopted-existing,35D55BB29F01E1CED9FF8C5DBEEB0E0536357DD52ABE9FCD676C98166A58874C
samples\generated\tags\csarrbase_len32_n010.L5X,C:\l5x_scratch\acd\csarrbase_len32_n010.ACD,ok,adopted-existing,5259FBAD9E18632F1F6683C2F25FBDE4D0D68DDBDAB93C9515862E5D81D575D0
samples\generated\tags\csarrbase_len36_n010.L5X,C:\l5x_scratch\acd\csarrbase_len36_n010.ACD,ok,adopted-existing,0AA7B6461FCFE432D34DE93085DECADCE05C07907565993F1C79CF4A7E76F10C
samples\generated\tags\csarrbase_len40_n010.L5X,C:\l5x_scratch\acd\csarrbase_len40_n010.ACD,ok,adopted-existing,AAB175DB73A0626D98C6C9461FEF6B4E7F3474E5B5158F14CF26CF183897D087
samples\generated\tags\csarrcount_len11_n0001.L5X,C:\l5x_scratch\acd\csarrcount_len11_n0001.ACD,ok,adopted-existing,2B7F0894A532FBB5BF7C746B7C05B16FD7759369A522AC9E5178CEED135E00C8
samples\generated\tags\csarrcount_len11_n0016.L5X,C:\l5x_scratch\acd\csarrcount_len11_n0016.ACD,ok,adopted-existing,2A07015FA0DBE3D3A906B203DFA3D88B38EEF91D98DAD0429E0CEEBDCB088972
samples\generated\tags\csarrcount_len11_n0100.L5X,C:\l5x_scratch\acd\csarrcount_len11_n0100.ACD,ok,adopted-existing,9EAD56EE4721DD2EB0EDCE3EFE8BEBBBFD43441DDA3D63C72DA9E8A0988BE796
samples\generated\tags\csarrcount_len11_n0255.L5X,C:\l5x_scratch\acd\csarrcount_len11_n0255.ACD,ok,adopted-existing,B997C1112E625360CAD6A99A344B3792D2DED3477DAC4AD763A3DC099E2E5EF8
samples\generated\tags\csarrcount_len11_n0512.L5X,C:\l5x_scratch\acd\csarrcount_len11_n0512.ACD,ok,adopted-existing,AC4B5E379675DA428A5E89FC57982A0D50F8C3DC6F4DC01D10E4905CC1F28050
samples\generated\tags\csarrcount_len13_n0001.L5X,C:\l5x_scratch\acd\csarrcount_len13_n0001.ACD,ok,adopted-existing,3F215E5784948D726E08F00699AD5D130F1415116994324875E040ACDD62A936
samples\generated\tags\csarrcount_len13_n0002.L5X,C:\l5x_scratch\acd\csarrcount_len13_n0002.ACD,ok,adopted-existing,00CBAEB8FC30BB407EC081564A3F29C655C7AE2F40553C3B39ABEA8B2B2E98B0
samples\generated\tags\csarrcount_len13_n0003.L5X,C:\l5x_scratch\acd\csarrcount_len13_n0003.ACD,ok,adopted-existing,289C9135E3284CA012D5C374724BC73139774526C8D4AE26E0E2FC92730B42CC
samples\generated\tags\csarrcount_len13_n0004.L5X,C:\l5x_scratch\acd\csarrcount_len13_n0004.ACD,ok,adopted-existing,8DF951AB716CA0589DDBC286C851B29BC7E8F4B250528B435181D9DFE7ADFB33
samples\generated\tags\csarrcount_len13_n0005.L5X,C:\l5x_scratch\acd\csarrcount_len13_n0005.ACD,ok,adopted-existing,DE3A2242B54BE664BC0005CB7F1FA6352201B0325F42B58EBC8559497D74213F
samples\generated\tags\csarrcount_len13_n0006.L5X,C:\l5x_scratch\acd\csarrcount_len13_n0006.ACD,ok,adopted-existing,30A968B8D296385F9E9C0DCFD8CC6B12E5FC6C92A0FE283EC6D310E72A5ECFC3
samples\generated\tags\csarrcount_len13_n0007.L5X,C:\l5x_scratch\acd\csarrcount_len13_n0007.ACD,ok,adopted-existing,0F8B85EE3F209518EB885E0FE31DF2CA5619DC1E58CC856A3CE0EEECD97C891F
samples\generated\tags\csarrcount_len13_n0008.L5X,C:\l5x_scratch\acd\csarrcount_len13_n0008.ACD,ok,adopted-existing,E2F8C42D2F24C781B93DBCE2339DCE1846A478A4587914CBC6306C24BCEFAC43
samples\generated\tags\csarrcount_len13_n0016.L5X,C:\l5x_scratch\acd\csarrcount_len13_n0016.ACD,ok,adopted-existing,3F10505DBEE33DA07C0280B89BD2385A84C89324353DB412EC4CB12B671F37C3
samples\generated\tags\csarrcount_len13_n0025.L5X,C:\l5x_scratch\acd\csarrcount_len13_n0025.ACD,ok,adopted-existing,5A1A6109AD61C399394E125F4E20F36C4F4AA3007D0920BD68FE8AE2E593ECAE
samples\generated\tags\csarrcount_len13_n0050.L5X,C:\l5x_scratch\acd\csarrcount_len13_n0050.ACD,ok,adopted-existing,394AE284754B5995539BAF44C70F878F31FF7BB4CA2F998D16019E2D9804E981
samples\generated\tags\csarrcount_len13_n0100.L5X,C:\l5x_scratch\acd\csarrcount_len13_n0100.ACD,ok,adopted-existing,8CC419068FBBA8AF807DF507B8F61279A53E4A2E602E51118D5A4099375470A1
samples\generated\tags\csarrcount_len13_n0161.L5X,C:\l5x_scratch\acd\csarrcount_len13_n0161.ACD,ok,adopted-existing,4E5E03A61376B72F038E879CBC0A8B7EBB64B9460019B5D08BC34E1F7EC98AE1
samples\generated\tags\csarrcount_len13_n0200.L5X,C:\l5x_scratch\acd\csarrcount_len13_n0200.ACD,ok,adopted-existing,ABD335B7AC91754716604FFE1807550CA43B4E150758A1296304FAC55765D401
samples\generated\tags\csarrcount_len13_n0255.L5X,C:\l5x_scratch\acd\csarrcount_len13_n0255.ACD,ok,adopted-existing,9B40927038A4B697E3CB42077E937230CE00A79CB43BE2B4C59D9549FBFA2163
samples\generated\tags\csarrcount_len13_n0400.L5X,C:\l5x_scratch\acd\csarrcount_len13_n0400.ACD,ok,adopted-existing,9979201BDDAAA02D5860FC6451CB1C76C050A8093A63ADA12CB8A89FFAA3FDFF
samples\generated\tags\csarrcount_len13_n0512.L5X,C:\l5x_scratch\acd\csarrcount_len13_n0512.ACD,ok,adopted-existing,8E98D1B7682F51D906FB740606E3793C72AC010BDCC3F98F06141E91C9C0C8E0
samples\generated\tags\csarrcount_len13_n1000.L5X,C:\l5x_scratch\acd\csarrcount_len13_n1000.ACD,ok,adopted-existing,2F38FFC9725920098E3B5E193CAABBDE24A7DBC843982912FCEA59396A4AF74C
samples\generated\tags\csarrmaxlen_m0049_n010.L5X,C:\l5x_scratch\acd\csarrmaxlen_m0049_n010.ACD,ok,adopted-existing,8A1BD3A9C81A1395353A50D3D5ABA9FF88A94DE11047C4DAEBF513AE5572445A
samples\generated\tags\csarrmaxlen_m0050_n010.L5X,C:\l5x_scratch\acd\csarrmaxlen_m0050_n010.ACD,ok,adopted-existing,4C905403F652E7F21BAF9AD2C13E195CC652ABE132A0DC6375164A5ADFD529AE
samples\generated\tags\csarrmaxlen_m0051_n010.L5X,C:\l5x_scratch\acd\csarrmaxlen_m0051_n010.ACD,ok,adopted-existing,9DDFD0FBFEBB763465D7D2754AA7F5A7DF7294CBC5EEC3AC2CE412D575FCD7DA
samples\generated\tags\csarrmaxlen_m0082_n010.L5X,C:\l5x_scratch\acd\csarrmaxlen_m0082_n010.ACD,ok,adopted-existing,F1E7567672ECF0BF57DB57A3B44676F5C959D0F1F0FB1C0A75D37EA0D95FDAE0
samples\generated\tags\csarrmaxlen_m0100_n010.L5X,C:\l5x_scratch\acd\csarrmaxlen_m0100_n010.ACD,ok,adopted-existing,0515A740C494381413CDDE808181B4E4CBBDA2C336F908B94EA2BE0BADB6896F
samples\generated\tags\csarrmaxlen_m0101_n010.L5X,C:\l5x_scratch\acd\csarrmaxlen_m0101_n010.ACD,ok,adopted-existing,B3E05514FF3E79A71B36F016ED993BA694EBA9BF30084B35FC461487FDC53075
samples\generated\tags\csarrmaxlen_m0128_n010.L5X,C:\l5x_scratch\acd\csarrmaxlen_m0128_n010.ACD,ok,adopted-existing,F74FA05EEAEA492B04642AC74C649F8DFDDBFA054ABEF2705AF754AC87E90B7C
samples\generated\tags\csarrmaxlen_m0200_n010.L5X,C:\l5x_scratch\acd\csarrmaxlen_m0200_n010.ACD,ok,adopted-existing,1DA97E70BCEE5EC43F6DEB48615D32242FB45C4832F4E65B5A1F27BA33590F86
samples\generated\tags\csarrmaxlen_m0255_n010.L5X,C:\l5x_scratch\acd\csarrmaxlen_m0255_n010.ACD,ok,adopted-existing,DD1F234866F3DEDEE72E27F676C190121639AC868BA66AB18F14E1AD37EB371F
samples\generated\tags\csarrmaxlen_m0500_n010.L5X,C:\l5x_scratch\acd\csarrmaxlen_m0500_n010.ACD,ok,adopted-existing,B97C0CF0B0F0002A4ACFFE566EB2C9C4F152F5360F3A91F0EEBD4957947DFA14
samples\generated\tags\csarrmaxlen_m1000_n010.L5X,C:\l5x_scratch\acd\csarrmaxlen_m1000_n010.ACD,ok,adopted-existing,17E74E7F2BB8DF4AF3DC0441662808F3078EA457CEF4A288F2C9001B1B8CAA7C
samples\generated\tags\customstring_250char_x1000.L5X,C:\l5x_scratch\acd\customstring_250char_x1000.ACD,ok,adopted-existing,84330A46B33E6C83A3882BECE17DAE208160BCAFBB35A25775B2415E9626819B
samples\generated\tags\customstring_len0010.L5X,C:\l5x_scratch\acd\customstring_len0010.ACD,ok,adopted-existing,73F8DEB3BF1194F4971618E3A440C98347878932F82E19FCBA9E6DC8E1693EA0
samples\generated\tags\customstring_len0082.L5X,C:\l5x_scratch\acd\customstring_len0082.ACD,ok,adopted-existing,01F24EFE1274FABE8D2D0114E62DE89F4077C9B7B9F4E10A2832B13873759BCD
samples\generated\tags\customstring_len0100.L5X,C:\l5x_scratch\acd\customstring_len0100.ACD,ok,adopted-existing,9612B95B2862E20380C90FAA71B27CA099F4D22A63BC0B832B549B4D5F22ACAA
samples\generated\tags\customstring_len0250.L5X,C:\l5x_scratch\acd\customstring_len0250.ACD,ok,adopted-existing,4CAB1FA1C9FE1AC8E218AD19E2715E54F61D2DA88AB4055BB103EED7D5009B55
samples\generated\tags\customstring_len0500.L5X,C:\l5x_scratch\acd\customstring_len0500.ACD,ok,adopted-existing,EA6E35A024209A59187B42B7ED5636F2C746047DE0730A2367AEDD90DBA06341
samples\generated\tags\customstring_len1000.L5X,C:\l5x_scratch\acd\customstring_len1000.ACD,ok,adopted-existing,5138F3073BB3CD6BF1852B6468C9CB4A4913264732634341821A0AE9AD2A94C8
samples\generated\tags\customstring_len2000.L5X,C:\l5x_scratch\acd\customstring_len2000.ACD,ok,adopted-existing,58CFDF9A6B9709E2B646C78FE4242985B9EEB102D605EEE4FD56F39AD9B64784
samples\generated\tags\dint_10k_array.L5X,C:\l5x_scratch\acd\dint_10k_array.ACD,ok,adopted-existing,388E68ED420227607B4EAFA2B2B39A19F4A50B1934347F81D57F5558C2B99F91
samples\generated\tags\pool23_arr20.L5X,C:\l5x_scratch\acd\pool23_arr20.ACD,ok,adopted-existing,15C2C89328F19513B2B26677B7F848D36768DB4A81094B78DA02F5D9866B779B
samples\generated\tags\pool23_bool03.L5X,C:\l5x_scratch\acd\pool23_bool03.ACD,ok,adopted-existing,1BC68774D4ACC98F52A7A29B7C14C565B8A226F711060D4FAA469F5937BDD94A
samples\generated\tags\pool23_control.L5X,C:\l5x_scratch\acd\pool23_control.ACD,ok,adopted-existing,350D163E969B748F65880268E21AF20DD1C363301D3F2602B7ED225C52BA9B56
samples\generated\tags\pool23_dint04.L5X,C:\l5x_scratch\acd\pool23_dint04.ACD,ok,adopted-existing,A20BF34DF9337C1340ECB4030CC4C99E29D59403F50EC3A6B6D0476BCB4D2774
samples\generated\tags\pool23_full.L5X,C:\l5x_scratch\acd\pool23_full.ACD,ok,adopted-existing,8434135AF2C4B2765AB64D86F1979C034C4338338975AA53D0F4B951457D102B
samples\generated\tags\pool23_full_rungs.L5X,C:\l5x_scratch\acd\pool23_full_rungs.ACD,ok,adopted-existing,AC6901B617860B7E4AB9F72E9A86D7A9FAF06696BE71C3ABB37E840C2B492015
samples\generated\tags\pool23_real06.L5X,C:\l5x_scratch\acd\pool23_real06.ACD,ok,adopted-existing,F909C8E1392F43D9CE4D2BB6C6FB9CAF87E86B78BB1294EB32DEE3BEBA4109C4
samples\generated\tags\pool23_str82x2.L5X,C:\l5x_scratch\acd\pool23_str82x2.ACD,ok,adopted-existing,BB2CBA4F72DF92CEF6A4417B009924F69A704C1C4ABA1919CF30D8FB0545DD15
samples\generated\tags\pool23_strarr02.L5X,C:\l5x_scratch\acd\pool23_strarr02.ACD,ok,adopted-existing,6A8AD5FABD1349C49DEB936A0372B4FB4BDB11BABF6D2A4A5DADD6B3CDBC0E6B
samples\generated\tags\prodcons_base.L5X,C:\l5x_scratch\acd\prodcons_base.ACD,ok,adopted-existing,1913B6EBCED6A4B6817CC22848C9A7CF5609373149D1D86F0EAA4C21727AEA48
samples\generated\tags\prodcons_consumed.L5X,C:\l5x_scratch\acd\prodcons_consumed.ACD,ok,adopted-existing,8ADB1D88329C938B3EA65961BEFB7ECCF62C89B9AC60E2EFBCEB66022EB65374
samples\generated\tags\prodcons_produced.L5X,C:\l5x_scratch\acd\prodcons_produced.ACD,ok,adopted-existing,BC4CD9E17764DE6530EF811F5B21AE69CAEEEE92CB1CEE84C1F2F25D09A02310
samples\generated\tags\progscope_ctl_arr_n010.L5X,C:\l5x_scratch\acd\progscope_ctl_arr_n010.ACD,ok,adopted-existing,2A0C0B0305985A906CBFBDD8FC2B20C839F034D90D0FFBA4F55D13497A59BC7F
samples\generated\tags\progscope_ctl_arr_n050.L5X,C:\l5x_scratch\acd\progscope_ctl_arr_n050.ACD,ok,adopted-existing,7E32085D0D3C537834EBF35CAAC0CFA6D7ADBBAB05842EDDFC468AFC2A4F53E3
samples\generated\tags\progscope_ctl_arr_n200.L5X,C:\l5x_scratch\acd\progscope_ctl_arr_n200.ACD,ok,adopted-existing,FAA3FDFC4D721AFD85D9208E7150A05A6517B7E41398F7A16297315E668CF910
samples\generated\tags\progscope_ctl_udt_n010.L5X,C:\l5x_scratch\acd\progscope_ctl_udt_n010.ACD,ok,adopted-existing,03BCEB020AA29A2CBF54A5FC7100C009E233FF6D0B10EED5FC64D25667E16721
samples\generated\tags\progscope_ctl_udt_n050.L5X,C:\l5x_scratch\acd\progscope_ctl_udt_n050.ACD,ok,adopted-existing,E711B03CDF9F0A2DE12E64EBE8DDA2DA1256786468499B91C6FF4E2E666BB4CC
samples\generated\tags\progscope_ctl_udt_n200.L5X,C:\l5x_scratch\acd\progscope_ctl_udt_n200.ACD,ok,adopted-existing,E609B367BEA494529ED1BB4AF577C1A20B2447243A80896B6029BB0D7D562488
samples\generated\tags\progscope_prog_arr_n010.L5X,C:\l5x_scratch\acd\progscope_prog_arr_n010.ACD,ok,adopted-existing,B74CCE68C12D3A4D4B6ABC55D224F4909DB9D0E0A08CF90046207D82C35EE62B
samples\generated\tags\progscope_prog_arr_n050.L5X,C:\l5x_scratch\acd\progscope_prog_arr_n050.ACD,ok,adopted-existing,AFC3F4F6317B3DD391EB7C7EE370C22D58593BDE877B6277ED31D4A8E395885A
samples\generated\tags\progscope_prog_arr_n200.L5X,C:\l5x_scratch\acd\progscope_prog_arr_n200.ACD,ok,adopted-existing,71FC4D8721D1838E58AE01EAB20E4228F9C53A52FDBC8F2302C3218E9D595F0F
samples\generated\tags\progscope_prog_udt_n010.L5X,C:\l5x_scratch\acd\progscope_prog_udt_n010.ACD,ok,adopted-existing,FE109B6B9617DED48F0BFF9BF0449D8D8B26D760CA9950738E8CC76F1ACABC17
samples\generated\tags\progscope_prog_udt_n050.L5X,C:\l5x_scratch\acd\progscope_prog_udt_n050.ACD,ok,adopted-existing,6756185654C13BCFCD7EF816B1A285331B47BCF66C815F7DED6926A1E3A6877D
samples\generated\tags\progscope_prog_udt_n200.L5X,C:\l5x_scratch\acd\progscope_prog_udt_n200.ACD,ok,adopted-existing,1F7304AA9335CC04C4699917DC34C93B67521D28C240D2DA6F5383C877AFC0B0
samples\generated\tags\strarrcount_n0128.L5X,C:\l5x_scratch\acd\strarrcount_n0128.ACD,ok,adopted-existing,87F2DAB2011A446D41163CEBCB7FD149E16C864593E9D731244DF093B8AC71D0
samples\generated\tags\strarrcount_n0161.L5X,C:\l5x_scratch\acd\strarrcount_n0161.ACD,ok,adopted-existing,E7BB114E11ABD089759E413E0A555D1E76A46A009C659C081A0F0CE1B624A142
samples\generated\tags\strarrcount_n0200.L5X,C:\l5x_scratch\acd\strarrcount_n0200.ACD,ok,adopted-existing,356F511D669F8097139A1019EE57A5191ECDCAEC1BFD0F92E234A0BBF0ED8A77
samples\generated\tags\strarrcount_n0255.L5X,C:\l5x_scratch\acd\strarrcount_n0255.ACD,ok,adopted-existing,45219186911E5126BD858B4319E379525112F21876D1D1F915C0A60E4370F3F3
samples\generated\tags\strarrcount_n0400.L5X,C:\l5x_scratch\acd\strarrcount_n0400.ACD,ok,adopted-existing,51D0F09123F10A545B921A783FFED26CB8B366F6EA70688C6AE1042E6DA8B57A
samples\generated\tags\strarrcount_n0512.L5X,C:\l5x_scratch\acd\strarrcount_n0512.ACD,ok,adopted-existing,232112C1C2646B9D056BB63AAC702EB2925345BA6DAE60F880D5F88E7FB1DB64
samples\generated\tags\strarrcount_n1000.L5X,C:\l5x_scratch\acd\strarrcount_n1000.ACD,ok,adopted-existing,15233EED076BE9B584CB1A8F175739BB6C914AECC9785D7332F6DF1E583BD9E2
samples\generated\tags\stringarray_builtin_n001.L5X,C:\l5x_scratch\acd\stringarray_builtin_n001.ACD,ok,adopted-existing,9D60F07B3E4F60D099E4FC0FC8E25E927074BA7CFB30AD5D0E6BAFA0F51B679F
samples\generated\tags\stringarray_builtin_n005.L5X,C:\l5x_scratch\acd\stringarray_builtin_n005.ACD,ok,adopted-existing,34C0E4B49E4F8C9817028219DF067E78902977ACD17B6F8DA8911E6BF52F15B0
samples\generated\tags\stringarray_builtin_n010.L5X,C:\l5x_scratch\acd\stringarray_builtin_n010.ACD,ok,adopted-existing,ED7EDE4057A83F5EA67597984418C78CB7D1A01A71AD9708E9ED9BAF65EBC641
samples\generated\tags\stringarray_builtin_n025.L5X,C:\l5x_scratch\acd\stringarray_builtin_n025.ACD,ok,adopted-existing,AA8E6FA09FA84736D780B60180DAFC247FFF397DC4239010EDA4B9BD2D015F96
samples\generated\tags\stringarray_builtin_n050.L5X,C:\l5x_scratch\acd\stringarray_builtin_n050.ACD,ok,adopted-existing,54D561B9066A73E517B5F973D6FB513EB8F2337ED21F0903B8EB9BFBF4F6FAF4
samples\generated\tags\stringarray_builtin_n100.L5X,C:\l5x_scratch\acd\stringarray_builtin_n100.ACD,ok,adopted-existing,CD085D6B3ED19663FEAEA7627AB9AC6D32E2EDC0891C326E4D687490098F00A9
samples\generated\tags\stringarray_custom100_cs_n001.L5X,C:\l5x_scratch\acd\stringarray_custom100_cs_n001.ACD,ok,adopted-existing,88B652D132F265812645941A5E4ACD4AE7D2BF6BF7A368F3D2350A607D5BA70D
samples\generated\tags\stringarray_custom100_cs_n010.L5X,C:\l5x_scratch\acd\stringarray_custom100_cs_n010.ACD,ok,adopted-existing,C4B72923BC2CAB0421A8FCFA64ABA152186FDA149B245248F683CA0ED1C46579
samples\generated\tags\stringarray_custom100_cs_n025.L5X,C:\l5x_scratch\acd\stringarray_custom100_cs_n025.ACD,ok,adopted-existing,66F2DE1BFC2656F750D70E4BECBA79BE746942C9168AE2233D56F9278F4A3EA0
samples\generated\tags\stringarray_custom100_cs_n100.L5X,C:\l5x_scratch\acd\stringarray_custom100_cs_n100.ACD,ok,adopted-existing,08D51A7AB52C11070FA09BAFC213251D2BEF9F9D9E15741E21BEDFCBD780CA34
samples\generated\tags\stringarray_custom100_n005.L5X,C:\l5x_scratch\acd\stringarray_custom100_n005.ACD,ok,adopted-existing,AAF824E11A213F4FA278E50478D7505DFA5E6AA6D464359464BA56F6318DA3EF
samples\generated\tags\stringarray_custom100_n050.L5X,C:\l5x_scratch\acd\stringarray_custom100_n050.ACD,ok,adopted-existing,1B14AD84F696E5D059638707F47F043827DBC4897F729EB87B57921CF35CE666
samples\generated\tags\stringclose_densenamelen_n01_def_only.L5X,C:\l5x_scratch\acd\stringclose_densenamelen_n01_def_only.ACD,ok,adopted-existing,2FC7C0707CA7058A8E39FC3879D230247CA8446F33CB354B57E8E1D383770755
samples\generated\tags\stringclose_densenamelen_n02_def_only.L5X,C:\l5x_scratch\acd\stringclose_densenamelen_n02_def_only.ACD,ok,adopted-existing,73FC54A339575D4CF6876A213593E2294A77BAD7DA16506AFEA2CFE4668D324D
samples\generated\tags\stringclose_densenamelen_n03_def_only.L5X,C:\l5x_scratch\acd\stringclose_densenamelen_n03_def_only.ACD,ok,adopted-existing,4B2CAF0CD13C91A34221ADBA6E2AE1FCF76642CD8D93B85A11320A2B94445EC9
samples\generated\tags\stringclose_densenamelen_n04_def_only.L5X,C:\l5x_scratch\acd\stringclose_densenamelen_n04_def_only.ACD,ok,adopted-existing,64AEB13C5F11D84CB2A68D62D0656D4F9088A0BCCB4C25F42982FE1A6D8CE31F
samples\generated\tags\stringclose_densenamelen_n05_def_only.L5X,C:\l5x_scratch\acd\stringclose_densenamelen_n05_def_only.ACD,ok,adopted-existing,142F2E4DCD33D18D8C37DC1E43EC9D0AE08B41E9BB8E24D203F8A714DF83BCBD
samples\generated\tags\stringclose_densenamelen_n06_def_only.L5X,C:\l5x_scratch\acd\stringclose_densenamelen_n06_def_only.ACD,ok,adopted-existing,64DA795A91FCC3A14557B4616E1165DEEAC60729E83F2DF63EFA30AF94282E5E
samples\generated\tags\stringclose_densenamelen_n07_def_only.L5X,C:\l5x_scratch\acd\stringclose_densenamelen_n07_def_only.ACD,ok,adopted-existing,7C5D1F963F2C41E8D6361C38B05791E07C195E54FBED3A205655AB349DE87AF3
samples\generated\tags\stringclose_densenamelen_n08_def_only.L5X,C:\l5x_scratch\acd\stringclose_densenamelen_n08_def_only.ACD,ok,adopted-existing,C2CE3E58922ED4C5E528F8762690F905F90DDD91A3073C514FEA4EC3D3863676
samples\generated\tags\stringclose_densenamelen_n09_def_only.L5X,C:\l5x_scratch\acd\stringclose_densenamelen_n09_def_only.ACD,ok,adopted-existing,23B9BE348A47ABD2652B131B9ADFC19E959568A1C07F3CBA5F8564E07E681630
samples\generated\tags\stringclose_densenamelen_n10_def_only.L5X,C:\l5x_scratch\acd\stringclose_densenamelen_n10_def_only.ACD,ok,adopted-existing,EAA4CBFC4F6D01A7E11AA0F797B80720BAD0AE30A9347E1510EB03CC0594D9FD
samples\generated\tags\stringclose_densenamelen_n11_def_only.L5X,C:\l5x_scratch\acd\stringclose_densenamelen_n11_def_only.ACD,ok,adopted-existing,BBAD76DEC5EF9BF91D56147893F0784B4AF7A8AD9B8531881EBBD8F3883B4E4C
samples\generated\tags\stringclose_densenamelen_n12_def_only.L5X,C:\l5x_scratch\acd\stringclose_densenamelen_n12_def_only.ACD,ok,adopted-existing,DA7B0EF3AAE03B0BE333F67E92D403BF3AD38BCE0B3BC6896F6E3838ADA254E3
samples\generated\tags\stringclose_densenamelen_n13_def_only.L5X,C:\l5x_scratch\acd\stringclose_densenamelen_n13_def_only.ACD,ok,adopted-existing,7E26285C7C07F7CEFCDABA1A7C97D7B70BE08B37113EE68E508D4990D4D603BD
samples\generated\tags\stringclose_densenamelen_n14_def_only.L5X,C:\l5x_scratch\acd\stringclose_densenamelen_n14_def_only.ACD,ok,adopted-existing,3D08FBCEC1135EFF9AEE7F47D8819B0D40A8E8E9EB8EECB856BE3DD3DC4B28E4
samples\generated\tags\stringclose_densenamelen_n15_def_only.L5X,C:\l5x_scratch\acd\stringclose_densenamelen_n15_def_only.ACD,ok,adopted-existing,C93DB3C206B493F902091CDFCDD473484B28753729EB1C07322116B8C09804C1
samples\generated\tags\stringclose_densenamelen_n16_def_only.L5X,C:\l5x_scratch\acd\stringclose_densenamelen_n16_def_only.ACD,ok,adopted-existing,9D89246F557923E4CA6AF7E68A74BD900F264545151A371F73715F0D179848D4
samples\generated\tags\stringclose_densenamelen_n20_def_only.L5X,C:\l5x_scratch\acd\stringclose_densenamelen_n20_def_only.ACD,ok,adopted-existing,D2BB91D6EBE1F14B48501FA556E0CEAB30CD239988192922BCF2E96C52A65A5D
samples\generated\tags\stringclose_densenamelen_n24_def_only.L5X,C:\l5x_scratch\acd\stringclose_densenamelen_n24_def_only.ACD,ok,adopted-existing,F5B17B83B7DA9E89CCF4D8543CF7AF96F214097FA1E2D8AD6BCBD10DCFE1A3F8
samples\generated\tags\stringclose_densenamelen_n28_def_only.L5X,C:\l5x_scratch\acd\stringclose_densenamelen_n28_def_only.ACD,ok,adopted-existing,86A0C3C5AD03FD9824A4AD530309495ADDEAEAFA70F76D9D3C523E18F7752DF1
samples\generated\tags\stringclose_densenamelen_n32_def_only.L5X,C:\l5x_scratch\acd\stringclose_densenamelen_n32_def_only.ACD,ok,adopted-existing,80B24DDBF63FE1330C40B795BEF0F8C1E75653BA48C0AF2F64381A1C2B7305B7
samples\generated\tags\stringclose_densenamelen_n36_def_only.L5X,C:\l5x_scratch\acd\stringclose_densenamelen_n36_def_only.ACD,ok,adopted-existing,838373311535B9B42E7B540A756697749064542A68AB34036DCB2BC434CF5565
samples\generated\tags\stringclose_densenamelen_n40_def_only.L5X,C:\l5x_scratch\acd\stringclose_densenamelen_n40_def_only.ACD,ok,adopted-existing,63BDACD70FFADF2A82B8CCA2C6458DFDBC8299EFE3906DFC6A5C8E02B4BA003F
samples\generated\tags\stringconst_builtin_const.L5X,C:\l5x_scratch\acd\stringconst_builtin_const.ACD,ok,adopted-existing,3FA987A9FE2E8C6F4ABC51EC89997608F4E159FDBCFE1F3797554B008BD136C8
samples\generated\tags\stringconst_builtin_nonconst.L5X,C:\l5x_scratch\acd\stringconst_builtin_nonconst.ACD,ok,adopted-existing,0A52F818D34959AE952B13CDEC98C77FCC86F01F88548BEDA779A89D2B7329BD
samples\generated\tags\stringconst_custom_const.L5X,C:\l5x_scratch\acd\stringconst_custom_const.ACD,ok,adopted-existing,EEBA90F3FB32C07143B31F379E0F7C2D473CBEF174D657E9EC41959C617EBE6A
samples\generated\tags\stringconst_custom_nonconst.L5X,C:\l5x_scratch\acd\stringconst_custom_nonconst.ACD,ok,adopted-existing,F1454D27258568D4D0F07FA185D2462BC9E3BFC5EE6982FF7019B5BE58328D08
samples\generated\tags\stringoverhead_builtin_n00001.L5X,C:\l5x_scratch\acd\stringoverhead_builtin_n00001.ACD,ok,adopted-existing,706994620629A428AC63EED9D1546E5A4A1378DDA71BA3EDAFFC61B1C8E3ECDD
samples\generated\tags\stringoverhead_builtin_n00002.L5X,C:\l5x_scratch\acd\stringoverhead_builtin_n00002.ACD,ok,adopted-existing,3BC937ED7C4789BABE8577298FEF87D54CB01DB94924553953988B420E785A28
samples\generated\tags\stringoverhead_builtin_n00005.L5X,C:\l5x_scratch\acd\stringoverhead_builtin_n00005.ACD,ok,adopted-existing,2737E868E7FA9BE1096CF4CF9C783CED9024E6D0B918540B10188C3DB045470E
samples\generated\tags\stringoverhead_builtin_n00010.L5X,C:\l5x_scratch\acd\stringoverhead_builtin_n00010.ACD,ok,adopted-existing,B82CEFEAA2A1DBC6526C542C09F2BF353F7F498BC53FA9EDCA48635EB2DC7B0D
samples\generated\tags\stringoverhead_builtin_n00025.L5X,C:\l5x_scratch\acd\stringoverhead_builtin_n00025.ACD,ok,adopted-existing,584F703F6CC0C39229150E0F73736520A96334D7764D26B7D70510BACC1E4E38
samples\generated\tags\stringoverhead_builtin_n00050.L5X,C:\l5x_scratch\acd\stringoverhead_builtin_n00050.ACD,ok,adopted-existing,D7A0C4A10F5060096C07CE14AAA078C8354B285F6803DDCFC6651B9013DFD822
samples\generated\tags\stringoverhead_builtin_n00100.L5X,C:\l5x_scratch\acd\stringoverhead_builtin_n00100.ACD,ok,adopted-existing,4802CA636C360E12CF9F3C11072DFA2E731014A4B09A581BF455C7F565404022
samples\generated\tags\stringoverhead_builtin_n00500.L5X,C:\l5x_scratch\acd\stringoverhead_builtin_n00500.ACD,ok,adopted-existing,147B3D3C4EEA03968B188E0FC8E48962258165E8C3AAECAB2BBA89D85612CB68
samples\generated\tags\stringoverhead_builtin_n01000.L5X,C:\l5x_scratch\acd\stringoverhead_builtin_n01000.ACD,ok,adopted-existing,FD9A6EDB0AC54E219D7CD2EF50ED12E2DD05A92F78353B90F2C13990E557AC88
samples\generated\tags\stringoverhead_custom1000_n00001.L5X,C:\l5x_scratch\acd\stringoverhead_custom1000_n00001.ACD,ok,adopted-existing,2DDD5DB200B9FA3BB44EE282BA1079484B6E3E8ACBD141584E868E84F1E03EF0
samples\generated\tags\stringoverhead_custom1000_n00010.L5X,C:\l5x_scratch\acd\stringoverhead_custom1000_n00010.ACD,ok,adopted-existing,210B4148BDA67FA90F00DAA0103639A0C4CAD51C31700CAA5D2158C8F2ABA438
samples\generated\tags\stringoverhead_custom1000_n00100.L5X,C:\l5x_scratch\acd\stringoverhead_custom1000_n00100.ACD,ok,adopted-existing,6994F21C2CA38FE0880C4A8D6CC304ECAEDB9F330A2CB85D44DDB67C2A939757
samples\generated\tags\stringoverhead_custom1000_n01000.L5X,C:\l5x_scratch\acd\stringoverhead_custom1000_n01000.ACD,ok,adopted-existing,421DE807326447E20B2C408822B9DE7BCB6FA1D4367EDE1D6C7B48B24864192F
samples\generated\tags\stringoverhead_custom100_n00001.L5X,C:\l5x_scratch\acd\stringoverhead_custom100_n00001.ACD,ok,adopted-existing,CC0AB5AF9EE61B5040CE7612D3ABFC62D46336A37ECB87757514D933F52F396C
samples\generated\tags\stringoverhead_custom100_n00010.L5X,C:\l5x_scratch\acd\stringoverhead_custom100_n00010.ACD,ok,adopted-existing,85C4443FD069DE57E5D97145FAD44D62E91CBE609EBEB1BF5451B3A0DB43CB2A
samples\generated\tags\stringoverhead_custom100_n00100.L5X,C:\l5x_scratch\acd\stringoverhead_custom100_n00100.ACD,ok,adopted-existing,35A776057DE83EAE974949EFA085B5B2B496BB72977F636C1C2EF85362885EDB
samples\generated\tags\stringoverhead_custom100_n01000.L5X,C:\l5x_scratch\acd\stringoverhead_custom100_n01000.ACD,ok,adopted-existing,DD85C682740D9BEC6ED74E9646B3628979089F620F047EFD6CE4A66EC00B6E92
samples\generated\tags\stringoverhead_custom101_n00001.L5X,C:\l5x_scratch\acd\stringoverhead_custom101_n00001.ACD,ok,adopted-existing,833CD546514449C1320935F3B91854D4BC1667BF514E4963F4C29A670176EF9B
samples\generated\tags\stringoverhead_custom101_n00100.L5X,C:\l5x_scratch\acd\stringoverhead_custom101_n00100.ACD,ok,adopted-existing,B178D44622993BC483C771583C5AEDF743F74C8523752406B6E9FB1E248575C6
samples\generated\tags\stringoverhead_custom300_n00001.L5X,C:\l5x_scratch\acd\stringoverhead_custom300_n00001.ACD,ok,adopted-existing,39E10B4CEA1DC28BB78419FD90AFFCC7B176F6B87E9DFCAD17A9C717765ACBF2
samples\generated\tags\stringoverhead_custom300_n00010.L5X,C:\l5x_scratch\acd\stringoverhead_custom300_n00010.ACD,ok,adopted-existing,4B0175EC55542DA51235B17FEE944DCB85FD52681E3557117867918A38A5544C
samples\generated\tags\stringoverhead_custom300_n00100.L5X,C:\l5x_scratch\acd\stringoverhead_custom300_n00100.ACD,ok,adopted-existing,4F51C708E5466CDF890C8DD2A03D545F0F7E7970B5119C3E978F1C10D9CF32C5
samples\generated\tags\stringoverhead_custom300_n01000.L5X,C:\l5x_scratch\acd\stringoverhead_custom300_n01000.ACD,ok,adopted-existing,0796C548440B5B7917C9591AA710F8F765F96EBDEDB8C1F99F5CF31FFAFCE1D5
samples\generated\tags\stringoverhead_custom49_n00001.L5X,C:\l5x_scratch\acd\stringoverhead_custom49_n00001.ACD,ok,adopted-existing,4E14ED31CE0433FC4F7103546321D2E6B1CF52BC6AD643E0F305142180A092BF
samples\generated\tags\stringoverhead_custom49_n00100.L5X,C:\l5x_scratch\acd\stringoverhead_custom49_n00100.ACD,ok,adopted-existing,88964CAFAA935CFECBCEA4921C77D9571B11BA4DEC77C9C2EE512E38AFA8FAAB
samples\generated\tags\stringoverhead_custom500_n00001.L5X,C:\l5x_scratch\acd\stringoverhead_custom500_n00001.ACD,ok,adopted-existing,1299AD13EC7DBFB42913676A86681D5D60F3413EA15ED51C1259A249807B5855
samples\generated\tags\stringoverhead_custom500_n00010.L5X,C:\l5x_scratch\acd\stringoverhead_custom500_n00010.ACD,ok,adopted-existing,055842C3953C7EE6F5BA39FD6E769B1CD7B20AF4EB3F2A893C05C763C62C4E3D
samples\generated\tags\stringoverhead_custom500_n00100.L5X,C:\l5x_scratch\acd\stringoverhead_custom500_n00100.ACD,ok,adopted-existing,FA5B576F81053FA1A059D3229D44456106942968D49A77785AADA5EF904E13C1
samples\generated\tags\stringoverhead_custom500_n01000.L5X,C:\l5x_scratch\acd\stringoverhead_custom500_n01000.ACD,ok,adopted-existing,96AD056C76F086CD62F5C2D4E54F8F509782AAC516C167408C438649729A06C9
samples\generated\tags\stringoverhead_custom501_n00001.L5X,C:\l5x_scratch\acd\stringoverhead_custom501_n00001.ACD,ok,adopted-existing,9039D917D633DAC9568CA5A3D8071AA0D170CDE86CD2962D94632AB9C9E795B3
samples\generated\tags\stringoverhead_custom501_n00100.L5X,C:\l5x_scratch\acd\stringoverhead_custom501_n00100.ACD,ok,adopted-existing,7558737A8B773D7EA4CAF90757102AE6F98542C5B4BF48DF08634F595B3BB611
samples\generated\tags\stringoverhead_custom50_n00001.L5X,C:\l5x_scratch\acd\stringoverhead_custom50_n00001.ACD,ok,adopted-existing,2B43F4DA1A86BF533A2D68C08995B3032D205895CD23A4BC2757CD94A8FE27F1
samples\generated\tags\stringoverhead_custom50_n00010.L5X,C:\l5x_scratch\acd\stringoverhead_custom50_n00010.ACD,ok,adopted-existing,35D9F32EA65CEB23A9548E86EBEBEB50786430FDC9E0121B4AE61BE44E0D90F6
samples\generated\tags\stringoverhead_custom50_n00100.L5X,C:\l5x_scratch\acd\stringoverhead_custom50_n00100.ACD,ok,adopted-existing,EE7095DC94147B96E349E4F56928BC3284EB34F42CB93552CE626F3FBF86C9E0
samples\generated\tags\stringoverhead_custom50_n01000.L5X,C:\l5x_scratch\acd\stringoverhead_custom50_n01000.ACD,ok,adopted-existing,521FB28DA64B255A213EAD0AD302030FAE7E83752736C404AA853C682D701934
samples\generated\tags\stringoverhead_custom51_n00001.L5X,C:\l5x_scratch\acd\stringoverhead_custom51_n00001.ACD,ok,adopted-existing,354F300F3E8B42F35CACB3E77B77EB70BA9EA7750A64FB37EE2D2470466966D6
samples\generated\tags\stringoverhead_custom51_n00010.L5X,C:\l5x_scratch\acd\stringoverhead_custom51_n00010.ACD,ok,adopted-existing,4D2AC46CC7499E0C4693C57F71EC3429827389A7DDE79946F7045480E9B38730
samples\generated\tags\stringoverhead_custom51_n00100.L5X,C:\l5x_scratch\acd\stringoverhead_custom51_n00100.ACD,ok,adopted-existing,737FB56F272FC20BAF10B8065819AC71F57D8AC9F8F140E8CF077A8E639E7FCD
samples\generated\tags\stringoverhead_custom51_n01000.L5X,C:\l5x_scratch\acd\stringoverhead_custom51_n01000.ACD,ok,adopted-existing,BD823219FF966C8E78F999B239A82A511A1E08154CFE2780B49E64E10EBE145C
samples\generated\tags\stringoverhead_customnamelen04_n050.L5X,C:\l5x_scratch\acd\stringoverhead_customnamelen04_n050.ACD,ok,adopted-existing,493B48CE681D83EFCA919604F25A7448BB10A5D74ACD0D2130CA8177BD64C5F2
samples\generated\tags\stringoverhead_customnamelen16_n050.L5X,C:\l5x_scratch\acd\stringoverhead_customnamelen16_n050.ACD,ok,adopted-existing,A85A4941BA9380D75C9E60F130E9111FD2EA4616B5DEFA5EAFBAC4D9763DE537
samples\generated\tags\stringoverhead_customnamelen40_n050.L5X,C:\l5x_scratch\acd\stringoverhead_customnamelen40_n050.ACD,ok,adopted-existing,51BCB2E6A17744C912A557B1CD366EAF04117A3BED766718E6F1FF7338A42481
samples\generated\tags\stringoverhead_extreme00001_n00001.L5X,C:\l5x_scratch\acd\stringoverhead_extreme00001_n00001.ACD,ok,adopted-existing,F64543F35AA40E1AB004991EE25E630963D8DBC61D431AAE37E57D5B47AECA43
samples\generated\tags\stringoverhead_extreme00002_n00001.L5X,C:\l5x_scratch\acd\stringoverhead_extreme00002_n00001.ACD,ok,adopted-existing,837E2A178BED0163B7B1BD4EF396E7E616217008C9CA6873A02218603A8F0222
samples\generated\tags\stringoverhead_extreme00004_n00001.L5X,C:\l5x_scratch\acd\stringoverhead_extreme00004_n00001.ACD,ok,adopted-existing,AC3677739F2E5692E7C0F59EF0E5C18485CB414B9F1DFAFAB5244F6DC8E9537C
samples\generated\tags\stringoverhead_extreme04000_n00001.L5X,C:\l5x_scratch\acd\stringoverhead_extreme04000_n00001.ACD,ok,adopted-existing,5F0C82BF6C2123644CEBD8007AC3FE997D01341CE8B34B39BE6574476D796358
samples\generated\tags\stringoverhead_namelen04_n050.L5X,C:\l5x_scratch\acd\stringoverhead_namelen04_n050.ACD,ok,adopted-existing,6F4C42E33D64CAAF82227FDC0E2DC64D64061C14D1E04FDA17F592FDD68C4F74
samples\generated\tags\stringoverhead_namelen08_n050.L5X,C:\l5x_scratch\acd\stringoverhead_namelen08_n050.ACD,ok,adopted-existing,C90C2DB54EA7149D7C224EDC2FA9BD5EF059AE0A64969A9DA70AD38722B503FB
samples\generated\tags\stringoverhead_namelen16_n050.L5X,C:\l5x_scratch\acd\stringoverhead_namelen16_n050.ACD,ok,adopted-existing,ADEEDBBD9BDC9EBCABF33D178FD0112227D061965C75C50E877C233F33F0C576
samples\generated\tags\stringoverhead_namelen32_n050.L5X,C:\l5x_scratch\acd\stringoverhead_namelen32_n050.ACD,ok,adopted-existing,C912F269CECC5DCD73AFF17D906CC6B23A20A1BD20B9931D565964425EBA5343
samples\generated\tags\stringoverhead_namelen40_n050.L5X,C:\l5x_scratch\acd\stringoverhead_namelen40_n050.ACD,ok,adopted-existing,8989E1801EB4865348F6C82060DFF3CC8C1EC190773B120215366D31CE1F4391
samples\generated\tags\stringoverhead_typenamelen_long_1_instance.L5X,C:\l5x_scratch\acd\stringoverhead_typenamelen_long_1_instance.ACD,ok,adopted-existing,AA83DCE8E3F8C1EC389AA11D6D604D58FDFCA4FA0715DD23D22F262E38BE3596
samples\generated\tags\stringoverhead_typenamelen_long_def_only.L5X,C:\l5x_scratch\acd\stringoverhead_typenamelen_long_def_only.ACD,ok,adopted-existing,FC84B6276E6C84D004988537FA3EFB5664BB95E7B69E6246ECF304272EB8E49D
samples\generated\tags\stringoverhead_typenamelen_medium_1_instance.L5X,C:\l5x_scratch\acd\stringoverhead_typenamelen_medium_1_instance.ACD,ok,adopted-existing,E9040C9FA521BBC59F3F50F386C398D5E5627EC6CA13ABDACA779AF5814F7138
samples\generated\tags\stringoverhead_typenamelen_medium_def_only.L5X,C:\l5x_scratch\acd\stringoverhead_typenamelen_medium_def_only.ACD,ok,adopted-existing,FB65B5B21AB8B5A47F44B9651BDDDC6D591AF26E377A92DD57B2AE5B15B02631
samples\generated\tags\stringoverhead_typenamelen_short_1_instance.L5X,C:\l5x_scratch\acd\stringoverhead_typenamelen_short_1_instance.ACD,ok,adopted-existing,113369F4A221929B8A105D65DE828B0F3172341AF010BEF7E6F1593EF9A77830
samples\generated\tags\stringoverhead_typenamelen_short_def_only.L5X,C:\l5x_scratch\acd\stringoverhead_typenamelen_short_def_only.ACD,ok,adopted-existing,A24FF0B1090E7B86C8A64F5CE7D4868F9EEE0769B8FC057CAC50D6C8C8CD0920
samples\generated\tags\string_builtin_x1000.L5X,C:\l5x_scratch\acd\string_builtin_x1000.ACD,ok,adopted-existing,D378FD996A241E6208569D5CD31BF15600BE8C535D99BC2BC87013129A894961
samples\generated\tags\tagcomment_len000.L5X,C:\l5x_scratch\acd\tagcomment_len000.ACD,ok,adopted-existing,DCFBC985C078EE6CF694DC2A6DCB943A60C6EB28F88EBE4E6CCB06062F92CB54
samples\generated\tags\tagcomment_len010.L5X,C:\l5x_scratch\acd\tagcomment_len010.ACD,ok,adopted-existing,DB3C64D1346E0085FC3A50D6347C3A25119DF9796C5E8A81FF8CE27200FF9A6D
samples\generated\tags\tagcomment_len025.L5X,C:\l5x_scratch\acd\tagcomment_len025.ACD,ok,adopted-existing,CC1951B7130AE2553B6718874CFDE9C6F3BF5F178657D1A3CE37E1B15D62ED23
samples\generated\tags\tagcomment_len050.L5X,C:\l5x_scratch\acd\tagcomment_len050.ACD,ok,adopted-existing,3B0100393D8384C4A2DCC9763D636538662A41F5732AAA3001F3B5827C791B9A
samples\generated\tags\tagcomment_len100.L5X,C:\l5x_scratch\acd\tagcomment_len100.ACD,ok,adopted-existing,3448B74A8B339B5BEB965A372F122128DAF578A488397BAD130CB9D9605A646D
samples\generated\tags\tagcomment_len200.L5X,C:\l5x_scratch\acd\tagcomment_len200.ACD,ok,adopted-existing,A8A338C51FC2E577419875B74F635C220151BFD0D60C4C905BCBCEC9B8FC8F0F
samples\generated\tags\tagname_len04_50dint.L5X,C:\l5x_scratch\acd\tagname_len04_50dint.ACD,ok,adopted-existing,BF58CE2FC514687BF13A6436BC37F87499E6472CD19FB4D3D1FAEA94C5F8F5CD
samples\generated\tags\tagname_len07_50dint.L5X,C:\l5x_scratch\acd\tagname_len07_50dint.ACD,ok,adopted-existing,86179164938BA311CFDFCA40FCE31CA078B187566BFEE77FA2D5D9CD029C9136
samples\generated\tags\tagname_len10_50dint.L5X,C:\l5x_scratch\acd\tagname_len10_50dint.ACD,ok,adopted-existing,3979E796ADEF0EACC2CAD5C30D3D16160D95F5112EC8B117EB315B331D16DC67
samples\generated\tags\tagname_len13_50dint.L5X,C:\l5x_scratch\acd\tagname_len13_50dint.ACD,ok,adopted-existing,72C2B3358D2F9F58E9C5FB0BFF68DC8E87205F91E83DC65D15C9464B24E573E5
samples\generated\tags\tagname_len16_50dint.L5X,C:\l5x_scratch\acd\tagname_len16_50dint.ACD,ok,adopted-existing,E282C5D01A18536008AE85BEDEA15F4D2D34DC5663CBA5831EAC55F9843CC236
samples\generated\tags\tagname_len19_50dint.L5X,C:\l5x_scratch\acd\tagname_len19_50dint.ACD,ok,adopted-existing,4C4E02DC958E08F9F071ACD8E023696BE32B02A3FC1F62784794C343706EA028
samples\generated\tags\tagname_len22_50dint.L5X,C:\l5x_scratch\acd\tagname_len22_50dint.ACD,ok,adopted-existing,C2621A2701603064967113AE1813B066CDCF19E403252552A7231F555D82AC87
samples\generated\tags\tagname_len25_50dint.L5X,C:\l5x_scratch\acd\tagname_len25_50dint.ACD,ok,adopted-existing,E9A7976A121C35CC69166BF5DFE44E7FF18795AC8C33B426BF4717D3965455BB
samples\generated\tags\tagname_len28_50dint.L5X,C:\l5x_scratch\acd\tagname_len28_50dint.ACD,ok,adopted-existing,06C028E22FAD1B5DD63322CCBC7F1F7967D05014B78CBE46E3056940FD44240D
samples\generated\tags\tagname_len31_50dint.L5X,C:\l5x_scratch\acd\tagname_len31_50dint.ACD,ok,adopted-existing,056A558545838790CD0229CF6D52609FF602F62A01976772ED82C882C28C8C67
samples\generated\tags\tagname_len34_50dint.L5X,C:\l5x_scratch\acd\tagname_len34_50dint.ACD,ok,adopted-existing,EAD17F9DB4DCF855C8AA5B25F3C86CB261EEA055DDF8E07D1F0D4AB24414D13C
samples\generated\tags\tagname_len37_50dint.L5X,C:\l5x_scratch\acd\tagname_len37_50dint.ACD,ok,adopted-existing,F457C1DE7E1045CC9925710AAA9D9EBCA57E5DB0C652AD4A1D78573FDE51BC54
samples\generated\tags\tagname_len40_50dint.L5X,C:\l5x_scratch\acd\tagname_len40_50dint.ACD,ok,adopted-existing,2D6A08C76115DD3CE1581DCB1E5060F80FCE7FA307B3F2F2EC8BBCD4E27D9588
samples\generated\tags\tagname_long_100dint.L5X,C:\l5x_scratch\acd\tagname_long_100dint.ACD,ok,adopted-existing,A1E9EFFC37614ACC81B2B4EA7D862A66F44B537C60841CDBA1B13190A587B615
samples\generated\tags\tagname_short_100dint.L5X,C:\l5x_scratch\acd\tagname_short_100dint.ACD,ok,adopted-existing,0C39FDE65A000D3C7D22953226ABCF1F294CE0B871CEA59BF1193F30D442F06B
samples\generated\tags\tagname_spotlen08_40real.L5X,C:\l5x_scratch\acd\tagname_spotlen08_40real.ACD,ok,adopted-existing,BCF0948EE37D7E44FBF2F92FF68E0C7D80EC63E9A43ACEA768766E13F40D659C
samples\generated\tags\tagname_spotlen24_40real.L5X,C:\l5x_scratch\acd\tagname_spotlen24_40real.ACD,ok,adopted-existing,F81865575A4644AF55383F300A2685D0E5326ABD451B7617D626BF69C279C02D
samples\generated\tags\tagname_spotlen40_40real.L5X,C:\l5x_scratch\acd\tagname_spotlen40_40real.ACD,ok,adopted-existing,134C7A808CFBBF0716433C1D510CFBF1F9BFE1A448783C51E258B86BCA6D4C4F
samples\generated\tags\tagscope_local_n00010.L5X,C:\l5x_scratch\acd\tagscope_local_n00010.ACD,ok,adopted-existing,D0E481B57A06DE76F13B5242B0C49A06CAB7C452AA1D707717227944F3165761
samples\generated\tags\tagscope_local_n00100.L5X,C:\l5x_scratch\acd\tagscope_local_n00100.ACD,ok,adopted-existing,5A12FF8BFAB391C4AD1D3E6205AD4E4021C160C1D20D182DB14B87F8AF6B4CCC
samples\generated\tags\tagscope_local_n01000.L5X,C:\l5x_scratch\acd\tagscope_local_n01000.ACD,ok,adopted-existing,9BEB51CB2A4834AC12C298DD07CF2A0FAE179D829254C1126833BCE577B39704
samples\generated\tags\tagscope_public_n00010.L5X,C:\l5x_scratch\acd\tagscope_public_n00010.ACD,ok,adopted-existing,3C89E473BDCC49C9B58D228EA523B7E5FCC1F7B397D51E8491BC13C8EDE7C22C
samples\generated\tags\tagscope_public_n00100.L5X,C:\l5x_scratch\acd\tagscope_public_n00100.ACD,ok,adopted-existing,39E6F4CB1787D78FF6E15FFC5BB3BFD21FBAF6E8CF3B06EE2F85298D83430235
samples\generated\tags\tgord_alternating.L5X,C:\l5x_scratch\acd\tgord_alternating.ACD,ok,adopted-existing,09FCC62D163E1312F0AE4ADB043F3C7FED8E006FD092CFA4D4A9752A5E0C6E32
samples\generated\tags\tgord_grouped.L5X,C:\l5x_scratch\acd\tgord_grouped.ACD,ok,adopted-existing,65D1924B342855419419EDA5A359947F7DB53A691FC992D59396BE1B477580E4
samples\generated\tags\tgord_narrowfirst.L5X,C:\l5x_scratch\acd\tgord_narrowfirst.ACD,ok,adopted-existing,A49C1E4C086574C44C80E11E96A2946E23779790E3F29BA053C20655C069B50B
samples\generated\tags\tgord_pairs.L5X,C:\l5x_scratch\acd\tgord_pairs.ACD,ok,adopted-existing,DFBAED36980839E73E132B8DDDBD23FBB4BE74CE46E3FAE8D9560E8E5C2DCEDB
samples\generated\tags\tgord_shuffled.L5X,C:\l5x_scratch\acd\tgord_shuffled.ACD,ok,adopted-existing,6B013D5747DBED1D59458B6A3BFC15AFB5336119F78852EB9B056AEEA09EF1B3
samples\generated\tags\tgord_widefirst.L5X,C:\l5x_scratch\acd\tgord_widefirst.ACD,ok,adopted-existing,04CBDE9A8C2BDBABB4B7EFDBF7DAEBF513D7DDC9EDC326AA9E9E1C8BC54AD7F7
samples\generated\tags\type_bool_50tag.L5X,C:\l5x_scratch\acd\type_bool_50tag.ACD,ok,adopted-existing,17F88323E822756677B9971FADA0475982B9C2DD27F2D0BF1F1F123821A922E9
samples\generated\tags\type_dint_50tag.L5X,C:\l5x_scratch\acd\type_dint_50tag.ACD,ok,adopted-existing,FC9ED2F5B78EB3898C1C153944C3DF7F05CA795FB487446CAFE257300EFD1440
samples\generated\tags\type_int_50tag.L5X,C:\l5x_scratch\acd\type_int_50tag.ACD,ok,adopted-existing,674B37F431D9C56EFF1FAA0DD574058B08D7792A5C536A138CFD067251EE5E1C
samples\generated\tags\type_lint_50tag.L5X,C:\l5x_scratch\acd\type_lint_50tag.ACD,ok,adopted-existing,BB10B23A54E545A8672B46599FEFE149ABCE18732B78AD59978EEECE335EF6E3
samples\generated\tags\type_real_50tag.L5X,C:\l5x_scratch\acd\type_real_50tag.ACD,ok,adopted-existing,4F37A59B5130B0FE9E0D432B698F5B0B28AE8EE0ECEF6AC47C5D1398B0883082
samples\generated\tags\type_sint_50tag.L5X,C:\l5x_scratch\acd\type_sint_50tag.ACD,ok,adopted-existing,2FEEA11133918B888CD8ECD5C3F7F39900B52B5E1AD2C31C24F28512FF18B91C
samples\generated\tags\udtarrayalign_tight8b_n00001.L5X,C:\l5x_scratch\acd\udtarrayalign_tight8b_n00001.ACD,ok,adopted-existing,863D41C9B8FB2521BABEF95B9F44E1FFAE56569B5C95D6796B07A0F42A376FBD
samples\generated\tags\udtarrayalign_tight8b_n00010.L5X,C:\l5x_scratch\acd\udtarrayalign_tight8b_n00010.ACD,ok,adopted-existing,B7442D2E17D4DE869B50AE644C141E180A2D74A97BF48981088293F57C417BA7
samples\generated\tags\udtarrayalign_tight8b_n00100.L5X,C:\l5x_scratch\acd\udtarrayalign_tight8b_n00100.ACD,ok,adopted-existing,92ED8463C98C146B3934E4EAAC651F451C33AA7E18AB05E4A58D286B54269774
samples\generated\udt\array_of_nested_udt_100.L5X,C:\l5x_scratch\acd\array_of_nested_udt_100.ACD,ok,adopted-existing,F59D18ADD0309EB4C6694DD73BFF5661AB798BC0D66C26AC1F73E93600B60D5B
samples\generated\udt\motorstatus_10_instances.L5X,C:\l5x_scratch\acd\motorstatus_10_instances.ACD,ok,adopted-existing,74B1D361532A708C648FCE6A7230B71E8E49A022C66A3F4D5EAC4ECA147B7D82
samples\generated\udt\motorstatus_def_only.L5X,C:\l5x_scratch\acd\motorstatus_def_only.ACD,ok,adopted-existing,98F8AA9AFB3726AC5B36BFDFDCC306090BB2F6B2DB7C37083C7A00C2746C4557
samples\generated\udt\motorstatus_test.L5X,C:\l5x_scratch\acd\motorstatus_test.ACD,ok,adopted-existing,4EAE94D3903E86146D5888727B58B64962EC18D0E6F30FF1C9F4B6460A6A6E18
samples\generated\udt\nested_udt_3level.L5X,C:\l5x_scratch\acd\nested_udt_3level.ACD,ok,adopted-existing,19444C7B75CC3974E8DC830F77626FABE427E7E51F49FD7C9AD3E3BB97CE79E9
samples\generated\udt\nested_udt_array_member.L5X,C:\l5x_scratch\acd\nested_udt_array_member.ACD,ok,adopted-existing,F2947D3C9D3FC263EB2C8B2E8A5533B6DADE2FDF9C31D04248FC5CA2B8CE2F7B
samples\generated\udt\nested_udt_scalar.L5X,C:\l5x_scratch\acd\nested_udt_scalar.ACD,ok,adopted-existing,0ED2E6E5567E72E904ED92F34DC88D08516E6C3C35523B3DFF7F4FA7C0F90BB2
samples\generated\udt\oddudt5_array_1000.L5X,C:\l5x_scratch\acd\oddudt5_array_1000.ACD,ok,adopted-existing,1F8C549A30E702EF4D7840E7232AEDC174FC4935CAEA837A08A460F5DAD864C7
samples\generated\udt\stringclose_udtmember_builtin_2members_n01.L5X,C:\l5x_scratch\acd\stringclose_udtmember_builtin_2members_n01.ACD,ok,adopted-existing,388D317D3CB2C9EE029D2AE69D3D8812D54F25D1E8E81AEE64B0B08BE72AF16C
samples\generated\udt\stringclose_udtmember_builtin_2members_n03.L5X,C:\l5x_scratch\acd\stringclose_udtmember_builtin_2members_n03.ACD,ok,adopted-existing,A167D764D7445031C451D68EEAFAC4347F12617C188C0E7784CA1EE4B86A3478
samples\generated\udt\stringclose_udtmember_builtin_3members_n01.L5X,C:\l5x_scratch\acd\stringclose_udtmember_builtin_3members_n01.ACD,ok,adopted-existing,4FA5FD5F31D66B306ACBF4C090BCBA5D4B964BB13ACA11B9696E637D856E1AE1
samples\generated\udt\stringclose_udtmember_builtin_3members_n03.L5X,C:\l5x_scratch\acd\stringclose_udtmember_builtin_3members_n03.ACD,ok,adopted-existing,971660FF7BE8BD01E39418C09D9D2CC2DDA43C61EBA304762FD311CAB4344D0C
samples\generated\udt\stringclose_udtmember_builtin_n03.L5X,C:\l5x_scratch\acd\stringclose_udtmember_builtin_n03.ACD,ok,adopted-existing,59970C2829CBCFE9AC0B01D1D28405BAC7046BD63D87D1867CED1A38BD521059
samples\generated\udt\stringclose_udtmember_builtin_n20.L5X,C:\l5x_scratch\acd\stringclose_udtmember_builtin_n20.ACD,ok,adopted-existing,EBDCEC51042BEC105119EB342D3186EE8A6D8326AA699DEA1F380977FE88C27E
samples\generated\udt\stringclose_udtmember_maxlen_0050.L5X,C:\l5x_scratch\acd\stringclose_udtmember_maxlen_0050.ACD,ok,adopted-existing,B33851E6E5C74533FC97A4BE9E0C68758E91B2A5EF481C0D95DBBE209415B3C2
samples\generated\udt\stringclose_udtmember_maxlen_0250.L5X,C:\l5x_scratch\acd\stringclose_udtmember_maxlen_0250.ACD,ok,adopted-existing,7C5D3C688884AFC1E19DEA4D3D11E5115E644E3FF726E1A45B22963DA336E40F
samples\generated\udt\stringclose_udtmember_maxlen_0500.L5X,C:\l5x_scratch\acd\stringclose_udtmember_maxlen_0500.ACD,ok,adopted-existing,DCBD21B06C5B7380EC48CA91EFD799F1FF1E9D7E50D36CBD7C3F03756CDC457C
samples\generated\udt\stringclose_udtmember_maxlen_1000.L5X,C:\l5x_scratch\acd\stringclose_udtmember_maxlen_1000.ACD,ok,adopted-existing,50691F386178B2B35809E9970C4D4EBEBB98300C4C6DEB148543A9703AD9DD2E
samples\generated\udt\stringclose_udtmember_namelen_long.L5X,C:\l5x_scratch\acd\stringclose_udtmember_namelen_long.ACD,ok,adopted-existing,92C028C5A44A4B0D595B1A347BC4ED8CAB51361C945DE29BE8BE981F8AB72E3C
samples\generated\udt\stringclose_udtmember_namelen_medium.L5X,C:\l5x_scratch\acd\stringclose_udtmember_namelen_medium.ACD,ok,adopted-existing,052A9804A25172FC07529F76FDF0869AA35292434B34614635E66B051F1F259C
samples\generated\udt\stringclose_udtmember_namelen_short.L5X,C:\l5x_scratch\acd\stringclose_udtmember_namelen_short.ACD,ok,adopted-existing,7EDDF4CFD6DCFE1E84D46AE5FEF90EAF848847D4CF9B1169A44AEFA8C1AD3DAD
samples\generated\udt\udtmembercomment_len000.L5X,C:\l5x_scratch\acd\udtmembercomment_len000.ACD,ok,adopted-existing,B4BC3DFB3B4CDEACF175CA0D9E43BFC2C1BAC057854299C31C945A4A16B6DE51
samples\generated\udt\udtmembercomment_len010.L5X,C:\l5x_scratch\acd\udtmembercomment_len010.ACD,ok,adopted-existing,32AEF60F7FB987DCBAC2B1EC787426090AE8A75CF97CA01CBAC73FFD631BD0F5
samples\generated\udt\udtmembercomment_len025.L5X,C:\l5x_scratch\acd\udtmembercomment_len025.ACD,ok,adopted-existing,1FD9CD31DC701064ED00D2956BD054000FA434E90BF02D8FE1BCAF31AB159D23
samples\generated\udt\udtmembercomment_len050.L5X,C:\l5x_scratch\acd\udtmembercomment_len050.ACD,ok,adopted-existing,35242DC0433E1A46E54986964EB57E4E4C62529BFF671AAC7C2FCCBA6ECD30FA
samples\generated\udt\udtmembercomment_len100.L5X,C:\l5x_scratch\acd\udtmembercomment_len100.ACD,ok,adopted-existing,8F96A1B3F9B005911A8670C6B155CA98987478B05AB1754117787E0FA7DCA179
samples\generated\udt\udtmembercomment_len200.L5X,C:\l5x_scratch\acd\udtmembercomment_len200.ACD,ok,adopted-existing,32C0C0389F516FE5FE37523D010257CF223ED49625885FFB79EE43C7740B0609
samples\generated\udt\udtmembers_n01_dint.L5X,C:\l5x_scratch\acd\udtmembers_n01_dint.ACD,ok,adopted-existing,97C3BED626CBAB3C55495481F181EA4F237A0EFF9D02A996E2078E0BD82201D1
samples\generated\udt\udtmembers_n02_dint.L5X,C:\l5x_scratch\acd\udtmembers_n02_dint.ACD,ok,adopted-existing,ECFE16DD5E2C45C1350A51E523117E705C2FE71FBC1ABD9069DB40C3D3874E4A
samples\generated\udt\udtmembers_n04_dint.L5X,C:\l5x_scratch\acd\udtmembers_n04_dint.ACD,ok,adopted-existing,7DD0C1ECB11C8308129973CA99FF85B19F1E81D801AEF8B6FF2C1C1B35F3169B
samples\generated\udt\udtmembers_n08_dint.L5X,C:\l5x_scratch\acd\udtmembers_n08_dint.ACD,ok,adopted-existing,A5D2088021F7098ED7AB51831A2B1636E96B20BE9D92961451357E06450CAC8E
samples\generated\udt\udtmembers_n16_dint.L5X,C:\l5x_scratch\acd\udtmembers_n16_dint.ACD,ok,adopted-existing,03540D827F88EE4F4803F9C645B133DD4C59B1F7300FEB4B64BC980FAE309E94
samples\generated\udt\udtmembers_n32_dint.L5X,C:\l5x_scratch\acd\udtmembers_n32_dint.ACD,ok,adopted-existing,EC24B4492EA3CDE47E72F1D6E38FF4A5CD863516D0DC2436305C6818648A5E12
samples\generated\udt\udtmn2_aoi_llen02.L5X,C:\l5x_scratch\acd\udtmn2_aoi_llen02.ACD,ok,adopted-existing,C162A7745E62274A0E617D4CCCC2FDE4C953D54E0EB5FF378C96ED0447420B7F
samples\generated\udt\udtmn2_aoi_llen16.L5X,C:\l5x_scratch\acd\udtmn2_aoi_llen16.ACD,ok,adopted-existing,DC638E83558F948561E0B599491F04CB3D3D11AC37977128F10B4C229FCDFDF5
samples\generated\udt\udtmn2_aoi_llen32.L5X,C:\l5x_scratch\acd\udtmn2_aoi_llen32.ACD,ok,adopted-existing,2C8226283E72952AFBC38A32D78C988125918E3C7C5BBB19188A42DB9DC2027D
samples\generated\udt\udtmn2_aoi_plen02.L5X,C:\l5x_scratch\acd\udtmn2_aoi_plen02.ACD,ok,adopted-existing,22FC08B11561573CCBDF236EE2419FD23FB9E790B0709A0643B43485C2FD6DC9
samples\generated\udt\udtmn2_aoi_plen16.L5X,C:\l5x_scratch\acd\udtmn2_aoi_plen16.ACD,ok,adopted-existing,63A1D02E4FBAD01179750CDBA5EA4F759D9C42988F94F3611EE770F29FD8A4D4
samples\generated\udt\udtmn2_aoi_plen32.L5X,C:\l5x_scratch\acd\udtmn2_aoi_plen32.ACD,ok,adopted-existing,861E293299D52AFD8CA2743B48A816E6EB226A646EE1E6BCCDB553AC1CD78BC3
samples\generated\udt\udtmn2_bool_len02_b04_t01.L5X,C:\l5x_scratch\acd\udtmn2_bool_len02_b04_t01.ACD,ok,adopted-existing,F6133D63ABAA2CA790D2F9BCF8D9CC7D5821166FAE5AC3D7945E6287D523E249
samples\generated\udt\udtmn2_bool_len02_b04_t05.L5X,C:\l5x_scratch\acd\udtmn2_bool_len02_b04_t05.ACD,ok,adopted-existing,819AB5C9FF34E45C023207BE7722F6DC1789DD5D4CAB1D9D7172FD46A6FA8592
samples\generated\udt\udtmn2_bool_len02_b04_t25.L5X,C:\l5x_scratch\acd\udtmn2_bool_len02_b04_t25.ACD,ok,adopted-existing,2721C2F413DB6FABB5525D99DCE6FF38E3F75DB208D42FA3D12D6915BF958525
samples\generated\udt\udtmn2_bool_len16_b04_t01.L5X,C:\l5x_scratch\acd\udtmn2_bool_len16_b04_t01.ACD,ok,adopted-existing,C91E1961956DAC8ADEEFCABD9225B1823F565A7614D452F999752146433C2953
samples\generated\udt\udtmn2_bool_len16_b04_t05.L5X,C:\l5x_scratch\acd\udtmn2_bool_len16_b04_t05.ACD,ok,adopted-existing,545300EBDF4D64979EAE7BDE67CFC2DEEF276A31377A970750B1BEA07D6A1403
samples\generated\udt\udtmn2_bool_len16_b04_t25.L5X,C:\l5x_scratch\acd\udtmn2_bool_len16_b04_t25.ACD,ok,adopted-existing,E066E509BCE6BA3859D6E54F6703E769B2E8C07B9A21837F268492300CA9A954
samples\generated\udt\udtmn2_bool_len32_b04_arr010.L5X,C:\l5x_scratch\acd\udtmn2_bool_len32_b04_arr010.ACD,ok,adopted-existing,9D0D4D2E2C61DCB5483EB91A1BEDE7019A265EFC875767EFB7BE7B300A477B1E
samples\generated\udt\udtmn2_bool_len32_b04_arr100.L5X,C:\l5x_scratch\acd\udtmn2_bool_len32_b04_arr100.ACD,ok,adopted-existing,2C86B83C911C070A581668084A990E2E392C28715DA675A219472358BCF363FC
samples\generated\udt\udtmn2_bool_len32_b04_t01.L5X,C:\l5x_scratch\acd\udtmn2_bool_len32_b04_t01.ACD,ok,adopted-existing,245CDD458B662DECBDB92861413321B753CF163CDB68F74C0551DA68D8227FE4
samples\generated\udt\udtmn2_bool_len32_b04_t05.L5X,C:\l5x_scratch\acd\udtmn2_bool_len32_b04_t05.ACD,ok,adopted-existing,29AA2F8082986E257BB20CE3F43A33923D7FB2FC99083F0C13A23243A3519CED
samples\generated\udt\udtmn2_bool_len32_b04_t25.L5X,C:\l5x_scratch\acd\udtmn2_bool_len32_b04_t25.ACD,ok,adopted-existing,68565AE5F60E7B183D55D66035F2147E6E4C8A63F0B029DD5C8E87AB8F154594
samples\generated\udt\udtmn2_dint_len02_n04_t01.L5X,C:\l5x_scratch\acd\udtmn2_dint_len02_n04_t01.ACD,ok,adopted-existing,5485DFC625775C9D628972E30B7C56DD6B540E6EAA9136301B9F2EF093047F67
samples\generated\udt\udtmn2_dint_len02_n04_t25.L5X,C:\l5x_scratch\acd\udtmn2_dint_len02_n04_t25.ACD,ok,adopted-existing,0A04F0E834EFDAD94D35B6699D154D8F24B52D395EAC8F30B3BD4A2CA8C46D7C
samples\generated\udt\udtmn2_dint_len32_n04_t01.L5X,C:\l5x_scratch\acd\udtmn2_dint_len32_n04_t01.ACD,ok,adopted-existing,EC02343880AF134E46562D00D0FC692988E7287FB4C7EAA2DB3D630AF955CB47
samples\generated\udt\udtmn2_dint_len32_n04_t25.L5X,C:\l5x_scratch\acd\udtmn2_dint_len32_n04_t25.ACD,ok,adopted-existing,E07F09CD0428108FA1D8833BAB0BB229932E2515803991D58A3CE8148F1F2F2C
samples\generated\udt\udtmn2_nest_len02.L5X,C:\l5x_scratch\acd\udtmn2_nest_len02.ACD,ok,adopted-existing,9DB8A14DC51EAB0E836B60DE58B5149636EE1F22E4D9CA1775E1F0D318CC6B7C
samples\generated\udt\udtmn2_nest_len32.L5X,C:\l5x_scratch\acd\udtmn2_nest_len32.ACD,ok,adopted-existing,A968E9405BF3477F993824EC39068B0F220FD979DCEE7AC9B3AE31A08E45DB65
samples\generated\udt\udtmn_bool_l07_b01.L5X,C:\l5x_scratch\acd\udtmn_bool_l07_b01.ACD,ok,adopted-existing,65A20AC55FE32C8A9B5C520D55D484A93C8764BEE451EEF008E2952356DEA7E7
samples\generated\udt\udtmn_bool_l07_b02.L5X,C:\l5x_scratch\acd\udtmn_bool_l07_b02.ACD,ok,adopted-existing,ABDCC01CE64E15E04CC622C2E285EB56C9F145A8067F44612816A25BCC810550
samples\generated\udt\udtmn_bool_l07_b04.L5X,C:\l5x_scratch\acd\udtmn_bool_l07_b04.ACD,ok,adopted-existing,9138B82235CF7FE8ADFF564AF18C275C39683C1DAEB6CEA64B7C8D2E1020FBF6
samples\generated\udt\udtmn_bool_l07_b08.L5X,C:\l5x_scratch\acd\udtmn_bool_l07_b08.ACD,ok,adopted-existing,CD0B19A006481FE57179FA0116BDCD20DCB41C703B9656F9FED7F793ED3B0870
samples\generated\udt\udtmn_bool_l07_b16.L5X,C:\l5x_scratch\acd\udtmn_bool_l07_b16.ACD,ok,adopted-existing,70B2967F44FB7375C204252E25B5491DF2D18422DB35D72440F6E2479AD7D50F
samples\generated\udt\udtmn_bool_len02_b04.L5X,C:\l5x_scratch\acd\udtmn_bool_len02_b04.ACD,ok,adopted-existing,51FAA12F89C8F1BDE1F4639BDF2B5966BE17B3BDA469D90C0ED73D01486DD6B0
samples\generated\udt\udtmn_bool_len02_b16.L5X,C:\l5x_scratch\acd\udtmn_bool_len02_b16.ACD,ok,adopted-existing,64B6FD9EA804A16994568128F615E8EA20604C74E0E816063DF7BA6DE6D0364A
samples\generated\udt\udtmn_bool_len04_b04.L5X,C:\l5x_scratch\acd\udtmn_bool_len04_b04.ACD,ok,adopted-existing,A074E208BCD461C7444109C96CCE0E9EFD2F52B76C0D52C8AEFCA923163EF073
samples\generated\udt\udtmn_bool_len07_b16.L5X,C:\l5x_scratch\acd\udtmn_bool_len07_b16.ACD,ok,adopted-existing,D62CDD291E54ED9675BFF688BA74C00F9F621654207B73493CE3A1FC646C660B
samples\generated\udt\udtmn_bool_len08_b04.L5X,C:\l5x_scratch\acd\udtmn_bool_len08_b04.ACD,ok,adopted-existing,9F3FD08732898F4F7DAEF80DAC05F49B01EEDC3B462AF600093BD68CEE370F11
samples\generated\udt\udtmn_bool_len12_b04.L5X,C:\l5x_scratch\acd\udtmn_bool_len12_b04.ACD,ok,adopted-existing,A5FF5E10089A7A6D9EC9C104B4E8AB0AF258657657158FDC22CF5AC96052045A
samples\generated\udt\udtmn_bool_len16_b04.L5X,C:\l5x_scratch\acd\udtmn_bool_len16_b04.ACD,ok,adopted-existing,D49F090EE1EB0EBB8C178E6708681C4871044D1F1AB5710B7A5FB1167220ABA6
samples\generated\udt\udtmn_bool_len16_b16.L5X,C:\l5x_scratch\acd\udtmn_bool_len16_b16.ACD,ok,adopted-existing,0B670444028839D3CB87B19E43A3E25994FA2DDADB035C2D89ED04525F1B1DE0
samples\generated\udt\udtmn_bool_len24_b04.L5X,C:\l5x_scratch\acd\udtmn_bool_len24_b04.ACD,ok,adopted-existing,2108427FAE775DACDCD9C9875604E851990CB81A97409E8A2EEA98B96C0CAA37
samples\generated\udt\udtmn_bool_len32_b04.L5X,C:\l5x_scratch\acd\udtmn_bool_len32_b04.ACD,ok,adopted-existing,8C33894828C4D4DC7BFAF5D4070A3D9D9753BFF0014C24D6BE53C2BD5380C391
samples\generated\udt\udtmn_bool_short_b01.L5X,C:\l5x_scratch\acd\udtmn_bool_short_b01.ACD,ok,adopted-existing,4BA71221EC88BEBB47E40B4C77143174C7E27946E3BFB1A3E968D0C97CD71A55
samples\generated\udt\udtmn_bool_short_b02.L5X,C:\l5x_scratch\acd\udtmn_bool_short_b02.ACD,ok,adopted-existing,87D996FFC1EBF08F19F41061F8EA97955914F7F6CA1AF5EB4CA6A7AFFC7E3071
samples\generated\udt\udtmn_bool_short_b04.L5X,C:\l5x_scratch\acd\udtmn_bool_short_b04.ACD,ok,adopted-existing,44FD4C8CC1FB40E959880D296B1FD856F5CE7D477567477D5B044AD858C9B1FF
samples\generated\udt\udtmn_bool_short_b08.L5X,C:\l5x_scratch\acd\udtmn_bool_short_b08.ACD,ok,adopted-existing,A4A86DEDA1155360C6AACEFEA9AEC50ED76A8504DDD459B16CF09FC7FAE640FA
samples\generated\udt\udtmn_bool_short_b16.L5X,C:\l5x_scratch\acd\udtmn_bool_short_b16.ACD,ok,adopted-existing,86060991DCFBE3B66364AED51AD1B8C76C99B91326990A500E7598B58A3DEAF3
samples\generated\udt\udtmn_dint_len02_n04.L5X,C:\l5x_scratch\acd\udtmn_dint_len02_n04.ACD,ok,adopted-existing,75411675C96CC9E13BB2045C23092A40374754F63767DB09964F7FFD2A9D73FC
samples\generated\udt\udtmn_dint_len07_n04.L5X,C:\l5x_scratch\acd\udtmn_dint_len07_n04.ACD,ok,adopted-existing,E9BE69D79DD72BC0DF57E330F98DFB17D8CF7CA9A093E1AF060B587CC4EF461D
samples\generated\udt\udtmn_dint_len16_n04.L5X,C:\l5x_scratch\acd\udtmn_dint_len16_n04.ACD,ok,adopted-existing,B6EFF6C34738E3BBDF8CF502646B88688F32B50DC9E4CCF2B881BAC111938802
samples\generated\udt\udtmn_dint_len32_n04.L5X,C:\l5x_scratch\acd\udtmn_dint_len32_n04.ACD,ok,adopted-existing,8724F0F98C47D7B500E11F0CABC0C17A94CF7F66C597093D1BBC6E55397FEE61
samples\generated\udt\udtname_len08.L5X,C:\l5x_scratch\acd\udtname_len08.ACD,ok,adopted-existing,71C33F7F866B93A022D6DE6602B6B46E05079E6619F87F6E54D2FA0818A2999F
samples\generated\udt\udtname_len13.L5X,C:\l5x_scratch\acd\udtname_len13.ACD,ok,adopted-existing,168D20D4F9623AA1D8AED2221759C64F24038AC3745125B39B35458C14DA02FF
samples\generated\udt\udtname_len20.L5X,C:\l5x_scratch\acd\udtname_len20.ACD,ok,adopted-existing,56D1D97F3DBF25AC71220DEA379B7F5838C03677B2B36D2416F3E73F7B2BB44F
samples\generated\udt\udtname_len30.L5X,C:\l5x_scratch\acd\udtname_len30.ACD,ok,adopted-existing,9E83D427C637A2F3157CEAA9A580469E9C748A5ACAEABB8819200EA41A1DA7EC
samples\generated\udt\udtslot_arr_s03_n050.L5X,C:\l5x_scratch\acd\udtslot_arr_s03_n050.ACD,ok,adopted-existing,462F914473799C91EF494489845CE88CF7A7057AF3D5913BEA72CBE09F434E18
samples\generated\udt\udtslot_arr_s03_n400.L5X,C:\l5x_scratch\acd\udtslot_arr_s03_n400.ACD,ok,adopted-existing,C10BEAF9E5289287628A159E8D707F898BC98BC983CD8A71D4166937FDD6A25A
samples\generated\udt\udtslot_arr_s05_n050.L5X,C:\l5x_scratch\acd\udtslot_arr_s05_n050.ACD,ok,adopted-existing,42E08527CD91DBEAC074AD505D0877F6DD29EF639CEDC24B7F21FB1593149783
samples\generated\udt\udtslot_arr_s05_n400.L5X,C:\l5x_scratch\acd\udtslot_arr_s05_n400.ACD,ok,adopted-existing,DBB39DE1D4BEE38736F61F14D9FD46D9F03753067A8AA7AE5B845C4165CD90DB
samples\generated\udt\udtslot_d01_t050.L5X,C:\l5x_scratch\acd\udtslot_d01_t050.ACD,ok,adopted-existing,6585CA07460524113953A3F0644029DA42CE46BC0835181D053CAF9078DEC730
samples\generated\udt\udtslot_d01_t400.L5X,C:\l5x_scratch\acd\udtslot_d01_t400.ACD,ok,adopted-existing,6FE44731115C0537BB6BCEC6405EF36F33BF2109B211B2040F02887BA47BE9F4
samples\generated\udt\udtslot_d02_t050.L5X,C:\l5x_scratch\acd\udtslot_d02_t050.ACD,ok,adopted-existing,0515200D7D501842C8B904EE6F0168637C077B3B1D5DA779D714E9835ADD83A8
samples\generated\udt\udtslot_d02_t400.L5X,C:\l5x_scratch\acd\udtslot_d02_t400.ACD,ok,adopted-existing,986D008E4ABC95CC5D1F76AF7E8CC823EC627D205D1638F6CE84BEEBAB3F6F88
samples\generated\udt\udtslot_d03_t050.L5X,C:\l5x_scratch\acd\udtslot_d03_t050.ACD,ok,adopted-existing,7A6D5FDCABA25923BB621FCB9765532819334B313E656442067DC950DF2047CE
samples\generated\udt\udtslot_d03_t400.L5X,C:\l5x_scratch\acd\udtslot_d03_t400.ACD,ok,adopted-existing,FEF1B7DF93559E1FA1440BB26A140B4644E321C81DF3902152843DA8E17398CB
samples\generated\udt\udtslot_d04_t050.L5X,C:\l5x_scratch\acd\udtslot_d04_t050.ACD,ok,adopted-existing,639FB78767CFCAA62D37040EA783A96BFAA3068581CCFE4666F5D3936EC29B96
samples\generated\udt\udtslot_d04_t400.L5X,C:\l5x_scratch\acd\udtslot_d04_t400.ACD,ok,adopted-existing,2A451FB9E5A003883A15A8AC85B5D3131EA9FF906CDD5EFBF7A0A646CCF038BF
samples\generated\udt\udtslot_d05_t050.L5X,C:\l5x_scratch\acd\udtslot_d05_t050.ACD,ok,adopted-existing,DF0B551D61C91CB177CA9012AED77649D59C3992B2D9F15B0B96B94D7F6E0497
samples\generated\udt\udtslot_d05_t400.L5X,C:\l5x_scratch\acd\udtslot_d05_t400.ACD,ok,adopted-existing,EB2BA613D9E6CE273AFB1EC5F1B3B12B10F8EE7B7C1847100A97E491602637B9
samples\generated\udt\udtslot_d06_t050.L5X,C:\l5x_scratch\acd\udtslot_d06_t050.ACD,ok,adopted-existing,77AEF6A285EC6C1A96AF4E2D1C71190A2F087EB1E4870ECAA4DE322979C8CA3E
samples\generated\udt\udtslot_d06_t400.L5X,C:\l5x_scratch\acd\udtslot_d06_t400.ACD,ok,adopted-existing,0A3BB82056888EB9AF0C978434B9F425DF7D3D225167813C13D394B28A820583
samples\generated\udt\udtslot_d08_t050.L5X,C:\l5x_scratch\acd\udtslot_d08_t050.ACD,ok,adopted-existing,AF769B97B5A46D26DAF0FEC7502802947CA6FD7B2F32A3E792C1B51E4BFAA78E
samples\generated\udt\udtslot_d08_t400.L5X,C:\l5x_scratch\acd\udtslot_d08_t400.ACD,ok,adopted-existing,DB3B7A5E7F6811852789E182BA60C9C75111098BC6D8704B72DD3DCFE9B31917
samples\generated\udt\udtslot_d10_t050.L5X,C:\l5x_scratch\acd\udtslot_d10_t050.ACD,ok,adopted-existing,0C84315A8E9147BA593B84D5A6E0C4A929E3AA52FB49BF60A4EC0924BA8A0575
samples\generated\udt\udtslot_d10_t400.L5X,C:\l5x_scratch\acd\udtslot_d10_t400.ACD,ok,adopted-existing,A1541AA8933898B8DB4FAAE6AE39A9581BEDA63B0B4A61C888A9BD1D25C7958F
samples\generated\udt\udtslot_s01_t050.L5X,C:\l5x_scratch\acd\udtslot_s01_t050.ACD,ok,adopted-existing,AC64631EEF1CE84B11662B2885EBEA9ED5CF83E61FA42480167EF89D35745101
samples\generated\udt\udtslot_s01_t400.L5X,C:\l5x_scratch\acd\udtslot_s01_t400.ACD,ok,adopted-existing,1FD075C8EE88EEB3C0E29DDFDDB9FD2AB5C2AF389DA32BF5F827C6FD2B55361E
samples\generated\udt\udtslot_s02_t050.L5X,C:\l5x_scratch\acd\udtslot_s02_t050.ACD,ok,adopted-existing,054F6FA0EB9F21DC0BA4FE2C8A15C02ABD6117CE7D3911D85C6AD5647362555E
samples\generated\udt\udtslot_s02_t400.L5X,C:\l5x_scratch\acd\udtslot_s02_t400.ACD,ok,adopted-existing,3F83FF1F556EC659A7F7ADDC30CE6E2360CD903E7E1429164C1692DECAF639D6
samples\generated\udt\udtslot_s03_t050.L5X,C:\l5x_scratch\acd\udtslot_s03_t050.ACD,ok,adopted-existing,CF12631976A0932F6E8585A43D15740547498262A952D585736885F9AB814D00
samples\generated\udt\udtslot_s03_t400.L5X,C:\l5x_scratch\acd\udtslot_s03_t400.ACD,ok,adopted-existing,FA23FEBB4A5D0B64DDB8989902D8C3E689AC7A39FA664A32459A672214E3C63A
samples\generated\udt\udtslot_s04_t050.L5X,C:\l5x_scratch\acd\udtslot_s04_t050.ACD,ok,adopted-existing,D2A2D1876EE4D675F8BE91EB9FC8C97C420A9E9535A35995AF79603FF2EE1AE5
samples\generated\udt\udtslot_s04_t400.L5X,C:\l5x_scratch\acd\udtslot_s04_t400.ACD,ok,adopted-existing,83F9DB5E6A9E4F996244064B8D80D91A671CF4867903D010C1A1A58E4E862153
samples\generated\udt\udtslot_s05_t050.L5X,C:\l5x_scratch\acd\udtslot_s05_t050.ACD,ok,adopted-existing,824938ACC25FDDB54C2F8E231EF9F9B751BA70CAD52731EC5E20D2649ECB8F30
samples\generated\udt\udtslot_s05_t400.L5X,C:\l5x_scratch\acd\udtslot_s05_t400.ACD,ok,adopted-existing,0C596560C5D4962ACD674B48A323EBD638397679554EA2A936EF6A9AACE92E40
samples\generated\udt\udtslot_s06_t050.L5X,C:\l5x_scratch\acd\udtslot_s06_t050.ACD,ok,adopted-existing,00BB6419304BB0486F5058D23E6A4DB4725398C27CE7076C7824A714D6B4F7B8
samples\generated\udt\udtslot_s06_t400.L5X,C:\l5x_scratch\acd\udtslot_s06_t400.ACD,ok,adopted-existing,BDB7860869D737BCF21C3EAAA689924F05D5F2955603827CCEFBEC0CD8647F18
samples\generated\udt\udtslot_s07_t050.L5X,C:\l5x_scratch\acd\udtslot_s07_t050.ACD,ok,adopted-existing,3FBB9A32719BBBBAA9236D8B4F0209B2DACF57891297A3522F3FC43DC2117024
samples\generated\udt\udtslot_s07_t400.L5X,C:\l5x_scratch\acd\udtslot_s07_t400.ACD,ok,adopted-existing,62070FD82F71B489926CF0AF4BA8C5D9FFF61F216A679933D5494F05533F2F9A
samples\generated\udt\udtslot_s08_t050.L5X,C:\l5x_scratch\acd\udtslot_s08_t050.ACD,ok,adopted-existing,1E584BC3D757B3C8A017105C6623F6A256FB036C8FB89E77FCE560901AC6EB3D
samples\generated\udt\udtslot_s08_t400.L5X,C:\l5x_scratch\acd\udtslot_s08_t400.ACD,ok,adopted-existing,D3FDFCED138A1F89BC87B0FF94C5FBCB0DE5ABF8553294D9B1DBFA676A5D597A
samples\generated\udt\udtslot_s09_t050.L5X,C:\l5x_scratch\acd\udtslot_s09_t050.ACD,ok,adopted-existing,BE5B4C2F0711A1924369AF34BAA36132B2F71415F92C88CDCA5AAE97659AC422
samples\generated\udt\udtslot_s09_t400.L5X,C:\l5x_scratch\acd\udtslot_s09_t400.ACD,ok,adopted-existing,2BBDFD715BC40B8F64353A3F9923A7FE90C9F447C5F46C8ECDE02EB4BE9D532E
samples\generated\udt\udtslot_s10_t050.L5X,C:\l5x_scratch\acd\udtslot_s10_t050.ACD,ok,adopted-existing,9DDEC0D2FB083CF3EA9118A2EC86139630954E1272AEF969B06FE6F1048C793B
samples\generated\udt\udtslot_s10_t400.L5X,C:\l5x_scratch\acd\udtslot_s10_t400.ACD,ok,adopted-existing,3EC06B5968FB54F3BD8D4B2ADBB13245A3C705C5DC8DF54118AAADF182AF5244
samples\generated\udt\udtslot_s11_t050.L5X,C:\l5x_scratch\acd\udtslot_s11_t050.ACD,ok,adopted-existing,A4F461D0BCCA81AA6C4B82FBAD2AC9D3CC458FFBC8DB4C3075E7DE2739387881
samples\generated\udt\udtslot_s11_t400.L5X,C:\l5x_scratch\acd\udtslot_s11_t400.ACD,ok,adopted-existing,91713D2A84BE2C82CD0DE71202409DE012DA482B98E896BD6B4B5D6CD3951D32
samples\generated\udt\udtslot_s12_t050.L5X,C:\l5x_scratch\acd\udtslot_s12_t050.ACD,ok,adopted-existing,9D3608F8AD225FE899B2FE9164ED803D819AE77D56CB5FD3E4D2E7B2226A096C
samples\generated\udt\udtslot_s12_t400.L5X,C:\l5x_scratch\acd\udtslot_s12_t400.ACD,ok,adopted-existing,72D4C558EB6491C03A4FE59D1A2BB0E051235BB9310141250422C318CC6F8977
samples\generated\udt\udtslot_s13_t050.L5X,C:\l5x_scratch\acd\udtslot_s13_t050.ACD,ok,adopted-existing,90B3D00B9D9CA3BF5783E134842680D1C79F817F6FF0B1C31047007419053B73
samples\generated\udt\udtslot_s13_t400.L5X,C:\l5x_scratch\acd\udtslot_s13_t400.ACD,ok,adopted-existing,0F7F95B41FA7C8146E1EAD91BC249F941AEAF0E90203A18F6353040499CA5542
samples\generated\udt\udtslot_s14_t050.L5X,C:\l5x_scratch\acd\udtslot_s14_t050.ACD,ok,adopted-existing,1FCDA2646FF09D84A2639FF3DD37C7256FB60A3F8B1A52D349A1EEA7BD7DEB27
samples\generated\udt\udtslot_s14_t400.L5X,C:\l5x_scratch\acd\udtslot_s14_t400.ACD,ok,adopted-existing,661603852DD8A88154AA003F528294A0189022038526B5F8B1B8A884F96885A0
samples\generated\udt\udtslot_s15_t050.L5X,C:\l5x_scratch\acd\udtslot_s15_t050.ACD,ok,adopted-existing,5B685FF316D5C2702DD3A4408E431406E968B79798DE814D8A80979695497538
samples\generated\udt\udtslot_s15_t400.L5X,C:\l5x_scratch\acd\udtslot_s15_t400.ACD,ok,adopted-existing,4C61DA2F3A8435E2AD0984EBC72D13A4B339B227E62D19E59C887C830B246979
samples\generated\udt\udtslot_s16_t050.L5X,C:\l5x_scratch\acd\udtslot_s16_t050.ACD,ok,adopted-existing,84A1EFFE72432B0EC46DB4ABE9D24379CE334D88CD67045DF597B9AA46D4B63F
samples\generated\udt\udtslot_s16_t400.L5X,C:\l5x_scratch\acd\udtslot_s16_t400.ACD,ok,adopted-existing,7A5A34EB87C069294E9A71C4BE3EF0B77A5C1CB250879CD62404EACA5EB44CC6
samples\generated\udt\udtstring_builtin_n01.L5X,C:\l5x_scratch\acd\udtstring_builtin_n01.ACD,ok,adopted-existing,707B9A653DCB695DF317D41D5A05BCBE1B1D760449F3A49330F5F808BC79D4BC
samples\generated\udt\udtstring_builtin_n10.L5X,C:\l5x_scratch\acd\udtstring_builtin_n10.ACD,ok,adopted-existing,516953231E7B4CAE7E09741766F8B71F6BB9DAE49386CA6C333168D127B4EEB1
samples\generated\udt\udtstring_custom100_n01.L5X,C:\l5x_scratch\acd\udtstring_custom100_n01.ACD,ok,adopted-existing,D7D03876CF7B66292B987D98753EE2E90A5647B71E1C7F6013A919EB927DA705
samples\generated\udt\udtstring_custom100_n10.L5X,C:\l5x_scratch\acd\udtstring_custom100_n10.ACD,ok,adopted-existing,6736FA5A9B10A2C42E5EB89425600DE99E8D48FEC0509989AAA0788BF5561A76
samples\generated\udt\udttagcomment_len000.L5X,C:\l5x_scratch\acd\udttagcomment_len000.ACD,ok,adopted-existing,09A55883BACC7B6883E0652763CEDCECB166BDE8E385E76CD94C00B0499708F4
samples\generated\udt\udttagcomment_len000_v2.L5X,C:\l5x_scratch\acd\udttagcomment_len000_v2.ACD,ok,adopted-existing,700E31959D50A21842A7C7F3595BB4E66CC169978969CFECD66C686DE0E1841D
samples\generated\udt\udttagcomment_len010.L5X,C:\l5x_scratch\acd\udttagcomment_len010.ACD,ok,adopted-existing,4CCDB41E20244CA958CED6D679488877AD65707B73C3B7ED469E0FC5AAC47D32
samples\generated\udt\udttagcomment_len025.L5X,C:\l5x_scratch\acd\udttagcomment_len025.ACD,ok,adopted-existing,F0C6245223E0603EF2B4D59AA836BE2008A483D0285838EC97F1FDDBC373BE67
samples\generated\udt\udttagcomment_len050.L5X,C:\l5x_scratch\acd\udttagcomment_len050.ACD,ok,adopted-existing,0D848AAC99492CFF7EE52A99CB4EE5FA4EECC3EF5CBA6D638DACA876E26AB6A0
samples\generated\udt\udttagcomment_len100.L5X,C:\l5x_scratch\acd\udttagcomment_len100.ACD,ok,adopted-existing,4AE148C643FF330A61B1E5CAABB8E2D3CD0DE3F63F4DFB4573555C549A43396A
samples\generated\udt\udttagcomment_len200.L5X,C:\l5x_scratch\acd\udttagcomment_len200.ACD,ok,adopted-existing,848F79E3C63BEF9B3E6C9B297F9121E67AFD8196C6F985A9D05E037B67F26CCC
samples\generated\udt\udttypecomment_len000.L5X,C:\l5x_scratch\acd\udttypecomment_len000.ACD,ok,adopted-existing,A9F037F9F4CFC3567B113888FA02FD15857CC95564E3CCAE861692538A12CF84
samples\generated\udt\udttypecomment_len010.L5X,C:\l5x_scratch\acd\udttypecomment_len010.ACD,ok,adopted-existing,B725B0FEC4FD3CE5973E5EAE1788173D02793F41F25EFD67351F24DE20F7ED0F
samples\generated\udt\udttypecomment_len025.L5X,C:\l5x_scratch\acd\udttypecomment_len025.ACD,ok,adopted-existing,DEB923F581DD4305C776CFD0949CDCE019DF33481FD0C1A3248967B185BD6BCA
samples\generated\udt\udttypecomment_len050.L5X,C:\l5x_scratch\acd\udttypecomment_len050.ACD,ok,adopted-existing,1DAED55525A56F23E19C14738C41326A6B0569A075AB2E4A311F7914C0CE43C3
samples\generated\udt\udttypecomment_len100.L5X,C:\l5x_scratch\acd\udttypecomment_len100.ACD,ok,adopted-existing,1051EB0911DB0C3E87C5B14BCBDDEFEBAC21EB9EA249C65FCA61169611C93901
samples\generated\udt\udttypecomment_len200.L5X,C:\l5x_scratch\acd\udttypecomment_len200.ACD,ok,adopted-existing,B53DDC41F220D24230D289CBB5CEE1F3D2A5E25A148415AC9E8C638946256FC8
samples\generated\udt\udttype_bool_n4.L5X,C:\l5x_scratch\acd\udttype_bool_n4.ACD,ok,adopted-existing,5C7E07671FAF88111BCE0AC9EEB4AE8EAC845C057A377982BC43534B6F50D8D0
samples\generated\udt\udttype_dint_n4.L5X,C:\l5x_scratch\acd\udttype_dint_n4.ACD,ok,adopted-existing,239781D81A6DCE866F39E03DABC795FC6F1D9D796115BD1919E75BE83239E535
samples\generated\udt\udttype_int_n4.L5X,C:\l5x_scratch\acd\udttype_int_n4.ACD,ok,adopted-existing,5762BB5BF323494C9D2BC2C1A230A973A9119D4DE68CB97D05914EAF6A79088B
samples\generated\udt\udttype_lint_n4.L5X,C:\l5x_scratch\acd\udttype_lint_n4.ACD,ok,adopted-existing,169DCE4D2C6AA21EB1679D9B9DBE8822FBB6D0C0832CF7D4BD0BFF300E6A0E5F
samples\generated\udt\udttype_real_n4.L5X,C:\l5x_scratch\acd\udttype_real_n4.ACD,ok,adopted-existing,E6DD53656D5F37CCA026EC913065993E8375AA4CC69D5DAD894277587B9487FF
samples\generated\udt\udttype_sint_n4.L5X,C:\l5x_scratch\acd\udttype_sint_n4.ACD,ok,adopted-existing,57E1BA8ACB8FECBD98F12F79282FFB12629C1092B8874F4C505AE114CF16F35E
samples\generated\udt\udt_realworld_flatboard_isolation.L5X,C:\l5x_scratch\acd\udt_realworld_flatboard_isolation.ACD,ok,adopted-existing,259537E151173B76BACE11E78C17AF479108DC0C810B66970E82DA7D4E14EC1A
samples\generated\verified_instr\verifinstr_brk_n00010.L5X,C:\l5x_scratch\acd\verifinstr_brk_n00010.ACD,ok,adopted-existing,C9C1BF8F2298ECE070D347D7B86A07EDEAB76D2908A314F4376689118F017A10
samples\generated\verified_instr\verifinstr_brk_n00100.L5X,C:\l5x_scratch\acd\verifinstr_brk_n00100.ACD,ok,adopted-existing,22DC4BF96FAF83AB695C39D4160301974E8EF811ED5E9A7B6B5465C63A412E19
samples\generated\verified_instr\verifinstr_brk_n01000.L5X,C:\l5x_scratch\acd\verifinstr_brk_n01000.ACD,ok,adopted-existing,C2BD1289FB7502243AB6E001E441367107A690CF476BB35D9E4055989042D791
samples\generated\verified_instr\verifinstr_cos_n00010.L5X,C:\l5x_scratch\acd\verifinstr_cos_n00010.ACD,ok,adopted-existing,684BE3E46D1C281BC25F386236FB342B54CEB22FB1CE72DB46BA4583C55069B0
samples\generated\verified_instr\verifinstr_cos_n00100.L5X,C:\l5x_scratch\acd\verifinstr_cos_n00100.ACD,ok,adopted-existing,920FA17DA6A39532C15EC2289838F54B4BD2DA3BAB0AD9FEBCCE6D1624394EF1
samples\generated\verified_instr\verifinstr_cos_n01000.L5X,C:\l5x_scratch\acd\verifinstr_cos_n01000.ACD,ok,adopted-existing,ADCD6CC9ABC0F9EB2C2B577168155C372772B29601272807F76236C20FA27CDF
samples\generated\verified_instr\verifinstr_fbc_n00010.L5X,C:\l5x_scratch\acd\verifinstr_fbc_n00010.ACD,ok,adopted-existing,B5AF04A9F135642ABFEAF6592E3523C8F918338C7C2BA0CD80884BC67A3388F2
samples\generated\verified_instr\verifinstr_fbc_n00100.L5X,C:\l5x_scratch\acd\verifinstr_fbc_n00100.ACD,ok,adopted-existing,73731354E8BF220BE9F6ED1814E9C129896A6683F010F0D8A1EE25A9D753E6C7
samples\generated\verified_instr\verifinstr_fbc_n01000.L5X,C:\l5x_scratch\acd\verifinstr_fbc_n01000.ACD,ok,adopted-existing,F2AD034AA7F583BEE4054DC0E490F106C98D80DDD4B6FF582DCCB69191E5917A
samples\generated\verified_instr\verifinstr_log_n00010.L5X,C:\l5x_scratch\acd\verifinstr_log_n00010.ACD,ok,adopted-existing,173C37D981FB2AD45EAAA129E3C26AD0BDA27B9434479CA702353A5C3E0B1651
samples\generated\verified_instr\verifinstr_log_n00100.L5X,C:\l5x_scratch\acd\verifinstr_log_n00100.ACD,ok,adopted-existing,B75BDFDF1958137664A24F595460E72243F8A1762D81559BD5EBA568066AFBC4
samples\generated\verified_instr\verifinstr_log_n01000.L5X,C:\l5x_scratch\acd\verifinstr_log_n01000.ACD,ok,adopted-existing,646CD2D06D6C7FCB79D002416ED9E4CECE9B39A93A5F71B7B9D14186CF3A52C6
samples\generated\verified_instr\verifinstr_mag_n00010.L5X,C:\l5x_scratch\acd\verifinstr_mag_n00010.ACD,ok,adopted-existing,092681BBF1D221E414F1767F16AC46F8D8F26C7C916C48F5C91BD7D9E1EB91A2
samples\generated\verified_instr\verifinstr_mag_n00100.L5X,C:\l5x_scratch\acd\verifinstr_mag_n00100.ACD,ok,adopted-existing,EA91F25F877E55170C33D1807B01C7C7190F89BEBD6E82100939F612DEF9D775
samples\generated\verified_instr\verifinstr_mag_n01000.L5X,C:\l5x_scratch\acd\verifinstr_mag_n01000.ACD,ok,adopted-existing,64A6D1412D2CEBC3B1907DB3159006DE8CA0F4DDCF3AB0D4CB1D8C890F45533B
samples\generated\verified_instr\verifinstr_mcd_n00010.L5X,C:\l5x_scratch\acd\verifinstr_mcd_n00010.ACD,ok,adopted-existing,62E47BFFA50E3474BE0198DFC74DBFAD59210ECDD884FBBA53CB7BB347DE43B7
samples\generated\verified_instr\verifinstr_mcd_n00100.L5X,C:\l5x_scratch\acd\verifinstr_mcd_n00100.ACD,ok,adopted-existing,5BDB3BA309084439AFF728217369315B084B427DB819B7AA314740030D407D85
samples\generated\verified_instr\verifinstr_mcd_n01000.L5X,C:\l5x_scratch\acd\verifinstr_mcd_n01000.ACD,ok,adopted-existing,54D64B93F8DDDA91B7D3D12009BBAECCBFB8218A79F939D88EADB646727FE5DF
samples\generated\verified_instr\verifinstr_mcsv_n00010.L5X,C:\l5x_scratch\acd\verifinstr_mcsv_n00010.ACD,ok,adopted-existing,FD1272672379ABC1B660E6A9F2E3436E77F6E35205AE273B7E6AA07CA0DB4D97
samples\generated\verified_instr\verifinstr_mcsv_n00100.L5X,C:\l5x_scratch\acd\verifinstr_mcsv_n00100.ACD,ok,adopted-existing,BFB9B6E3EF26B6155F3EDA1F6763F3FE0BE4204A632E9B4DD744E40BED94AC2C
samples\generated\verified_instr\verifinstr_mcsv_n01000.L5X,C:\l5x_scratch\acd\verifinstr_mcsv_n01000.ACD,ok,adopted-existing,130DB3CC7AC020322CC919084F25F601464DB38A4A4E940B574FB757D6EAE1AD
samples\generated\verified_instr\verifinstr_mcs_n00010.L5X,C:\l5x_scratch\acd\verifinstr_mcs_n00010.ACD,ok,adopted-existing,EE4ED0821CB99885CAD1F4308FFB9CC4FC1C29C4014EA90DD892346C02155AE1
samples\generated\verified_instr\verifinstr_mcs_n00100.L5X,C:\l5x_scratch\acd\verifinstr_mcs_n00100.ACD,ok,adopted-existing,32CC8E7AE4FBDEA0F44D9104F0C6ACA5B91B3FBEC706FC745FC0CCD1E73F9DFB
samples\generated\verified_instr\verifinstr_mcs_n01000.L5X,C:\l5x_scratch\acd\verifinstr_mcs_n01000.ACD,ok,adopted-existing,3962970FCF43568A7266EB8B80B10B1E114F8BB2EFBDFB514D0BAEEBF67EFBF7
samples\generated\verified_instr\verifinstr_pid_n00010.L5X,C:\l5x_scratch\acd\verifinstr_pid_n00010.ACD,ok,adopted-existing,50D8CEF3D81C4E16345000F22A28CAC02B31ACEA74E08B062C46CCB02B8C4E38
samples\generated\verified_instr\verifinstr_pid_n00100.L5X,C:\l5x_scratch\acd\verifinstr_pid_n00100.ACD,ok,adopted-existing,1AA34B02B4680880C9FFC3F2BCC5D58427CF47A9C73912FBD06FC419C1BA7AF3
samples\generated\verified_instr\verifinstr_pid_n01000.L5X,C:\l5x_scratch\acd\verifinstr_pid_n01000.ACD,ok,adopted-existing,37D6C40B8DBA1B5893C6E5E71D96651A17EC70E23119BD3A3F07603429D530E9
samples\generated\verified_instr\verifinstr_sin_n00010.L5X,C:\l5x_scratch\acd\verifinstr_sin_n00010.ACD,ok,adopted-existing,18281BA7099F6927FFD711A7622DFF388B282F44BF04F9CB4F84A2657D1655BF
samples\generated\verified_instr\verifinstr_sin_n00100.L5X,C:\l5x_scratch\acd\verifinstr_sin_n00100.ACD,ok,adopted-existing,0AFC3AAD92002D124421BBE42213524A7C18C8E0E4D75E1301459E2AD8D85691
samples\generated\verified_instr\verifinstr_sin_n01000.L5X,C:\l5x_scratch\acd\verifinstr_sin_n01000.ACD,ok,adopted-existing,A68C7AB05ED790F71269139D8ADE87E8094D1D00E2D369958FB6A8E3BA84487B
samples\generated\verified_instr\verifinstr_stor_n00010.L5X,C:\l5x_scratch\acd\verifinstr_stor_n00010.ACD,ok,adopted-existing,E17FA33541650ED09E17E36592A0BE5BA9718ABAD48EC753B75B56D4F60F4E96
samples\generated\verified_instr\verifinstr_stor_n00100.L5X,C:\l5x_scratch\acd\verifinstr_stor_n00100.ACD,ok,adopted-existing,243433B693F416F68D0F5A02BBD56968FAA82727D21EECDB5449D467769DB3C4
samples\generated\verified_instr\verifinstr_stor_n01000.L5X,C:\l5x_scratch\acd\verifinstr_stor_n01000.ACD,ok,adopted-existing,E2A64AACF859DE52EA50E60B2CD5A20FF9F9D178F28E05799B1E524D05A3139E
samples\generated\bridgeph\bridgeph_ebr_act_n04.L5X,C:\l5x_scratch\acd\bridgeph_ebr_act_n04.ACD,ok,,7EF474C3DFD79DFBB474C209366D6132396F0612746189B0EAADE355E48F3483
samples\generated\bridgeph\bridgeph_ebr_inh_n01.L5X,C:\l5x_scratch\acd\bridgeph_ebr_inh_n01.ACD,ok,,CBC69B6529CC68DDAABE36F4BD9E2457F1CB7C554C7DB5A40AE797D59F3D9641
samples\generated\bridgeph\bridgeph_ebr_inh_n02.L5X,C:\l5x_scratch\acd\bridgeph_ebr_inh_n02.ACD,ok,,78B856E7FC0438EDAE0DC95CCD9541BED5018FA2F0DD6D37AEAA1C11521576EB
samples\generated\bridgeph\bridgeph_ebr_inh_n04.L5X,C:\l5x_scratch\acd\bridgeph_ebr_inh_n04.ACD,ok,,256C06B3D4EBF8AD07FBE356DF33A55CF3A0DF236B4C1D92A730862A330ECE68
samples\generated\bridgeph\bridgeph_ebr_inh_n08.L5X,C:\l5x_scratch\acd\bridgeph_ebr_inh_n08.ACD,ok,,65FF5E65077DF9A5B783FF636DBC7D018CF8A5D0170C775E8B0B66BA011DBB1F
samples\generated\bridgeph\bridgeph_ebr_long_n04.L5X,C:\l5x_scratch\acd\bridgeph_ebr_long_n04.ACD,ok,,FC449692C573B92D0C730DDCDE98264C2522A60E46021630FE163C57EC7B26B6
samples\generated\bridgeph\bridgeph_n00.L5X,C:\l5x_scratch\acd\bridgeph_n00.ACD,ok,,D6462675AFAF4D2E317B6C13FA477917405BBAF2B667789F7195BAFF2C559ABF
samples\generated\srstyle\srsty_k01.L5X,C:\l5x_scratch\acd\srsty_k01.ACD,ok,,2EA245F4502C353361FAA62359F7A93D9D48E0769DC24B41C7FA5D43C2DFCC01
samples\generated\srstyle\srsty_legs2_k04.L5X,C:\l5x_scratch\acd\srsty_legs2_k04.ACD,ok,,4CBA40424EABC9B9C153E165168EFC786CF884C07A0462811A783FE1F6B14FD4
samples\generated\srstyle\srsty_legs_k02.L5X,C:\l5x_scratch\acd\srsty_legs_k02.ACD,ok,,227297D69F836AD0A3010DC787C2030B17E8BF01DD98E83400A9757F35EC17A6
samples\generated\srstyle\srsty_legs_k04.L5X,C:\l5x_scratch\acd\srsty_legs_k04.ACD,ok,,C1ED88C8E7F854B4FF38F4D2988B6B3792C4F8AD64B60B6ECD37527B5648FE56
samples\generated\srstyle\srsty_legs_k08.L5X,C:\l5x_scratch\acd\srsty_legs_k08.ACD,ok,,48639AE8D8716147A3CBED1C7B20D5CF99D3E8FDA870516FBFD289023D765852
samples\generated\srstyle\srsty_mid_k03.L5X,C:\l5x_scratch\acd\srsty_mid_k03.ACD,ok,,A26C2BE66E5729841EAFD1DAE1C32540BFDAE0187EA9DAB0CC7CA6A6D013B62C
samples\generated\srstyle\srsty_mixlegs_k04.L5X,C:\l5x_scratch\acd\srsty_mixlegs_k04.ACD,ok,,D60965CDC230F33D8F11B7E3B98AD33499019428F389AB91F530456ACD3E4179
samples\generated\srstyle\srsty_nested_k04.L5X,C:\l5x_scratch\acd\srsty_nested_k04.ACD,ok,,354717CE5BBFF34C89126AFF655AB1FB0FFD4AC1961D5B01032BD22C9F06CE91
samples\generated\srstyle\srsty_otl_k04.L5X,C:\l5x_scratch\acd\srsty_otl_k04.ACD,ok,,B9DDEF86980FAF06BBE255AC7A06C754783B8CA2E3FF48BDF9F537080CF591AA
samples\generated\srstyle\srsty_prelegs_k02.L5X,C:\l5x_scratch\acd\srsty_prelegs_k02.ACD,ok,,DA39AB41415E9E52B1A4F9F96715FE6920C0B461452962EA7F180049A44FBA47
samples\generated\srstyle\srsty_prelegs_k04.L5X,C:\l5x_scratch\acd\srsty_prelegs_k04.ACD,ok,,CAE7CBDED802C4A2C7CAB478159BF8EA73A79A2C03F472673C75D6627F694238
samples\generated\srstyle\srsty_tonlegs_k04.L5X,C:\l5x_scratch\acd\srsty_tonlegs_k04.ACD,ok,,67DE9F137454E35293DE1A7E5A3E58239A4BB1B59EF1EC016442A177E6F943F7
samples\generated\srstyle\srsty_ton_k01.L5X,C:\l5x_scratch\acd\srsty_ton_k01.ACD,ok,,048ABFBC49C369AD400557734C2ABA2C8A1472619F15352C9380AC9844327B8E
samples\generated\srstyle\srsty_ton_k04.L5X,C:\l5x_scratch\acd\srsty_ton_k04.ACD,ok,,B38440C6BBB47B22A9564D57E2772912591F632D137D7887809864559D0B2918
samples\generated\v36renames\v36ren_acos.L5X,C:\l5x_scratch\acd\v36ren_acos.ACD,ok,,BE6E780A0342355F92B1F7EC04105AB8E4D5906BA13C31C5C9BDC5E128F5E460
samples\generated\v36renames\v36ren_asin.L5X,C:\l5x_scratch\acd\v36ren_asin.ACD,ok,,20F47B89C31255E016BB97A8DDF4984DD20F4029AA30D87310C4D1663C9757B9
samples\generated\v36renames\v36ren_atan.L5X,C:\l5x_scratch\acd\v36ren_atan.ACD,ok,,CEABA6DBF3D8001566705630729B0E3D14EDD2999CD6E8FE3F0C6C96983EC940
samples\generated\v36renames\v36ren_bcd_to.L5X,C:\l5x_scratch\acd\v36ren_bcd_to.ACD,ok,,2F79AD3443085B27E7ACB313340BADB79A4254C7AF24CB961C5445F014D6C009
samples\generated\v36renames\v36ren_expt.L5X,C:\l5x_scratch\acd\v36ren_expt.ACD,ok,,CA03B21450F77F248462BD6620D0740CDF203408DA97E625B5A52DFFD218097A
samples\generated\v36renames\v36ren_sqrt.L5X,C:\l5x_scratch\acd\v36ren_sqrt.ACD,ok,,2DB0D233090032FC0FE1029D57A4E82355D4305E2A1EE9D96FAE7F1216C93B47
samples\generated\v36renames\v36ren_to_bcd.L5X,C:\l5x_scratch\acd\v36ren_to_bcd.ACD,ok,,3015DB95B0A1DB1C84667F3B3BABB9A612E4D739960F4037BFB793548488E0AF
samples\generated\v36renames\v36ren_trunc.L5X,C:\l5x_scratch\acd\v36ren_trunc.ACD,ok,,23B8EE11B2553291967A8810DC47BDCA3B4EEBE67FB7AD8B137672F0BC3360A9
